Date,price_y,price_x,target_position,spread_position,weight_y,weight_x,return_y,return_x,gross_pair_return,cash_return,gross_exposure,net_exposure,short_notional,turnover_y,turnover_x,turnover,transaction_cost,borrow_cost,strategy_return,portfolio,drawdown,spread,zscore,target_event
2014-01-02,65.76459503173828,50.56215286254883,0.0,0.0,0.0,-0.0,0.0,0.0,0.0,0.0,0.0,0.0,0.0,0.0,0.0,0.0,0.0,0.0,0.0,10000.0,0.0,0.012279215500437424,,
2014-01-03,65.61820220947266,50.59647750854492,0.0,0.0,0.0,-0.0,-0.0022260126774136246,0.0006788604529834874,-0.0,0.0,0.0,0.0,0.0,0.0,0.0,0.0,0.0,0.0,0.0,10000.0,0.0,0.00988340156730505,,
2014-01-06,64.76526641845703,50.29219055175781,0.0,0.0,0.0,-0.0,-0.012998463266226112,-0.006013994882068996,0.0,0.0,0.0,0.0,0.0,0.0,0.0,0.0,0.0,0.0,0.0,10000.0,0.0,-0.0017130206737203668,,
2014-01-07,64.97530364990234,50.676544189453125,0.0,0.0,0.0,-0.0,0.0032430536159340217,0.007642411942660576,0.0,0.0,0.0,0.0,0.0,0.0,0.0,0.0,0.0,0.0,0.0,10000.0,0.0,-0.0003523295416695271,,
2014-01-08,64.92438507080078,50.83895111083984,0.0,0.0,0.0,-0.0,-0.0007836605023952004,0.003204774989777448,-0.0,0.0,0.0,0.0,0.0,0.0,0.0,0.0,0.0,0.0,0.0,10000.0,0.0,-0.001925188802634814,,
2014-01-09,65.00076293945312,50.76803970336914,0.0,0.0,0.0,-0.0,0.0011764126617304083,-0.001394824360480884,0.0,0.0,0.0,0.0,0.0,0.0,0.0,0.0,0.0,0.0,0.0,10000.0,0.0,-0.00040532585866381865,,
2014-01-10,65.25538635253906,50.58959579467773,0.0,0.0,0.0,-0.0,0.003917237299554621,-0.0035148867227104974,0.0,0.0,0.0,0.0,0.0,0.0,0.0,0.0,0.0,0.0,0.0,10000.0,0.0,0.004372400381416619,,
2014-01-13,63.79775238037109,50.07942962646485,0.0,0.0,0.0,-0.0,-0.022337374026002665,-0.010084408863107575,0.0,0.0,0.0,0.0,0.0,0.0,0.0,0.0,0.0,0.0,0.0,10000.0,0.0,-0.01571924290445026,,
2014-01-14,64.24331665039062,50.93734359741211,0.0,0.0,0.0,-0.0,0.006984012028558917,0.01713106513684992,0.0,0.0,0.0,0.0,0.0,0.0,0.0,0.0,0.0,0.0,0.0,10000.0,0.0,-0.012947494049889707,,
2014-01-15,64.31969451904297,51.19130325317383,0.0,0.0,0.0,-0.0,0.0011888842705303215,0.004985726341933283,0.0,0.0,0.0,0.0,0.0,0.0,0.0,0.0,0.0,0.0,0.0,10000.0,0.0,-0.01298552008028897,,
2014-01-16,63.96326446533203,50.73601531982422,0.0,0.0,0.0,-0.0,-0.005541538348031283,-0.00889385314333413,0.0,0.0,0.0,0.0,0.0,0.0,0.0,0.0,0.0,0.0,0.0,10000.0,0.0,-0.016339831550410522,,
2014-01-17,63.59407424926758,53.11759567260742,0.0,0.0,0.0,-0.0,-0.005771910160472737,0.04694062664894849,-0.0,0.0,0.0,0.0,0.0,0.0,0.0,0.0,0.0,0.0,0.0,10000.0,0.0,-0.03343851327320935,,
2014-01-21,62.74114990234375,53.060394287109375,0.0,0.0,0.0,-0.0,-0.013412009797967195,-0.0010768820533709755,0.0,0.0,0.0,0.0,0.0,0.0,0.0,0.0,0.0,0.0,0.0,10000.0,0.0,-0.04667562216267829,,
2014-01-22,63.00848388671875,53.30290222167969,0.0,0.0,0.0,-0.0,0.004260903486644763,0.004570413353095493,0.0,0.0,0.0,0.0,0.0,0.0,0.0,0.0,0.0,0.0,0.0,10000.0,0.0,-0.04354806398349231,,
2014-01-23,62.34016418457031,52.21849060058594,0.0,0.0,0.0,-0.0,-0.010606820874312639,-0.020344326029074877,0.0,0.0,0.0,0.0,0.0,0.0,0.0,0.0,0.0,0.0,0.0,10000.0,0.0,-0.04914380582118261,,
2014-01-24,61.31537628173828,50.61704254150391,0.0,0.0,0.0,-0.0,-0.01643864619602131,-0.030668218109392353,0.0,0.0,0.0,0.0,0.0,0.0,0.0,0.0,0.0,0.0,0.0,10000.0,0.0,-0.05803927313489643,,
2014-01-27,60.57701110839844,49.46630859375,0.0,0.0,0.0,-0.0,-0.01204208826750286,-0.022734120564439464,0.0,0.0,0.0,0.0,0.0,0.0,0.0,0.0,0.0,0.0,0.0,10000.0,0.0,-0.06448453441796098,,
2014-01-28,60.98434829711914,50.55071258544922,0.0,0.0,0.0,-0.0,0.006724286676868196,0.021922072265490034,0.0,0.0,0.0,0.0,0.0,0.0,0.0,0.0,0.0,0.0,0.0,10000.0,0.0,-0.06312937026040588,,
2014-01-29,60.67884826660156,49.67219543457031,0.0,0.0,0.0,-0.0,-0.005009482581156188,-0.017378927139630185,0.0,0.0,0.0,0.0,0.0,0.0,0.0,0.0,0.0,0.0,0.0,10000.0,0.0,-0.06382890159078702,,
2014-01-30,60.965293884277344,50.53241729736328,0.0,0.0,0.0,-0.0,0.004720683168164985,0.01731797548441527,0.0,0.0,0.0,0.0,0.0,0.0,0.0,0.0,0.0,0.0,0.0,10000.0,0.0,-0.06335261727510577,,
2014-01-31,60.61516952514648,49.28556823730469,0.0,0.0,0.0,-0.0,-0.005743011094073713,-0.02467424134336149,0.0,0.0,0.0,0.0,0.0,0.0,0.0,0.0,0.0,0.0,0.0,10000.0,0.0,-0.06295230075728409,,
2014-02-03,59.59041595458984,48.83715438842773,0.0,0.0,0.0,-0.0,-0.016905893006395334,-0.009098278967138995,0.0,0.0,0.0,0.0,0.0,0.0,0.0,0.0,0.0,0.0,0.0,10000.0,0.0,-0.07774923167743542,,
2014-02-04,59.762245178222656,49.08194732666016,0.0,0.0,0.0,-0.0,0.0028835043501584945,0.005012432466590333,0.0,0.0,0.0,0.0,0.0,0.0,0.0,0.0,0.0,0.0,0.0,10000.0,0.0,-0.07610263257873151,,
2014-02-05,59.67950820922852,49.326751708984375,0.0,0.0,0.0,-0.0,-0.00138443541984401,0.004987666456975237,-0.0,0.0,0.0,0.0,0.0,0.0,0.0,0.0,0.0,0.0,0.0,10000.0,0.0,-0.0787147073249227,,
2014-02-06,60.30330657958984,50.1046028137207,0.0,0.0,0.0,-0.0,0.01045247169555008,0.015769355933377804,0.0,0.0,0.0,0.0,0.0,0.0,0.0,0.0,0.0,0.0,0.0,10000.0,0.0,-0.07217416952093914,,
2014-02-07,60.704322814941406,50.73830795288086,0.0,0.0,0.0,-0.0,0.006649987506444521,0.01264764320188605,0.0,0.0,0.0,0.0,0.0,0.0,0.0,0.0,0.0,0.0,0.0,10000.0,0.0,-0.06864498676552477,,
2014-02-10,60.29692459106445,50.45690155029297,0.0,0.0,0.0,-0.0,-0.006711189664678652,-0.005546231515036415,0.0,0.0,0.0,0.0,0.0,0.0,0.0,0.0,0.0,0.0,0.0,10000.0,0.0,-0.0740075375339283,,
2014-02-11,61.207149505615234,50.86414337158203,0.0,0.0,0.0,-0.0,0.015095710448318034,0.00807108262252565,0.0,0.0,0.0,0.0,0.0,0.0,0.0,0.0,0.0,0.0,0.0,10000.0,0.0,-0.06100661581485378,,
2014-02-12,61.1243896484375,51.37751770019531,0.0,0.0,0.0,-0.0,-0.0013521272898052716,0.010093049731770387,-0.0,0.0,0.0,0.0,0.0,0.0,0.0,0.0,0.0,0.0,0.0,10000.0,0.0,-0.06483568080695945,,
2014-02-13,61.461761474609375,51.35002517700195,0.0,0.0,0.0,-0.0,0.005519430592473729,-0.0005351080477220549,0.0,0.0,0.0,0.0,0.0,0.0,0.0,0.0,0.0,0.0,0.0,10000.0,0.0,-0.0591994572980179,,
2014-02-14,61.89458084106445,51.79692840576172,0.0,0.0,0.0,-0.0,0.007042091799368322,0.008703077110854496,0.0,0.0,0.0,0.0,0.0,0.0,0.0,0.0,0.0,0.0,0.0,10000.0,0.0,-0.054318553284338544,,
2014-02-18,61.41720581054688,51.81069564819336,0.0,0.0,0.0,-0.0,-0.007712711258896721,0.0002657926416753664,-0.0,0.0,0.0,0.0,0.0,0.0,0.0,0.0,0.0,0.0,0.0,10000.0,0.0,-0.06212668525954623,,
2014-02-19,60.58336639404297,51.3110580444336,0.0,0.0,0.0,-0.0,-0.01357664200934261,-0.009643522394534365,0.0,0.0,0.0,0.0,0.0,0.0,0.0,0.0,0.0,0.0,0.0,10000.0,0.0,-0.07340713016094613,,
2014-02-20,61.326961517333984,51.21480178833008,0.0,0.0,0.0,-0.0,0.012273915557193815,-0.0018759359048914348,0.0,0.0,0.0,0.0,0.0,0.0,0.0,0.0,0.0,0.0,0.0,10000.0,0.0,-0.06074497164128234,,
2014-02-21,61.60902786254883,51.19186782836914,0.0,0.0,0.0,-0.0,0.004599385624789454,-0.0004477994478182534,0.0,0.0,0.0,0.0,0.0,0.0,0.0,0.0,0.0,0.0,0.0,10000.0,0.0,-0.0560456987152973,,
2014-02-24,61.50643157958984,51.84048461914063,0.0,0.0,0.0,-0.0,-0.0016652800168813764,0.012670309138672398,-0.0,0.0,0.0,0.0,0.0,0.0,0.0,0.0,0.0,0.0,0.0,10000.0,0.0,-0.06081667652867773,,
2014-02-25,61.18592834472656,52.05134582519531,0.0,0.0,0.0,-0.0,-0.005210889766032678,0.004067500672569446,-0.0,0.0,0.0,0.0,0.0,0.0,0.0,0.0,0.0,0.0,0.0,10000.0,0.0,-0.06704202102103951,,
2014-02-26,61.02566146850586,51.82215118408203,0.0,0.0,0.0,-0.0,-0.0026193420702509407,-0.004403241404804192,0.0,0.0,0.0,0.0,0.0,0.0,0.0,0.0,0.0,0.0,0.0,10000.0,0.0,-0.06857675887006076,,
2014-02-27,61.25004577636719,51.861122131347656,0.0,0.0,0.0,-0.0,0.0036768844853427574,0.0007520133065721524,0.0,0.0,0.0,0.0,0.0,0.0,0.0,0.0,0.0,0.0,0.0,10000.0,0.0,-0.06509196095228065,,
2014-02-28,61.391056060791016,51.783180236816406,0.0,0.0,0.0,-0.0,0.002302207004688306,-0.0015028964150418656,0.0,0.0,0.0,0.0,0.0,0.0,0.0,0.0,0.0,0.0,0.0,10000.0,0.0,-0.06242157382849223,,
2014-03-03,61.39749526977539,50.751834869384766,0.0,0.0,0.0,-0.0,0.00010488838924671562,-0.019916609268010643,0.0,0.0,0.0,0.0,0.0,0.0,0.0,0.0,0.0,0.0,0.0,10000.0,0.0,-0.05735658103568697,,
2014-03-04,62.16668701171875,51.68234634399414,0.0,0.0,0.0,-0.0,0.012528063865856254,0.01833453858376055,0.0,0.0,0.0,0.0,0.0,0.0,0.0,0.0,0.0,0.0,0.0,10000.0,0.0,-0.049385884952431125,,
2014-03-05,62.23080825805664,51.06580352783203,0.0,0.0,0.0,-0.0,0.0010314406223030925,-0.011929466438277414,0.0,0.0,0.0,0.0,0.0,0.0,0.0,0.0,0.0,0.0,0.0,10000.0,0.0,-0.04539601535664717,,
2014-03-06,62.73081207275391,51.30645751953125,0.0,0.0,0.0,-0.0,0.008034666890776476,0.004712625183074914,0.0,0.0,0.0,0.0,0.0,0.0,0.0,0.0,0.0,0.0,0.0,10000.0,0.0,-0.03855264902208433,,
2014-03-07,62.96158981323242,51.69609832763672,0.0,0.0,0.0,-0.0,0.0036788578507616077,0.007594381427662222,0.0,0.0,0.0,0.0,0.0,0.0,0.0,0.0,0.0,0.0,0.0,10000.0,0.0,-0.03674590409303746,,
2014-03-10,63.29492568969727,51.68234634399414,0.0,0.0,0.0,-0.0,0.005294273499980795,-0.0002660158907046295,0.0,0.0,0.0,0.0,0.0,0.0,0.0,0.0,0.0,0.0,0.0,10000.0,0.0,-0.03139999957745654,,
2014-03-11,63.01924514770508,52.067378997802734,0.0,0.0,0.0,-0.0,-0.004355491992260374,0.007449984008965904,-0.0,0.0,0.0,0.0,0.0,0.0,0.0,0.0,0.0,0.0,0.0,10000.0,0.0,-0.03759503065609038,,
2014-03-12,63.153900146484375,51.81986999511719,0.0,0.0,0.0,-0.0,0.002136728208401939,-0.004753628998609538,0.0,0.0,0.0,0.0,0.0,0.0,0.0,0.0,0.0,0.0,0.0,10000.0,0.0,-0.034285753957537746,,
2014-03-13,62.243614196777344,50.600582122802734,0.0,0.0,0.0,-0.0,-0.0144137725080421,-0.02352935027489156,0.0,0.0,0.0,0.0,0.0,0.0,0.0,0.0,0.0,0.0,0.0,10000.0,0.0,-0.04293378258494229,,
2014-03-14,61.71158218383789,50.59827423095703,0.0,0.0,0.0,-0.0,-0.008547575840591182,-4.5609986068950725e-05,0.0,0.0,0.0,0.0,0.0,0.0,0.0,0.0,0.0,0.0,0.0,10000.0,0.0,-0.051506852810138004,,
2014-03-17,62.17310333251953,51.28814697265625,0.0,0.0,0.0,-0.0,0.007478679566289115,0.013634313663550612,0.0,0.0,0.0,0.0,0.0,0.0,0.0,0.0,0.0,0.0,0.0,10000.0,0.0,-0.04739490478084929,,
2014-03-18,62.442359924316406,51.89090347290039,0.0,0.0,0.0,-0.0,0.004330756828347715,0.011752354799745346,0.0,0.0,0.0,0.0,0.0,0.0,0.0,0.0,0.0,0.0,0.0,10000.0,0.0,-0.045954212050561605,,
2014-03-19,62.14746856689453,51.297306060791016,0.0,0.0,0.0,-0.0,-0.004722617110873073,-0.011439334688388647,0.0,0.0,0.0,0.0,0.0,0.0,0.0,0.0,0.0,0.0,0.0,10000.0,0.0,-0.047851328792603454,,
2014-03-20,62.121826171875,50.838905334472656,0.0,0.0,0.0,-0.0,-0.0004126056235408404,-0.00893615594111552,0.0,0.0,0.0,0.0,0.0,0.0,0.0,0.0,0.0,0.0,0.0,10000.0,0.0,-0.04605085759033034,,
2014-03-21,62.089786529541016,51.19417190551758,0.0,0.0,0.0,-0.0,-0.000515754998015372,0.006988084592058019,-0.0,0.0,0.0,0.0,0.0,0.0,0.0,0.0,0.0,0.0,0.0,10000.0,0.0,-0.048283704319802445,,
2014-03-24,62.397457122802734,50.59367752075195,0.0,0.0,0.0,-0.0,0.004955252875854743,-0.011729741148540862,0.0,0.0,0.0,0.0,0.0,0.0,0.0,0.0,0.0,0.0,0.0,10000.0,0.0,-0.0404315606352893,,
2014-03-25,62.59619140625,50.05510330200195,0.0,0.0,0.0,-0.0,0.0031849740776477287,-0.010645089369696326,0.0,0.0,0.0,0.0,0.0,0.0,0.0,0.0,0.0,0.0,0.0,10000.0,0.0,-0.034612972755495686,,
2014-03-26,62.01925659179688,49.43169784545898,0.0,0.0,0.0,-0.0,-0.009216771843334803,-0.012454383577668926,0.0,0.0,0.0,0.0,0.0,0.0,0.0,0.0,0.0,0.0,0.0,10000.0,0.0,-0.04078250270843753,,
2014-03-27,62.211570739746094,49.452335357666016,0.0,0.0,0.0,-0.0,0.0031008779936689823,0.00041749551616776515,0.0,0.0,0.0,0.0,0.0,0.0,0.0,0.0,0.0,0.0,0.0,10000.0,0.0,-0.037789336864688106,,
2014-03-28,62.397457122802734,48.6088981628418,0.0,0.0,0.0,-0.0,0.0029879712221745347,-0.017055558422550243,0.0,0.0,0.0,0.0,0.0,0.0,0.0,0.0,0.0,0.0,0.0,10000.0,0.0,-0.03056440507948499,0.6095494573635457,
2014-03-31,62.423099517822266,49.47294616699219,0.0,0.0,0.0,-0.0,0.0004109525644460099,0.01777551100326935,0.0,0.0,0.0,0.0,0.0,0.0,0.0,0.0,0.0,0.0,0.0,10000.0,0.0,-0.03449769093614474,0.4999718847684726,
2014-04-01,62.397457122802734,49.20709228515625,0.0,0.0,0.0,-0.0,-0.00041078375180980675,-0.005373722457089336,0.0,0.0,0.0,0.0,0.0,0.0,0.0,0.0,0.0,0.0,0.0,10000.0,0.0,-0.033580065451194296,0.6044125806454211,
2014-04-02,62.80132293701172,49.19792938232422,0.0,0.0,0.0,-0.0,0.006472472322295975,-0.00018621101972315923,0.0,0.0,0.0,0.0,0.0,0.0,0.0,0.0,0.0,0.0,0.0,10000.0,0.0,-0.027082534000445357,0.9609173967887641,
2014-04-03,63.153900146484375,49.27813720703125,0.0,0.0,0.0,-0.0,0.0056141685076647185,0.0016303089523082015,0.0,0.0,0.0,0.0,0.0,0.0,0.0,0.0,0.0,0.0,0.0,10000.0,0.0,-0.021885700570272726,1.2711511118551397,
2014-04-04,62.8846435546875,47.60274887084961,0.0,0.0,0.0,-0.0,-0.004263499026542106,-0.033998613404213396,0.0,0.0,0.0,0.0,0.0,0.0,0.0,0.0,0.0,0.0,0.0,10000.0,0.0,-0.01762995639232956,1.537036754820832,
2014-04-07,62.41029739379883,46.61955261230469,0.0,0.0,0.0,-0.0,-0.007543115998998373,-0.020654190816005613,0.0,0.0,0.0,0.0,0.0,0.0,0.0,0.0,0.0,0.0,0.0,10000.0,0.0,-0.02005593547300344,1.4776992445332329,
2014-04-08,62.44873809814453,46.431602478027344,0.0,0.0,0.0,-0.0,0.0006159352855370503,-0.004031573100676589,0.0,0.0,0.0,0.0,0.0,0.0,0.0,0.0,0.0,0.0,0.0,10000.0,0.0,-0.01844417407868537,1.6591919580630343,
2014-04-09,62.72439193725586,47.56608963012695,0.0,0.0,0.0,-0.0,0.004414081813440385,0.0244335127704558,0.0,0.0,0.0,0.0,0.0,0.0,0.0,0.0,0.0,0.0,0.0,10000.0,0.0,-0.019991604124583673,1.5874167013364635,
2014-04-10,61.94235610961914,46.1932373046875,0.0,0.0,0.0,-0.0,-0.012467810424037329,-0.028861996773641208,0.0,0.0,0.0,0.0,0.0,0.0,0.0,0.0,0.0,0.0,0.0,10000.0,0.0,-0.025316993204444804,1.3247992579276417,
2014-04-11,61.71158218383789,45.06563568115234,0.0,0.0,0.0,-0.0,-0.003725623955486146,-0.02441053473038879,0.0,0.0,0.0,0.0,0.0,0.0,0.0,0.0,0.0,0.0,0.0,10000.0,0.0,-0.022956346645162218,1.4949631680045319,
2014-04-14,61.59619522094727,46.069480895996094,0.0,0.0,0.0,-0.0,-0.001869778067703387,0.022275181514050946,-0.0,0.0,0.0,0.0,0.0,0.0,0.0,0.0,0.0,0.0,0.0,10000.0,0.0,-0.03025966897742194,1.1046478373744932,
2014-04-15,61.39749526977539,46.76622009277344,0.0,0.0,0.0,-0.0,-0.003225847805357729,0.01512366068005555,-0.0,0.0,0.0,0.0,0.0,0.0,0.0,0.0,0.0,0.0,0.0,10000.0,0.0,-0.03719163749278831,0.6975306145470385,
2014-04-16,62.40388870239258,47.983211517333984,0.0,0.0,0.0,-0.0,0.016391441184940625,0.026022873393366286,0.0,0.0,0.0,0.0,0.0,0.0,0.0,0.0,0.0,0.0,0.0,10000.0,0.0,-0.02726710707702673,1.2543117673295803,
2014-04-17,62.820533752441406,47.66005325317383,0.0,0.0,0.0,-0.0,0.006676587929252742,-0.006734819407479997,0.0,0.0,0.0,0.0,0.0,0.0,0.0,0.0,0.0,0.0,0.0,10000.0,0.0,-0.018946585090118595,1.680248410072356,
2014-04-21,63.397457122802734,47.930511474609375,0.0,0.0,0.0,-0.0,0.009183675080425502,0.0056747360310080985,0.0,0.0,0.0,0.0,0.0,0.0,0.0,0.0,0.0,0.0,0.0,10000.0,0.0,-0.011200006129596929,2.0165706087450914,
2014-04-22,63.46156692504883,48.12303161621094,0.0,0.0,0.0,-0.0,0.0010112361781626777,0.004016651099238766,0.0,0.0,0.0,0.0,0.0,0.0,0.0,0.0,0.0,0.0,0.0,10000.0,0.0,-0.011177624826399724,1.9174931562175965,
2014-04-23,63.61542510986328,47.85945892333984,0.0,0.0,0.0,-0.0,0.0024244309157410715,-0.0054770591963768656,0.0,0.0,0.0,0.0,0.0,0.0,0.0,0.0,0.0,0.0,0.0,10000.0,0.0,-0.007402017242996606,2.0132376546233544,
2014-04-24,63.23080825805664,47.99238967895508,0.0,0.0,0.0,-0.0,-0.0060459684289212445,0.0027775231606392836,-0.0,0.0,0.0,0.0,0.0,0.0,0.0,0.0,0.0,0.0,0.0,10000.0,0.0,-0.014150200930751144,1.592414766187881,
2014-04-25,62.43592834472656,45.5927734375,0.0,0.0,0.0,-0.0,-0.012571085760694767,-0.04999993243735734,0.0,0.0,0.0,0.0,0.0,0.0,0.0,0.0,0.0,0.0,0.0,10000.0,0.0,-0.014154343847320838,1.5307263717814357,
2014-04-28,62.987213134765625,46.16346740722656,0.0,0.0,0.0,-0.0,0.008829608282514334,0.012517202326129295,0.0,0.0,0.0,0.0,0.0,0.0,0.0,0.0,0.0,0.0,0.0,10000.0,0.0,-0.008430518446335356,1.7442418048903907,
2014-04-29,62.826961517333984,46.44992065429688,0.0,0.0,0.0,-0.0,-0.0025441928521074963,0.006205193482183624,-0.0,0.0,0.0,0.0,0.0,0.0,0.0,0.0,0.0,0.0,0.0,10000.0,0.0,-0.012503150783902406,1.48203387557027,
2014-04-30,63.14106369018555,46.43618392944336,0.0,0.0,0.0,-0.0,0.004999480561620029,-0.00029573193366161377,0.0,0.0,0.0,0.0,0.0,0.0,0.0,0.0,0.0,0.0,0.0,10000.0,0.0,-0.007443201002017674,1.6789430869788398,
2014-05-01,62.89106750488281,47.23375701904297,0.0,0.0,0.0,-0.0,-0.00395932806151944,0.017175681163023038,-0.0,0.0,0.0,0.0,0.0,0.0,0.0,0.0,0.0,0.0,0.0,10000.0,0.0,-0.015609190692969177,1.2386507875503416,
2014-05-02,63.17952728271485,46.85102462768555,0.0,0.0,0.0,-0.0,0.004586657362902091,-0.008102941953211928,0.0,0.0,0.0,0.0,0.0,0.0,0.0,0.0,0.0,0.0,0.0,10000.0,0.0,-0.009027056780626652,1.531221609735159,
2014-05-05,62.78850173950195,47.47212600708008,0.0,0.0,0.0,-0.0,-0.006189117899903618,0.013256943350338224,-0.0,0.0,0.0,0.0,0.0,0.0,0.0,0.0,0.0,0.0,0.0,10000.0,0.0,-0.018482503213845036,1.0190755860563843,
2014-05-06,62.423099517822266,47.06646347045898,0.0,0.0,0.0,-0.0,-0.005819572239447179,-0.008545278476902451,0.0,0.0,0.0,0.0,0.0,0.0,0.0,0.0,0.0,0.0,0.0,10000.0,0.0,-0.022203135974559918,0.7988344386448784,
2014-05-07,63.35260009765625,47.83195114135742,0.0,0.0,0.0,-0.0,0.014890330454812029,0.016263972571019636,0.0,0.0,0.0,0.0,0.0,0.0,0.0,0.0,0.0,0.0,0.0,10000.0,0.0,-0.011400290657559653,1.3362457983253224,
2014-05-08,63.45515060424805,48.33616638183594,0.0,0.0,0.0,-0.0,0.0016187260891220578,0.010541389770791776,0.0,0.0,0.0,0.0,0.0,0.0,0.0,0.0,0.0,0.0,0.0,10000.0,0.0,-0.01236830793462873,1.2431067933251836,
2014-05-09,63.9487533569336,48.3155517578125,0.0,0.0,0.0,-0.0,0.007778765757944894,-0.0004264844642537513,0.0,0.0,0.0,0.0,0.0,0.0,0.0,0.0,0.0,0.0,0.0,10000.0,0.0,-0.004514466259949446,1.6095879284160797,
2014-05-12,65.07056427001953,48.51951599121094,0.0,0.0,0.0,-0.0,0.017542342175530523,0.00422150272485422,0.0,0.0,0.0,0.0,0.0,0.0,0.0,0.0,0.0,0.0,0.0,10000.0,0.0,0.01183714111072065,2.3434691873337825,
2014-05-13,65.7115707397461,48.60203552246094,-1.0,0.0,0.0,-0.0,0.009850943770314036,0.0017007492668505986,0.0,0.0,0.0,0.0,0.0,0.0,0.0,0.0,0.0,0.0,0.0,10000.0,0.0,0.021220907706385517,2.625237014060236,Enter Short Spread
2014-05-14,65.41029357910156,48.188697814941406,-1.0,-1.0,-0.8022105569956678,0.1977894430043322,-0.004584841866552725,-0.008504534904273942,0.0019959013257770737,0.0,1.0,-0.6044211139913356,0.8022105569956678,0.8022105569956678,0.1977894430043322,1.0,0.001,9.410227761279378e-05,0.00090179904816428,10009.017990481643,0.0,0.018731330464594742,2.362445708396944,
2014-05-15,64.82310485839844,47.63530731201172,-1.0,-1.0,-0.8022105569956678,0.1977894430043322,-0.00897700787710165,-0.011483823552461803,0.0049300714252427606,0.0,1.0,-0.6044211139913356,0.8022105569956678,0.0,0.0,0.0,0.0,9.410227761279378e-05,0.004835969147629967,10057.421292681687,0.0,0.012561569788703264,2.001984061871148,
2014-05-16,65.38447570800781,48.17722702026367,-1.0,-1.0,-0.8022105569956678,0.1977894430043322,0.008660042601101203,0.011376429351077189,-0.0046970399739079145,0.0,1.0,-0.6044211139913356,0.8022105569956678,0.0,0.0,0.0,0.0,9.410227761279378e-05,-0.004791142251520708,10009.234756584978,-0.004791142251520553,0.018395242843978976,2.169805773650633,
2014-05-19,65.42317962646484,48.303524017333984,-1.0,-1.0,-0.8022105569956678,0.1977894430043322,0.0005919435468118017,0.002621508228715319,4.364328999098988e-05,0.0,1.0,-0.6044211139913356,0.8022105569956678,0.0,0.0,0.0,0.0,9.410227761279378e-05,-5.04589876218039e-05,10008.72970073229,-0.004841359482954832,0.01834150965504544,2.0622565016868353,
2014-05-20,64.8682632446289,47.74323654174805,-1.0,-1.0,-0.8022105569956678,0.1977894430043322,-0.00848195372044347,-0.011599308476641923,0.004510092055657998,0.0,1.0,-0.6044211139913356,0.8022105569956678,0.0,0.0,0.0,0.0,9.410227761279378e-05,0.004415989778045204,10052.92814878194,-0.0004467490988983025,0.012699968680367602,1.7388600491571498,
2014-05-21,65.64904022216797,48.24382019042969,-1.0,-1.0,-0.8022105569956678,0.1977894430043322,0.012036347799148306,0.010484912313054373,-0.007581880305800054,0.0,1.0,-0.6044211139913356,0.8022105569956678,0.0,0.0,0.0,0.0,9.410227761279378e-05,-0.007675982583412847,9975.76204739959,-0.008119302444008825,0.02209280101530997,2.0843559979647592,
2014-05-22,65.59742736816406,48.07620620727539,-1.0,-1.0,-0.8022105569956678,0.1977894430043322,-0.0007861935807322862,-0.0034743099218238482,-5.648903395629812e-05,0.0,1.0,-0.6044211139913356,0.8022105569956678,0.0,0.0,0.0,0.0,9.410227761279378e-05,-0.00015059131156909192,9974.259784308972,-0.008268671059173838,0.02216440004079645,2.0189482853728675,
2014-05-23,66.28787231445312,48.69616317749024,-1.0,-1.0,-0.8022105569956678,0.1977894430043322,0.01052548817827792,0.012895297260810734,-0.0058931040715566015,0.0,1.0,-0.6044211139913356,0.8022105569956678,0.0,0.0,0.0,0.0,9.410227761279378e-05,-0.005987206349169395,9914.54183280009,-0.014206371168478671,0.029475799315580198,2.2501781049259963,
2014-05-27,66.57174682617188,49.25414657592773,-1.0,-1.0,-0.8022105569956678,0.1977894430043322,0.004282450194993848,0.011458467403349992,-0.001169062870840329,0.0,1.0,-0.6044211139913356,0.8022105569956678,0.0,0.0,0.0,0.0,9.410227761279378e-05,-0.0012631651484531227,9902.018129094016,-0.01545159132398588,0.03094002084330305,2.2160498669754656,
2014-05-28,66.72663879394531,49.09342956542969,-1.0,-1.0,-0.8022105569956678,0.1977894430043322,0.00232669225546811,-0.0032630148255697877,-0.002511886975080906,0.0,1.0,-0.6044211139913356,0.8022105569956678,0.0,0.0,0.0,0.0,9.410227761279378e-05,-0.0026059892526936997,9876.21357626962,-0.01801731389575212,0.034069840300048226,2.2411730663358207,
2014-05-29,67.14602661132812,49.29317855834961,-1.0,-1.0,-0.8022105569956678,0.1977894430043322,0.006285163241593894,0.0040687520649520525,-0.004237268100198142,0.0,1.0,-0.6044211139913356,0.8022105569956678,0.0,0.0,0.0,0.0,9.410227761279378e-05,-0.0043313703778109355,9833.43603734043,-0.022270644613867407,0.03933419629813151,2.3283993430967844,
2014-05-30,67.02989959716797,49.32992172241211,-1.0,-1.0,-0.8022105569956678,0.1977894430043322,-0.0017294696353717942,0.0007454005835514366,0.0015348311657344444,0.0,1.0,-0.6044211139913356,0.8022105569956678,0.0,0.0,0.0,0.0,9.410227761279378e-05,0.0014407288881216505,9847.603352708924,-0.02086200168679797,0.03741951523509213,2.1314072265834545,
2014-06-02,67.15896606445312,49.02911758422852,-1.0,-1.0,-0.8022105569956678,0.1977894430043322,0.0019255059020051313,-0.006097802868536117,-0.0027507421950639602,0.0,1.0,-0.6044211139913356,0.8022105569956678,0.0,0.0,0.0,0.0,9.410227761279378e-05,-0.002844844472676754,9819.588452741858,-0.023647497009286922,0.04085121928054014,2.1456950919197055,
2014-06-03,66.73953247070312,48.52396011352539,-1.0,-1.0,-0.8022105569956678,0.1977894430043322,-0.006245384917740737,-0.010303213592113059,0.0029722468359744325,0.0,1.0,-0.6044211139913356,0.8022105569956678,0.0,0.0,0.0,0.0,9.410227761279378e-05,0.0028781445583616386,9847.850647812467,-0.020837413365761503,0.037139741864717246,1.9036189466134192,
2014-06-04,66.44269561767578,48.5492057800293,-1.0,-1.0,-0.8022105569956678,0.1977894430043322,-0.004447691526122788,0.0005202721798642784,0.003670889441181879,0.0,1.0,-0.6044211139913356,0.8022105569956678,0.0,0.0,0.0,0.0,9.410227761279378e-05,0.003576787163569085,9883.074313598308,-0.017335157194841022,0.03255388731095199,1.6544223823188309,
2014-06-05,66.8621597290039,48.73061752319336,-1.0,-1.0,-0.8022105569956678,0.1977894430043322,0.0063131711835082704,0.0037366572789268027,-0.004325421209634153,0.0,1.0,-0.6044211139913356,0.8022105569956678,0.0,0.0,0.0,0.0,9.410227761279378e-05,-0.004419523487246947,9839.395834543153,-0.0216780675477104,0.03792763742242655,1.7752417531293958,
2014-06-06,66.84276580810547,48.90972518920898,-1.0,-1.0,-0.8022105569956678,0.1977894430043322,-0.00029005824784966716,0.0036754647307797317,0.0009596559104516598,0.0,1.0,-0.6044211139913356,0.8022105569956678,0.0,0.0,0.0,0.0,9.410227761279378e-05,0.0008655536328388661,9847.91235935268,-0.02083127744499047,0.03673299226744675,1.6587894297844434,
2014-06-09,66.77826690673828,48.81328201293945,-1.0,-1.0,-0.8022105569956678,0.1977894430043322,-0.0009649346580354878,-0.0019718609314697266,0.000384067494169672,0.0,1.0,-0.6044211139913356,0.8022105569956678,0.0,0.0,0.0,0.0,9.410227761279378e-05,0.0002899652165568782,9850.767911392593,-0.020547352574309063,0.03625424492646778,1.5799561243860663,
2014-06-10,66.40401458740234,49.19675064086914,-1.0,-1.0,-0.8022105569956678,0.1977894430043322,-0.00560440299923648,0.007855825548219286,0.006049710611167183,0.0,1.0,-0.6044211139913356,0.8022105569956678,0.0,0.0,0.0,0.0,9.410227761279378e-05,0.005955608333554389,9909.435226857593,-0.014714116224978757,0.028704749515617523,1.2696619031955116,
2014-06-11,66.13945770263672,48.83623123168945,-1.0,-1.0,-0.8022105569956678,0.1977894430043322,-0.003984049554976998,-0.0073281142450126735,0.001746622977803271,0.0,1.0,-0.6044211139913356,0.8022105569956678,0.0,0.0,0.0,0.0,9.410227761279378e-05,0.0016525207001904772,9925.810773697172,-0.013085910906434961,0.026526182221180195,1.1548339242012555,
2014-06-12,65.1005630493164,48.627288818359375,-1.0,-1.0,-0.8022105569956678,0.1977894430043322,-0.01570763791247254,-0.004278430338713335,0.011754604605223918,0.0,1.0,-0.6044211139913356,0.8022105569956678,0.0,0.0,0.0,0.0,9.410227761279378e-05,0.011660502327611124,10041.550713327297,-0.0015779968734072058,0.011751005783612545,0.588436186832681,
2014-06-13,65.19091033935547,48.517066955566406,-1.0,-1.0,-0.8022105569956678,0.1977894430043322,0.0013878111925178516,-0.002266666834021658,-0.0015616395603321044,0.0,1.0,-0.6044211139913356,0.8022105569956678,0.0,0.0,0.0,0.0,9.410227761279378e-05,-0.0016557418379448982,10024.924497693395,-0.003231125955908687,0.013697348414307364,0.6350059002597432,
2014-06-16,65.28770446777344,48.27597427368164,-1.0,-1.0,-0.8022105569956678,0.1977894430043322,0.0014847795177901357,-0.004969234477953277,-0.002173967923534486,0.0,1.0,-0.6044211139913356,0.8022105569956678,0.0,0.0,0.0,0.0,9.410227761279378e-05,-0.00226807020114728,10002.187265171426,-0.005491867736559186,0.01640927319590124,0.7116552280270685,
2014-06-17,65.56515502929688,48.406856536865234,-1.0,-1.0,-0.8022105569956678,0.1977894430043322,0.004249660235188468,0.0027111262932075775,-0.0028728901448649554,0.0,1.0,-0.6044211139913356,0.8022105569956678,0.0,0.0,0.0,0.0,9.410227761279378e-05,-0.0029669924224777493,9972.510851347459,-0.008442565829077209,0.019982390448999743,0.8238413817402659,
2014-06-18,66.32656860351562,48.50788497924805,-1.0,-1.0,-0.8022105569956678,0.1977894430043322,0.01161308280104767,0.0020870688495517875,-0.00890333743700072,0.0,1.0,-0.6044211139913356,0.8022105569956678,0.0,0.0,0.0,0.0,9.410227761279378e-05,-0.008997439714613514,9882.78378615913,-0.017364044066607076,0.03101451684346812,1.2230191521264686,
2014-06-19,66.0555648803711,48.29433822631836,-1.0,-1.0,-0.8022105569956678,0.1977894430043322,-0.004085899947041227,-0.004402310119706154,0.002407021605835497,0.0,1.0,-0.6044211139913356,0.8022105569956678,0.0,0.0,0.0,0.0,9.410227761279378e-05,0.002312919328222703,9905.641867794784,-0.015091286371522128,0.028008056870839848,1.0689723366430417,
2014-06-20,66.13945770263672,48.10375213623047,-1.0,-1.0,-0.8022105569956678,0.1977894430043322,0.0012700341359210832,-0.003946344376741684,-0.00179938004775978,0.0,1.0,-0.6044211139913356,0.8022105569956678,0.0,0.0,0.0,0.0,9.410227761279378e-05,-0.0018934823253725739,9886.885709996644,-0.01695619361288303,0.030252203143963707,1.1271860336864208,
2014-06-23,66.11361694335938,48.099151611328125,-1.0,-1.0,-0.8022105569956678,0.1977894430043322,-0.0003907011060405585,-9.563754796748647e-05,0.00029450845455283067,0.0,1.0,-0.6044211139913356,0.8022105569956678,0.0,0.0,0.0,0.0,9.410227761279378e-05,0.00020040617694003687,9888.867102963628,-0.016759185561880385,0.029885006787603863,1.0807152368277626,
2014-06-24,65.6426010131836,47.71338653564453,-1.0,-1.0,-0.8022105569956678,0.1977894430043322,-0.0071243406721993585,-0.008020205404054126,0.004128909339223738,0.0,1.0,-0.6044211139913356,0.8022105569956678,0.0,0.0,0.0,0.0,9.410227761279378e-05,0.004034807061610944,9928.766773781997,-0.01279199858052138,0.024720565087619217,0.839012924825523,
2014-06-25,66.08135986328125,48.005001068115234,-1.0,-1.0,-0.8022105569956678,0.1977894430043322,0.006684056440870334,0.006111796995437624,-0.0041531717169379125,0.0,1.0,-0.6044211139913356,0.8022105569956678,0.0,0.0,0.0,0.0,9.410227761279378e-05,-0.004247273994550706,9886.596580865755,-0.016984941452162672,0.02988007121370473,1.0238441806974,
2014-06-26,66.22976684570312,47.98204803466797,-1.0,-1.0,-0.8022105569956678,0.1977894430043322,0.0022458221611800777,-0.00047813838009702625,-0.001896192970711869,0.0,1.0,-0.6044211139913356,0.8022105569956678,0.0,0.0,0.0,0.0,9.410227761279378e-05,-0.001990295248324663,9866.919334668755,-0.01894143165222195,0.032241291136118067,1.0922341257046617,
2014-06-27,66.2749252319336,48.05551910400391,-1.0,-1.0,-0.8022105569956678,0.1977894430043322,0.0006818442579705764,0.0015312199529886605,-0.0002441235203521269,0.0,1.0,-0.6044211139913356,0.8022105569956678,0.0,0.0,0.0,0.0,9.410227761279378e-05,-0.0003382257979649207,9863.582088003332,-0.01927325096935173,0.03254566105497081,1.0716021070316035,
2014-06-30,66.24268341064453,48.383880615234375,-1.0,-1.0,-0.8022105569956678,0.1977894430043322,-0.0004864859700139945,0.006832961486063827,0.0017417518273741227,0.0,1.0,-0.6044211139913356,0.8022105569956678,0.0,0.0,0.0,0.0,9.410227761279378e-05,0.0016476495497613289,9879.833814589663,-0.01765735698287252,0.030380081997589126,0.9463754935307317,
2014-07-01,66.36529541015625,49.19675064086914,-1.0,-1.0,-0.8022105569956678,0.1977894430043322,0.0018509515798392773,0.0168004305421261,0.001838094901325214,0.0,1.0,-0.6044211139913356,0.8022105569956678,0.0,0.0,0.0,0.0,9.410227761279378e-05,0.0017439926237124202,9897.064171885811,-0.015944158659492613,0.02812149456996116,0.8193284217158973,
2014-07-02,66.81694030761719,49.33222198486328,-1.0,-1.0,-0.8022105569956678,0.1977894430043322,0.006805437912536183,0.002753664464205441,-0.0049147483778190695,0.0,1.0,-0.6044211139913356,0.8022105569956678,0.0,0.0,0.0,0.0,9.410227761279378e-05,-0.005008850655431863,9847.49125552161,-0.020873147405372494,0.0342258819000566,1.0520338817052712,
2014-07-03,67.02989959716797,49.7157096862793,-1.0,-1.0,-0.8022105569956678,0.1977894430043322,0.0031872050496526416,0.00777357447093463,-0.0010192785733823936,0.0,1.0,-0.6044211139913356,0.8022105569956678,0.0,0.0,0.0,0.0,9.410227761279378e-05,-0.0011133808509951875,9836.527247327369,-0.021963288493746624,0.03549881196593074,1.072656482361608,
2014-07-07,66.616943359375,49.76852416992188,-1.0,-1.0,-0.8022105569956678,0.1977894430043322,-0.006160776612746388,0.0010623298747187704,0.005152357672244651,0.0,1.0,-0.6044211139913356,0.8022105569956678,0.0,0.0,0.0,0.0,9.410227761279378e-05,0.005058255394631858,9886.282914340607,-0.017016129021621973,0.02905719519130856,0.7607208372525573,
2014-07-08,66.3975601196289,49.42866897583008,-1.0,-1.0,-0.8022105569956678,0.1977894430043322,-0.003293204831728791,-0.006828717543069129,0.0012911954430844226,0.0,1.0,-0.6044211139913356,0.8022105569956678,0.0,0.0,0.0,0.0,9.410227761279378e-05,0.0011970931654716288,9898.117716049283,-0.01583940574790499,0.027447988765225473,0.6629536857779783,
2014-07-09,66.44916534423828,49.63533782958984,-1.0,-1.0,-0.8022105569956678,0.1977894430043322,0.0007772156765459837,0.004181153529762671,0.000203497406979638,0.0,1.0,-0.6044211139913356,0.8022105569956678,0.0,0.0,0.0,0.0,9.410227761279378e-05,0.00010939512936684421,9899.200521917319,-0.015731743372378926,0.02719616523183932,0.6256650997860715,
2014-07-10,65.87487030029297,49.49296951293945,-1.0,-1.0,-0.8022105569956678,0.1977894430043322,-0.00864262238615321,-0.002868285436862905,0.006365886339364642,0.0,1.0,-0.6044211139913356,0.8022105569956678,0.0,0.0,0.0,0.0,9.410227761279378e-05,0.006271784061751848,9961.286169974766,-0.009558625407973476,0.01922418656532776,0.22459245934079433,
2014-07-11,66.1587905883789,49.828216552734375,-1.0,-1.0,-0.8022105569956678,0.1977894430043322,0.0043099938837325436,0.006773629529488456,-0.002117770182361787,0.0,1.0,-0.6044211139913356,0.8022105569956678,0.0,0.0,0.0,0.0,9.410227761279378e-05,-0.0022118724599745807,9939.253075429473,-0.011749355407652984,0.021860474083553405,0.3214531219665218,
2014-07-14,66.75242614746094,50.753604888916016,-1.0,-1.0,-0.8022105569956678,0.1977894430043322,0.00897289012998237,0.018571572498531586,-0.00352488620883495,0.0,1.0,-0.6044211139913356,0.8022105569956678,0.0,0.0,0.0,0.0,9.410227761279378e-05,-0.0036189884864477437,9903.283032985604,-0.015325823112157244,0.02625642298008113,0.5202640927464663,
2014-07-15,67.29447174072266,50.92582321166992,-1.0,-1.0,-0.8022105569956678,0.1977894430043322,0.008120238087890641,0.0033932234593156974,-0.005842996941416902,0.0,1.0,-0.6044211139913356,0.8022105569956678,0.0,0.0,0.0,0.0,9.410227761279378e-05,-0.005937099219029696,9844.486259024634,-0.021171931398756838,0.03350866756312276,0.8794164962859325,
2014-07-16,67.44286346435547,51.130184173583984,-1.0,-1.0,-0.8022105569956678,0.1977894430043322,0.0022051101642426296,0.0040129142550067165,-0.0009752505777719652,0.0,1.0,-0.6044211139913356,0.8022105569956678,0.0,0.0,0.0,0.0,9.410227761279378e-05,-0.001069352855384759,9833.95902953375,-0.02221864398884643,0.034723923775468846,0.9162209237367371,
2014-07-17,66.2362060546875,50.03029251098633,-1.0,-1.0,-0.8022105569956678,0.1977894430043322,-0.017891550679868473,-0.021511592034630378,0.010098025029747534,0.0,1.0,-0.6044211139913356,0.8022105569956678,0.0,0.0,0.0,0.0,9.410227761279378e-05,0.01000392275213474,9932.337196012862,-0.012436994834833293,0.022032064202456514,0.19113514714578625,
2014-07-18,66.99118041992188,50.56300735473633,-1.0,-1.0,-0.8022105569956678,0.1977894430043322,0.0113982127027481,0.010647845875236817,-0.007037735056167584,0.0,1.0,-0.6044211139913356,0.8022105569956678,0.0,0.0,0.0,0.0,9.410227761279378e-05,-0.007131837333780378,9861.501382786642,-0.019480133544530598,0.030754399896477658,0.656049206453791,
2014-07-21,67.14602661132812,50.337982177734375,-1.0,-1.0,-0.8022105569956678,0.1977894430043322,0.0023114414529736838,-0.004450391477374693,-0.0027345031869140625,0.0,1.0,-0.6044211139913356,0.8022105569956678,0.0,0.0,0.0,0.0,9.410227761279378e-05,-0.0028286054645268563,9833.607086086851,-0.022253637396863812,0.0341628915797203,0.8260688540946571,
2014-07-22,67.4170913696289,50.806396484375,-1.0,-1.0,-0.8022105569956678,0.1977894430043322,0.004036944134756082,0.009305385046757264,-0.0013979722775641094,0.0,1.0,-0.6044211139913356,0.8022105569956678,0.0,0.0,0.0,0.0,9.410227761279378e-05,-0.0014920745551769033,9818.934611168095,-0.023712507865920607,0.03590802392982528,0.9048156525827408,
2014-07-23,67.32671356201172,50.79263687133789,-1.0,-1.0,-0.8022105569956678,0.1977894430043322,-0.0013405770818807339,-0.0002708244234825852,0.0010218588756785805,0.0,1.0,-0.6044211139913356,0.8022105569956678,0.0,0.0,0.0,0.0,9.410227761279378e-05,0.0009277565980657867,9828.044192539583,-0.022806750703484147,0.03463332977138256,0.8019018588604335,
2014-07-24,67.1654052734375,51.1462516784668,-1.0,-1.0,-0.8022105569956678,0.1977894430043322,-0.002395903201567129,0.006961930486590884,0.0032990151950145607,0.0,1.0,-0.6044211139913356,0.8022105569956678,0.0,0.0,0.0,0.0,9.410227761279378e-05,0.003204912917401767,9859.542218325048,-0.019674931436015952,0.03052399688971863,0.5231138635938407,
2014-07-25,66.82986450195312,49.316165924072266,-1.0,-1.0,-0.8022105569956678,0.1977894430043322,-0.004995738060663113,-0.0357814247249133,-0.00306955425399303,0.0,1.0,-0.6044211139913356,0.8022105569956678,0.0,0.0,0.0,0.0,9.410227761279378e-05,-0.003163656531605824,9828.3500131874,-0.022776343242275288,0.034499549106220995,0.7527406009262598,
2014-07-28,66.24268341064453,49.18986511230469,-1.0,-1.0,-0.8022105569956678,0.1977894430043322,-0.008786208017695918,-0.002561042802111446,0.006541841598415767,0.0,1.0,-0.6044211139913356,0.8022105569956678,0.0,0.0,0.0,0.0,9.410227761279378e-05,0.006447739320802974,9891.720652026044,-0.01647545984537957,0.026306763972264613,0.17837098657851014,
2014-07-29,63.79067993164063,49.0245361328125,0.0,-1.0,-0.8022105569956678,0.1977894430043322,-0.037015461221637125,-0.0033610374640127283,0.029029416036137286,0.0,1.0,-0.6044211139913356,0.8022105569956678,0.0,0.0,0.0,0.0,9.410227761279378e-05,0.028935313758524494,10177.940692704093,0.0,-0.010581080514660002,-2.378081414935409,Exit Short Spread
2014-07-30,64.10686492919922,49.15312576293945,0.0,0.0,0.0,-0.0,0.004956601777836855,0.0026229647492959085,0.0,0.0,0.0,0.0,0.0,0.8022105569956678,0.1977894430043322,1.0,0.001,0.0,-0.001,10167.76275201139,-0.0009999999999998899,-0.006282582026861605,-2.1724377753797297,
2014-07-31,62.64856719970703,48.4527702331543,1.0,0.0,0.0,-0.0,-0.0227479183563688,-0.014248443388176324,0.0,0.0,0.0,0.0,0.0,0.0,0.0,0.0,0.0,0.0,0.0,10167.76275201139,-0.0009999999999998899,-0.025754925902945813,-3.5175077350682704,Enter Long Spread
2014-08-01,62.60981369018555,48.636474609375,1.0,1.0,0.8022105569956678,-0.1977894430043322,-0.000618585727554577,0.003791411210065432,-0.0012461371124903504,0.0,1.0,0.6044211139913356,0.1977894430043322,0.8022105569956678,0.1977894430043322,1.0,0.001,2.3201436221655254e-05,-0.0022693385487120056,10144.688656044093,-0.003267069210163176,-0.027306728778776157,-3.4178598773441107,
2014-08-04,62.70665740966797,48.71682357788086,1.0,1.0,0.8022105569956678,-0.1977894430043322,0.0015467817866643419,0.0016520310970560281,0.0009140903681182081,0.0,1.0,0.6044211139913356,0.1977894430043322,0.0,0.0,0.0,0.0,2.3201436221655254e-05,0.0008908889318965528,10153.726446885299,-0.002379090874065626,-0.026168123336765547,-3.1876705469144038,
2014-08-05,62.27431106567383,48.3448600769043,1.0,1.0,0.8022105569956678,-0.1977894430043322,-0.006894743905253686,-0.007635216618380847,-0.0040208711064090765,0.0,1.0,0.6044211139913356,0.1977894430043322,0.0,0.0,0.0,0.0,2.3201436221655254e-05,-0.004044072542630732,10112.664040556065,-0.006413542200616296,-0.03119701752937465,-3.2461757367342825,
2014-08-06,61.77099990844727,48.37929153442383,1.0,1.0,0.8022105569956678,-0.1977894430043322,-0.008082163393116737,0.0007122051333845469,-0.0066244634539591295,0.0,1.0,0.6044211139913356,0.1977894430043322,0.0,0.0,0.0,0.0,2.3201436221655254e-05,-0.006647664890180785,10045.438438867466,-0.013018572011488372,-0.03948755426552575,-3.3378474398197984,
2014-08-07,61.33222961425781,48.00041580200195,1.0,1.0,0.8022105569956678,-0.1977894430043322,-0.007103176164215852,-0.007831361733610542,-0.004149282231877679,0.0,1.0,0.6044211139913356,0.1977894430043322,0.0,0.0,0.0,0.0,2.3201436221655254e-05,-0.004172483668099335,10003.524011042395,-0.01713673590048781,-0.044677612245837106,-3.229795072580602,
2014-08-08,61.906517028808594,48.32648468017578,1.0,1.0,0.8022105569956678,-0.1977894430043322,0.009363550259997133,0.00679304278360493,0.006167946721055412,0.0,1.0,0.6044211139913356,0.1977894430043322,0.0,0.0,0.0,0.0,2.3201436221655254e-05,0.0061447452848337565,10064.99311804097,-0.01109729149277594,-0.0370268274161083,-2.6372556501707316,
2014-08-11,61.99039840698242,48.35404586791992,1.0,1.0,0.8022105569956678,-0.1977894430043322,0.0013549684621216862,0.0005703122816926864,0.0009741682561756749,0.0,1.0,0.6044211139913356,0.1977894430043322,0.0,0.0,0.0,0.0,2.3201436221655254e-05,0.0009509668199540196,10074.564592539295,-0.010156877828822686,-0.035813349656355964,-2.4171263510482395,
2014-08-12,62.209774017333984,48.28974151611328,1.0,1.0,0.8022105569956678,-0.1977894430043322,0.0035388643401079722,-0.0013298649710158372,0.0031019475852983175,0.0,1.0,0.6044211139913356,0.1977894430043322,0.0,0.0,0.0,0.0,2.3201436221655254e-05,0.0030787461490766623,10105.5816194822,-0.007109402128248066,-0.03195262859472159,-2.1245339103428402,
2014-08-13,62.34529495239258,48.64171600341797,1.0,1.0,0.8022105569956678,-0.1977894430043322,0.0021784508495534816,0.007288804542207705,0.00030592767883727556,0.0,1.0,0.6044211139913356,0.1977894430043322,0.0,0.0,0.0,0.0,2.3201436221655254e-05,0.0002827262426156203,10108.438732602923,-0.006828685900183262,-0.03156712445526344,-2.001543880251878,
2014-08-14,62.42325973510742,48.89249420166016,1.0,1.0,0.8022105569956678,-0.1977894430043322,0.001250531941093147,0.00515561988447466,-1.653726028709554e-05,0.0,1.0,0.6044211139913356,0.1977894430043322,0.0,0.0,0.0,0.0,2.3201436221655254e-05,-3.97386965087508e-05,10108.03703642395,-0.006868153233615559,-0.031585254777145244,-1.9108470063210246,
2014-08-15,62.93007278442383,48.35646057128906,1.0,1.0,0.8022105569956678,-0.1977894430043322,0.008118977628964963,-0.010963515752749231,0.008681597240072841,0.0,1.0,0.6044211139913356,0.1977894430043322,0.0,0.0,0.0,0.0,2.3201436221655254e-05,0.008658395803851186,10195.556421885294,0.0,-0.02078101635091334,-1.4312006271525421,
2014-08-18,63.43040466308594,49.30660629272461,1.0,1.0,0.8022105569956678,-0.1977894430043322,0.007950600667125718,0.019648785502710764,0.0024917334493322904,0.0,1.0,0.6044211139913356,0.1977894430043322,0.0,0.0,0.0,0.0,2.3201436221655254e-05,0.0024685320131106353,10220.724479304194,0.0,-0.017659391722271933,-1.267338063666708,
2014-08-19,63.852760314941406,49.46305084228516,1.0,1.0,0.8022105569956678,-0.1977894430043322,0.006658567828769613,0.0031728922617746402,0.004714008813541544,0.0,1.0,0.6044211139913356,0.1977894430043322,0.0,0.0,0.0,0.0,2.3201436221655254e-05,0.004690807377319888,10268.667929093266,0.0,-0.011803949899979571,-1.010483102840691,
2014-08-20,64.19712829589844,49.73912048339844,1.0,1.0,0.8022105569956678,-0.1977894430043322,0.005393157308446916,0.005581330637965065,0.003222519450268333,0.0,1.0,0.6044211139913356,0.1977894430043322,0.0,0.0,0.0,0.0,2.3201436221655254e-05,0.003199318014046678,10301.520663379079,0.0,-0.007797565450802013,-0.8312913007634916,
2014-08-21,63.94370651245117,49.63560485839844,1.0,1.0,0.8022105569956678,-0.1977894430043322,-0.003947556381014294,-0.002081171198725751,-0.002755137710992655,0.0,1.0,0.6044211139913356,0.1977894430043322,0.0,0.0,0.0,0.0,2.3201436221655254e-05,-0.00277833914721431,10272.899545244176,-0.0027783391472142593,-0.011239275054670261,-0.9308750075883198,
2014-08-22,63.52787780761719,49.71382522583008,1.0,1.0,0.8022105569956678,-0.1977894430043322,-0.00650304349737707,0.001575892298578685,-0.005528505006168609,0.0,1.0,0.6044211139913356,0.1977894430043322,0.0,0.0,0.0,0.0,2.3201436221655254e-05,-0.005551706442390265,10215.867422656816,-0.008314621066261685,-0.018151794576952596,-1.1526065800865457,
2014-08-25,63.61235427856445,49.697731018066406,1.0,1.0,0.8022105569956678,-0.1977894430043322,0.001329754335617661,-0.00032373706289068327,0.0011307747395922548,0.0,1.0,0.6044211139913356,0.1977894430043322,0.0,0.0,0.0,0.0,2.3201436221655254e-05,0.0011075733033705996,10227.182244684926,-0.007216256815211652,-0.016743091497953277,-1.0632074993412894,
2014-08-26,63.300437927246094,49.86106491088867,1.0,1.0,0.8022105569956678,-0.1977894430043322,-0.004903392664142747,0.0032865462763860265,-0.004583597517684779,0.0,1.0,0.6044211139913356,0.1977894430043322,0.0,0.0,0.0,0.0,2.3201436221655254e-05,-0.004606798953906434,10180.0676722187,-0.011789811924770688,-0.022467532708713822,-1.2357132336517158,
2014-08-27,63.27445983886719,49.95307922363281,1.0,1.0,0.8022105569956678,-0.1977894430043322,-0.00041039350168103894,0.0018454141103603217,-0.0006942254285714521,0.0,1.0,0.6044211139913356,0.1977894430043322,0.0,0.0,0.0,0.0,2.3201436221655254e-05,-0.0007174268647931074,10172.764218185237,-0.01249878046175823,-0.02333258817180628,-1.225079706189531,
2014-08-28,63.31345748901367,49.37101745605469,1.0,1.0,0.8022105569956678,-0.1977894430043322,0.0006163252953212961,-0.011652169928750844,0.002799098858449675,0.0,1.0,0.6044211139913356,0.1977894430043322,0.0,0.0,0.0,0.0,2.3201436221655254e-05,0.0027758974222280197,10201.002768155431,-0.00975757837199498,-0.01982667691486184,-1.0579646482469218,
2014-08-29,63.24197769165039,48.89249420166016,1.0,1.0,0.8022105569956678,-0.1977894430043322,-0.001128982687064406,-0.00969239199537375,0.0010113709839162195,0.0,1.0,0.6044211139913356,0.1977894430043322,0.0,0.0,0.0,0.0,2.3201436221655254e-05,0.0009881695476945643,10211.08308844687,-0.008779050966106872,-0.018554928214097877,-0.977526801231241,
2014-09-02,63.64483642578125,49.40093231201172,1.0,1.0,0.8022105569956678,-0.1977894430043322,0.006370116002619053,0.0103991035567641,0.0030533414063513057,0.0,1.0,0.6044211139913356,0.1977894430043322,0.0,0.0,0.0,0.0,2.3201436221655254e-05,0.0030301399701296505,10242.024099451488,-0.00577551274920951,-0.014755732341797834,-0.8072690430131978,
2014-09-03,63.657833099365234,49.440040588378906,1.0,1.0,0.8022105569956678,-0.1977894430043322,0.00020420625323058772,0.0007916505729119727,7.2362862757885935e-06,0.0,1.0,0.6044211139913356,0.1977894430043322,0.0,0.0,0.0,0.0,2.3201436221655254e-05,-1.596514994586666e-05,10241.86058400099,-0.005791385692228368,-0.014746655537705045,-0.7791670478077959,
2014-09-04,63.98272705078125,49.29280471801758,1.0,1.0,0.8022105569956678,-0.1977894430043322,0.0051037544886092245,-0.0029780693666326963,0.0046833164123308915,0.0,1.0,0.6044211139913356,0.1977894430043322,0.0,0.0,0.0,0.0,2.3201436221655254e-05,0.004660114976109236,10289.588831891717,-0.0011582592393157842,-0.008920526096295234,-0.5378323336891999,
2014-09-05,64.23612213134766,49.28131484985352,1.0,1.0,0.8022105569956678,-0.1977894430043322,0.0039603669966317145,-0.00023309422601902607,0.003223151791407017,0.0,1.0,0.6044211139913356,0.1977894430043322,0.0,0.0,0.0,0.0,2.3201436221655254e-05,0.0031999503551853616,10322.51500532904,0.0,-0.00491050334111609,-0.36776525899206813,
2014-09-08,63.95021057128906,49.64019775390625,1.0,1.0,0.8022105569956678,-0.1977894430043322,-0.004450946765964026,0.007282332160701177,-0.005010964906119688,0.0,1.0,0.6044211139913356,0.1977894430043322,0.0,0.0,0.0,0.0,2.3201436221655254e-05,-0.005034166342341343,10270.549747720901,-0.0050341663423411065,-0.01116037812886772,-0.5895269982578819,
2014-09-09,63.48889923095703,49.29739761352539,1.0,1.0,0.8022105569956678,-0.1977894430043322,-0.007213601584904583,-0.006905696509919457,-0.004420953479117208,0.0,1.0,0.6044211139913356,0.1977894430043322,0.0,0.0,0.0,0.0,2.3201436221655254e-05,-0.004444154915338863,10224.905833576335,-0.009455948642585033,-0.016691579774271603,-0.7769816357171657,
2014-09-10,63.43040466308594,49.89555740356445,1.0,1.0,0.8022105569956678,-0.1977894430043322,-0.0009213353606636332,0.012133699119950103,-0.003139022543374864,0.0,1.0,0.6044211139913356,0.1977894430043322,0.0,0.0,0.0,0.0,2.3201436221655254e-05,-0.0031622239795965194,10192.572391160282,-0.012588270794634315,-0.02058696607149757,-0.8964191203750742,
2014-09-11,63.63835144042969,49.45155334472656,1.0,1.0,0.8022105569956678,-0.1977894430043322,0.0032783454314735394,-0.008898669179035368,0.004389986135007814,0.0,1.0,0.6044211139913356,0.1977894430043322,0.0,0.0,0.0,0.0,2.3201436221655254e-05,0.004366784698786159,10237.081160319272,-0.008276456364138207,-0.015110146457137152,-0.6682216355516333,
2014-09-12,63.70982360839844,49.242183685302734,1.0,1.0,0.8022105569956678,-0.1977894430043322,0.0011230989859261076,-0.004233833828521272,0.001738369497777174,0.0,1.0,0.6044211139913356,0.1977894430043322,0.0,0.0,0.0,0.0,2.3201436221655254e-05,0.001715168061555519,10254.639474969003,-0.006575483816201433,-0.012941586509432113,-0.5631282242619172,
2014-09-15,63.43040466308594,49.3802375793457,1.0,1.0,0.8022105569956678,-0.1977894430043322,-0.004385806293076389,0.002803569697990005,-0.0040728565982331814,0.0,1.0,0.6044211139913356,0.1977894430043322,0.0,0.0,0.0,0.0,2.3201436221655254e-05,-0.004096058034454837,10212.635876557119,-0.010644608287340374,-0.01802730709981959,-0.729324134276725,
2014-09-16,63.65133285522461,49.99220657348633,1.0,1.0,0.8022105569956678,-0.1977894430043322,0.0034830014613991267,0.012392994123555878,0.0003428971375116388,0.0,1.0,0.6044211139913356,0.1977894430043322,0.0,0.0,0.0,0.0,2.3201436221655254e-05,0.00031969570128998354,10215.900812345695,-0.010328315621561668,-0.017587139596685453,-0.6867204300646407,
2014-09-17,64.58049774169922,49.58498001098633,1.0,1.0,0.8022105569956678,-0.1977894430043322,0.014597728669531573,-0.008145800924017954,0.013321605474442237,0.0,1.0,0.6044211139913356,0.1977894430043322,0.0,0.0,0.0,0.0,2.3201436221655254e-05,0.013298404038220583,10351.755988962654,0.0,-0.0010783152159162812,-0.03616309014188293,
2014-09-18,64.73643493652344,49.79431915283203,0.0,1.0,0.8022105569956678,-0.1977894430043322,0.0024146174197652304,0.004221825677842794,0.001101999035959394,0.0,1.0,0.6044211139913356,0.1977894430043322,0.0,0.0,0.0,0.0,2.3201436221655254e-05,0.001078797599737739,10362.923438476617,0.0,0.0002946683785008952,0.03290266703365442,Exit Long Spread
2014-09-19,64.61300659179688,49.750614166259766,0.0,0.0,0.0,-0.0,-0.0019066286990870873,-0.0008777102953877458,0.0,0.0,0.0,0.0,0.0,0.8022105569956678,0.1977894430043322,1.0,0.001,0.0,-0.001,10352.56051503814,-0.0010000000000000009,-0.0013972809045329493,-0.01286025119078398,
2014-09-22,63.76826858520508,49.20537185668945,0.0,0.0,0.0,-0.0,-0.013073807444506702,-0.010959509117780653,0.0,0.0,0.0,0.0,0.0,0.0,0.0,0.0,0.0,0.0,0.0,10352.56051503814,-0.0010000000000000009,-0.011840259254386476,-0.4010495471666558,
2014-09-23,63.23550033569336,48.87868881225586,0.0,0.0,0.0,-0.0,-0.008354754822923471,-0.006639174384964641,0.0,0.0,0.0,0.0,0.0,0.0,0.0,0.0,0.0,0.0,0.0,10352.56051503814,-0.0010000000000000009,-0.01858772746395776,-0.6448037077221045,
2014-09-24,63.729305267333984,49.32731246948242,0.0,0.0,0.0,-0.0,0.007808982755243443,0.00917830793190344,0.0,0.0,0.0,0.0,0.0,0.0,0.0,0.0,0.0,0.0,0.0,10352.56051503814,-0.0010000000000000009,-0.013061717542140916,-0.39735768174662983,
2014-09-25,62.722164154052734,48.47607803344727,0.0,0.0,0.0,-0.0,-0.015803422131411282,-0.017256858187070012,0.0,0.0,0.0,0.0,0.0,0.0,0.0,0.0,0.0,0.0,0.0,10352.56051503814,-0.0010000000000000009,-0.02469943156915333,-0.8459305003993425,
2014-09-26,63.33944320678711,48.759063720703125,0.0,0.0,0.0,-0.0,0.009841482051197614,0.005837635772856897,0.0,0.0,0.0,0.0,0.0,0.0,0.0,0.0,0.0,0.0,0.0,10352.56051503814,-0.0010000000000000009,-0.016341178055524375,-0.47450990471617593,
2014-09-29,63.24845886230469,48.52669143676758,0.0,0.0,0.0,-0.0,-0.0014364563355155902,-0.0047657248971514354,0.0,0.0,0.0,0.0,0.0,0.0,0.0,0.0,0.0,0.0,0.0,10352.56051503814,-0.0010000000000000009,-0.016600842462949572,-0.4596001341966025,
2014-09-30,63.86576461791992,49.08805465698242,0.0,0.0,0.0,-0.0,0.009760012602981316,0.011568132992259006,0.0,0.0,0.0,0.0,0.0,0.0,0.0,0.0,0.0,0.0,0.0,10352.56051503814,-0.0010000000000000009,-0.009723967096558983,-0.1369099152929468,
2014-10-01,62.97560119628906,48.31504821777344,0.0,0.0,0.0,-0.0,-0.013938037490920263,-0.0157473431084324,0.0,0.0,0.0,0.0,0.0,0.0,0.0,0.0,0.0,0.0,0.0,10352.56051503814,-0.0010000000000000009,-0.01984656169613619,-0.5579483702239388,
2014-10-02,63.1185188293457,48.24832534790039,0.0,0.0,0.0,-0.0,0.002269412762113676,-0.001380995618017411,0.0,0.0,0.0,0.0,0.0,0.0,0.0,0.0,0.0,0.0,0.0,10352.56051503814,-0.0010000000000000009,-0.017238992739936787,-0.4157404252564855,
2014-10-03,64.19062805175781,48.77056503295898,0.0,0.0,0.0,-0.0,0.016985652424936992,0.01082399609298168,0.0,0.0,0.0,0.0,0.0,0.0,0.0,0.0,0.0,0.0,0.0,10352.56051503814,-0.0010000000000000009,-0.0030503598249019825,0.2534034981545605,
2014-10-06,64.04119873046875,48.72455596923828,0.0,0.0,0.0,-0.0,-0.0023278993495526867,-0.0009433777051711667,0.0,0.0,0.0,0.0,0.0,0.0,0.0,0.0,0.0,0.0,0.0,10352.56051503814,-0.0010000000000000009,-0.0051482681800657515,0.18006401303888878,
2014-10-07,62.65718078613281,47.86412048339844,0.0,0.0,0.0,-0.0,-0.021611368490475624,-0.017659175516818837,0.0,0.0,0.0,0.0,0.0,0.0,0.0,0.0,0.0,0.0,0.0,10352.56051503814,-0.0010000000000000009,-0.022603712676104726,-0.6165865068379736,
2014-10-08,63.76826858520508,48.85569763183594,0.0,0.0,0.0,-0.0,0.017732808676227174,0.02071650201493669,0.0,0.0,0.0,0.0,0.0,0.0,0.0,0.0,0.0,0.0,0.0,10352.56051503814,-0.0010000000000000009,-0.010081875890395331,0.02144148233274518,
2014-10-09,62.722164154052734,47.785911560058594,0.0,0.0,0.0,-0.0,-0.016404780220033333,-0.021896853870330135,0.0,0.0,0.0,0.0,0.0,0.0,0.0,0.0,0.0,0.0,0.0,10352.56051503814,-0.0010000000000000009,-0.021163928678396338,-0.5071758750949983,
2014-10-10,62.23484802246094,47.1578483581543,0.0,0.0,0.0,-0.0,-0.007769440646130943,-0.01314327134086224,0.0,0.0,0.0,0.0,0.0,0.0,0.0,0.0,0.0,0.0,0.0,10352.56051503814,-0.0010000000000000009,-0.02570167840075177,-0.7181386527109048,
2014-10-13,61.513614654541016,46.996803283691406,0.0,0.0,0.0,-0.0,-0.011588898998510011,-0.0034150216786776877,0.0,0.0,0.0,0.0,0.0,0.0,0.0,0.0,0.0,0.0,0.0,10352.56051503814,-0.0010000000000000009,-0.036514818600052346,-1.2761314301212963,
2014-10-14,62.247840881347656,46.63790512084961,0.0,0.0,0.0,-0.0,0.011935995485390372,-0.007636650532916955,0.0,0.0,0.0,0.0,0.0,0.0,0.0,0.0,0.0,0.0,0.0,10352.56051503814,-0.0010000000000000009,-0.02275941076229515,-0.4944357804572237,
2014-10-15,62.67019271850586,46.06964874267578,0.0,0.0,0.0,-0.0,0.00678500380379865,-0.012184431884351254,0.0,0.0,0.0,0.0,0.0,0.0,0.0,0.0,0.0,0.0,0.0,10352.56051503814,-0.0010000000000000009,-0.01297473063541088,0.13597132077140942,
2014-10-16,62.13737106323242,46.70232772827149,0.0,0.0,0.0,-0.0,-0.008501994842535443,0.013733097665440619,-0.0,0.0,0.0,0.0,0.0,0.0,0.0,0.0,0.0,0.0,0.0,10352.56051503814,-0.0010000000000000009,-0.024876005431797354,-0.606254235906658,
2014-10-17,63.19648742675781,47.39250564575195,0.0,0.0,0.0,-0.0,0.01704475656763149,0.014778233785179395,0.0,0.0,0.0,0.0,0.0,0.0,0.0,0.0,0.0,0.0,0.0,10352.56051503814,-0.0010000000000000009,-0.011591875015256048,0.39783109494500946,
2014-10-20,63.729305267333984,47.818115234375,0.0,0.0,0.0,-0.0,0.008431130625633054,0.008980525144721918,0.0,0.0,0.0,0.0,0.0,0.0,0.0,0.0,0.0,0.0,0.0,10352.56051503814,-0.0010000000000000009,-0.005400402718636066,1.0583503633386764,
2014-10-21,65.46417999267578,49.07424545288086,-1.0,0.0,0.0,-0.0,0.0272225582573713,0.026268919474326413,0.0,0.0,0.0,0.0,0.0,0.0,0.0,0.0,0.0,0.0,0.0,10352.56051503814,-0.0010000000000000009,0.015065072297906767,3.039755132741211,Enter Short Spread
2014-10-22,64.3660659790039,48.52440643310547,-1.0,-1.0,-0.8022105569956678,0.1977894430043322,-0.01677427279765409,-0.011204227690129742,0.011240420770078887,0.0,1.0,-0.6044211139913356,0.8022105569956678,0.8022105569956678,0.1977894430043322,1.0,0.001,9.410227761279378e-05,0.010146318492466092,10457.600891236247,0.0,0.0009265744560509326,1.674075010097216,
2014-10-23,65.28875732421875,49.29739761352539,-1.0,-1.0,-0.8022105569956678,0.1977894430043322,0.014335058872726902,0.015929946128976358,-0.008348960390916687,0.0,1.0,-0.6044211139913356,0.8022105569956678,0.0,0.0,0.0,0.0,9.410227761279378e-05,-0.008443062668529481,10369.30671154907,-0.008443062668529344,0.011263196715264434,2.4719042944929934,
2014-10-24,65.3602294921875,49.11336517333984,-1.0,-1.0,-0.8022105569956678,0.1977894430043322,0.0010947086588557475,-0.003733106595774194,-0.0016165559172226264,0.0,1.0,-0.6044211139913356,0.8022105569956678,0.0,0.0,0.0,0.0,9.410227761279378e-05,-0.0017106581948354203,10351.5683720482,-0.010139277669021118,0.013279446961681596,2.465147750079432,
2014-10-27,66.43882751464844,49.09726333618164,-1.0,-1.0,-0.8022105569956678,0.1977894430043322,0.016502359781185527,-0.0003278504150828754,-0.013303212582795728,0.0,1.0,-0.6044211139913356,0.8022105569956678,0.0,0.0,0.0,0.0,9.410227761279378e-05,-0.013397314860408523,10212.885151268822,-0.0234007534340408,0.029727969105966756,3.385828328795028,
2014-10-28,66.8612060546875,49.85646057128906,-1.0,-1.0,-0.8022105569956678,0.1977894430043322,0.006357405087348056,0.015463127341925453,-0.002041534132104081,0.0,1.0,-0.6044211139913356,0.8022105569956678,0.0,0.0,0.0,0.0,9.410227761279378e-05,-0.002135636409716875,10191.074141891517,-0.02548641434270904,0.03228190804430764,3.20194389717548,
2014-10-29,66.67925262451172,49.38484191894531,-1.0,-1.0,-0.8022105569956678,0.1977894430043322,-0.002721360276195961,-0.00945952935566674,0.0003121089006125923,0.0,1.0,-0.6044211139913356,0.8022105569956678,0.0,0.0,0.0,0.0,9.410227761279378e-05,0.00021800662299979848,10193.295863549929,-0.025273963926832677,0.03190023862857916,2.905238046468008,
2014-10-30,67.11459350585938,54.44386291503906,-1.0,-1.0,-0.8022105569956678,0.1977894430043322,0.00652888063696766,0.1024407652128776,0.015024164920052575,0.0,1.0,-0.6044211139913356,0.8022105569956678,0.0,0.0,0.0,0.0,9.410227761279378e-05,0.014930062642439781,10345.482409325652,-0.010721243149043214,0.014362176820747363,1.723561314594625,
2014-10-31,68.16722106933594,55.54353713989258,-1.0,-1.0,-0.8022105569956678,0.1977894430043322,0.01568403395581419,0.020198313748779784,-0.008586884389634772,0.0,1.0,-0.6044211139913356,0.8022105569956678,0.0,0.0,0.0,0.0,9.410227761279378e-05,-0.008680986667247566,10255.673414464052,-0.01930915884745754,0.024994108331313547,2.3034129758523374,
2014-11-03,68.64155578613281,55.56886672973633,-1.0,-1.0,-0.8022105569956678,0.1977894430043322,0.006958398910150709,0.00045603127110815933,-0.005491902894405007,0.0,1.0,-0.6044211139913356,0.8022105569956678,0.0,0.0,0.0,0.0,9.410227761279378e-05,-0.005586005172017801,10198.38516972833,-0.02478730295828624,0.03181599790917666,2.565792262306593,
2014-11-04,69.57722473144531,55.89785385131836,-1.0,-1.0,-0.8022105569956678,0.1977894430043322,0.013631231614676276,0.005920349665975433,-0.009764135243322246,0.0,1.0,-0.6044211139913356,0.8022105569956678,0.0,0.0,0.0,0.0,9.410227761279378e-05,-0.00985823752093504,10097.847066395167,-0.03440118135915515,0.04389976909115556,3.022549064739332,
2014-11-05,69.8761215209961,57.40705108642578,-1.0,-1.0,-0.8022105569956678,0.1977894430043322,0.004295899853787866,0.02699919820037655,0.0018939401591112751,0.0,1.0,-0.6044211139913356,0.8022105569956678,0.0,0.0,0.0,0.0,9.410227761279378e-05,0.0017998378814984813,10116.021554066843,-0.032663260027035124,0.041617945195971284,2.683637651557244,
2014-11-06,70.3634262084961,57.5358772277832,-1.0,-1.0,-0.8022105569956678,0.1977894430043322,0.006973837083295686,0.0022440821975593384,-0.0051506299630764765,0.0,1.0,-0.6044211139913356,0.8022105569956678,0.0,0.0,0.0,0.0,9.410227761279378e-05,-0.00524473224068927,10062.965729674723,-0.03773668221477444,0.04801490657472873,2.795809920204084,
2014-11-07,70.38943481445312,58.07421875,-1.0,-1.0,-0.8022105569956678,0.1977894430043322,0.000369632454792157,0.009356623174189505,0.0015541182285818767,0.0,1.0,-0.6044211139913356,0.8022105569956678,0.0,0.0,0.0,0.0,9.410227761279378e-05,0.0014600159509690828,10077.657820154102,-0.036331762421775715,0.04608826928880072,2.5205844922105185,
2014-11-10,70.85726165771484,57.5634880065918,-1.0,-1.0,-0.8022105569956678,0.1977894430043322,0.006646265089283787,-0.008794448800195087,-0.007071153148935912,0.0,1.0,-0.6044211139913356,0.8022105569956678,0.0,0.0,0.0,0.0,9.410227761279378e-05,-0.007165255426548706,10005.44882777134,-0.04323669149047571,0.05489045611474952,2.7179041896448224,
2014-11-11,70.66883850097656,57.45305252075195,-1.0,-1.0,-0.8022105569956678,0.1977894430043322,-0.0026591933180890592,-0.0019184988551631532,0.001753774132896213,0.0,1.0,-0.6044211139913356,0.8022105569956678,0.0,0.0,0.0,0.0,9.410227761279378e-05,0.001659671855283419,10022.054589590272,-0.041648778355174554,0.05270119167113019,2.4383316684958056,
2014-11-12,70.57787322998047,58.07541275024414,-1.0,-1.0,-0.8022105569956678,0.1977894430043322,-0.0012872048405725423,0.010832500662473876,0.0031751635844979864,0.0,1.0,-0.6044211139913356,0.8022105569956678,0.0,0.0,0.0,0.0,9.410227761279378e-05,0.0030810613068851926,10052.933154201752,-0.03869603948775835,0.048756706975748854,2.135780375319821,
2014-11-13,70.4732666015625,57.838008880615234,-1.0,-1.0,-0.8022105569956678,0.1977894430043322,-0.0014821448087151134,-0.004087855055802558,0.0003804576379779573,0.0,1.0,-0.6044211139913356,0.8022105569956678,0.0,0.0,0.0,0.0,9.410227761279378e-05,0.0002863553603651635,10055.811865497848,-0.03842076494572566,0.04828341161460181,2.0053345842464174,
2014-11-14,69.84558868408203,57.35855484008789,-1.0,-1.0,-0.8022105569956678,0.1977894430043322,-0.008906610233199386,-0.00828960141966495,0.005505381108594742,0.0,1.0,-0.6044211139913356,0.8022105569956678,0.0,0.0,0.0,0.0,9.410227761279378e-05,0.0054112788309819485,10110.226667373954,-0.03321739158676462,0.04138926588689218,1.650922254887744,
2014-11-17,69.6102294921875,57.57982635498047,-1.0,-1.0,-0.8022105569956678,0.1977894430043322,-0.0033697073262433097,0.00385768985131274,0.00346622511807264,0.0,1.0,-0.6044211139913356,0.8022105569956678,0.0,0.0,0.0,0.0,9.410227761279378e-05,0.003372122840459846,10144.319593641234,-0.029957281871174746,0.03706456346037901,1.4227842575294258,
2014-11-18,69.32257843017578,57.56369018554688,-1.0,-1.0,-0.8022105569956678,0.1977894430043322,-0.004132310209435608,-0.0002802399808242706,0.0032595543650754464,0.0,1.0,-0.6044211139913356,0.8022105569956678,0.0,0.0,0.0,0.0,9.410227761279378e-05,0.0031654520874626526,10176.430951274813,-0.026886658124146035,0.03299279606112526,1.2189412716480317,
2014-11-19,69.06759643554688,57.59367370605469,-1.0,-1.0,-0.8022105569956678,0.1977894430043322,-0.0036781954797848737,0.0005208755799213094,0.0030537109354043654,0.0,1.0,-0.6044211139913356,0.8022105569956678,0.0,0.0,0.0,0.0,9.410227761279378e-05,0.0029596086577915715,10206.549204423625,-0.024006623452517695,0.029179428071170133,1.0346259876094293,
2014-11-20,69.76713562011719,58.01087188720703,-1.0,-1.0,-0.8022105569956678,0.1977894430043322,0.01012832675049169,0.00724381957785214,-0.006692299604418808,0.0,1.0,-0.6044211139913356,0.8022105569956678,0.0,0.0,0.0,0.0,9.410227761279378e-05,-0.0067864018820316015,10137.283459693675,-0.03063010673997002,0.0374772409955082,1.3112939613831702,
2014-11-21,70.18556213378906,58.598670959472656,-1.0,-1.0,-0.8022105569956678,0.1977894430043322,0.005997473021541522,0.010132567450606533,-0.002807121300918022,0.0,1.0,-0.6044211139913356,0.8022105569956678,0.0,0.0,0.0,0.0,9.410227761279378e-05,-0.002901223578530816,10107.872933898161,-0.03344246553061392,0.040971132243502906,1.394119054971507,
2014-11-24,70.12673950195312,58.69084548950195,-1.0,-1.0,-0.8022105569956678,0.1977894430043322,-0.000838101598784835,0.0015729798734351874,0.000983452763403913,0.0,1.0,-0.6044211139913356,0.8022105569956678,0.0,0.0,0.0,0.0,9.410227761279378e-05,0.0008893504857911192,10116.862375602239,-0.03258285711778841,0.039745157069149606,1.299581605144219,
2014-11-25,70.03521728515625,59.29939651489258,-1.0,-1.0,-0.8022105569956678,0.1977894430043322,-0.0013050972773991365,0.010368755473108227,0.003097793183510088,0.0,1.0,-0.6044211139913356,0.8022105569956678,0.0,0.0,0.0,0.0,9.410227761279378e-05,0.003003690905897294,10147.250303116049,-0.029677035043504163,0.035895896304301234,1.1143932919027315,
2014-11-26,69.94367980957031,59.29939651489258,-1.0,-1.0,-0.8022105569956678,0.1977894430043322,-0.001307020655240243,0.0,0.0010485057678451181,0.0,1.0,-0.6044211139913356,0.8022105569956678,0.0,0.0,0.0,0.0,9.410227761279378e-05,0.0009544034902323244,10156.934874221604,-0.028750955419097002,0.034588020752571724,1.029927618635232,
2014-11-28,71.86585235595703,59.51375198364258,-1.0,-1.0,-0.8022105569956678,0.1977894430043322,0.027481718886110285,0.0036148001724800594,-0.0213311557021381,0.0,1.0,-0.6044211139913356,0.8022105569956678,0.0,0.0,0.0,0.0,9.410227761279378e-05,-0.02142525797975089,9939.319924257878,-0.04956021676182942,0.06080925417108807,1.9209439021062953,
2014-12-01,71.78087615966797,59.50453567504883,-1.0,-1.0,-0.8022105569956678,0.1977894430043322,-0.0011824280030544587,-0.00015486015057974978,0.0009179265240108568,0.0,1.0,-0.6044211139913356,0.8022105569956678,0.0,0.0,0.0,0.0,9.410227761279378e-05,0.0008238242463980631,9947.508177004187,-0.0487772214236567,0.059664311130534164,1.7922764325956009,
2014-12-02,72.18621826171875,59.93327331542969,-1.0,-1.0,-0.8022105569956678,0.1977894430043322,0.005646937230873839,0.007205125382746758,-0.0031049349250690185,0.0,1.0,-0.6044211139913356,0.8022105569956678,0.0,0.0,0.0,0.0,9.410227761279378e-05,-0.0031990372026818124,9915.68572827197,-0.05182021848036067,0.06352526997326025,1.8396555399915178,
2014-12-03,72.50657653808594,60.299781799316406,-1.0,-1.0,-0.8022105569956678,0.1977894430043322,0.0044379423674154594,0.006115275599211545,-0.002350627263892993,0.0,1.0,-0.6044211139913356,0.8022105569956678,0.0,0.0,0.0,0.0,9.410227761279378e-05,-0.002444729541505787,9891.444558447776,-0.05413826160290025,0.06645023020244256,1.852093922919368,
2014-12-04,72.19929504394531,60.19374847412109,-1.0,-1.0,-0.8022105569956678,0.1977894430043322,-0.004237981005477676,-0.0017584362999556458,0.0030519529666144804,0.0,1.0,-0.6044211139913356,0.8022105569956678,0.0,0.0,0.0,0.0,9.410227761279378e-05,0.0029578506890016866,9920.701974550204,-0.0513405438082819,0.06263717731753182,1.652941167814959,
2014-12-05,72.55888366699219,60.70316696166992,-1.0,-1.0,-0.8022105569956678,0.1977894430043322,0.0049805004720338,0.008462979968224538,-0.0023215219637154685,0.0,1.0,-0.6044211139913356,0.8022105569956678,0.0,0.0,0.0,0.0,9.410227761279378e-05,-0.0024156242413282624,9896.737286369487,-0.05363214858742393,0.06552750157949494,1.6773083662174624,
2014-12-08,72.05545806884766,60.645538330078125,-1.0,-1.0,-0.8022105569956678,0.1977894430043322,-0.0069381662548033685,-0.0009493513184936075,0.005378098547294078,0.0,1.0,-0.6044211139913356,0.8022105569956678,0.0,0.0,0.0,0.0,9.410227761279378e-05,0.005283996269681284,9949.031609272679,-0.04863154439081363,0.058799333323474645,1.4009802679899364,
2014-12-09,71.9377670288086,60.88525390625,-1.0,-1.0,-0.8022105569956678,0.1977894430043322,-0.0016333396968569724,0.003952732266422787,0.0020920910612997816,0.0,1.0,-0.6044211139913356,0.8022105569956678,0.0,0.0,0.0,0.0,9.410227761279378e-05,0.0019979887836869877,9968.909662836553,-0.04673072088735286,0.05619201134652929,1.2707809041267308,
2014-12-10,71.95740509033203,60.32744216918945,-1.0,-1.0,-0.8022105569956678,0.1977894430043322,0.00027298680977372314,-0.009161688607219332,-0.0020310781873220966,0.0,1.0,-0.6044211139913356,0.8022105569956678,0.0,0.0,0.0,0.0,9.410227761279378e-05,-0.0021251804649348905,9947.723930764392,-0.04875659013714562,0.05873423696978297,1.3078340751806312,
2014-12-11,72.33004760742188,60.65013122558594,-1.0,-1.0,-0.8022105569956678,0.1977894430043322,0.005178654186070775,0.005348959690541832,-0.003096403301250888,0.0,1.0,-0.6044211139913356,0.8022105569956678,0.0,0.0,0.0,0.0,9.410227761279378e-05,-0.003190505578863682,9915.985662066294,-0.05179153754317023,0.06258422710872691,1.38092111406446,
2014-12-12,71.91817474365234,59.18876647949219,-1.0,-1.0,-0.8022105569956678,0.1977894430043322,-0.005694353555593001,-0.024094997266506435,-0.00019766555097069233,0.0,1.0,-0.6044211139913356,0.8022105569956678,0.0,0.0,0.0,0.0,9.410227761279378e-05,-0.0002917678285834861,9913.092496461406,-0.05206819426730591,0.06288709564045103,1.3406955419648976,
2014-12-15,72.40850830078125,59.170318603515625,-1.0,-1.0,-0.8022105569956678,0.1977894430043322,0.006817936618617848,-0.00031167866934600497,-0.005531067482788862,0.0,1.0,-0.6044211139913356,0.8022105569956678,0.0,0.0,0.0,0.0,9.410227761279378e-05,-0.005625169760401655,9857.329668318247,-0.05740047159583639,0.06975875330947434,1.4987411124240733,
2014-12-16,71.8070297241211,58.411956787109375,-1.0,-1.0,-0.8022105569956678,0.1977894430043322,-0.008306738956168624,-0.012816591735593463,0.004128767144248686,0.0,1.0,-0.6044211139913356,0.8022105569956678,0.0,0.0,0.0,0.0,9.410227761279378e-05,0.004034664866635893,9897.100690009858,-0.05359739839527655,0.06459774754095537,1.290902677503142,
2014-12-17,70.97014617919922,59.71889877319336,-1.0,-1.0,-0.8022105569956678,0.1977894430043322,-0.011654618609586498,0.022374562640442353,0.013774910368487093,0.0,1.0,-0.6044211139913356,0.8022105569956678,0.0,0.0,0.0,0.0,9.410227761279378e-05,0.013680808090874299,10032.501025205942,-0.04064984602601829,0.04741891959210642,0.7279281859061396,
2014-12-18,72.52620697021484,60.88986206054688,-1.0,-1.0,-0.8022105569956678,0.1977894430043322,0.0219255683521713,0.019607918287320114,-0.013710683163718419,0.0,1.0,-0.6044211139913356,0.8022105569956678,0.0,0.0,0.0,0.0,9.410227761279378e-05,-0.013804785441331213,9894.004501113039,-0.05389346906473713,0.0643199248443771,1.218926900408305,
2014-12-19,72.54579162597656,60.31591796875,-1.0,-1.0,-0.8022105569956678,0.1977894430043322,0.00027003557169003045,-0.009425938446471993,-0.002080976501494919,0.0,1.0,-0.6044211139913356,0.8022105569956678,0.0,0.0,0.0,0.0,9.410227761279378e-05,-0.002175078779107713,9872.484261882271,-0.05595132530294966,0.0669249634814355,1.2629804186230669,
2014-12-22,73.22576141357422,60.90139389038086,-1.0,-1.0,-0.8022105569956678,0.1977894430043322,0.00937297357100153,0.009706822698681172,-0.005599191294184853,0.0,1.0,-0.6044211139913356,0.8022105569956678,0.0,0.0,0.0,0.0,9.410227761279378e-05,-0.005693293571797646,9816.277310696423,-0.06132607155406644,0.07387255346252242,1.4339029541370079,
2014-12-23,73.51995849609375,61.14342880249024,-1.0,-1.0,-0.8022105569956678,0.1977894430043322,0.0040176718799538325,0.003974209729009415,-0.0024369620679604255,0.0,1.0,-0.6044211139913356,0.8022105569956678,0.0,0.0,0.0,0.0,9.410227761279378e-05,-0.0025310643455732193,9791.43168118906,-0.0637019156664751,0.0769042546429084,1.4789222776183686,
2014-12-24,73.49382019042969,61.689727783203125,-1.0,-1.0,-0.8022105569956678,0.1977894430043322,-0.0003555266651225075,0.008934712877774365,0.0020523991275533645,0.0,1.0,-0.6044211139913356,0.8022105569956678,0.0,0.0,0.0,0.0,9.410227761279378e-05,0.0019582968499405706,9810.60621100674,-0.06186836607731949,0.07435554488502838,1.3511561288939526,
2014-12-26,73.18000030517578,61.4569206237793,-1.0,-1.0,-0.8022105569956678,0.1977894430043322,-0.004270017321739039,-0.003773839953419511,0.0026790272716790842,0.0,1.0,-0.6044211139913356,0.8022105569956678,0.0,0.0,0.0,0.0,9.410227761279378e-05,0.0025849249940662904,9835.965892208515,-0.05944336616906842,0.0710086062208315,1.2099929471428705,
2014-12-29,73.51995849609375,61.182594299316406,-1.0,-1.0,-0.8022105569956678,0.1977894430043322,0.004645506825639245,-0.0044637173759849436,-0.004609550791648057,0.0,1.0,-0.6044211139913356,0.8022105569956678,0.0,0.0,0.0,0.0,9.410227761279378e-05,-0.00470365306926085,9789.700921050482,-0.06386741826660103,0.07674637376658189,1.3521841915223596,
2014-12-30,73.3172836303711,60.979740142822266,-1.0,-1.0,-0.8022105569956678,0.1977894430043322,-0.002756732591646216,-0.0033155533663993264,0.0015556985342413605,0.0,1.0,-0.6044211139913356,0.8022105569956678,0.0,0.0,0.0,0.0,9.410227761279378e-05,0.0014615962566285666,9804.009511270204,-0.06249917038943131,0.07480466056463797,1.2471403080966887,
2014-12-31,72.68310546875,60.43809127807617,-1.0,-1.0,-0.8022105569956678,0.1977894430043322,-0.008649777108741485,-0.008882439700095168,0.005182089711490493,0.0,1.0,-0.6044211139913356,0.8022105569956678,0.0,0.0,0.0,0.0,9.410227761279378e-05,0.0050879874338777,9853.892188465163,-0.05772917794912291,0.06831705588243775,1.005789247148798,
2015-01-02,72.16661071777344,61.088077545166016,-1.0,-1.0,-0.8022105569956678,0.1977894430043322,-0.007106118370226011,0.010754579659030705,0.00782774549636156,0.0,1.0,-0.6044211139913356,0.8022105569956678,0.0,0.0,0.0,0.0,9.410227761279378e-05,0.007733643218748767,9930.098674966768,-0.05044199159594431,0.058548124808627255,0.6652404586198478,
2015-01-05,70.72171020507812,59.73964691162109,-1.0,-1.0,-0.8022105569956678,0.1977894430043322,-0.020021731633566353,-0.022073548353980454,0.01169572965171806,0.0,1.0,-0.6044211139913356,0.8022105569956678,0.0,0.0,0.0,0.0,9.410227761279378e-05,0.011601627374105266,10045.303979581828,-0.039425573412343096,0.04382656221222825,0.14873561426487297,
2015-01-06,70.25749206542969,59.35473251342773,0.0,-1.0,-0.8022105569956678,0.1977894430043322,-0.006564011790754276,-0.006443198413321749,0.0039913229294498125,0.0,1.0,-0.6044211139913356,0.8022105569956678,0.0,0.0,0.0,0.0,9.410227761279378e-05,0.0038972206518370187,10084.452745705035,-0.03568200291941914,0.03883465865041558,-0.0573152945630812,Exit Short Spread
2015-01-07,70.91130828857422,60.14995574951172,0.0,0.0,0.0,-0.0,0.009306000028233896,0.01339780675288349,0.0,0.0,0.0,0.0,0.0,0.8022105569956678,0.1977894430043322,1.0,0.001,0.0,-0.001,10074.36829295933,-0.036646320916499664,0.04481625421901181,0.11810353955479591,
2015-01-08,72.18621826171875,60.95671844482422,0.0,0.0,0.0,-0.0,0.017978937406658346,0.013412523504957807,0.0,0.0,0.0,0.0,0.0,0.0,0.0,0.0,0.0,0.0,0.0,10074.36829295933,-0.036646320916499664,0.0593505310451663,0.643383797558592,
2015-01-09,71.6566390991211,60.05315017700195,0.0,0.0,0.0,-0.0,-0.007336291820657648,-0.014823112051875698,0.0,0.0,0.0,0.0,0.0,0.0,0.0,0.0,0.0,0.0,0.0,10074.36829295933,-0.036646320916499664,0.05566927427972512,0.47207132227279114,
2015-01-12,71.68279266357422,59.93558120727539,0.0,0.0,0.0,-0.0,0.0003649845259550144,-0.0019577485840466258,0.0,0.0,0.0,0.0,0.0,0.0,0.0,0.0,0.0,0.0,0.0,10074.36829295933,-0.036646320916499664,0.05651735905409061,0.4830047991711567,
2015-01-13,71.99008178710938,60.11077880859375,0.0,0.0,0.0,-0.0,0.0042867906245971366,0.0029230983964678714,0.0,0.0,0.0,0.0,0.0,0.0,0.0,0.0,0.0,0.0,0.0,10074.36829295933,-0.036646320916499664,0.060075332813265936,0.6322429445992094,
2015-01-14,71.50627899169922,58.90753173828125,0.0,0.0,0.0,-0.0,-0.006720409025799845,-0.020017159886480784,0.0,0.0,0.0,0.0,0.0,0.0,0.0,0.0,0.0,0.0,0.0,10074.36829295933,-0.036646320916499664,0.058317646457304306,0.5264839979875189,
2015-01-15,71.4539566040039,58.347415924072266,0.0,0.0,0.0,-0.0,-0.0007317173880826422,-0.009508390483877527,0.0,0.0,0.0,0.0,0.0,0.0,0.0,0.0,0.0,0.0,0.0,10074.36829295933,-0.036646320916499664,0.05994122405445834,0.5941671766502444,
2015-01-16,72.11431121826172,58.76693344116211,0.0,0.0,0.0,-0.0,0.009241680176193423,0.007189993086167856,0.0,0.0,0.0,0.0,0.0,0.0,0.0,0.0,0.0,0.0,0.0,10074.36829295933,-0.036646320916499664,0.06737407128203587,0.986340926792513,
2015-01-20,72.77462768554688,59.20259094238281,0.0,0.0,0.0,-0.0,0.00915652463609673,0.0074133100999200785,0.0,0.0,0.0,0.0,0.0,0.0,0.0,0.0,0.0,0.0,0.0,10074.36829295933,-0.036646320916499664,0.07466787825535515,1.4125912163635785,
2015-01-21,73.01655578613281,59.30401992797852,0.0,0.0,0.0,-0.0,0.0033243467988772757,0.001713252477318461,0.0,0.0,0.0,0.0,0.0,0.0,0.0,0.0,0.0,0.0,0.0,10074.36829295933,-0.036646320916499664,0.07756466120572503,1.5714119979860843,
2015-01-22,74.69681549072266,59.37775802612305,-1.0,0.0,0.0,-0.0,0.023012037290712106,0.0012433912276785808,0.0,0.0,0.0,0.0,0.0,0.0,0.0,0.0,0.0,0.0,0.0,10074.36829295933,-0.036646320916499664,0.10000954022207242,2.8378716902995644,Enter Short Spread
2015-01-23,67.29579162597656,59.53681945800781,0.0,-1.0,-0.8022105569956678,0.1977894430043322,-0.09908084857600519,0.002678804946033564,0.08001354206195377,0.0,1.0,-0.6044211139913356,0.8022105569956678,0.8022105569956678,0.1977894430043322,1.0,0.001,9.410227761279378e-05,0.07891943978434098,10869.431794820808,0.0,-0.004989808315742694,-3.315666155700606,Exit Short Spread
2015-01-26,66.91656494140625,59.13113021850586,1.0,0.0,0.0,-0.0,-0.005635221392119361,-0.006814089889166652,0.0,0.0,0.0,0.0,0.0,0.8022105569956678,0.1977894430043322,1.0,0.001,0.0,-0.001,10858.562363025987,-0.0010000000000000009,-0.008955165831448397,-3.2189362490083426,Enter Long Spread
2015-01-27,65.93586730957031,57.8541259765625,1.0,1.0,0.8022105569956678,-0.1977894430043322,-0.01465552860782171,-0.02159614127489995,-0.007485331013741267,0.0,1.0,0.6044211139913356,0.1977894430043322,0.8022105569956678,0.1977894430043322,1.0,0.001,2.3201436221655254e-05,-0.008508532449962922,10766.171932800235,-0.009500023917512923,-0.01833616237243363,-3.3348337195774542,
2015-01-28,64.92250061035156,56.78691864013672,1.0,1.0,0.8022105569956678,-0.1977894430043322,-0.015368975044507627,-0.01844652076946285,-0.00868062696254708,0.0,1.0,0.6044211139913356,0.1977894430043322,0.0,0.0,0.0,0.0,2.3201436221655254e-05,-0.008703828398768735,10672.465019785503,-0.018121165738319345,-0.029233901405576246,-3.4950031531451904,
2015-01-29,65.65474700927734,57.16493225097656,1.0,1.0,0.8022105569956678,-0.1977894430043322,0.011278776880769614,0.006656702280948723,0.007731328447357537,0.0,1.0,0.6044211139913356,0.1977894430043322,0.0,0.0,0.0,0.0,2.3201436221655254e-05,0.007708127011135882,10754.729735679914,-0.010552718974284336,-0.019654063862623805,-2.8590158647401998,
2015-01-30,64.62174224853516,58.75770950317383,1.0,1.0,0.8022105569956678,-0.1977894430043322,-0.015733892944499783,0.027862838098090315,-0.018132870250658552,0.0,1.0,0.6044211139913356,0.1977894430043322,0.0,0.0,0.0,0.0,2.3201436221655254e-05,-0.01815607168688021,10559.466091625887,-0.02851719473897585,-0.04228882118365007,-3.3700110171042486,
2015-02-02,65.4651107788086,58.8568229675293,1.0,1.0,0.8022105569956678,-0.1977894430043322,0.013050847917870145,0.00168681633769463,0.010135893513577132,0.0,1.0,0.6044211139913356,0.1977894430043322,0.0,0.0,0.0,0.0,2.3201436221655254e-05,0.010112692077355477,10666.250720711776,-0.018692888270925634,-0.029737945307987346,-2.683083560816807,
2015-02-03,65.75281524658203,59.88257598876953,1.0,1.0,0.8022105569956678,-0.1977894430043322,0.004394775543044904,0.017427937315035447,7.84733220017134e-05,0.0,1.0,0.6044211139913356,0.1977894430043322,0.0,0.0,0.0,0.0,2.3201436221655254e-05,5.527188578005814e-05,10666.840264503313,-0.01863864957633099,-0.029612738690263818,-2.4956833999528856,
2015-02-04,65.72663879394531,61.05813217163086,1.0,1.0,0.8022105569956678,-0.1977894430043322,-0.00039810390686012553,0.019631022270681697,-0.0042021721173881865,0.0,1.0,0.6044211139913356,0.1977894430043322,0.0,0.0,0.0,0.0,2.3201436221655254e-05,-0.004225373553609842,10621.7688797491,-0.022785267872946102,-0.03480416314211077,-2.4798880045863285,
2015-02-05,66.3346939086914,62.65092849731445,1.0,1.0,0.8022105569956678,-0.1977894430043322,0.009251273546063477,0.026086555042436288,0.0022618241125615408,0.0,1.0,0.6044211139913356,0.1977894430043322,0.0,0.0,0.0,0.0,2.3201436221655254e-05,0.0022386226763398856,10645.547012426145,-0.020597652813953204,-0.03194474417914406,-2.2483119164948535,
2015-02-06,65.81817626953125,61.64131546020508,1.0,1.0,0.8022105569956678,-0.1977894430043322,-0.007786538366652218,-0.016114893447311873,-0.003059087481162235,0.0,1.0,0.6044211139913356,0.1977894430043322,0.0,0.0,0.0,0.0,2.3201436221655254e-05,-0.00308228891738389,10612.734360850254,-0.023616453814344518,-0.03575617783178253,-2.2194303919255653,
2015-02-09,65.68089294433594,61.18953704833984,1.0,1.0,0.8022105569956678,-0.1977894430043322,-0.002085796553115138,-0.0073291494266845,-0.00022361963185469074,0.0,1.0,0.6044211139913356,0.1977894430043322,0.0,0.0,0.0,0.0,2.3201436221655254e-05,-0.000246821068076346,10610.114914420097,-0.02385744584406646,-0.036030455845703635,-2.10325008318987,
2015-02-10,66.08624267578125,60.979740142822266,1.0,1.0,0.8022105569956678,-0.1977894430043322,0.00617150153224677,-0.003428640183236409,0.0056289925137879004,0.0,1.0,0.6044211139913356,0.1977894430043322,0.0,0.0,0.0,0.0,2.3201436221655254e-05,0.005605791077566245,10669.593001939305,-0.01838539462354638,-0.029031117344144874,-1.824073200561773,
2015-02-11,65.9751205444336,61.42313003540039,1.0,1.0,0.8022105569956678,-0.1977894430043322,-0.001681471465896811,0.007271101705905059,-0.0027870413176682143,0.0,1.0,0.6044211139913356,0.1977894430043322,0.0,0.0,0.0,0.0,2.3201436221655254e-05,-0.0028102427538898695,10639.608855518652,-0.021143969955417896,-0.03250024820970787,-1.8271129347668362,
2015-02-12,66.30199432373047,62.55928039550781,1.0,1.0,0.8022105569956678,-0.1977894430043322,0.004954500675398155,0.01849710946759986,0.0003160197676598301,0.0,1.0,0.6044211139913356,0.1977894430043322,0.0,0.0,0.0,0.0,2.3201436221655254e-05,0.00029281833143817484,10642.72432803088,-0.020857342965982184,-0.03207687955326444,-1.7384676891006714,
2015-02-13,66.55046844482422,62.263702392578125,1.0,1.0,0.8022105569956678,-0.1977894430043322,0.003747611570785292,-0.0047247666702846525,0.003940882533644113,0.0,1.0,0.6044211139913356,0.1977894430043322,0.0,0.0,0.0,0.0,2.3201436221655254e-05,0.003917681097422457,10684.419127955884,-0.01702137428684003,-0.027168594788028022,-1.5556319574616704,
2015-02-17,67.02119445800781,62.55005645751953,1.0,1.0,0.8022105569956678,-0.1977894430043322,0.007073218629165101,0.004599052962445338,0.004764566532465182,0.0,1.0,0.6044211139913356,0.1977894430043322,0.0,0.0,0.0,0.0,2.3201436221655254e-05,0.004741365096243526,10735.077859882811,-0.01236071374053016,-0.021251596422983576,-1.3660825450007628,
2015-02-18,67.09310913085938,62.14591979980469,1.0,1.0,0.8022105569956678,-0.1977894430043322,0.0010730138940842071,-0.006461011877572198,0.002138703014146762,0.0,1.0,0.6044211139913356,0.1977894430043322,0.0,0.0,0.0,0.0,2.3201436221655254e-05,0.0021155015779251067,10757.787934034543,-0.010271361272027435,-0.01858099117334433,-1.2650357728151524,
2015-02-19,66.96797180175781,62.141334533691406,1.0,1.0,0.8022105569956678,-0.1977894430043322,-0.001865129380984487,-7.378225518350767e-05,-0.001481633128432201,0.0,1.0,0.6044211139913356,0.1977894430043322,0.0,0.0,0.0,0.0,2.3201436221655254e-05,-0.0015048345646538563,10741.59924291219,-0.011760739137213094,-0.020429669980298826,-1.2684950146584164,
2015-02-20,67.13919067382812,63.04190826416016,1.0,1.0,0.8022105569956678,-0.1977894430043322,0.0025567277530393895,0.014492346152953806,-0.0008153990785666988,0.0,1.0,0.6044211139913356,0.1977894430043322,0.0,0.0,0.0,0.0,2.3201436221655254e-05,-0.0008386005147883541,10732.591332257432,-0.012589477090106826,-0.02142372874654419,-1.250824677926698,
2015-02-23,67.01406860351562,63.04423522949219,1.0,1.0,0.8022105569956678,-0.1977894430043322,-0.0018636219629212247,3.6911403796136e-05,-0.0015023178989017412,0.0,1.0,0.6044211139913356,0.1977894430043322,0.0,0.0,0.0,0.0,2.3201436221655254e-05,-0.0015255193351233964,10716.218556664096,-0.014095790934510188,-0.02329818995589461,-1.2532246165380674,
2015-02-24,67.37625885009766,62.91949844360352,1.0,1.0,0.8022105569956678,-0.1977894430043322,0.005404689703663701,-0.0019785597435609814,0.004727037367194529,0.0,1.0,0.6044211139913356,0.1977894430043322,0.0,0.0,0.0,0.0,2.3201436221655254e-05,0.004703835930972873,10766.625890555091,-0.009458259291410531,-0.017419745111064255,-1.0872999543088424,
2015-02-25,67.13919067382812,63.04423522949219,1.0,1.0,0.8022105569956678,-0.1977894430043322,-0.0035185713827918796,0.0019824822030403144,-0.003214749159523836,0.0,1.0,0.6044211139913356,0.1977894430043322,0.0,0.0,0.0,0.0,2.3201436221655254e-05,-0.003237950595745491,10731.764087838597,-0.01266558451084887,-0.021432829289036004,-1.1442827659652604,
2015-02-26,67.07335662841797,63.215110778808594,1.0,1.0,0.8022105569956678,-0.1977894430043322,-0.0009805606047589288,0.0027104072036783222,-0.0013227060000421341,0.0,1.0,0.6044211139913356,0.1977894430043322,0.0,0.0,0.0,0.0,2.3201436221655254e-05,-0.0013459074362637893,10717.320126748546,-0.013994445242734965,-0.02308123281883523,-1.1418614107837717,
2015-02-27,66.98776245117188,62.651634216308594,1.0,1.0,0.8022105569956678,-0.1977894430043322,-0.0012761278329975756,-0.008913637191455992,0.0007393001155341211,0.0,1.0,0.6044211139913356,0.1977894430043322,0.0,0.0,0.0,0.0,2.3201436221655254e-05,0.0007160986793124658,10724.99478553708,-0.013288367967178583,-0.022150615745841762,-1.0843774516506233,
2015-03-02,67.11943817138672,64.26349639892578,1.0,1.0,0.8022105569956678,-0.1977894430043322,0.001965668286216138,0.025727376512672206,-0.003511723619650007,0.0,1.0,0.6044211139913356,0.1977894430043322,0.0,0.0,0.0,0.0,2.3201436221655254e-05,-0.0035349250558716623,10687.082732745592,-0.01677631963817139,-0.026449879386110764,-1.1400293946061106,
2015-03-03,66.8363037109375,63.57305908203125,1.0,1.0,0.8022105569956678,-0.1977894430043322,-0.004218367557342284,-0.010743849239209347,-0.0012589990310422736,0.0,1.0,0.6044211139913356,0.1977894430043322,0.0,0.0,0.0,0.0,2.3201436221655254e-05,-0.0012822004672639288,10673.379750271979,-0.01803700950055609,-0.02801388125413684,-1.1351863959284831,
2015-03-04,66.1251220703125,63.215110778808594,1.0,1.0,0.8022105569956678,-0.1977894430043322,-0.010640648885982817,-0.0056305030525710675,-0.007422386807017383,0.0,1.0,0.6044211139913356,0.1977894430043322,0.0,0.0,0.0,0.0,2.3201436221655254e-05,-0.007445588243239039,10593.910159487727,-0.02534830159791479,-0.037319392091628156,-1.2920664637520167,
2015-03-05,66.32266235351562,63.30283737182617,1.0,1.0,0.8022105569956678,-0.1977894430043322,0.002987371168752917,0.0013877472005789926,0.002122018943404736,0.0,1.0,0.6044211139913356,0.1977894430043322,0.0,0.0,0.0,0.0,2.3201436221655254e-05,0.002098817507183081,10616.144843599985,-0.02330268554990267,-0.03467839379114612,-1.1928374623633076,
2015-03-06,66.25682830810547,62.19671630859375,1.0,1.0,0.8022105569956678,-0.1977894430043322,-0.0009926327302610671,-0.017473483166881132,0.002659770047488133,0.0,1.0,0.6044211139913356,0.1977894430043322,0.0,0.0,0.0,0.0,2.3201436221655254e-05,0.0026365686112664777,10644.135037867278,-0.02072755606791532,-0.03132525195821656,-1.083230886704925,
2015-03-09,66.21074676513672,62.67704772949219,1.0,1.0,0.8022105569956678,-0.1977894430043322,-0.0006954987756803144,0.00772277781539521,-0.002085420382781542,0.0,1.0,0.6044211139913356,0.1977894430043322,0.0,0.0,0.0,0.0,2.3201436221655254e-05,-0.002108621819003197,10621.690582482015,-0.02279247130993911,-0.033917771415201026,-1.1013392347631987,
2015-03-10,65.49954223632812,61.240718841552734,1.0,1.0,0.8022105569956678,-0.1977894430043322,-0.010741527071600365,-0.022916345615679012,-0.004084355180072651,0.0,1.0,0.6044211139913356,0.1977894430043322,0.0,0.0,0.0,0.0,2.3201436221655254e-05,-0.0041075566162943064,10578.061387053709,-0.02680640655990263,-0.0390015067940761,-1.1695379476504344,
2015-03-11,65.0057144165039,61.13679885864258,1.0,1.0,0.8022105569956678,-0.1977894430043322,-0.007539408718956309,-0.0016969099134682697,-0.0057125624012385155,0.0,1.0,0.6044211139913356,0.1977894430043322,0.0,0.0,0.0,0.0,2.3201436221655254e-05,-0.005735763837460171,10517.388125079413,-0.03238841518000424,-0.04615074262994301,-1.2764153801035294,
2015-03-12,65.63127136230469,62.25214767456055,1.0,1.0,0.8022105569956678,-0.1977894430043322,0.009623107005527487,0.018243493881595407,0.00411138753763942,0.0,1.0,0.6044211139913356,0.1977894430043322,0.0,0.0,0.0,0.0,2.3201436221655254e-05,0.0040881861014177645,10560.385165035577,-0.02843263894737247,-0.04103113932536395,-1.129065720357564,
2015-03-13,64.8805923461914,61.201454162597656,1.0,1.0,0.8022105569956678,-0.1977894430043322,-0.011437825300828042,-0.01687802832852714,-0.0058372483832856824,0.0,1.0,0.6044211139913356,0.1977894430043322,0.0,0.0,0.0,0.0,2.3201436221655254e-05,-0.005860449819507338,10498.496557701217,-0.034126460713092555,-0.04833799046868403,-1.2415597323411078,
2015-03-16,66.019775390625,62.12282180786133,1.0,1.0,0.8022105569956678,-0.1977894430043322,0.01755814802607092,0.015054669172007262,0.01110767707766093,0.0,1.0,0.6044211139913356,0.1977894430043322,0.0,0.0,0.0,0.0,2.3201436221655254e-05,0.011084475641439275,10614.86688706679,-0.023420258994156118,-0.03461635489371284,-0.9197356204938577,
2015-03-17,65.58516693115234,61.07906723022461,1.0,1.0,0.8022105569956678,-0.1977894430043322,-0.006583004212013299,-0.016801467596963438,-0.001957802557965282,0.0,1.0,0.6044211139913356,0.1977894430043322,0.0,0.0,0.0,0.0,2.3201436221655254e-05,-0.001981003994186937,10593.838793365747,-0.02535486736173087,-0.03704343325466075,-0.9397718213058357,
2015-03-18,66.019775390625,61.81109237670898,1.0,1.0,0.8022105569956678,-0.1977894430043322,0.006626627327622536,0.011984877629600321,0.00294546812866106,0.0,1.0,0.6044211139913356,0.1977894430043322,0.0,0.0,0.0,0.0,2.3201436221655254e-05,0.0029222666924394046,10624.79681561667,-0.022506694353674028,-0.03337603620681984,-0.8329125018365395,
2015-03-19,65.789306640625,61.71177291870117,1.0,1.0,0.8022105569956678,-0.1977894430043322,-0.003490904787790683,-0.0016068225651554302,-0.0024826281340635226,0.0,1.0,0.6044211139913356,0.1977894430043322,0.0,0.0,0.0,0.0,2.3201436221655254e-05,-0.002505829570285178,10598.172885577826,-0.024956125983718436,-0.03647655881384537,-0.8695482106091764,
2015-03-20,66.0132064819336,62.26599884033203,1.0,1.0,0.8022105569956678,-0.1977894430043322,0.0034032862290471755,0.008980878289803762,0.0009538292267896346,0.0,1.0,0.6044211139913356,0.1977894430043322,0.0,0.0,0.0,0.0,2.3201436221655254e-05,0.0009306277905679793,10608.03583979439,-0.024048723057535693,-0.035283451817502254,-0.8159693596315608,
2015-03-23,65.76956176757812,61.961181640625,1.0,1.0,0.8022105569956678,-0.1977894430043322,-0.0036908480490513984,-0.004895403677513843,-0.0019925781025590733,0.0,1.0,0.6044211139913356,0.1977894430043322,0.0,0.0,0.0,0.0,2.3201436221655254e-05,-0.0020157795387807285,10586.65237820188,-0.02601602567244321,-0.03777117501463412,-0.8428922936096561,
2015-03-24,65.36129760742188,61.97967529296875,1.0,1.0,0.8022105569956678,-0.1977894430043322,-0.006207494001541414,0.0002984715890508305,-0.005038751749874786,0.0,1.0,0.6044211139913356,0.1977894430043322,0.0,0.0,0.0,0.0,2.3201436221655254e-05,-0.005061953186096441,10533.063239465946,-0.030946286954497415,-0.044071594449728524,-0.9540633849341883,
2015-03-25,64.17601013183594,60.7142333984375,1.0,1.0,0.8022105569956678,-0.1977894430043322,-0.018134393272072113,-0.020417046209901812,-0.01050932552991727,0.0,1.0,0.6044211139913356,0.1977894430043322,0.0,0.0,0.0,0.0,2.3201436221655254e-05,-0.010532526966138924,10422.123466860223,-0.04115287131878631,-0.057286396229531356,-1.2172478972995615,
2015-03-26,63.63603973388672,60.58488845825195,1.0,1.0,0.8022105569956678,-0.1977894430043322,-0.008413897916682012,-0.0021303890858132,-0.006328349263580664,0.0,1.0,0.6044211139913356,0.1977894430043322,0.0,0.0,0.0,0.0,2.3201436221655254e-05,-0.0063515506998023195,10355.92682126086,-0.047243037469964944,-0.06521007130374157,-1.3625922554272385,
2015-03-27,63.60311508178711,60.53870391845703,1.0,1.0,0.8022105569956678,-0.1977894430043322,-0.0005173900235981854,-0.0007623112127498333,-0.0002642786288489555,0.0,1.0,0.6044211139913356,0.1977894430043322,0.0,0.0,0.0,0.0,2.3201436221655254e-05,-0.00028748006507061074,10352.949698744418,-0.04751693610354957,-0.06553957150500334,-1.3365594189431291,
2015-03-30,64.0509033203125,60.649539947509766,1.0,1.0,0.8022105569956678,-0.1977894430043322,0.007040350743034773,0.0018308292361532974,0.005285724996159981,0.0,1.0,0.6044211139913356,0.1977894430043322,0.0,0.0,0.0,0.0,2.3201436221655254e-05,0.005262523559938326,10407.432340448917,-0.04250447153935222,-0.058974876663487885,-1.1520216330709534,
2015-03-31,63.833587646484375,60.41861724853516,1.0,1.0,0.8022105569956678,-0.1977894430043322,-0.0033928588444935848,-0.003807493002823459,-0.001968705263177532,0.0,1.0,0.6044211139913356,0.1977894430043322,0.0,0.0,0.0,0.0,2.3201436221655254e-05,-0.0019919066993991873,10386.701706246433,-0.04441171329713778,-0.06143295417168493,-1.1769907564431783,
2015-04-01,63.57020950317383,60.20619201660156,1.0,1.0,0.8022105569956678,-0.1977894430043322,-0.004126011916628536,-0.003515890326648452,-0.0026145243284372236,0.0,1.0,0.6044211139913356,0.1977894430043322,0.0,0.0,0.0,0.0,2.3201436221655254e-05,-0.002637725764658879,10359.304435546039,-0.046932293141380255,-0.06469911190796074,-1.2164639440146743,
2015-04-02,63.52413940429688,60.30778884887695,1.0,1.0,0.8022105569956678,-0.1977894430043322,-0.000724712081917045,0.0016874814511997904,-0.0009151376992091115,0.0,1.0,0.6044211139913356,0.1977894430043322,0.0,0.0,0.0,0.0,2.3201436221655254e-05,-0.0009383391354307668,10349.583894778325,-0.04782659386944088,-0.06583979394091988,-1.2042440064749622,
2015-04-06,63.76775360107422,60.22465896606445,1.0,1.0,0.8022105569956678,-0.1977894430043322,0.0038349861810305086,-0.00137842697268864,0.003349104703505407,0.0,1.0,0.6044211139913356,0.1977894430043322,0.0,0.0,0.0,0.0,2.3201436221655254e-05,0.003325903267283752,10384.005609668993,-0.0446597572269708,-0.061672049339614565,-1.0695972353813255,
2015-04-07,63.66239547729492,60.77888107299805,1.0,1.0,0.8022105569956678,-0.1977894430043322,-0.0016522163292501668,0.009202577755498487,-0.0031455981102292176,0.0,1.0,0.6044211139913356,0.1977894430043322,0.0,0.0,0.0,0.0,2.3201436221655254e-05,-0.0031687995464508728,10351.100777402731,-0.04768703895497617,-0.06558420198394255,-1.137699727536497,
2015-04-08,63.655799865722656,61.42543411254883,1.0,1.0,0.8022105569956678,-0.1977894430043322,-0.0001036029436658481,0.01063779109020202,-0.002187154149672076,0.0,1.0,0.6044211139913356,0.1977894430043322,0.0,0.0,0.0,0.0,2.3201436221655254e-05,-0.0022103555858937313,10328.22116397925,-0.04979198922794115,-0.06829676415479735,-1.1769363082095858,
2015-04-09,63.675559997558594,61.37004089355469,1.0,1.0,0.8022105569956678,-0.1977894430043322,0.000310421546467321,-0.0009017961337097757,0.00042738919668492304,0.0,1.0,0.6044211139913356,0.1977894430043322,0.0,0.0,0.0,0.0,2.3201436221655254e-05,0.0004041877604632678,10332.395704561088,-0.04940792678009287,-0.06776394764797011,-1.1379303209415155,
2015-04-10,63.73483657836914,61.27765655517578,1.0,1.0,0.8022105569956678,-0.1977894430043322,0.0009309157361603315,-0.0015053654361929514,0.0010445358223637891,0.0,1.0,0.6044211139913356,0.1977894430043322,0.0,0.0,0.0,0.0,2.3201436221655254e-05,0.001021334386142134,10342.948535585383,-0.04843705440851931,-0.06646202914001531,-1.08397975346361,
2015-04-13,63.31339645385742,60.60336685180664,1.0,1.0,0.8022105569956678,-0.1977894430043322,-0.006612398291686361,-0.01100384285684941,-0.0031280917670874738,0.0,1.0,0.6044211139913356,0.1977894430043322,0.0,0.0,0.0,0.0,2.3201436221655254e-05,-0.003151293203309129,10310.354872163016,-0.05143570825148258,-0.07036829051811888,-1.1720520411752973,
2015-04-14,63.5767936706543,60.52947235107422,1.0,1.0,0.8022105569956678,-0.1977894430043322,0.004160213028357118,-0.0012193134568433406,0.0035785341401757286,0.0,1.0,0.6044211139913356,0.1977894430043322,0.0,0.0,0.0,0.0,2.3201436221655254e-05,0.0035553327039540734,10347.01161402939,-0.04806324660322603,-0.06591589535415121,-1.0348777899121637,
2015-04-15,63.62289810180664,60.66801071166992,1.0,1.0,0.8022105569956678,-0.1977894430043322,0.0007251770416605297,0.002288775289369438,0.0001290490888645036,0.0,1.0,0.6044211139913356,0.1977894430043322,0.0,0.0,0.0,0.0,2.3201436221655254e-05,0.00010584765264284834,10348.106820920604,-0.0479624863324144,-0.0657546465076626,-1.0315248204705842,
2015-04-16,63.30681991577149,60.64031600952149,1.0,1.0,0.8022105569956678,-0.1977894430043322,-0.004967994157219491,-0.00045649596588970276,-0.003895087277187222,0.0,1.0,0.6044211139913356,0.1977894430043322,0.0,0.0,0.0,0.0,2.3201436221655254e-05,-0.003918288713408878,10307.559950759041,-0.05169284417695996,-0.07062244487351377,-1.2185283574322219,
2015-04-17,62.80634307861328,59.59653472900391,1.0,1.0,0.8022105569956678,-0.1977894430043322,-0.007905575383885699,-0.01721266228813334,-0.002937453145486619,0.0,1.0,0.6044211139913356,0.1977894430043322,0.0,0.0,0.0,0.0,2.3201436221655254e-05,-0.002960654581708274,10277.042826164596,-0.05450045410271409,-0.07427860923654372,-1.4336257842381923,
2015-04-20,64.17601013183594,59.781288146972656,1.0,1.0,0.8022105569956678,-0.1977894430043322,0.021807782241170637,0.0031000698078982314,0.01688127205795099,0.0,1.0,0.6044211139913356,0.1977894430043322,0.0,0.0,0.0,0.0,2.3201436221655254e-05,0.016858070621729334,10450.293939910616,-0.03856115598516452,-0.053468372164523714,-0.7227287823698884,
2015-04-21,64.2748031616211,60.36320877075195,0.0,1.0,0.8022105569956678,-0.1977894430043322,0.001539407476130128,0.009734159999172931,-0.0006903851554818197,0.0,1.0,0.6044211139913356,0.1977894430043322,0.0,0.0,0.0,0.0,2.3201436221655254e-05,-0.000713586591703475,10442.836750275736,-0.03924722585299645,-0.05431855347502279,-0.7456080375010131,Time Exit Long Spread
2015-04-22,64.62377166748047,62.82020950317383,0.0,0.0,0.0,-0.0,0.005429320490984324,0.04070361371531961,0.0,0.0,0.0,0.0,0.0,0.8022105569956678,0.1977894430043322,1.0,0.001,0.0,-0.001,10432.393913525459,-0.04020797862714354,-0.05874075317987115,-0.9711339497935098,
2015-04-23,64.67646789550781,62.55234909057617,0.0,0.0,0.0,-0.0,0.0008154310196948344,-0.004263921032993778,0.0,0.0,0.0,0.0,0.0,0.0,0.0,0.0,0.0,0.0,0.0,10432.393913525459,-0.04020797862714354,-0.056872113458001916,-0.8335937559185043,
2015-04-24,64.59744262695312,62.33067321777344,0.0,0.0,0.0,-0.0,-0.0012218550444399456,-0.0035438456912584293,0.0,0.0,0.0,0.0,0.0,0.0,0.0,0.0,0.0,0.0,0.0,10432.393913525459,-0.04020797862714354,-0.057219408956497686,-0.826206939336579,
2015-04-27,64.15625762939453,61.97967529296875,0.0,0.0,0.0,-0.0,-0.006829759501570609,-0.005631223066985935,0.0,0.0,0.0,0.0,0.0,0.0,0.0,0.0,0.0,0.0,0.0,10432.393913525459,-0.04020797862714354,-0.0626802649009719,-1.111964315784936,
2015-04-28,66.35559844970703,61.67483139038086,0.0,0.0,0.0,-0.0,0.03428100237730858,-0.004918449494079158,0.0,0.0,0.0,0.0,0.0,0.0,0.0,0.0,0.0,0.0,0.0,10432.393913525459,-0.04020797862714354,-0.027758100351774173,0.9342857152047276,
2015-04-29,66.67166137695312,62.20134353637695,0.0,0.0,0.0,-0.0,0.004763168965850717,0.008536904505882736,0.0,0.0,0.0,0.0,0.0,0.0,0.0,0.0,0.0,0.0,0.0,10432.393913525459,-0.04020797862714354,-0.025102126811502812,1.0811688027958664,
2015-04-30,66.19754791259766,61.00978088378906,0.0,0.0,0.0,-0.0,-0.007111169191883371,-0.019156542043035407,0.0,0.0,0.0,0.0,0.0,0.0,0.0,0.0,0.0,0.0,0.0,10432.393913525459,-0.04020797862714354,-0.027469723836390125,0.9388141141198555,
2015-05-01,66.75727081298828,60.75115585327149,0.0,0.0,0.0,-0.0,0.008455341897703583,-0.004239074895387662,0.0,0.0,0.0,0.0,0.0,0.0,0.0,0.0,0.0,0.0,0.0,10432.393913525459,-0.04020797862714354,-0.018002539235194348,1.452030203620953,
2015-05-04,66.79020690917969,60.57565689086914,0.0,0.0,0.0,-0.0,0.0004933709211041304,-0.002888816845332487,0.0,0.0,0.0,0.0,0.0,0.0,0.0,0.0,0.0,0.0,0.0,10432.393913525459,-0.04020797862714354,-0.0167960054639813,1.4838203226404783,
2015-05-05,65.92100524902344,60.92665481567383,0.0,0.0,0.0,-0.0,-0.013013908780641681,0.005794372571758188,-0.0,0.0,0.0,0.0,0.0,0.0,0.0,0.0,0.0,0.0,0.0,10432.393913525459,-0.04020797862714354,-0.0313198485441073,0.6560745574061619,
2015-05-06,65.33495330810547,60.65876388549805,0.0,0.0,0.0,-0.0,-0.008890215473870478,-0.0043969413877432695,0.0,0.0,0.0,0.0,0.0,0.0,0.0,0.0,0.0,0.0,0.0,10432.393913525459,-0.04020797862714354,-0.039163337240935236,0.2162394222329314,
2015-05-07,65.61151123046875,61.49934005737305,0.0,0.0,0.0,-0.0,0.0042329244663128485,0.013857456334944507,0.0,0.0,0.0,0.0,0.0,0.0,0.0,0.0,0.0,0.0,0.0,10432.393913525459,-0.04020797862714354,-0.03833252231720152,0.27323968065017046,
2015-05-08,66.08563995361328,64.1688003540039,0.0,0.0,0.0,-0.0,0.007226303955705227,0.043406324265276686,0.0,0.0,0.0,0.0,0.0,0.0,0.0,0.0,0.0,0.0,0.0,10432.393913525459,-0.04020797862714354,-0.04160851302025592,0.09610065066907163,
2015-05-11,66.19754791259766,63.75312423706055,0.0,0.0,0.0,-0.0,0.0016933778512688846,-0.006477853951611601,0.0,0.0,0.0,0.0,0.0,0.0,0.0,0.0,0.0,0.0,0.0,10432.393913525459,-0.04020797862714354,-0.03831422114756844,0.290479900767797,
2015-05-12,65.82878875732422,63.44832992553711,0.0,0.0,0.0,-0.0,-0.005570586326857918,-0.0047808529412627365,0.0,0.0,0.0,0.0,0.0,0.0,0.0,0.0,0.0,0.0,0.0,10432.393913525459,-0.04020797862714354,-0.04271880864067423,0.054080434817971645,
2015-05-13,65.47322845458984,63.522369384765625,0.0,0.0,0.0,-0.0,-0.005401288850158559,0.0011669252652577455,-0.0,0.0,0.0,0.0,0.0,0.0,0.0,0.0,0.0,0.0,0.0,10432.393913525459,-0.04020797862714354,-0.04842228132055437,-0.25148135682226685,
2015-05-14,66.780029296875,64.77149200439453,0.0,0.0,0.0,-0.0,0.019959315786474585,0.01966429514086232,0.0,0.0,0.0,0.0,0.0,0.0,0.0,0.0,0.0,0.0,0.0,10432.393913525459,-0.04020797862714354,-0.03346082811828488,0.6458122524583501,
2015-05-15,67.74855041503906,64.37364196777344,0.0,0.0,0.0,-0.0,0.014503155035443971,-0.006142363319253219,0.0,0.0,0.0,0.0,0.0,0.0,0.0,0.0,0.0,0.0,0.0,10432.393913525459,-0.04020797862714354,-0.017542734066069432,1.5794538461351282,
2015-05-18,67.60260772705078,64.77149200439453,0.0,0.0,0.0,-0.0,-0.0021541817071245584,0.006180325121581065,-0.0,0.0,0.0,0.0,0.0,0.0,0.0,0.0,0.0,0.0,0.0,10432.393913525459,-0.04020797862714354,-0.021218343192183298,1.3620037087037016,
2015-05-19,67.71537780761719,64.91957092285156,0.0,0.0,0.0,-0.0,0.001668132108479048,0.0022861742701092425,0.0,0.0,0.0,0.0,0.0,0.0,0.0,0.0,0.0,0.0,0.0,10432.393913525459,-0.04020797862714354,-0.020114626420008053,1.4180814548596519,
2015-05-20,67.63577270507812,64.56793975830078,0.0,0.0,0.0,-0.0,-0.0011755838203432178,-0.0054164123322479885,0.0,0.0,0.0,0.0,0.0,0.0,0.0,0.0,0.0,0.0,0.0,10432.393913525459,-0.04020797862714354,-0.019951825631648656,1.435483511120664,
2015-05-21,67.69549560546875,64.1885757446289,0.0,0.0,0.0,-0.0,0.0008830075861046005,-0.005875423857288342,0.0,0.0,0.0,0.0,0.0,0.0,0.0,0.0,0.0,0.0,0.0,10432.393913525459,-0.04020797862714354,-0.017616317102760348,1.5609255691333142,
2015-05-22,67.28419494628906,64.4198989868164,0.0,0.0,0.0,-0.0,-0.006075746332913523,0.003603807056068886,-0.0,0.0,0.0,0.0,0.0,0.0,0.0,0.0,0.0,0.0,0.0,10432.393913525459,-0.04020797862714354,-0.024597537193288055,1.1550546535503077,
2015-05-26,66.6805648803711,63.42058181762695,0.0,0.0,0.0,-0.0,-0.00897135005330496,-0.01551255411614294,0.0,0.0,0.0,0.0,0.0,0.0,0.0,0.0,0.0,0.0,0.0,10432.393913525459,-0.04020797862714354,-0.029754690356284197,0.8665191008106851,
2015-05-27,66.94586181640625,64.29962158203125,0.0,0.0,0.0,-0.0,0.003978624603902414,0.013860480922929241,0.0,0.0,0.0,0.0,0.0,0.0,0.0,0.0,0.0,0.0,0.0,10432.393913525459,-0.04020797862714354,-0.02917787100282987,0.905774667187886,
2015-05-28,66.24935150146484,64.3643798828125,0.0,0.0,0.0,-0.0,-0.010404083180698076,0.0010071334665420206,-0.0,0.0,0.0,0.0,0.0,0.0,0.0,0.0,0.0,0.0,0.0,10432.393913525459,-0.04020797862714354,-0.039884644366350974,0.2838263259208383,
2015-05-29,65.81817626953125,63.55010223388672,0.0,0.0,0.0,-0.0,-0.006508369095870492,-0.012651060266692937,0.0,0.0,0.0,0.0,0.0,0.0,0.0,0.0,0.0,0.0,0.0,10432.393913525459,-0.04020797862714354,-0.04327519794357171,0.08705644028553593,
2015-06-01,65.99066162109375,63.947998046875,0.0,0.0,0.0,-0.0,0.002620634015384482,0.006261135686672636,0.0,0.0,0.0,0.0,0.0,0.0,0.0,0.0,0.0,0.0,0.0,10432.393913525459,-0.04020797862714354,-0.04219689674775329,0.15963314347026145,
2015-06-02,65.95748138427734,63.88322067260742,0.0,0.0,0.0,-0.0,-0.0005028020026064395,-0.0010129695415967976,0.0,0.0,0.0,0.0,0.0,0.0,0.0,0.0,0.0,0.0,0.0,10432.393913525459,-0.04020797862714354,-0.04244994538140845,0.1564149244228882,
2015-06-03,66.73358154296875,63.79994583129883,0.0,0.0,0.0,-0.0,0.011766673657075177,-0.0013035479493960223,0.0,0.0,0.0,0.0,0.0,0.0,0.0,0.0,0.0,0.0,0.0,10432.393913525459,-0.04020797862714354,-0.030430354120384084,0.876723732064915,
2015-06-04,66.40193176269531,63.11520385742188,0.0,0.0,0.0,-0.0,-0.0049697584425301145,-0.010732641931821663,0.0,0.0,0.0,0.0,0.0,0.0,0.0,0.0,0.0,0.0,0.0,10432.393913525459,-0.04020797862714354,-0.032752007995900057,0.728069513932204,
2015-06-05,66.67389678955078,63.26327896118164,0.0,0.0,0.0,-0.0,0.004095739681601485,0.0023461083021178997,0.0,0.0,0.0,0.0,0.0,0.0,0.0,0.0,0.0,0.0,0.0,10432.393913525459,-0.04020797862714354,-0.02924240149324686,0.915372614459648,
2015-06-08,65.85132598876953,62.62480163574219,0.0,0.0,0.0,-0.0,-0.01233722401703341,-0.010092384332959115,0.0,0.0,0.0,0.0,0.0,0.0,0.0,0.0,0.0,0.0,0.0,10432.393913525459,-0.04020797862714354,-0.039155386017879046,0.3222922529947911,
2015-06-09,66.08351135253906,62.87464904785156,0.0,0.0,0.0,-0.0,0.0035259026342024935,0.003989592071885761,0.0,0.0,0.0,0.0,0.0,0.0,0.0,0.0,0.0,0.0,0.0,10432.393913525459,-0.04020797862714354,-0.03661738377359258,0.46126650525574553,
2015-06-10,66.64073944091797,64.42915344238281,0.0,0.0,0.0,-0.0,0.008432180387725419,0.024723865947119172,0.0,0.0,0.0,0.0,0.0,0.0,0.0,0.0,0.0,0.0,0.0,10432.393913525459,-0.04020797862714354,-0.034242224846586566,0.602115342711606,
2015-06-11,66.99893951416016,64.43843078613281,0.0,0.0,0.0,-0.0,0.00537509151680049,0.0001439929481348301,0.0,0.0,0.0,0.0,0.0,0.0,0.0,0.0,0.0,0.0,0.0,10432.393913525459,-0.04020797862714354,-0.028917027277733487,0.906002205127216,
2015-06-12,66.3753890991211,64.15157318115234,0.0,0.0,0.0,-0.0,-0.009306869923027317,-0.004451654105801062,0.0,0.0,0.0,0.0,0.0,0.0,0.0,0.0,0.0,0.0,0.0,10432.393913525459,-0.04020797862714354,-0.03716744651645776,0.42232733871602773,
2015-06-15,66.30906677246094,63.44833755493164,0.0,0.0,0.0,-0.0,-0.000999200570577674,-0.010962094791267196,0.0,0.0,0.0,0.0,0.0,0.0,0.0,0.0,0.0,0.0,0.0,10432.393913525459,-0.04020797862714354,-0.035449458469581474,0.5229228737832664,
2015-06-16,66.5677719116211,63.85546112060547,0.0,0.0,0.0,-0.0,0.0039015047527044544,0.006416615176423779,0.0,0.0,0.0,0.0,0.0,0.0,0.0,0.0,0.0,0.0,0.0,10432.393913525459,-0.04020797862714354,-0.03313254265513699,0.6572857309545889,
2015-06-17,66.61418914794922,63.61490631103516,0.0,0.0,0.0,-0.0,0.0006972929241157999,-0.00376717676685423,0.0,0.0,0.0,0.0,0.0,0.0,0.0,0.0,0.0,0.0,0.0,10432.393913525459,-0.04020797862714354,-0.03150492057331933,0.7448500918853506,
2015-06-18,67.26429748535156,64.308837890625,0.0,0.0,0.0,-0.0,0.009759307224448177,0.010908317245599042,0.0,0.0,0.0,0.0,0.0,0.0,0.0,0.0,0.0,0.0,0.0,10432.393913525459,-0.04020797862714354,-0.02446787047609522,1.1283003148781943,
2015-06-19,66.89280700683594,63.55936813354492,0.0,0.0,0.0,-0.0,-0.005522847816801013,-0.01165422641215752,0.0,0.0,0.0,0.0,0.0,0.0,0.0,0.0,0.0,0.0,0.0,10432.393913525459,-0.04020797862714354,-0.02711573677520951,0.9422844994332708,
2015-06-22,67.25763702392578,63.92948913574219,0.0,0.0,0.0,-0.0,0.005453949885113385,0.00582323287763975,0.0,0.0,0.0,0.0,0.0,0.0,0.0,0.0,0.0,0.0,0.0,10432.393913525459,-0.04020797862714354,-0.023108191846901383,1.1379986415277348,
2015-06-23,66.83312225341797,64.2348403930664,0.0,0.0,0.0,-0.0,-0.006311770518443893,0.004776375682838063,-0.0,0.0,0.0,0.0,0.0,0.0,0.0,0.0,0.0,0.0,0.0,10432.393913525459,-0.04020797862714354,-0.030614804100363324,0.6735269965793308,
2015-06-24,65.93096160888672,63.7166862487793,0.0,0.0,0.0,-0.0,-0.013498705643444797,-0.00806655922419075,0.0,0.0,0.0,0.0,0.0,0.0,0.0,0.0,0.0,0.0,0.0,10432.393913525459,-0.04020797862714354,-0.042208525819477094,-0.027943057273840687,
2015-06-25,65.6324462890625,63.4946174621582,0.0,0.0,0.0,-0.0,-0.00452769552482879,-0.0034852532310615247,0.0,0.0,0.0,0.0,0.0,0.0,0.0,0.0,0.0,0.0,0.0,10432.393913525459,-0.04020797862714354,-0.04588569302893064,-0.2653775436043158,
2015-06-26,65.90441131591797,63.61490631103516,0.0,0.0,0.0,-0.0,0.004143758799689756,0.0018944731645742507,0.0,0.0,0.0,0.0,0.0,0.0,0.0,0.0,0.0,0.0,0.0,10432.393913525459,-0.04020797862714354,-0.04221714688555478,-0.06809399129600058,
2015-06-29,64.55115509033203,61.73650741577149,0.0,0.0,0.0,-0.0,-0.02053362132466363,-0.029527653252832464,0.0,0.0,0.0,0.0,0.0,0.0,0.0,0.0,0.0,0.0,0.0,10432.393913525459,-0.04020797862714354,-0.05557466056651572,-0.9084295336403048,
2015-06-30,64.28582763671875,62.1343879699707,0.0,0.0,0.0,-0.0,-0.004110344009212286,0.006444817999172514,-0.0,0.0,0.0,0.0,0.0,0.0,0.0,0.0,0.0,0.0,0.0,10432.393913525459,-0.04020797862714354,-0.06127738219702694,-1.263352647246721,
2015-07-01,64.30570983886719,62.78212738037109,0.0,0.0,0.0,-0.0,0.0003092781547557877,0.010424813562393664,0.0,0.0,0.0,0.0,0.0,0.0,0.0,0.0,0.0,0.0,0.0,10432.393913525459,-0.04020797862714354,-0.06352514217687011,-1.4094455281589868,
2015-07-02,64.47819519042969,63.14296722412109,0.0,0.0,0.0,-0.0,0.002682271169927253,0.005747493097260303,0.0,0.0,0.0,0.0,0.0,0.0,0.0,0.0,0.0,0.0,0.0,10432.393913525459,-0.04020797862714354,-0.062259481259064,-1.3498231298799033,
2015-07-06,64.11998748779297,63.03193283081055,0.0,0.0,0.0,-0.0,-0.00555548587516741,-0.0017584601768306785,0.0,0.0,0.0,0.0,0.0,0.0,0.0,0.0,0.0,0.0,0.0,10432.393913525459,-0.04020797862714354,-0.0673965165264625,-1.6743141680735922,
2015-07-07,64.67720794677734,62.70808029174805,0.0,0.0,0.0,-0.0,0.008690277101043753,-0.005137912237782372,0.0,0.0,0.0,0.0,0.0,0.0,0.0,0.0,0.0,0.0,0.0,10432.393913525459,-0.04020797862714354,-0.057473736403548914,-1.0729985963506807,
2015-07-08,63.3438606262207,61.74575805664063,0.0,0.0,0.0,-0.0,-0.020615412490499696,-0.015346064344981203,0.0,0.0,0.0,0.0,0.0,0.0,0.0,0.0,0.0,0.0,0.0,10432.393913525459,-0.04020797862714354,-0.07449162339331195,-2.1343312116213102,
2015-07-09,63.51630783081055,62.0418701171875,0.0,0.0,0.0,-0.0,0.0027223980806510006,0.004795666453317082,0.0,0.0,0.0,0.0,0.0,0.0,0.0,0.0,0.0,0.0,0.0,10432.393913525459,-0.04020797862714354,-0.07295249621295063,-2.002993815760626,
2015-07-10,64.31900787353516,63.309532165527344,0.0,0.0,0.0,-0.0,0.012637699988210516,0.02043236359486622,0.0,0.0,0.0,0.0,0.0,0.0,0.0,0.0,0.0,0.0,0.0,10432.393913525459,-0.04020797862714354,-0.06538092185207112,-1.5322775781728395,
2015-07-13,64.84968566894531,64.32737731933594,0.0,0.0,0.0,-0.0,0.008250714881261612,0.016077281240167274,0.0,0.0,0.0,0.0,0.0,0.0,0.0,0.0,0.0,0.0,0.0,10432.393913525459,-0.04020797862714354,-0.06109647328217682,-1.2951818263938206,
2015-07-14,64.92263793945312,64.86402130126953,0.0,0.0,0.0,-0.0,0.001124944088090496,0.00834238864223491,0.0,0.0,0.0,0.0,0.0,0.0,0.0,0.0,0.0,0.0,0.0,10432.393913525459,-0.04020797862714354,-0.06202049130826626,-1.398715245891909,
2015-07-15,64.46492004394531,64.78999328613281,0.0,0.0,0.0,-0.0,-0.007050204828933149,-0.001141280075635187,0.0,0.0,0.0,0.0,0.0,0.0,0.0,0.0,0.0,0.0,0.0,10432.393913525459,-0.04020797862714354,-0.0688141166641052,-1.783705552241703,
2015-07-16,64.6639404296875,65.2989273071289,0.0,0.0,0.0,-0.0,0.0030872664637839886,0.007855133102861789,0.0,0.0,0.0,0.0,0.0,0.0,0.0,0.0,0.0,0.0,0.0,10432.393913525459,-0.04020797862714354,-0.06766076544660016,-1.6665529046131695,
2015-07-17,64.74354553222656,65.58577728271484,0.0,0.0,0.0,-0.0,0.0012310586396389045,0.004392874238756672,0.0,0.0,0.0,0.0,0.0,0.0,0.0,0.0,0.0,0.0,0.0,10432.393913525459,-0.04020797862714354,-0.06751117935203022,-1.6277772832165112,
2015-07-20,64.73690032958984,67.26982116699219,0.0,0.0,0.0,-0.0,-0.00010263884348771235,0.025676967690999364,-0.0,0.0,0.0,0.0,0.0,0.0,0.0,0.0,0.0,0.0,0.0,10432.393913525459,-0.04020797862714354,-0.07386470885514473,-1.9516173928883,
2015-07-21,64.98234558105469,66.64061737060547,0.0,0.0,0.0,-0.0,0.003791427303674322,-0.009353433463495708,0.0,0.0,0.0,0.0,0.0,0.0,0.0,0.0,0.0,0.0,0.0,10432.393913525459,-0.04020797862714354,-0.06776345732767397,-1.5541425985570196,
2015-07-22,64.49808502197266,66.5943603515625,0.0,0.0,0.0,-0.0,-0.00745218650930346,-0.0006941265082482939,0.0,0.0,0.0,0.0,0.0,0.0,0.0,0.0,0.0,0.0,0.0,10432.393913525459,-0.04020797862714354,-0.07507234995907175,-1.9371247686157478,
2015-07-23,63.755157470703125,66.39080810546875,0.0,0.0,0.0,-0.0,-0.011518598591205298,-0.0030565988624136065,0.0,0.0,0.0,0.0,0.0,0.0,0.0,0.0,0.0,0.0,0.0,10432.393913525459,-0.04020797862714354,-0.0859030260299265,-2.3982674136067086,
2015-07-24,62.85297775268555,69.21296691894531,1.0,0.0,0.0,-0.0,-0.014150693901621159,0.042508276281157276,-0.0,0.0,0.0,0.0,0.0,0.0,0.0,0.0,0.0,0.0,0.0,10432.393913525459,-0.04020797862714354,-0.11041880677705929,-3.3413224871129787,Enter Long Spread
2015-07-27,63.09840393066406,68.34319305419922,1.0,1.0,0.8022105569956678,-0.1977894430043322,0.00390476611854762,-0.012566631708833986,0.005617991689028752,0.0,1.0,0.6044211139913356,0.1977894430043322,0.8022105569956678,0.1977894430043322,1.0,0.001,2.3201436221655254e-05,0.004594790252807096,10480.328575392772,-0.03579793560261724,-0.1034036393194353,-2.7470009424465602,
2015-07-28,66.29578399658203,69.15747833251953,1.0,1.0,0.8022105569956678,-0.1977894430043322,0.05067291510941274,0.01191465077838183,0.03829375531346891,0.0,1.0,0.6044211139913356,0.1977894430043322,0.0,0.0,0.0,0.0,2.3201436221655254e-05,0.03827055387724725,10881.416554788595,0.0,-0.05689306923633586,-0.519891922546868,
2015-07-29,66.92597961425781,70.33261108398438,1.0,1.0,0.8022105569956678,-0.1977894430043322,0.009505817409267925,0.01699212839737485,0.004264803467413069,0.0,1.0,0.6044211139913356,0.1977894430043322,0.0,0.0,0.0,0.0,2.3201436221655254e-05,0.004241602031191414,10927.571193349626,0.0,-0.05158645477111978,-0.2416413826215335,
2015-07-30,67.26429748535156,70.67499542236328,1.0,1.0,0.8022105569956678,-0.1977894430043322,0.0050551052527541,0.004868073758417246,0.003092405203302239,0.0,1.0,0.6044211139913356,0.1977894430043322,0.0,0.0,0.0,0.0,2.3201436221655254e-05,0.003069203767080584,10961.110136021294,0.0,-0.04774142212771837,-0.041109316847628134,
2015-07-31,67.90109252929688,69.71266174316406,0.0,1.0,0.8022105569956678,-0.1977894430043322,0.009467058569726294,-0.013616324606010699,0.01028773958791978,0.0,1.0,0.6044211139913356,0.1977894430043322,0.0,0.0,0.0,0.0,2.3201436221655254e-05,0.010264538151698125,11073.620869197452,0.0,-0.03493864944660463,0.5813777712826167,Exit Long Spread
2015-08-03,68.15984344482422,70.11054992675781,0.0,0.0,0.0,-0.0,0.0038107032727889845,0.0057075454249566615,0.0,0.0,0.0,0.0,0.0,0.8022105569956678,0.1977894430043322,1.0,0.001,0.0,-0.001,11062.547248328254,-0.0010000000000000009,-0.032538414664616155,0.6921818028137064,
2015-08-04,68.08685302734375,69.64791870117188,0.0,0.0,0.0,-0.0,-0.0010708712607233606,-0.0065985964461729996,0.0,0.0,0.0,0.0,0.0,0.0,0.0,0.0,0.0,0.0,0.0,11062.547248328254,-0.0010000000000000009,-0.0319775478974611,0.709038642234783,
2015-08-05,68.28584289550781,69.37953186035156,0.0,0.0,0.0,-0.0,0.002922588713039076,-0.00385347969939831,0.0,0.0,0.0,0.0,0.0,0.0,0.0,0.0,0.0,0.0,0.0,11062.547248328254,-0.0010000000000000009,-0.028107289637743227,0.8840730072784302,
2015-08-06,67.94754791259766,68.08414459228516,0.0,0.0,0.0,-0.0,-0.004954101297802271,-0.018671029240638126,0.0,0.0,0.0,0.0,0.0,0.0,0.0,0.0,0.0,0.0,0.0,11062.547248328254,-0.0010000000000000009,-0.028426739739344287,0.8520674385024614,
2015-08-07,67.75518798828125,68.66706848144531,0.0,0.0,0.0,-0.0,-0.002831006124957458,0.008561815568822073,-0.0,0.0,0.0,0.0,0.0,0.0,0.0,0.0,0.0,0.0,0.0,11062.547248328254,-0.0010000000000000009,-0.03336373806678239,0.6010860495928274,
2015-08-10,68.61091613769531,68.82438659667969,0.0,0.0,0.0,-0.0,0.012629706666330343,0.0022910271067839716,0.0,0.0,0.0,0.0,0.0,0.0,0.0,0.0,0.0,0.0,0.0,11062.547248328254,-0.0010000000000000009,-0.021377340234479236,1.155694080894314,
2015-08-11,68.31903076171875,67.88057708740234,0.0,0.0,0.0,-0.0,-0.00425421190107389,-0.013713300705579745,0.0,0.0,0.0,0.0,0.0,0.0,0.0,0.0,0.0,0.0,0.0,11062.547248328254,-0.0010000000000000009,-0.022236139922429787,1.123764624526956,
2015-08-12,68.20626831054688,68.15861511230469,0.0,0.0,0.0,-0.0,-0.0016505276774954059,0.004095987936937329,-0.0,0.0,0.0,0.0,0.0,0.0,0.0,0.0,0.0,0.0,0.0,11062.547248328254,-0.0010000000000000009,-0.02489585705212405,1.0029929765456762,
2015-08-13,68.03921508789062,68.52005767822266,0.0,0.0,0.0,-0.0,-0.0024492356317699082,0.005302962293503466,-0.0,0.0,0.0,0.0,0.0,0.0,0.0,0.0,0.0,0.0,0.0,11062.547248328254,-0.0010000000000000009,-0.028652117069938532,0.8359222080925304,
2015-08-14,68.63385009765625,68.78882598876953,0.0,0.0,0.0,-0.0,0.008739592439411581,0.003922476420102239,0.0,0.0,0.0,0.0,0.0,0.0,0.0,0.0,0.0,0.0,0.0,11062.547248328254,-0.0010000000000000009,-0.020915710244364893,1.2107344147835555,
2015-08-17,68.74742126464844,68.96495819091797,0.0,0.0,0.0,-0.0,0.0016547398525741386,0.0025604769323610554,0.0,0.0,0.0,0.0,0.0,0.0,0.0,0.0,0.0,0.0,0.0,11062.547248328254,-0.0010000000000000009,-0.0198928308559152,1.2649637753981264,
2015-08-18,68.65386962890625,69.02055358886719,0.0,0.0,0.0,-0.0,-0.0013608021075008914,0.0008061398050196456,-0.0,0.0,0.0,0.0,0.0,0.0,0.0,0.0,0.0,0.0,0.0,11062.547248328254,-0.0010000000000000009,-0.021453237845808326,1.1836348687029896,
2015-08-19,68.35324096679688,68.9556655883789,0.0,0.0,0.0,-0.0,-0.004378903384971045,-0.000940125761302868,0.0,0.0,0.0,0.0,0.0,0.0,0.0,0.0,0.0,0.0,0.0,11062.547248328254,-0.0010000000000000009,-0.02560985448466635,0.976984278939023,
2015-08-20,67.51144409179688,68.53858184814453,0.0,0.0,0.0,-0.0,-0.012315390800692438,-0.006048578266564797,0.0,0.0,0.0,0.0,0.0,0.0,0.0,0.0,0.0,0.0,0.0,11062.547248328254,-0.0010000000000000009,-0.03650586934113509,0.46064328249244246,
2015-08-21,66.23536682128906,65.9805679321289,0.0,0.0,0.0,-0.0,-0.01890164382756654,-0.03732224751430091,0.0,0.0,0.0,0.0,0.0,0.0,0.0,0.0,0.0,0.0,0.0,11062.547248328254,-0.0010000000000000009,-0.046210310707655244,-0.0026435516382480166,
2015-08-24,63.8101692199707,63.35766220092773,0.0,0.0,0.0,-0.0,-0.036614843665950136,-0.03975270012678944,0.0,0.0,0.0,0.0,0.0,0.0,0.0,0.0,0.0,0.0,0.0,11062.547248328254,-0.0010000000000000009,-0.0735109205270581,-1.2790279635537811,
2015-08-25,63.10863876342773,62.06938171386719,0.0,0.0,0.0,-0.0,-0.010994022819851956,-0.02033345995272018,0.0,0.0,0.0,0.0,0.0,0.0,0.0,0.0,0.0,0.0,0.0,11062.547248328254,-0.0010000000000000009,-0.07950082663169744,-1.5055404663926144,
2015-08-26,64.55841827392578,65.51712799072266,0.0,0.0,0.0,-0.0,0.022972758387845627,0.05554665088737609,0.0,0.0,0.0,0.0,0.0,0.0,0.0,0.0,0.0,0.0,0.0,11062.547248328254,-0.0010000000000000009,-0.07011646119548987,-1.0363738459165768,
2015-08-27,66.24203491210938,67.10200500488281,0.0,0.0,0.0,-0.0,0.026078963568157754,0.024190269976189782,0.0,0.0,0.0,0.0,0.0,0.0,0.0,0.0,0.0,0.0,0.0,11062.547248328254,-0.0010000000000000009,-0.050265003832446586,-0.10208640924457141,
2015-08-28,65.90130615234375,67.15763092041016,0.0,0.0,0.0,-0.0,-0.005143694033821644,0.0008289754609165367,-0.0,0.0,0.0,0.0,0.0,0.0,0.0,0.0,0.0,0.0,0.0,11062.547248328254,-0.0010000000000000009,-0.055626276007542774,-0.3351405973881688,
2015-08-31,65.23989868164062,66.0825424194336,0.0,0.0,0.0,-0.0,-0.010036333258314323,-0.016008433981994807,0.0,0.0,0.0,0.0,0.0,0.0,0.0,0.0,0.0,0.0,0.0,11062.547248328254,-0.0010000000000000009,-0.061734411340728546,-0.5975496656439341,
2015-09-01,63.60305404663086,63.91374588012695,0.0,0.0,0.0,-0.0,-0.025089625644535096,-0.03281950814696322,0.0,0.0,0.0,0.0,0.0,0.0,0.0,0.0,0.0,0.0,0.0,11062.547248328254,-0.0010000000000000009,-0.07891655261935826,-1.3534201014174592,
2015-09-02,64.61187744140625,64.52545928955078,0.0,0.0,0.0,-0.0,0.015861241412020277,0.009570920949792505,0.0,0.0,0.0,0.0,0.0,0.0,0.0,0.0,0.0,0.0,0.0,11062.547248328254,-0.0010000000000000009,-0.06552832860424052,-0.7109605601335968,
2015-09-03,64.65196228027344,65.24836730957031,0.0,0.0,0.0,-0.0,0.0006203942750857561,0.011203454078111408,0.0,0.0,0.0,0.0,0.0,0.0,0.0,0.0,0.0,0.0,0.0,11062.547248328254,-0.0010000000000000009,-0.06765504127436239,-0.7829968125261132,
2015-09-04,63.669883728027344,64.09912872314453,0.0,0.0,0.0,-0.0,-0.015190235804269592,-0.017613292620384358,0.0,0.0,0.0,0.0,0.0,0.0,0.0,0.0,0.0,0.0,0.0,11062.547248328254,-0.0010000000000000009,-0.07858047665790457,-1.2434628392468858,
2015-09-08,65.42697143554688,65.36885833740234,0.0,0.0,0.0,-0.0,0.02759684178198163,0.019808843576361257,0.0,0.0,0.0,0.0,0.0,0.0,0.0,0.0,0.0,0.0,0.0,11062.547248328254,-0.0010000000000000009,-0.056193800049182174,-0.2006826582326163,
2015-09-09,64.83903503417969,64.5069351196289,0.0,0.0,0.0,-0.0,-0.008986147279434586,-0.01318553267864353,0.0,0.0,0.0,0.0,0.0,0.0,0.0,0.0,0.0,0.0,0.0,11062.547248328254,-0.0010000000000000009,-0.06194797722920509,-0.4470809950899601,
2015-09-10,64.68536376953125,65.0908203125,0.0,0.0,0.0,-0.0,-0.0023700424376678075,0.009051510380833738,-0.0,0.0,0.0,0.0,0.0,0.0,0.0,0.0,0.0,0.0,0.0,11062.547248328254,-0.0010000000000000009,-0.06654249294350989,-0.6359348110899244,
2015-09-11,64.92585754394531,65.58202362060547,0.0,0.0,0.0,-0.0,0.003717900934606,0.007546429830615375,0.0,0.0,0.0,0.0,0.0,0.0,0.0,0.0,0.0,0.0,0.0,11062.547248328254,-0.0010000000000000009,-0.06468511489401063,-0.5272286237963237,
2015-09-14,64.81232452392578,64.88691711425781,0.0,0.0,0.0,-0.0,-0.001748656456985409,-0.010599040224328449,0.0,0.0,0.0,0.0,0.0,0.0,0.0,0.0,0.0,0.0,0.0,11062.547248328254,-0.0010000000000000009,-0.06380810251246039,-0.46203830028893744,
2015-09-15,67.15734100341797,65.35031127929688,0.0,0.0,0.0,-0.0,0.0361816444128078,0.007141565444126252,0.0,0.0,0.0,0.0,0.0,0.0,0.0,0.0,0.0,0.0,0.0,11062.547248328254,-0.0010000000000000009,-0.030020176366699847,1.1431035288082436,
2015-09-16,66.86336517333984,65.7951889038086,0.0,0.0,0.0,-0.0,-0.004377419142654326,0.006807582332858164,-0.0,0.0,0.0,0.0,0.0,0.0,0.0,0.0,0.0,0.0,0.0,11062.547248328254,-0.0010000000000000009,-0.03607996419255444,0.8762439926070572,
2015-09-17,67.2241439819336,65.76739501953125,0.0,0.0,0.0,-0.0,0.005395762053830966,-0.00042243034392652756,0.0,0.0,0.0,0.0,0.0,0.0,0.0,0.0,0.0,0.0,0.0,11062.547248328254,-0.0010000000000000009,-0.03059453257033229,1.139815732463339,
2015-09-18,65.68751525878906,64.68302154541016,0.0,0.0,0.0,-0.0,-0.022858286206775658,-0.016488010111987306,0.0,0.0,0.0,0.0,0.0,0.0,0.0,0.0,0.0,0.0,0.0,11062.547248328254,-0.0010000000000000009,-0.04961902352946934,0.23208369156958866,
2015-09-21,66.57609558105469,65.6005630493164,0.0,0.0,0.0,-0.0,0.013527385208054854,0.014185198557276735,0.0,0.0,0.0,0.0,0.0,0.0,0.0,0.0,0.0,0.0,0.0,11062.547248328254,-0.0010000000000000009,-0.039655181777263016,0.705086245778708,
2015-09-22,65.81443786621094,65.10935974121094,0.0,0.0,0.0,-0.0,-0.011440408275616765,-0.007487791038259806,0.0,0.0,0.0,0.0,0.0,0.0,0.0,0.0,0.0,0.0,0.0,11062.547248328254,-0.0010000000000000009,-0.04930843221857306,0.24762952543870953,
2015-09-23,65.18646240234375,65.75813293457031,0.0,0.0,0.0,-0.0,-0.009541606435107042,0.009964361436482383,-0.0,0.0,0.0,0.0,0.0,0.0,0.0,0.0,0.0,0.0,0.0,11062.547248328254,-0.0010000000000000009,-0.06134046041448027,-0.32680844928455705,
2015-09-24,65.13966369628906,65.10009765625,0.0,0.0,0.0,-0.0,-0.0007179206284555484,-0.01000690331301013,0.0,0.0,0.0,0.0,0.0,0.0,0.0,0.0,0.0,0.0,0.0,11062.547248328254,-0.0010000000000000009,-0.05957895381571787,-0.243520875285002,
2015-09-25,65.98148345947266,65.51712799072266,0.0,0.0,0.0,-0.0,0.012923305332194213,0.006405986311644574,0.0,0.0,0.0,0.0,0.0,0.0,0.0,0.0,0.0,0.0,0.0,11062.547248328254,-0.0010000000000000009,-0.04831283574342882,0.28673985211477304,
2015-09-28,64.98601531982422,62.28251647949219,0.0,0.0,0.0,-0.0,-0.01508708333694675,-0.0493704716679354,0.0,0.0,0.0,0.0,0.0,0.0,0.0,0.0,0.0,0.0,0.0,11062.547248328254,-0.0010000000000000009,-0.051031570662841474,0.14692124503658582,
2015-09-29,65.5672607421875,63.51521682739258,0.0,0.0,0.0,-0.0,0.008944161593886335,0.01979207677496908,0.0,0.0,0.0,0.0,0.0,0.0,0.0,0.0,0.0,0.0,0.0,11062.547248328254,-0.0010000000000000009,-0.046959353730791964,0.32771671865224916,
2015-09-30,65.93472290039062,64.56255340576172,0.0,0.0,0.0,-0.0,0.0056043542774799615,0.016489537951438482,0.0,0.0,0.0,0.0,0.0,0.0,0.0,0.0,0.0,0.0,0.0,11062.547248328254,-0.0010000000000000009,-0.04540307622553974,0.3928264756121825,
2015-10-01,65.86124420166016,64.86836242675781,0.0,0.0,0.0,-0.0,-0.0011144158267181181,0.004736631450651396,-0.0,0.0,0.0,0.0,0.0,0.0,0.0,0.0,0.0,0.0,0.0,11062.547248328254,-0.0010000000000000009,-0.04768319900010143,0.26326417364798727,
2015-10-02,66.39570617675781,65.49861145019531,0.0,0.0,0.0,-0.0,0.008114969305183406,0.009715815227324454,0.0,0.0,0.0,0.0,0.0,0.0,0.0,0.0,0.0,0.0,0.0,11062.547248328254,-0.0010000000000000009,-0.04198490467579963,0.5185544851249151,
2015-10-05,67.83211517333984,66.94446563720703,0.0,0.0,0.0,-0.0,0.02163406459987094,0.022074577689500163,0.0,0.0,0.0,0.0,0.0,0.0,0.0,0.0,0.0,0.0,0.0,11062.547248328254,-0.0010000000000000009,-0.025964942176464945,1.2579608870632422,
2015-10-06,67.76530456542969,66.805419921875,0.0,0.0,0.0,-0.0,-0.0009849406544293338,-0.002077030774815136,0.0,0.0,0.0,0.0,0.0,0.0,0.0,0.0,0.0,0.0,0.0,11062.547248328254,-0.0010000000000000009,-0.026437732230989663,1.194367458938959,
2015-10-07,68.30647277832031,67.8620376586914,0.0,0.0,0.0,-0.0,0.007985918699267458,0.015816347506715234,0.0,0.0,0.0,0.0,0.0,0.0,0.0,0.0,0.0,0.0,0.0,11062.547248328254,-0.0010000000000000009,-0.022352622632591856,1.340724935273824,
2015-10-08,69.0680923461914,68.49225616455078,0.0,0.0,0.0,-0.0,0.011150035082953647,0.009286760722232223,0.0,0.0,0.0,0.0,0.0,0.0,0.0,0.0,0.0,0.0,0.0,11062.547248328254,-0.0010000000000000009,-0.01354342650417717,1.6829829572913,
2015-10-09,69.26852416992188,68.56640625,0.0,0.0,0.0,-0.0,0.002901945267661965,0.0010826053863823848,0.0,0.0,0.0,0.0,0.0,0.0,0.0,0.0,0.0,0.0,0.0,11062.547248328254,-0.0010000000000000009,-0.010912461706409804,1.726395363682254,
2015-10-12,69.75624084472656,69.50247955322266,0.0,0.0,0.0,-0.0,0.00704095663433324,0.013652068912721527,0.0,0.0,0.0,0.0,0.0,0.0,0.0,0.0,0.0,0.0,0.0,11062.547248328254,-0.0010000000000000009,-0.007239400464371659,1.8072268522531267,
2015-10-13,69.01467895507812,69.5117416381836,0.0,0.0,0.0,-0.0,-0.010630760497818526,0.00013326265509494561,-0.0,0.0,0.0,0.0,0.0,0.0,0.0,0.0,0.0,0.0,0.0,11062.547248328254,-0.0010000000000000009,-0.017959925643044272,1.284738849256197,
2015-10-14,68.7206802368164,68.77030181884766,0.0,0.0,0.0,-0.0,-0.004259944735135024,-0.010666396810990797,0.0,0.0,0.0,0.0,0.0,0.0,0.0,0.0,0.0,0.0,0.0,11062.547248328254,-0.0010000000000000009,-0.019584984655884652,1.171669246251378,
2015-10-15,69.34870910644531,69.8268814086914,0.0,0.0,0.0,-0.0,0.009138862820692095,0.015363893452539301,0.0,0.0,0.0,0.0,0.0,0.0,0.0,0.0,0.0,0.0,0.0,11062.547248328254,-0.0010000000000000009,-0.014246876371338812,1.3605211992440218,
2015-10-16,69.44890594482422,70.43856811523438,0.0,0.0,0.0,-0.0,0.0014448262941002543,0.008760046191420345,0.0,0.0,0.0,0.0,0.0,0.0,0.0,0.0,0.0,0.0,0.0,11062.547248328254,-0.0010000000000000009,-0.014953525347738195,1.2950273534417451,
2015-10-19,69.6560287475586,71.35614013671875,0.0,0.0,0.0,-0.0,0.0029823767547747515,0.013026556984850446,0.0,0.0,0.0,0.0,0.0,0.0,0.0,0.0,0.0,0.0,0.0,11062.547248328254,-0.0010000000000000009,-0.015166617382648129,1.2986043889080527,
2015-10-20,69.85647583007812,70.69806671142578,0.0,0.0,0.0,-0.0,0.002877670262339649,-0.00922237979846019,0.0,0.0,0.0,0.0,0.0,0.0,0.0,0.0,0.0,0.0,0.0,11062.547248328254,-0.0010000000000000009,-0.010008701047842017,1.5579562911293325,
2015-10-21,70.32414245605469,69.93809509277344,0.0,0.0,0.0,-0.0,0.006694678201547566,-0.01074953890541852,0.0,0.0,0.0,0.0,0.0,0.0,0.0,0.0,0.0,0.0,0.0,11062.547248328254,-0.0010000000000000009,-0.0006716265276278666,1.9312218911958288,
2015-10-22,71.10582733154297,70.82784271240234,0.0,0.0,0.0,-0.0,0.01111545549207027,0.012721930994097796,0.0,0.0,0.0,0.0,0.0,0.0,0.0,0.0,0.0,0.0,0.0,11062.547248328254,-0.0010000000000000009,0.007265628526201384,2.1867736940562152,
2015-10-23,71.35301208496094,71.43028259277344,0.0,0.0,0.0,-0.0,0.0034762938945274158,0.008505692921035424,0.0,0.0,0.0,0.0,0.0,0.0,0.0,0.0,0.0,0.0,0.0,11062.547248328254,-0.0010000000000000009,0.00864763701590121,2.1248390804048816,
2015-10-26,70.93878936767578,72.45905303955078,0.0,0.0,0.0,-0.0,-0.005805259023850873,0.014402441225696894,-0.0,0.0,0.0,0.0,0.0,0.0,0.0,0.0,0.0,0.0,0.0,11062.547248328254,-0.0010000000000000009,-0.0007002108067681867,1.6338080752317685,
2015-10-27,68.88101959228516,71.84736633300781,0.0,0.0,0.0,-0.0,-0.02900768104069562,-0.008441825843474526,0.0,0.0,0.0,0.0,0.0,0.0,0.0,0.0,0.0,0.0,0.0,11062.547248328254,-0.0010000000000000009,-0.0280467181145434,0.4093957104476845,
2015-10-28,68.5670166015625,73.09855651855469,0.0,0.0,0.0,-0.0,-0.00455862866986112,0.01741455879882481,-0.0,0.0,0.0,0.0,0.0,0.0,0.0,0.0,0.0,0.0,0.0,11062.547248328254,-0.0010000000000000009,-0.03687246705198266,0.01950327923616862,
2015-10-29,69.12822723388672,72.76490020751953,0.0,0.0,0.0,-0.0,0.008184848344581885,-0.0045644719530195665,0.0,0.0,0.0,0.0,0.0,0.0,0.0,0.0,0.0,0.0,0.0,11062.547248328254,-0.0010000000000000009,-0.027592960892522278,0.43301417915973794,
2015-10-30,68.82758331298828,71.9029541015625,0.0,0.0,0.0,-0.0,-0.004349076100002458,-0.011845630290137521,0.0,0.0,0.0,0.0,0.0,0.0,0.0,0.0,0.0,0.0,0.0,11062.547248328254,-0.0010000000000000009,-0.029013480131247604,0.370152374973077,
2015-11-02,69.8631591796875,69.71566772460938,0.0,0.0,0.0,-0.0,0.015045942583658878,-0.030419979321900992,0.0,0.0,0.0,0.0,0.0,0.0,0.0,0.0,0.0,0.0,0.0,11062.547248328254,-0.0010000000000000009,-0.00646294535752423,1.335832459853003,
2015-11-03,69.80302429199219,72.19953918457031,0.0,0.0,0.0,-0.0,-0.0008607524824442159,0.03562859743053348,-0.0,0.0,0.0,0.0,0.0,0.0,0.0,0.0,0.0,0.0,0.0,11062.547248328254,-0.0010000000000000009,-0.015955627941072414,0.9118464876876224,
2015-11-04,69.48231506347656,72.61663818359375,0.0,0.0,0.0,-0.0,-0.0045944890177547215,0.005777031318124681,-0.0,0.0,0.0,0.0,0.0,0.0,0.0,0.0,0.0,0.0,0.0,11062.547248328254,-0.0010000000000000009,-0.021980964533104608,0.6476490718742501,
2015-11-05,69.63599395751953,73.46003723144531,0.0,0.0,0.0,-0.0,0.0022117699144390546,0.011614405030968555,0.0,0.0,0.0,0.0,0.0,0.0,0.0,0.0,0.0,0.0,0.0,11062.547248328254,-0.0010000000000000009,-0.022618730851167834,0.6174697078252681,
2015-11-06,70.14373016357422,72.98734283447266,0.0,0.0,0.0,-0.0,0.0072912897080843475,-0.0064347149115017155,0.0,0.0,0.0,0.0,0.0,0.0,0.0,0.0,0.0,0.0,0.0,11062.547248328254,-0.0010000000000000009,-0.01376225320544644,0.9869515803836459,
2015-11-09,69.48900604248047,72.32929992675781,0.0,0.0,0.0,-0.0,-0.009334036264780132,-0.009015849627615702,0.0,0.0,0.0,0.0,0.0,0.0,0.0,0.0,0.0,0.0,0.0,11062.547248328254,-0.0010000000000000009,-0.020907135716614178,0.6765641033581203,
2015-11-10,69.70947265625,73.79631805419922,0.0,0.0,0.0,-0.0,0.0031726833685712386,0.020282487580094655,0.0,0.0,0.0,0.0,0.0,0.0,0.0,0.0,0.0,0.0,0.0,11062.547248328254,-0.0010000000000000009,-0.022690195561985593,0.6019386702227877,
2015-11-11,70.01679992675781,73.51776123046875,0.0,0.0,0.0,-0.0,0.004408687353342877,-0.0037746710279756845,0.0,0.0,0.0,0.0,0.0,0.0,0.0,0.0,0.0,0.0,0.0,11062.547248328254,-0.0010000000000000009,-0.01735877110262818,0.82905326983467,
2015-11-12,69.02779388427734,72.70996856689453,0.0,0.0,0.0,-0.0,-0.014125267700252464,-0.010987721198988831,0.0,0.0,0.0,0.0,0.0,0.0,0.0,0.0,0.0,0.0,0.0,11062.547248328254,-0.0010000000000000009,-0.028860673306272178,0.3325010100532791,
2015-11-13,68.47610473632812,72.5242919921875,0.0,0.0,0.0,-0.0,-0.007992275529971393,-0.002553660500295818,0.0,0.0,0.0,0.0,0.0,0.0,0.0,0.0,0.0,0.0,0.0,11062.547248328254,-0.0010000000000000009,-0.03625463388291261,0.011094947605895468,
2015-11-16,69.39112091064453,73.25780487060547,0.0,0.0,0.0,-0.0,0.013362561697102038,0.010114030185871759,0.0,0.0,0.0,0.0,0.0,0.0,0.0,0.0,0.0,0.0,0.0,11062.547248328254,-0.0010000000000000009,-0.025461707627711272,0.46480828987234935,
2015-11-17,69.39112091064453,73.19277954101562,0.0,0.0,0.0,-0.0,0.0,-0.0008876232328377531,0.0,0.0,0.0,0.0,0.0,0.0,0.0,0.0,0.0,0.0,0.0,11062.547248328254,-0.0010000000000000009,-0.02524276203280973,0.4487473299810369,
2015-11-18,69.75442504882812,74.70625305175781,0.0,0.0,0.0,-0.0,0.005235599791671097,0.020677907304969434,0.0,0.0,0.0,0.0,0.0,0.0,0.0,0.0,0.0,0.0,0.0,11062.547248328254,-0.0010000000000000009,-0.02506707753183357,0.42984545980417294,
2015-11-19,70.0369873046875,74.41840362548828,0.0,0.0,0.0,-0.0,0.004050814778583378,-0.003853083436939353,0.0,0.0,0.0,0.0,0.0,0.0,0.0,0.0,0.0,0.0,0.0,11062.547248328254,-0.0010000000000000009,-0.02007261128626525,0.6327518159630362,
2015-11-20,70.0369873046875,74.45552825927734,0.0,0.0,0.0,-0.0,0.0,0.0004988636141121106,0.0,0.0,0.0,0.0,0.0,0.0,0.0,0.0,0.0,0.0,0.0,11062.547248328254,-0.0010000000000000009,-0.020195578195970842,0.6048308519009883,
2015-11-23,69.69387817382812,74.38125610351562,0.0,0.0,0.0,-0.0,-0.004898970444955353,-0.0009975371540321687,0.0,0.0,0.0,0.0,0.0,0.0,0.0,0.0,0.0,0.0,0.0,11062.547248328254,-0.0010000000000000009,-0.024860516885712558,0.3655206287648024,
2015-11-24,69.5660171508789,74.08415222167969,0.0,0.0,0.0,-0.0,-0.0018346090976644192,-0.003994338055039903,0.0,0.0,0.0,0.0,0.0,0.0,0.0,0.0,0.0,0.0,0.0,11062.547248328254,-0.0010000000000000009,-0.02571001271625395,0.30172862615990753,
2015-11-25,69.62657928466797,73.87060546875,0.0,0.0,0.0,-0.0,0.0008705706646638944,-0.0028824889875327386,0.0,0.0,0.0,0.0,0.0,0.0,0.0,0.0,0.0,0.0,0.0,11062.547248328254,-0.0010000000000000009,-0.024128100944335484,0.34872560250673856,
2015-11-27,70.0907974243164,74.13057708740234,0.0,0.0,0.0,-0.0,0.006667254723953686,0.0035192837124140564,0.0,0.0,0.0,0.0,0.0,0.0,0.0,0.0,0.0,0.0,0.0,11062.547248328254,-0.0010000000000000009,-0.018349149631012196,0.6125083863345879,
2015-11-30,69.30365753173828,73.35994720458984,0.0,0.0,0.0,-0.0,-0.011230288732669513,-0.010395573771183497,0.0,0.0,0.0,0.0,0.0,0.0,0.0,0.0,0.0,0.0,0.0,11062.547248328254,-0.0010000000000000009,-0.027066472634881267,0.13549376305828115,
2015-12-01,70.22537231445312,74.1955795288086,0.0,0.0,0.0,-0.0,0.013299655682569744,0.01139085231193393,0.0,0.0,0.0,0.0,0.0,0.0,0.0,0.0,0.0,0.0,0.0,11062.547248328254,-0.0010000000000000009,-0.0166470834672372,0.668736995643392,
2015-12-02,69.49876403808594,73.3877944946289,0.0,0.0,0.0,-0.0,-0.010346805611988863,-0.010887239365332313,0.0,0.0,0.0,0.0,0.0,0.0,0.0,0.0,0.0,0.0,0.0,11062.547248328254,-0.0010000000000000009,-0.024348761112557904,0.2122526873801865,
2015-12-03,68.81924438476562,72.69140625,0.0,0.0,0.0,-0.0,-0.009777435077088947,-0.009489156193130621,0.0,0.0,0.0,0.0,0.0,0.0,0.0,0.0,0.0,0.0,0.0,11062.547248328254,-0.0010000000000000009,-0.03182353415703654,-0.2512937380136169,
2015-12-04,69.47185516357422,74.65055084228516,0.0,0.0,0.0,-0.0,0.009482969257259999,0.026951529669783536,0.0,0.0,0.0,0.0,0.0,0.0,0.0,0.0,0.0,0.0,0.0,11062.547248328254,-0.0010000000000000009,-0.02894232448749756,-0.12398173501404437,
2015-12-07,68.92688751220703,73.86132049560547,0.0,0.0,0.0,-0.0,-0.007844437867450593,-0.010572331185433548,0.0,0.0,0.0,0.0,0.0,0.0,0.0,0.0,0.0,0.0,0.0,11062.547248328254,-0.0010000000000000009,-0.03419714800676954,-0.5029225165890583,
2015-12-08,68.05899047851562,73.4156494140625,0.0,0.0,0.0,-0.0,-0.012591559912489947,-0.006033889978578011,0.0,0.0,0.0,0.0,0.0,0.0,0.0,0.0,0.0,0.0,0.0,11062.547248328254,-0.0010000000000000009,-0.04537645810270363,-1.2946018148513099,
2015-12-09,67.58806610107422,72.31072998046875,0.0,0.0,0.0,-0.0,-0.006919355901849111,-0.015050189467943453,0.0,0.0,0.0,0.0,0.0,0.0,0.0,0.0,0.0,0.0,0.0,11062.547248328254,-0.0010000000000000009,-0.04858094962983994,-1.4628476915929955,
2015-12-10,67.5813217163086,72.53359985351562,0.0,0.0,0.0,-0.0,-9.978662143605987e-05,0.0030821134443956844,-0.0,0.0,0.0,0.0,0.0,0.0,0.0,0.0,0.0,0.0,0.0,11062.547248328254,-0.0010000000000000009,-0.049439484653919674,-1.4816869377922164,
2015-12-11,65.56967163085938,70.66727447509766,1.0,0.0,0.0,-0.0,-0.02976636198228977,-0.025730494311423713,0.0,0.0,0.0,0.0,0.0,0.0,0.0,0.0,0.0,0.0,0.0,11062.547248328254,-0.0010000000000000009,-0.07323081705043855,-2.7816266414333097,Enter Long Spread
2015-12-14,65.84552001953125,71.37298583984375,1.0,1.0,0.8022105569956678,-0.1977894430043322,0.004206950893773431,0.00998639568298021,0.0013996567799898834,0.0,1.0,0.6044211139913356,0.1977894430043322,0.8022105569956678,0.1977894430043322,1.0,0.001,2.3201436221655254e-05,0.00037645534376822817,11066.711803355576,-0.0006239211115754983,-0.07148267862421132,-2.5433933310497046,
2015-12-15,66.53849792480469,72.99784088134766,1.0,1.0,0.8022105569956678,-0.1977894430043322,0.01052429846507219,0.022765686798503548,0.003939890822167117,0.0,1.0,0.6044211139913356,0.1977894430043322,0.0,0.0,0.0,0.0,2.3201436221655254e-05,0.0039166893859454615,11110.056676013095,0.0,-0.06656344234167055,-2.1508860592594075,
2015-12-16,67.62169647216797,74.14916229248047,1.0,1.0,0.8022105569956678,-0.1977894430043322,0.01627927562457754,0.015771992667621415,0.009939873121481094,0.0,1.0,0.6044211139913356,0.1977894430043322,0.0,0.0,0.0,0.0,2.3201436221655254e-05,0.00991667168525944,11220.231460473742,0.0,-0.05427357789068643,-1.4487791663901919,
2015-12-17,67.27855682373047,73.06282806396484,1.0,1.0,0.8022105569956678,-0.1977894430043322,-0.005074401654189931,-0.014650660842675411,-0.0011729925297092928,0.0,1.0,0.6044211139913356,0.1977894430043322,0.0,0.0,0.0,0.0,2.3201436221655254e-05,-0.001196193965930948,11206.809887304375,-0.0011961939659309584,-0.05572197481840635,-1.5483529213779013,
2015-12-18,65.93299102783203,70.86228942871094,1.0,1.0,0.8022105569956678,-0.1977894430043322,-0.019999920619935607,-0.030118443175062737,-0.010087037360634394,0.0,1.0,0.6044211139913356,0.1977894430043322,0.0,0.0,0.0,0.0,2.3201436221655254e-05,-0.010110238796856049,11093.50636319276,-0.011294338956144068,-0.06838460748360986,-2.2152166366038037,
2015-12-21,65.18621063232422,71.6514892578125,1.0,1.0,0.8022105569956678,-0.1977894430043322,-0.011326353982524129,0.011137091892797546,-0.011288919939215271,0.0,1.0,0.6044211139913356,0.1977894430043322,0.0,0.0,0.0,0.0,2.3201436221655254e-05,-0.011312121375436926,10968.015272733142,-0.022478697398453762,-0.08250632646958733,-2.790843353596904,
2015-12-22,65.93299102783203,71.84648132324219,1.0,1.0,0.8022105569956678,-0.1977894430043322,0.011456109938955406,0.0027213958488438994,0.008651948965995885,0.0,1.0,0.6044211139913356,0.1977894430043322,0.0,0.0,0.0,0.0,2.3201436221655254e-05,0.00862874752977423,11062.655507424264,-0.014043912873328956,-0.07178540468300243,-2.1506423941420056,
2015-12-23,65.42168426513672,72.9421157836914,1.0,1.0,0.8022105569956678,-0.1977894430043322,-0.007754945661110346,0.015249660669113041,-0.009237321168019409,0.0,1.0,0.6044211139913356,0.1977894430043322,0.0,0.0,0.0,0.0,2.3201436221655254e-05,-0.009260522604241064,10960.20953603483,-0.023174381504954544,-0.0833020840122689,-2.5644977400568285,
2015-12-24,65.48895263671875,72.66356658935547,1.0,1.0,0.8022105569956678,-0.1977894430043322,0.0010282274499293642,-0.0038187704228647146,0.0015801673902259004,0.0,1.0,0.6044211139913356,0.1977894430043322,0.0,0.0,0.0,0.0,2.3201436221655254e-05,0.0015569659540042452,10977.274209131188,-0.02165349727395871,-0.08133104353883391,-2.336612708946595,
2015-12-28,65.26019287109375,72.91424560546875,1.0,1.0,0.8022105569956678,-0.1977894430043322,-0.003493104659864965,0.003449858407445827,-0.003484551007686959,0.0,1.0,0.6044211139913356,0.1977894430043322,0.0,0.0,0.0,0.0,2.3201436221655254e-05,-0.003507752443908614,10938.768648696652,-0.02508529460988551,-0.0856793811481229,-2.394941432521347,
2015-12-29,65.74463653564453,73.5456314086914,1.0,1.0,0.8022105569956678,-0.1977894430043322,0.00742326437048213,0.008659292816921127,0.00424230434230032,0.0,1.0,0.6044211139913356,0.1977894430043322,0.0,0.0,0.0,0.0,2.3201436221655254e-05,0.004219102906078664,10984.920439291292,-0.02097202914319507,-0.08040933931035243,-2.06141159068913,
2015-12-30,65.32076263427734,72.74711608886719,1.0,1.0,0.8022105569956678,-0.1977894430043322,-0.0064472772792253386,-0.01085741334365442,-0.0030245921595636605,0.0,1.0,0.6044211139913356,0.1977894430043322,0.0,0.0,0.0,0.0,2.3201436221655254e-05,-0.0030477935957853156,10951.440669126208,-0.023955904322867205,-0.08418589637027862,-2.0983122799311027,
2015-12-31,64.74217224121094,72.00436401367188,1.0,1.0,0.8022105569956678,-0.1977894430043322,-0.008857679698350385,-0.010210055258932482,-0.005086283021795172,0.0,1.0,0.6044211139913356,0.1977894430043322,0.0,0.0,0.0,0.0,2.3201436221655254e-05,-0.005109484458016828,10895.484453234414,-0.028942986460068654,-0.09055275374055016,-2.216883587333269,
2016-01-04,63.8069953918457,70.2866439819336,1.0,1.0,0.8022105569956678,-0.1977894430043322,-0.014444631945326636,-0.023855776733367584,-0.0068692154459294155,0.0,1.0,0.6044211139913356,0.1977894430043322,0.0,0.0,0.0,0.0,2.3201436221655254e-05,-0.006892416882151071,10820.388232249727,-0.03563591621372253,-0.09914965824979327,-2.3829509315448525,
2016-01-05,64.43939971923828,70.81584930419922,1.0,1.0,0.8022105569956678,-0.1977894430043322,0.009911206812182716,0.007529244423757797,0.006461669676481823,0.0,1.0,0.6044211139913356,0.1977894430043322,0.0,0.0,0.0,0.0,2.3201436221655254e-05,0.006438468240260168,10890.05495823035,-0.02942688868821708,-0.09113666842610368,-1.9790587761347895,
2016-01-06,63.5244026184082,69.88739776611328,1.0,1.0,0.8022105569956678,-0.1977894430043322,-0.014199342402578363,-0.013110787305503413,-0.008797687059240803,0.0,1.0,0.6044211139913356,0.1977894430043322,0.0,0.0,0.0,0.0,2.3201436221655254e-05,-0.008820888495462458,10793.994997734342,-0.03798820587979235,-0.10218387144364072,-2.2381800569516788,
2016-01-07,62.29996871948242,68.51322174072266,1.0,1.0,0.8022105569956678,-0.1977894430043322,-0.019275016347355067,-0.019662715587000057,-0.011573544036206968,0.0,1.0,0.6044211139913356,0.1977894430043322,0.0,0.0,0.0,0.0,2.3201436221655254e-05,-0.011596745472428623,10668.819785114949,-0.04914441179767881,-0.1167508258326011,-2.5535263734131903,
2016-01-08,61.48589706420898,67.66831970214844,1.0,1.0,0.8022105569956678,-0.1977894430043322,-0.01306696731966206,-0.012331956038669656,-0.008043328415707906,0.0,1.0,0.6044211139913356,0.1977894430043322,0.0,0.0,0.0,0.0,2.3201436221655254e-05,-0.008066529851929561,10582.759431833461,-0.056814516784786995,-0.12684450188053487,-2.6639560695809053,
2016-01-11,61.66752243041992,68.63394165039062,1.0,1.0,0.8022105569956678,-0.1977894430043322,0.0029539353718996963,0.014269926495773966,-0.00045276267329103425,0.0,1.0,0.6044211139913356,0.1977894430043322,0.0,0.0,0.0,0.0,2.3201436221655254e-05,-0.0004759641095126895,10577.722418164301,-0.05726343922341082,-0.12738838312255263,-2.4926805693540146,
2016-01-12,62.569068908691406,69.413818359375,1.0,1.0,0.8022105569956678,-0.1977894430043322,0.014619469742581437,0.011362843080715557,0.009480442561297205,0.0,1.0,0.6044211139913356,0.1977894430043322,0.0,0.0,0.0,0.0,2.3201436221655254e-05,0.00945724112507555,10677.758489626998,-0.0483477522507223,-0.11566052193990628,-2.033103201857923,
2016-01-13,60.96110153198242,67.87255096435547,1.0,1.0,0.8022105569956678,-0.1977894430043322,-0.025699077911092605,-0.022204042818102177,-0.01622434634389589,0.0,1.0,0.6044211139913356,0.1977894430043322,0.0,0.0,0.0,0.0,2.3201436221655254e-05,-0.016247547780117548,10504.271098382227,-0.06380976761608492,-0.13615936742248436,-2.446476624227769,
2016-01-14,61.32443618774414,68.52250671386719,1.0,1.0,0.8022105569956678,-0.1977894430043322,0.005960106471683435,0.009576120836434443,0.0028872047260221044,0.0,1.0,0.6044211139913356,0.1977894430043322,0.0,0.0,0.0,0.0,2.3201436221655254e-05,0.002864003289800449,10534.355365364949,-0.06112851571065847,-0.1325667644301194,-2.211421537666695,
2016-01-15,60.5776252746582,66.69339752197266,1.0,1.0,0.8022105569956678,-0.1977894430043322,-0.012178031458774163,-0.0266935533974616,-0.004489642341363656,0.0,1.0,0.6044211139913356,0.1977894430043322,0.0,0.0,0.0,0.0,2.3201436221655254e-05,-0.004512843777585312,10486.815465303489,-0.0653654960464859,-0.1381486764589379,-2.2240009105056013,
2016-01-19,60.78618240356445,66.28483581542969,1.0,1.0,0.8022105569956678,-0.1977894430043322,0.003442807933798253,-0.006125969312155144,0.003973508928314199,0.0,1.0,0.6044211139913356,0.1977894430043322,0.0,0.0,0.0,0.0,2.3201436221655254e-05,0.003950307492092543,10528.24161100427,-0.06167340236315,-0.1331967445694473,-1.9990460442796771,
2016-01-20,59.67609405517578,65.62561798095703,1.0,1.0,0.8022105569956678,-0.1977894430043322,-0.018262182366030277,-0.009945228442720278,-0.012683054293573125,0.0,1.0,0.6044211139913356,0.1977894430043322,0.0,0.0,0.0,0.0,2.3201436221655254e-05,-0.01270625572979478,10394.467080709785,-0.07359602007079202,-0.14916341344927142,-2.2733692294708088,
2016-01-21,59.925025939941406,66.44268035888672,1.0,1.0,0.8022105569956678,-0.1977894430043322,0.004171383678956309,0.012450357087178565,0.0008837788310600901,0.0,1.0,0.6044211139913356,0.1977894430043322,0.0,0.0,0.0,0.0,2.3201436221655254e-05,0.0008605773948384348,10403.412324110834,-0.0727987777471768,-0.14805145785771168,-2.1414655022969202,
2016-01-22,60.48342514038086,67.50115203857422,1.0,1.0,0.8022105569956678,-0.1977894430043322,0.009318297183535496,0.015930598735183876,0.004324332123297634,0.0,1.0,0.6044211139913356,0.1977894430043322,0.0,0.0,0.0,0.0,2.3201436221655254e-05,0.004301130687075979,10448.158760108372,-0.06881076411705067,-0.14267312769452323,-1.9252469763547406,
2016-01-25,60.16051483154297,66.60980224609375,1.0,1.0,0.8022105569956678,-0.1977894430043322,-0.005338823125317749,-0.013204956738680496,-0.001671059234822585,0.0,1.0,0.6044211139913356,0.1977894430043322,0.0,0.0,0.0,0.0,2.3201436221655254e-05,-0.00169426067104424,10430.456855636294,-0.07038844141670697,-0.14474881107395854,-1.8792497060591449,
2016-01-26,61.176414489746094,66.73979949951172,1.0,1.0,0.8022105569956678,-0.1977894430043322,0.016886485447270116,0.0019516234703367275,0.013160506377201715,0.0,1.0,0.6044211139913356,0.1977894430043322,0.0,0.0,0.0,0.0,2.3201436221655254e-05,0.01313730494098006,10567.484948022524,-0.058175850894938486,-0.12848403190969981,-1.4491010955957333,
2016-01-27,61.13604736328125,65.83918762207031,1.0,1.0,0.8022105569956678,-0.1977894430043322,-0.0006598478645983841,-0.013494374933625597,0.0021397079788215575,0.0,1.0,0.6044211139913356,0.1977894430043322,0.0,0.0,0.0,0.0,2.3201436221655254e-05,0.0021165065425999023,10589.851099053838,-0.056182473921379206,-0.1257943322348678,-1.338522249232508,
2016-01-28,61.2234992980957,64.3721694946289,1.0,1.0,0.8022105569956678,-0.1977894430043322,0.001430447969506421,-0.022281838224711636,0.00555463283394942,0.0,1.0,0.6044211139913356,0.1977894430043322,0.0,0.0,0.0,0.0,2.3201436221655254e-05,0.005531431397727765,10648.428133920404,-0.050961812023902264,-0.11880906649237089,-1.1425776398093714,
2016-01-29,62.70361709594727,69.16315460205078,1.0,1.0,0.8022105569956678,-0.1977894430043322,0.024175648481719714,0.07442634208284105,0.004673215688836821,0.0,1.0,0.6044211139913356,0.1977894430043322,0.0,0.0,0.0,0.0,2.3201436221655254e-05,0.004650014252615165,10697.943476511082,-0.046548770923537486,-0.11262047552392662,-0.9729962597848602,
2016-02-01,63.29568099975586,69.06100463867188,1.0,1.0,0.8022105569956678,-0.1977894430043322,0.009442260769464417,-0.001476941934859033,0.007866804793815902,0.0,1.0,0.6044211139913356,0.1977894430043322,0.0,0.0,0.0,0.0,2.3201436221655254e-05,0.007843603357594247,10781.853901882796,-0.039070277661851116,-0.10285809689035652,-0.72712476760145,
2016-02-02,63.70605850219727,68.15110778808594,1.0,1.0,0.8022105569956678,-0.1977894430043322,0.006483499283987504,-0.013175262296668433,0.007807059362982657,0.0,1.0,0.6044211139913356,0.1977894430043322,0.0,0.0,0.0,0.0,2.3201436221655254e-05,0.007783857926761001,10865.778320842146,-0.03159053722556904,-0.09312550207936265,-0.4843326930461467,
2016-02-03,64.13666534423828,69.06100463867188,1.0,1.0,0.8022105569956678,-0.1977894430043322,0.006759276153086136,0.013351167429519029,0.0027816427183126134,0.0,1.0,0.6044211139913356,0.1977894430043322,0.0,0.0,0.0,0.0,2.3201436221655254e-05,0.002758441282090958,10895.750932324405,-0.028919236585484565,-0.08965899041520231,-0.3834756212308311,
2016-02-04,64.755615234375,68.41109466552734,1.0,1.0,0.8022105569956678,-0.1977894430043322,0.009650484427505823,-0.009410664912056665,0.009603050659123567,0.0,1.0,0.6044211139913356,0.1977894430043322,0.0,0.0,0.0,0.0,2.3201436221655254e-05,0.009579849222901912,11000.130583426366,-0.01961642928871299,-0.07772353653542363,-0.08556867788711882,
2016-02-05,64.16358184814453,66.42413330078125,1.0,1.0,0.8022105569956678,-0.1977894430043322,-0.009142579899637737,-0.029044431673848514,-0.0015895921505179045,0.0,1.0,0.6044211139913356,0.1977894430043322,0.0,0.0,0.0,0.0,2.3201436221655254e-05,-0.0016127935867395597,10982.389643368118,-0.021197585624101012,-0.0796410482035701,-0.10894607643967726,
2016-02-08,65.4620361328125,62.92369079589844,0.0,1.0,0.8022105569956678,-0.1977894430043322,0.020236624067232034,-0.05269835421159563,0.026657211591442652,0.0,1.0,0.6044211139913356,0.1977894430043322,0.0,0.0,0.0,0.0,2.3201436221655254e-05,0.026634010155220995,11274.894720658178,0.0,-0.046258512364854676,0.6977487855845976,Exit Long Spread
2016-02-09,65.61677551269531,63.44367218017578,0.0,0.0,0.0,-0.0,0.0023638033434962846,0.008263682210949419,0.0,0.0,0.0,0.0,0.0,0.8022105569956678,0.1977894430043322,1.0,0.001,0.0,-0.001,11263.619825937518,-0.001000000000000223,-0.04592658254084858,0.7258270543899185,
2016-02-10,64.66815948486328,65.1335220336914,0.0,0.0,0.0,-0.0,-0.01445691319666409,0.026635435740802738,-0.0,0.0,0.0,0.0,0.0,0.0,0.0,0.0,0.0,0.0,0.0,11263.619825937518,-0.001000000000000223,-0.06697019256639924,0.23431243863531745,
2016-02-11,63.97519302368164,63.573638916015625,0.0,0.0,0.0,-0.0,-0.010715728833195604,-0.023949006118061722,0.0,0.0,0.0,0.0,0.0,0.0,0.0,0.0,0.0,0.0,0.0,11263.619825937518,-0.001000000000000223,-0.07176713244384048,0.13251316082234654,
2016-02-12,65.42840576171875,65.38421630859375,0.0,0.0,0.0,-0.0,0.022715253668702085,0.02848000245777982,0.0,0.0,0.0,0.0,0.0,0.0,0.0,0.0,0.0,0.0,0.0,11263.619825937518,-0.001000000000000223,-0.05622979748659773,0.5345194170503295,
2016-02-16,66.30976104736328,66.01556396484375,0.0,0.0,0.0,-0.0,0.013470529739854964,0.00965596426621107,0.0,0.0,0.0,0.0,0.0,0.0,0.0,0.0,0.0,0.0,0.0,11263.619825937518,-0.001000000000000223,-0.0452184993562923,0.8248844466392729,
2016-02-17,66.13484954833984,67.01101684570312,0.0,0.0,0.0,-0.0,-0.0026377941386110937,0.015079063497654754,-0.0,0.0,0.0,0.0,0.0,0.0,0.0,0.0,0.0,0.0,0.0,11263.619825937518,-0.001000000000000223,-0.05154985294810821,0.684288237578238,
2016-02-18,66.09412384033203,66.27604675292969,0.0,0.0,0.0,-0.0,-0.0006157979988756779,-0.010967899419669358,0.0,0.0,0.0,0.0,0.0,0.0,0.0,0.0,0.0,0.0,0.0,11263.619825937518,-0.001000000000000223,-0.049446705447450556,0.7609783350509455,
2016-02-19,66.0331039428711,66.54586029052734,0.0,0.0,0.0,-0.0,-0.000923227269164606,0.004071056600637224,-0.0,0.0,0.0,0.0,0.0,0.0,0.0,0.0,0.0,0.0,0.0,11263.619825937518,-0.001000000000000223,-0.05137206302462838,0.7358254989597108,
2016-02-22,66.47390747070312,67.96927642822266,0.0,0.0,0.0,-0.0,0.0066754930710721805,0.021390002796281227,0.0,0.0,0.0,0.0,0.0,0.0,0.0,0.0,0.0,0.0,0.0,11263.619825937518,-0.001000000000000223,-0.049936963788580035,0.7941099200391553,
2016-02-23,65.76184844970703,67.1226806640625,0.0,0.0,0.0,-0.0,-0.010711857450382611,-0.012455565347296083,0.0,0.0,0.0,0.0,0.0,0.0,0.0,0.0,0.0,0.0,0.0,11263.619825937518,-0.001000000000000223,-0.057616332029778894,0.6132865056574858,
2016-02-24,65.69403076171875,66.84355926513672,0.0,0.0,0.0,-0.0,-0.0010312618879645408,-0.0041583768133864885,0.0,0.0,0.0,0.0,0.0,0.0,0.0,0.0,0.0,0.0,0.0,11263.619825937518,-0.001000000000000223,-0.05762071760705201,0.6385779340339566,
2016-02-25,66.27044677734375,68.16463470458984,0.0,0.0,0.0,-0.0,0.008774252530123094,0.019763690832396374,0.0,0.0,0.0,0.0,0.0,0.0,0.0,0.0,0.0,0.0,0.0,11263.619825937518,-0.001000000000000223,-0.05371005472212431,0.777473310551756,
2016-02-26,66.08060455322266,67.66224670410156,0.0,0.0,0.0,-0.0,-0.002864658884207172,-0.007370214813965048,0.0,0.0,0.0,0.0,0.0,0.0,0.0,0.0,0.0,0.0,0.0,11263.619825937518,-0.001000000000000223,-0.054754927888400085,0.772629890433861,
2016-02-29,65.47701263427734,67.34593200683594,0.0,0.0,0.0,-0.0,-0.009134176707768615,-0.0046749068006701755,0.0,0.0,0.0,0.0,0.0,0.0,0.0,0.0,0.0,0.0,0.0,11263.619825937518,-0.001000000000000223,-0.06277575025235249,0.5825150078530541,
2016-03-01,66.70450592041016,69.4391860961914,0.0,0.0,0.0,-0.0,0.018746934790519365,0.03108211627605062,0.0,0.0,0.0,0.0,0.0,0.0,0.0,0.0,0.0,0.0,0.0,11263.619825937518,-0.001000000000000223,-0.051749154254315144,0.9335979132281746,
2016-03-02,66.98255920410156,69.12284088134766,0.0,0.0,0.0,-0.0,0.004168433299291285,-0.00455571605354832,0.0,0.0,0.0,0.0,0.0,0.0,0.0,0.0,0.0,0.0,0.0,11263.619825937518,-0.001000000000000223,-0.046463581481516636,1.1082025003026574,
2016-03-03,67.55897521972656,68.76004028320312,0.0,0.0,0.0,-0.0,0.008605464205519775,-0.005248635523636747,0.0,0.0,0.0,0.0,0.0,0.0,0.0,0.0,0.0,0.0,0.0,11263.619825937518,-0.001000000000000223,-0.03659744514044494,1.4157725951826308,
2016-03-04,68.08795928955078,68.750732421875,0.0,0.0,0.0,-0.0,0.007829959943941756,-0.00013536730475705028,0.0,0.0,0.0,0.0,0.0,0.0,0.0,0.0,0.0,0.0,0.0,11263.619825937518,-0.001000000000000223,-0.02876460243718837,1.6420102394030016,
2016-03-07,68.69832611083984,66.92730712890625,0.0,0.0,0.0,-0.0,0.008964387061351387,-0.026522267163346935,0.0,0.0,0.0,0.0,0.0,0.0,0.0,0.0,0.0,0.0,0.0,11263.619825937518,-0.001000000000000223,-0.013212663720483464,2.0400528041227397,
2016-03-08,68.2371597290039,65.69926452636719,0.0,0.0,0.0,-0.0,-0.006712920211358275,-0.01834890204343309,0.0,0.0,0.0,0.0,0.0,0.0,0.0,0.0,0.0,0.0,0.0,11263.619825937518,-0.001000000000000223,-0.015382173557448198,1.9149980508481783,
2016-03-09,67.51827239990234,65.75509643554688,0.0,0.0,0.0,-0.0,-0.010535129714609237,0.000849810261685402,-0.0,0.0,0.0,0.0,0.0,0.0,0.0,0.0,0.0,0.0,0.0,11263.619825937518,-0.001000000000000223,-0.026182627053001895,1.5734094434471282,
2016-03-10,67.72853088378906,65.3271484375,0.0,0.0,0.0,-0.0,0.0031140975089141154,-0.006508210332659914,0.0,0.0,0.0,0.0,0.0,0.0,0.0,0.0,0.0,0.0,0.0,11263.619825937518,-0.001000000000000223,-0.021463488685306453,1.6439465179454034,
2016-03-11,68.37278747558594,66.63890075683594,0.0,0.0,0.0,-0.0,0.00951233672707752,0.02007974250691391,0.0,0.0,0.0,0.0,0.0,0.0,0.0,0.0,0.0,0.0,0.0,11263.619825937518,-0.001000000000000223,-0.016897831170360256,1.7022653559758145,
2016-03-14,68.6915283203125,66.5086441040039,0.0,0.0,0.0,-0.0,0.004661808542475665,-0.0019546638877993017,0.0,0.0,0.0,0.0,0.0,0.0,0.0,0.0,0.0,0.0,0.0,11263.619825937518,-0.001000000000000223,-0.011764450404652127,1.7688832546767954,
2016-03-15,68.77967834472656,66.89940643310547,0.0,0.0,0.0,-0.0,0.0012832735938412831,0.0058753615318107855,0.0,0.0,0.0,0.0,0.0,0.0,0.0,0.0,0.0,0.0,0.0,11263.619825937518,-0.001000000000000223,-0.01192636339748998,1.7086630896715422,
2016-03-16,68.94921112060547,67.32732391357422,0.0,0.0,0.0,-0.0,0.002464867239262203,0.006396431646918055,0.0,0.0,0.0,0.0,0.0,0.0,0.0,0.0,0.0,0.0,0.0,11263.619825937518,-0.001000000000000223,-0.011036582085171665,1.676015784494447,
2016-03-17,70.3598403930664,68.04366302490234,0.0,0.0,0.0,-0.0,0.020458961742049198,0.01063964924920624,0.0,0.0,0.0,0.0,0.0,0.0,0.0,0.0,0.0,0.0,0.0,11263.619825937518,-0.001000000000000223,0.006606499323760007,2.0148938138452293,
2016-03-18,71.20074462890625,68.63909912109375,0.0,0.0,0.0,-0.0,0.01195148015035441,0.008750794265345307,0.0,0.0,0.0,0.0,0.0,0.0,0.0,0.0,0.0,0.0,0.0,11263.619825937518,-0.001000000000000223,0.016338953325634842,2.1246980688763766,
2016-03-21,71.30926513671875,68.62977600097656,0.0,0.0,0.0,-0.0,0.0015241484956105555,-0.0001358281247360038,0.0,0.0,0.0,0.0,0.0,0.0,0.0,0.0,0.0,0.0,0.0,11263.619825937518,-0.001000000000000223,0.017895432934644795,2.049175772063628,
2016-03-22,71.1125717163086,67.87623596191406,0.0,0.0,0.0,-0.0,-0.002758315066535122,-0.010979782872259092,0.0,0.0,0.0,0.0,0.0,0.0,0.0,0.0,0.0,0.0,0.0,11263.619825937518,-0.001000000000000223,0.017855404328443125,1.9457022755994509,
2016-03-23,71.1261215209961,68.76004028320312,0.0,0.0,0.0,-0.0,0.00019054021476749838,0.013020821039413155,0.0,0.0,0.0,0.0,0.0,0.0,0.0,0.0,0.0,0.0,0.0,11263.619825937518,-0.001000000000000223,0.014856292113346825,1.795355953498842,
2016-03-24,71.4991226196289,68.9739990234375,0.0,0.0,0.0,-0.0,0.005244220978964931,0.003111672700497836,0.0,0.0,0.0,0.0,0.0,0.0,0.0,0.0,0.0,0.0,0.0,11263.619825937518,-0.001000000000000223,0.01932080113145007,1.802543074993365,
2016-03-28,71.24820709228516,68.91819763183594,0.0,0.0,0.0,-0.0,-0.0035093511381756315,-0.0008090206801348865,0.0,0.0,0.0,0.0,0.0,0.0,0.0,0.0,0.0,0.0,0.0,11263.619825937518,-0.001000000000000223,0.01600482702311501,1.6619928097542165,
2016-03-29,71.9535140991211,70.12759399414062,0.0,0.0,0.0,-0.0,0.00989929481204177,0.01754828773621364,0.0,0.0,0.0,0.0,0.0,0.0,0.0,0.0,0.0,0.0,0.0,11263.619825937518,-0.001000000000000223,0.021566341643983744,1.696985987435666,
2016-03-30,71.70258331298828,71.4300308227539,0.0,0.0,0.0,-0.0,-0.0034874014045670476,0.01857238719357901,-0.0,0.0,0.0,0.0,0.0,0.0,0.0,0.0,0.0,0.0,0.0,11263.619825937518,-0.001000000000000223,0.013535723818601797,1.480629085155843,
2016-03-31,71.52622985839844,71.1509780883789,0.0,0.0,0.0,-0.0,-0.002459513262165758,-0.003906658462285106,0.0,0.0,0.0,0.0,0.0,0.0,0.0,0.0,0.0,0.0,0.0,11263.619825937518,-0.001000000000000223,0.012038275580732893,1.398093545998222,
2016-04-01,71.17359161376953,72.18360137939453,0.0,0.0,0.0,-0.0,-0.004930194773679952,0.01451312854382647,-0.0,0.0,0.0,0.0,0.0,0.0,0.0,0.0,0.0,0.0,0.0,11263.619825937518,-0.001000000000000223,0.003543312888167449,1.1951127193558289,
2016-04-04,71.1261215209961,72.4068832397461,0.0,0.0,0.0,-0.0,-0.0006669621652795055,0.003093249104848539,-0.0,0.0,0.0,0.0,0.0,0.0,0.0,0.0,0.0,0.0,0.0,11263.619825937518,-0.001000000000000223,0.002114647673783443,1.1292153945507502,
2016-04-05,70.47510528564453,71.60678100585938,0.0,0.0,0.0,-0.0,-0.009152983762222844,-0.011050085269345256,0.0,0.0,0.0,0.0,0.0,0.0,0.0,0.0,0.0,0.0,0.0,11263.619825937518,-0.001000000000000223,-0.004340857896757422,0.9753522592730747,
2016-04-06,70.98371124267578,72.76040649414062,0.0,0.0,0.0,-0.0,0.007216817271429532,0.016110562045609234,0.0,0.0,0.0,0.0,0.0,0.0,0.0,0.0,0.0,0.0,0.0,11263.619825937518,-0.001000000000000223,-0.0010904480667728311,1.0034905994561791,
2016-04-07,70.52255249023438,72.17430114746094,0.0,0.0,0.0,-0.0,-0.006496684159902788,-0.008055278618143591,0.0,0.0,0.0,0.0,0.0,0.0,0.0,0.0,0.0,0.0,0.0,11263.619825937518,-0.001000000000000223,-0.005614211694528359,0.8882982544356987,
2016-04-08,70.73957824707031,72.59295654296875,0.0,0.0,0.0,-0.0,0.003077395090967494,0.005800615854283819,0.0,0.0,0.0,0.0,0.0,0.0,0.0,0.0,0.0,0.0,0.0,11263.619825937518,-0.001000000000000223,-0.003967583990413859,0.8893704849144832,
2016-04-11,70.43441009521484,72.3975830078125,0.0,0.0,0.0,-0.0,-0.004313966232447952,-0.0026913566337610773,0.0,0.0,0.0,0.0,0.0,0.0,0.0,0.0,0.0,0.0,0.0,11263.619825937518,-0.001000000000000223,-0.007626418826908843,0.7923463578140499,
2016-04-12,71.3635025024414,73.0488052368164,0.0,0.0,0.0,-0.0,0.013190887890884406,0.008995082459225534,0.0,0.0,0.0,0.0,0.0,0.0,0.0,0.0,0.0,0.0,0.0,11263.619825937518,-0.001000000000000223,0.0032703548018575557,0.975974685429307,
2016-04-13,71.57373809814453,74.1558837890625,0.0,0.0,0.0,-0.0,0.0029459820262596192,0.015155327300112154,0.0,0.0,0.0,0.0,0.0,0.0,0.0,0.0,0.0,0.0,0.0,11263.619825937518,-0.001000000000000223,0.0025034083403938645,0.9343610906827844,
2016-04-14,71.26175689697266,74.73271942138672,0.0,0.0,0.0,-0.0,-0.004358878122923682,0.007778690008806821,-0.0,0.0,0.0,0.0,0.0,0.0,0.0,0.0,0.0,0.0,0.0,11263.619825937518,-0.001000000000000223,-0.003775455532539107,0.7815225589779404,
2016-04-15,71.57373809814453,74.50011444091797,0.0,0.0,0.0,-0.0,0.0043779611218808245,-0.003112491854567523,0.0,0.0,0.0,0.0,0.0,0.0,0.0,0.0,0.0,0.0,0.0,11263.619825937518,-0.001000000000000223,0.001361549001737128,0.8683826537591445,
2016-04-18,72.00777435302734,75.77465057373047,0.0,0.0,0.0,-0.0,0.0060641831266050605,0.01710784127483822,0.0,0.0,0.0,0.0,0.0,0.0,0.0,0.0,0.0,0.0,0.0,11263.619825937518,-0.001000000000000223,0.003225060642396249,0.89130500530967,
2016-04-19,72.45531463623047,75.12340545654297,0.0,0.0,0.0,-0.0,0.006215166170933095,-0.008594498453725286,0.0,0.0,0.0,0.0,0.0,0.0,0.0,0.0,0.0,0.0,0.0,11263.619825937518,-0.001000000000000223,0.011549171854857265,1.063821504682975,
2016-04-20,72.0009765625,75.49555206298828,0.0,0.0,0.0,-0.0,-0.006270596932902994,0.004953803733785511,-0.0,0.0,0.0,0.0,0.0,0.0,0.0,0.0,0.0,0.0,0.0,11263.619825937518,-0.001000000000000223,0.004040459788694495,0.8759388112282976,
2016-04-21,71.20074462890625,75.16064453125,0.0,0.0,0.0,-0.0,-0.01111418166528777,-0.004436122693146971,0.0,0.0,0.0,0.0,0.0,0.0,0.0,0.0,0.0,0.0,0.0,11263.619825937518,-0.001000000000000223,-0.006039762116247571,0.604428768800453,
2016-04-22,71.5601577758789,73.59770202636719,0.0,0.0,0.0,-0.0,0.005047884665334568,-0.020794692682990168,0.0,0.0,0.0,0.0,0.0,0.0,0.0,0.0,0.0,0.0,0.0,11263.619825937518,-0.001000000000000223,0.004176529419992692,0.8555007942631135,
2016-04-25,71.2549819946289,72.69526672363281,0.0,0.0,0.0,-0.0,-0.004264604645028758,-0.012261732063469477,0.0,0.0,0.0,0.0,0.0,0.0,0.0,0.0,0.0,0.0,0.0,11263.619825937518,-0.001000000000000223,0.0029446909078065797,0.8062450931098762,
2016-04-26,72.04166412353516,73.05809783935547,0.0,0.0,0.0,-0.0,0.01104038071282587,0.004991124347917264,0.0,0.0,0.0,0.0,0.0,0.0,0.0,0.0,0.0,0.0,0.0,11263.619825937518,-0.001000000000000223,0.012697043066724145,1.0758185282377488,
2016-04-27,72.19763946533203,73.27210235595703,0.0,0.0,0.0,-0.0,0.0021650713332970195,0.00292923745526652,0.0,0.0,0.0,0.0,0.0,0.0,0.0,0.0,0.0,0.0,0.0,11263.619825937518,-0.001000000000000223,0.014138610054680978,1.1050678618539795,
2016-04-28,71.1465072631836,72.26732635498047,0.0,0.0,0.0,-0.0,-0.014559093758919506,-0.013712940787413808,0.0,0.0,0.0,0.0,0.0,0.0,0.0,0.0,0.0,0.0,0.0,11263.619825937518,-0.001000000000000223,0.002876889787564174,0.7305026682146333,
2016-04-29,71.2549819946289,71.8580093383789,0.0,0.0,0.0,-0.0,0.001524666995163182,-0.005663929153694958,0.0,0.0,0.0,0.0,0.0,0.0,0.0,0.0,0.0,0.0,0.0,11263.619825937518,-0.001000000000000223,0.005800838428567712,0.8066874897052937,
2016-05-02,71.04475402832031,72.99301147460938,0.0,0.0,0.0,-0.0,-0.002950361650844835,0.015795067894043058,-0.0,0.0,0.0,0.0,0.0,0.0,0.0,0.0,0.0,0.0,0.0,11263.619825937518,-0.001000000000000223,-0.001017809557617877,0.5490939914990988,
2016-05-03,70.78706359863281,71.8115005493164,0.0,0.0,0.0,-0.0,-0.003627156335635706,-0.016186630766754417,0.0,0.0,0.0,0.0,0.0,0.0,0.0,0.0,0.0,0.0,0.0,11263.619825937518,-0.001000000000000223,-0.0006280042957811371,0.5381699597771599,
2016-05-04,69.92578125,71.69985961914062,0.0,0.0,0.0,-0.0,-0.012167228090097626,-0.0015546385930079731,0.0,0.0,0.0,0.0,0.0,0.0,0.0,0.0,0.0,0.0,0.0,11263.619825937518,-0.001000000000000223,-0.012486256066642998,0.08265887626837796,
2016-05-05,69.2679672241211,71.96967315673828,0.0,0.0,0.0,-0.0,-0.00940731750321211,0.0037630971529214463,-0.0,0.0,0.0,0.0,0.0,0.0,0.0,0.0,0.0,0.0,0.0,11263.619825937518,-0.001000000000000223,-0.022864172890149526,-0.3205993144807473,
2016-05-06,69.24762725830078,72.30457305908203,0.0,0.0,0.0,-0.0,-0.00029364173131429805,0.004653347551188514,-0.0,0.0,0.0,0.0,0.0,0.0,0.0,0.0,0.0,0.0,0.0,11263.619825937518,-0.001000000000000223,-0.024302505118975137,-0.4146997511350172,
2016-05-09,69.64093780517578,72.76971435546875,0.0,0.0,0.0,-0.0,0.005679769292425085,0.0064330826766190174,0.0,0.0,0.0,0.0,0.0,0.0,0.0,0.0,0.0,0.0,0.0,11263.619825937518,-0.001000000000000223,-0.020219836939635805,-0.3027462288288773,
2016-05-10,70.29200744628906,73.68142700195312,0.0,0.0,0.0,-0.0,0.009348949937100004,0.012528737463923578,0.0,0.0,0.0,0.0,0.0,0.0,0.0,0.0,0.0,0.0,0.0,11263.619825937518,-0.001000000000000223,-0.01398415667146402,-0.08050916401382294,
2016-05-11,69.47817993164062,72.04116821289062,0.0,0.0,0.0,-0.0,-0.011577810112626152,-0.022261495953641353,0.0,0.0,0.0,0.0,0.0,0.0,0.0,0.0,0.0,0.0,0.0,11263.619825937518,-0.001000000000000223,-0.020078801338384134,-0.35741776639333644,
2016-05-12,69.56018829345703,72.59101867675781,0.0,0.0,0.0,-0.0,0.001180347008184368,0.007632447911481766,0.0,0.0,0.0,0.0,0.0,0.0,0.0,0.0,0.0,0.0,0.0,11263.619825937518,-0.001000000000000223,-0.0207738274531184,-0.4181718868725776,
2016-05-13,68.78801727294922,71.60314178466797,0.0,0.0,0.0,-0.0,-0.011100760930235265,-0.01360880326654157,0.0,0.0,0.0,0.0,0.0,0.0,0.0,0.0,0.0,0.0,0.0,11263.619825937518,-0.001000000000000223,-0.028558295776196063,-0.7849858615762219,
2016-05-16,69.46454620361328,72.50714874267578,0.0,0.0,0.0,-0.0,0.009834982275759074,0.012625241511418972,0.0,0.0,0.0,0.0,0.0,0.0,0.0,0.0,0.0,0.0,0.0,11263.619825937518,-0.001000000000000223,-0.021864698943719674,-0.5245486556631426,
2016-05-17,69.08182525634766,71.56586456298828,0.0,0.0,0.0,-0.0,-0.005509586806250799,-0.012981950000931275,0.0,0.0,0.0,0.0,0.0,0.0,0.0,0.0,0.0,0.0,0.0,11263.619825937518,-0.001000000000000223,-0.024167790332112693,-0.6642614057870191,
2016-05-18,69.22535705566406,72.16232299804688,0.0,0.0,0.0,-0.0,0.0020777071072426434,0.008334398511089303,0.0,0.0,0.0,0.0,0.0,0.0,0.0,0.0,0.0,0.0,0.0,11263.619825937518,-0.001000000000000223,-0.024138614791850088,-0.7162545599713441,
2016-05-19,69.218505859375,71.64974212646484,0.0,0.0,0.0,-0.0,-9.896946119836159e-05,-0.007103164785810745,0.0,0.0,0.0,0.0,0.0,0.0,0.0,0.0,0.0,0.0,0.0,11263.619825937518,-0.001000000000000223,-0.02248001506053421,-0.6945403937058969,
2016-05-20,69.36886596679688,72.38597106933594,0.0,0.0,0.0,-0.0,0.0021722530059713474,0.010275388592070778,0.0,0.0,0.0,0.0,0.0,0.0,0.0,0.0,0.0,0.0,0.0,11263.619825937518,-0.001000000000000223,-0.02283064415880931,-0.7687905369975465,
2016-05-23,69.08182525634766,71.95726776123047,0.0,0.0,0.0,-0.0,-0.00413788962020234,-0.0059224640047286226,0.0,0.0,0.0,0.0,0.0,0.0,0.0,0.0,0.0,0.0,0.0,11263.619825937518,-0.001000000000000223,-0.025512561139549916,-0.9785398942154295,
2016-05-24,69.69003295898438,73.97962188720703,0.0,0.0,0.0,-0.0,0.008804163763475925,0.028104932120090576,0.0,0.0,0.0,0.0,0.0,0.0,0.0,0.0,0.0,0.0,0.0,11263.619825937518,-0.001000000000000223,-0.023580765608764986,-0.9801306713834366,
2016-05-25,69.90872955322266,73.68144226074219,0.0,0.0,0.0,-0.0,0.0031381330292523657,-0.0040305643481046705,0.0,0.0,0.0,0.0,0.0,0.0,0.0,0.0,0.0,0.0,0.0,11263.619825937518,-0.001000000000000223,-0.019451780242925487,-0.8128234580515549,
2016-05-26,70.01121520996094,73.62550354003906,0.0,0.0,0.0,-0.0,0.0014659922643889267,-0.0007591968749087741,0.0,0.0,0.0,0.0,0.0,0.0,0.0,0.0,0.0,0.0,0.0,11263.619825937518,-0.001000000000000223,-0.01779960622319421,-0.7779406359309188,
2016-05-27,70.3734130859375,74.2406005859375,0.0,0.0,0.0,-0.0,0.005173426498745082,0.008354401889610674,0.0,0.0,0.0,0.0,0.0,0.0,0.0,0.0,0.0,0.0,0.0,11263.619825937518,-0.001000000000000223,-0.014690783167754073,-0.6162884311223116,
2016-05-31,70.44859313964844,73.56957244873047,0.0,0.0,0.0,-0.0,0.0010683019398125548,-0.009038560193627254,0.0,0.0,0.0,0.0,0.0,0.0,0.0,0.0,0.0,0.0,0.0,11263.619825937518,-0.001000000000000223,-0.011384412177751102,-0.41848599259418867,
2016-06-01,70.3119125366211,73.8305435180664,0.0,0.0,0.0,-0.0,-0.001940146664907938,0.003547269076734194,-0.0,0.0,0.0,0.0,0.0,0.0,0.0,0.0,0.0,0.0,0.0,11263.619825937518,-0.001000000000000223,-0.014199494585677375,-0.6131740654869029,
2016-06-02,70.42123413085938,74.51089477539062,0.0,0.0,0.0,-0.0,0.001554808997427548,0.009215037908500978,0.0,0.0,0.0,0.0,0.0,0.0,0.0,0.0,0.0,0.0,0.0,11263.619825937518,-0.001000000000000223,-0.014907507039854329,-0.6632970107437379,
2016-06-03,70.46908569335938,74.50157165527344,0.0,0.0,0.0,-0.0,0.000679504741582404,-0.00012512425391331128,0.0,0.0,0.0,0.0,0.0,0.0,0.0,0.0,0.0,0.0,0.0,11263.619825937518,-0.001000000000000223,-0.014197381051086255,-0.6370046035408692,
2016-06-06,70.46223449707031,75.0607681274414,0.0,0.0,0.0,-0.0,-9.722272144807587e-05,0.007505834571590375,-0.0,0.0,0.0,0.0,0.0,0.0,0.0,0.0,0.0,0.0,0.0,11263.619825937518,-0.001000000000000223,-0.016138302854300957,-0.785319008899489,
2016-06-07,70.98161315917969,75.11664581298828,0.0,0.0,0.0,-0.0,0.007371021736913175,0.0007444326369270282,0.0,0.0,0.0,0.0,0.0,0.0,0.0,0.0,0.0,0.0,0.0,11263.619825937518,-0.001000000000000223,-0.008977790031311494,-0.2867364609391165,
2016-06-08,71.54198455810547,76.09523010253906,0.0,0.0,0.0,-0.0,0.00789459937560344,0.013027529104362223,0.0,0.0,0.0,0.0,0.0,0.0,0.0,0.0,0.0,0.0,0.0,11263.619825937518,-0.001000000000000223,-0.004305456886813053,0.03866899915506638,
2016-06-09,71.7332992553711,75.73175811767578,0.0,0.0,0.0,-0.0,0.0026741597741146705,-0.004776540978632893,0.0,0.0,0.0,0.0,0.0,0.0,0.0,0.0,0.0,0.0,0.0,11263.619825937518,-0.001000000000000223,-0.0004543621466210901,0.30141774264902127,
2016-06-10,71.42581176757812,74.7252197265625,0.0,0.0,0.0,-0.0,-0.0042865376468788075,-0.013290836184593369,0.0,0.0,0.0,0.0,0.0,0.0,0.0,0.0,0.0,0.0,0.0,11263.619825937518,-0.001000000000000223,-0.0014512128152355253,0.21870153206511264,
2016-06-13,70.82443237304688,73.06632995605469,0.0,0.0,0.0,-0.0,-0.008419636818243759,-0.022199864738813635,0.0,0.0,0.0,0.0,0.0,0.0,0.0,0.0,0.0,0.0,0.0,11263.619825937518,-0.001000000000000223,-0.004371325858922193,0.022087733766172783,
2016-06-14,70.88594818115234,73.22476959228516,0.0,0.0,0.0,-0.0,0.000868567612112292,0.002168435671064284,0.0,0.0,0.0,0.0,0.0,0.0,0.0,0.0,0.0,0.0,0.0,11263.619825937518,-0.001000000000000223,-0.004037196193807935,0.07219773477727277,
2016-06-15,70.99526977539062,72.85198974609375,0.0,0.0,0.0,-0.0,0.0015422181270525748,-0.005090898179223258,0.0,0.0,0.0,0.0,0.0,0.0,0.0,0.0,0.0,0.0,0.0,11263.619825937518,-0.001000000000000223,-0.0012377710983733081,0.3094010290218059,
2016-06-16,71.2139663696289,73.01972961425781,0.0,0.0,0.0,-0.0,0.003080438949385922,0.0023024747676581026,0.0,0.0,0.0,0.0,0.0,0.0,0.0,0.0,0.0,0.0,0.0,11263.619825937518,-0.001000000000000223,0.0012708976927864324,0.5324619500221559,
2016-06-17,71.7674789428711,71.75223541259766,0.0,0.0,0.0,-0.0,0.007772528360086461,-0.01735824287978005,0.0,0.0,0.0,0.0,0.0,0.0,0.0,0.0,0.0,0.0,0.0,11263.619825937518,-0.001000000000000223,0.013330726376177493,1.4718196179135323,
2016-06-20,72.5055160522461,72.07843780517578,0.0,0.0,0.0,-0.0,0.010283726281683947,0.004546233168936986,0.0,0.0,0.0,0.0,0.0,0.0,0.0,0.0,0.0,0.0,0.0,11263.619825937518,-0.001000000000000223,0.02244357623366744,2.157056166388278,
2016-06-21,72.89503479003906,72.06913757324219,0.0,0.0,0.0,-0.0,0.005372263504921371,-0.00012902932162228709,0.0,0.0,0.0,0.0,0.0,0.0,0.0,0.0,0.0,0.0,0.0,11263.619825937518,-0.001000000000000223,0.027833275551384595,2.4785862253962865,
2016-06-22,72.40300750732422,71.32353210449219,0.0,0.0,0.0,-0.0,-0.0067498051702977735,-0.010345697116081909,0.0,0.0,0.0,0.0,0.0,0.0,0.0,0.0,0.0,0.0,0.0,11263.619825937518,-0.001000000000000223,0.023624662737921964,2.1505755383604357,
2016-06-23,73.27091217041016,72.90789794921875,-1.0,0.0,0.0,-0.0,0.011987135520553416,0.022213788324523698,0.0,0.0,0.0,0.0,0.0,0.0,0.0,0.0,0.0,0.0,0.0,11263.619825937518,-0.001000000000000223,0.030123534984577205,2.51100100719624,Enter Short Spread
2016-06-24,71.35062408447266,69.94426727294922,-1.0,-1.0,-0.8022105569956678,0.1977894430043322,-0.02620805486181721,-0.040648966156365374,0.012984441913701945,0.0,1.0,-0.6044211139913356,0.8022105569956678,0.8022105569956678,0.1977894430043322,1.0,0.001,9.410227761279378e-05,0.011890339636089152,11397.548091199704,0.0,0.013797545802325395,1.3407277785581457,
2016-06-27,70.91327667236328,68.35059356689453,-1.0,-1.0,-0.8022105569956678,0.1977894430043322,-0.006129552722504483,-0.022784908158885453,0.00041057761000381533,0.0,1.0,-0.6044211139913356,0.8022105569956678,0.0,0.0,0.0,0.0,9.410227761279378e-05,0.00031647533239102153,11401.155134020306,0.0,0.013331864164227492,1.2818813224055776,
2016-06-28,71.54198455810547,70.04673767089844,-1.0,-1.0,-0.8022105569956678,0.1977894430043322,0.008865869908211588,0.024815352954380643,-0.0022040795985146903,0.0,1.0,-0.6044211139913356,0.8022105569956678,0.0,0.0,0.0,0.0,9.410227761279378e-05,-0.002298181876127484,11374.953205924383,-0.002298181876127514,0.016114982378215403,1.438413866641742,
2016-06-29,72.66954040527344,71.51924133300781,-1.0,-1.0,-0.8022105569956678,0.1977894430043322,0.015760757185204755,0.021021730791056292,-0.008485569376066537,0.0,1.0,-0.6044211139913356,0.8022105569956678,0.0,0.0,0.0,0.0,9.410227761279378e-05,-0.008579671653679332,11277.359842341586,-0.010858135883909048,0.02662353119809091,2.0530466721674223,
2016-06-30,73.6125717163086,69.12410736083984,-1.0,-1.0,-0.8022105569956678,0.1977894430043322,0.01297698190708152,-0.03348936492510801,-0.017034114718908505,0.0,1.0,-0.6044211139913356,0.8022105569956678,0.0,0.0,0.0,0.0,9.410227761279378e-05,-0.017128216996521298,11084.198775814102,-0.02780037237283317,0.04791544852438223,3.1249787890602727,
2016-07-01,74.04994201660156,69.41302490234375,-1.0,-1.0,-0.8022105569956678,0.1977894430043322,0.005941516375470801,0.004179692910835087,-0.003939648028202085,0.0,1.0,-0.6044211139913356,0.8022105569956678,0.0,0.0,0.0,0.0,9.410227761279378e-05,-0.004033750305814879,11039.487885612449,-0.03172198291808748,0.05281100498662861,3.082009828321972,
2016-07-05,74.1114501953125,69.59008026123047,-1.0,-1.0,-0.8022105569956678,0.1977894430043322,0.0008306310178762821,0.0025507512334437266,-0.00016182930580296276,0.0,1.0,-0.6044211139913356,0.8022105569956678,0.0,0.0,0.0,0.0,9.410227761279378e-05,-0.00025593158341575656,11036.662531997785,-0.03196979584418591,0.05301319014312256,2.8270334481094093,
2016-07-06,73.6125717163086,69.02157592773438,-1.0,-1.0,-0.8022105569956678,0.1977894430043322,-0.006731462920900433,-0.00816933004477094,0.003784243379897421,0.0,1.0,-0.6044211139913356,0.8022105569956678,0.0,0.0,0.0,0.0,9.410227761279378e-05,0.003690141102284627,11077.389374039154,-0.02839762779957755,0.04828143456315126,2.4072976206336305,
2016-07-07,73.70140838623047,69.44097137451172,-1.0,-1.0,-0.8022105569956678,0.1977894430043322,0.001206813834248921,0.006076294856212083,0.00023370817697737254,0.0,1.0,-0.6044211139913356,0.8022105569956678,0.0,0.0,0.0,0.0,9.410227761279378e-05,0.00013960589936457874,11078.93584294533,-0.028261986376581727,0.04799390995830022,2.2532705819160066,
2016-07-08,74.8426513671875,71.22102355957031,-1.0,-1.0,-0.8022105569956678,0.1977894430043322,0.015484683480895933,0.02563403347943316,-0.007351835356259654,0.0,1.0,-0.6044211139913356,0.8022105569956678,0.0,0.0,0.0,0.0,9.410227761279378e-05,-0.007445937633872447,10996.442777609085,-0.035497487022484675,0.057119364633903214,2.497913511450799,
2016-07-11,75.177490234375,71.31421661376953,-1.0,-1.0,-0.8022105569956678,0.1977894430043322,0.004473904399040274,0.0013085048422714074,-0.003330204895978133,0.0,1.0,-0.6044211139913356,0.8022105569956678,0.0,0.0,0.0,0.0,9.410227761279378e-05,-0.003424307173590927,10958.787579721738,-0.03880023989661985,0.061260882667826255,2.492909210219004,
2016-07-12,75.36883544921875,72.20893096923828,-1.0,-1.0,-0.8022105569956678,0.1977894430043322,0.002545246113526911,0.012546086852701865,0.0004396602280563951,0.0,1.0,-0.6044211139913356,0.8022105569956678,0.0,0.0,0.0,0.0,9.410227761279378e-05,0.0003455579504436013,10962.574475897134,-0.038468089677551665,0.060728831790647586,2.3156440585557743,
2016-07-13,75.71052551269531,72.19029235839844,-1.0,-1.0,-0.8022105569956678,0.1977894430043322,0.004533572284088017,-0.00025812057580221204,-0.0036879330721142464,0.0,1.0,-0.6044211139913356,0.8022105569956678,0.0,0.0,0.0,0.0,9.410227761279378e-05,-0.0037820353497270403,10921.113631705275,-0.04210463735228176,0.06531580765897482,2.3417357103411045,
2016-07-14,76.19572448730469,72.82400512695312,-1.0,-1.0,-0.8022105569956678,0.1977894430043322,0.006408606614783263,0.008778365454021664,-0.003404783868371986,0.0,1.0,-0.6044211139913356,0.8022105569956678,0.0,0.0,0.0,0.0,9.410227761279378e-05,-0.00349888614598478,10882.901898520577,-0.04545620416595286,0.06954905650424315,2.350315969881201,
2016-07-15,75.87452697753906,72.9731216430664,-1.0,-1.0,-0.8022105569956678,0.1977894430043322,-0.004215426940643363,0.002047628606162588,0.0037866593155206916,0.0,1.0,-0.6044211139913356,0.8022105569956678,0.0,0.0,0.0,0.0,9.410227761279378e-05,0.0036925570379078977,10923.087634518817,-0.041931496754654796,0.06482038163470438,2.0618654949940525,
2016-07-18,75.78569793701172,72.98243713378906,-1.0,-1.0,-0.8022105569956678,0.1977894430043322,-0.0011707360041089965,0.00012765646463952507,0.0009644258829881144,0.0,1.0,-0.6044211139913356,0.8022105569956678,0.0,0.0,0.0,0.0,9.410227761279378e-05,0.0008703236053753206,10932.594255530723,-0.04109766712071372,0.06361748738630024,1.9189330241235936,
2016-07-19,75.60802459716797,73.36455535888672,-1.0,-1.0,-0.8022105569956678,0.1977894430043322,-0.0023444178081123423,0.005235755890107718,0.002916293956887422,0.0,1.0,-0.6044211139913356,0.8022105569956678,0.0,0.0,0.0,0.0,9.410227761279378e-05,0.0028221916792746282,10963.448132071568,-0.03839146093562473,0.05998278027972859,1.7184949025806828,
2016-07-20,75.57384490966797,73.9610366821289,-1.0,-1.0,-0.8022105569956678,0.1977894430043322,-0.0004520642839448419,0.008130374679220731,0.0019707530202408337,0.0,1.0,-0.6044211139913356,0.8022105569956678,0.0,0.0,0.0,0.0,9.410227761279378e-05,0.00187665074262804,10984.022695150381,-0.03658685755667235,0.05753413013381703,1.5730510673798883,
2016-07-21,75.0954818725586,73.42977905273438,-1.0,-1.0,-0.8022105569956678,0.1977894430043322,-0.006329743281966893,-0.007182939196455296,0.003657077341065369,0.0,1.0,-0.6044211139913356,0.8022105569956678,0.0,0.0,0.0,0.0,9.410227761279378e-05,0.003562975063452575,11023.158494109599,-0.03315424055434435,0.05296165350641324,1.3794601376357438,
2016-07-22,75.41666412353516,74.4736099243164,-1.0,-1.0,-0.8022105569956678,0.1977894430043322,0.004276985019173729,0.014215361738081578,-0.000619394054213233,0.0,1.0,-0.6044211139913356,0.8022105569956678,0.0,0.0,0.0,0.0,9.410227761279378e-05,-0.0007134963318260267,11015.293510958914,-0.03384408145715034,0.053749320224569797,1.3618383701278107,
2016-07-25,75.23899841308594,73.56957244873047,-1.0,-1.0,-0.8022105569956678,0.1977894430043322,-0.0023557885052857275,-0.012139031215281038,-0.0005111338136933833,0.0,1.0,-0.6044211139913356,0.8022105569956678,0.0,0.0,0.0,0.0,9.410227761279378e-05,-0.000605236091306177,11008.626657769752,-0.034428833888881516,0.05440201175589188,1.3353692123167067,
2016-07-26,75.42352294921875,73.15018463134766,-1.0,-1.0,-0.8022105569956678,0.1977894430043322,0.0024525118625278175,-0.005700560753905126,-0.003094941643604174,0.0,1.0,-0.6044211139913356,0.8022105569956678,0.0,0.0,0.0,0.0,9.410227761279378e-05,-0.0031890439212169676,10973.519663845844,-0.03750808274667061,0.05826104722688008,1.4045000241370962,
2016-07-27,74.35063171386719,73.18748474121094,-1.0,-1.0,-0.8022105569956678,0.1977894430043322,-0.01422488891262641,0.0005099113563589164,0.011512211140955346,0.0,1.0,-0.6044211139913356,0.8022105569956678,0.0,0.0,0.0,0.0,9.410227761279378e-05,0.011418108863342552,11098.816505981664,-0.02651824525538493,0.043808325352853617,0.933910743570813,
2016-07-28,74.30279541015625,73.80258178710938,-1.0,-1.0,-0.8022105569956678,0.1977894430043322,-0.0006433879929229613,0.00840440203777204,0.00217843463800246,0.0,1.0,-0.6044211139913356,0.8022105569956678,0.0,0.0,0.0,0.0,9.410227761279378e-05,0.002084332360389666,11121.950128387109,-0.024489185731721874,0.04110123767715912,0.8268508827432723,
2016-07-29,73.87226104736328,72.74014282226562,-1.0,-1.0,-0.8022105569956678,0.1977894430043322,-0.005794322547575614,-0.014395688323051603,0.0018009515432228446,0.0,1.0,-0.6044211139913356,0.8022105569956678,0.0,0.0,0.0,0.0,9.410227761279378e-05,0.0017068492656100507,11140.933620795897,-0.022824135814793478,0.038865194800698166,0.7338414041643507,
2016-08-01,73.81073760986328,72.93582916259766,-1.0,-1.0,-0.8022105569956678,0.1977894430043322,-0.0008328354463192911,0.0026902111095681303,0.0012002047442030812,0.0,1.0,-0.6044211139913356,0.8022105569956678,0.0,0.0,0.0,0.0,9.410227761279378e-05,0.0011061024665902873,11153.25663495398,-0.02174327918112562,0.03736961654194082,0.6629538941366848,
2016-08-02,73.43489837646484,72.9544906616211,-1.0,-1.0,-0.8022105569956678,0.1977894430043322,-0.005091931683232742,0.0002558618889740849,0.004135408132296247,0.0,1.0,-0.6044211139913356,0.8022105569956678,0.0,0.0,0.0,0.0,9.410227761279378e-05,0.004041305854683454,11198.330356291606,-0.017789844567896784,0.032201600705676015,0.48165352749562634,
2016-08-03,74.00209045410156,73.35523986816406,-1.0,-1.0,-0.8022105569956678,0.1977894430043322,0.0077237402131205,0.00549313966705256,-0.005109580903365905,0.0,1.0,-0.6044211139913356,0.8022105569956678,0.0,0.0,0.0,0.0,9.410227761279378e-05,-0.005203683180978699,11140.057792961528,-0.022900955033905324,0.038545007910616214,0.6519678369564667,
2016-08-04,73.69457244873047,74.07284545898438,-1.0,-1.0,-0.8022105569956678,0.1977894430043322,-0.004155531330048423,0.009782608469551812,0.00526850778321321,0.0,1.0,-0.6044211139913356,0.8022105569956678,0.0,0.0,0.0,0.0,9.410227761279378e-05,0.0051744055056004165,11197.700969338135,-0.01784504835611589,0.03198058345383625,0.42696475029760744,
2016-08-05,74.34376525878906,74.6879653930664,-1.0,-1.0,-0.8022105569956678,0.1977894430043322,0.008809235042515962,0.008304256847033509,-0.0054243670138228155,0.0,1.0,-0.6044211139913356,0.8022105569956678,0.0,0.0,0.0,0.0,9.410227761279378e-05,-0.005518469291435609,11135.906800404166,-0.023265040296193917,0.03871223772289878,0.6125477324484792,
2016-08-08,74.4599380493164,74.51089477539062,-1.0,-1.0,-0.8022105569956678,0.1977894430043322,0.0015626433517719196,-0.0023708052126456547,-0.0017224892360914801,0.0,1.0,-0.6044211139913356,0.8022105569956678,0.0,0.0,0.0,0.0,9.410227761279378e-05,-0.001816591513704274,11115.67740661315,-0.02503936873513013,0.040858890542405435,0.6544921382140066,
2016-08-09,74.93147277832031,74.6134033203125,-1.0,-1.0,-0.8022105569956678,0.1977894430043322,0.006332730611346982,0.001375752435007982,-0.004808074043200095,0.0,1.0,-0.6044211139913356,0.8022105569956678,0.0,0.0,0.0,0.0,9.410227761279378e-05,-0.004902176320812889,11061.186396040654,-0.02981879765544171,0.0468326874230498,0.8174368909787427,
2016-08-10,75.0886459350586,74.25921630859375,-1.0,-1.0,-0.8022105569956678,0.1977894430043322,0.0020975586213722863,-0.00474696228770366,-0.0026215826968296043,0.0,1.0,-0.6044211139913356,0.8022105569956678,0.0,0.0,0.0,0.0,9.410227761279378e-05,-0.002715684974442398,11031.147698345421,-0.03245350416913517,0.05010122572721376,0.8935978749528392,
2016-08-11,75.78569793701172,74.6693115234375,-1.0,-1.0,-0.8022105569956678,0.1977894430043322,0.009283054625275566,0.00552248239652231,-0.006354675704354145,0.0,1.0,-0.6044211139913356,0.8022105569956678,0.0,0.0,0.0,0.0,9.410227761279378e-05,-0.0064487779819669385,10960.010275952505,-0.038692996707978544,0.05798360499866706,1.1175938098757612,
2016-08-12,75.64116668701172,74.57610321044922,-1.0,-1.0,-0.8022105569956678,0.1977894430043322,-0.0019071045584369006,-0.0012482814035190692,0.0012830025265579404,0.0,1.0,-0.6044211139913356,0.8022105569956678,0.0,0.0,0.0,0.0,9.410227761279378e-05,0.0011889002489451465,10973.040634898025,-0.03755009857245206,0.056382642526777715,1.0336227622127119,
2016-08-15,75.59988403320312,75.40558624267578,-1.0,-1.0,-0.8022105569956678,0.1977894430043322,-0.0005457696597861439,0.011122638439364563,0.00263776264442887,0.0,1.0,-0.6044211139913356,0.8022105569956678,0.0,0.0,0.0,0.0,9.410227761279378e-05,0.0025436603668160763,11000.952323464478,-0.03510195290314477,0.0531095148681624,0.8956591250512541,
2016-08-16,75.5723648071289,75.31237030029297,-1.0,-1.0,-0.8022105569956678,0.1977894430043322,-0.0003640114852839771,-0.0012361941207222893,4.7507709779587824e-05,0.0,1.0,-0.6044211139913356,0.8022105569956678,0.0,0.0,0.0,0.0,9.410227761279378e-05,-4.659456783320596e-05,11000.439738845214,-0.03514691191065222,0.05305041614742012,0.8663600115752399,
2016-08-17,75.8682861328125,75.47107696533203,-1.0,-1.0,-0.8022105569956678,0.1977894430043322,0.00391573462652417,0.0021073120445718185,-0.002724439580258997,0.0,1.0,-0.6044211139913356,0.8022105569956678,0.0,0.0,0.0,0.0,9.410227761279378e-05,-0.002818541857871791,10969.434538986283,-0.03786639072612885,0.05643948149724043,0.9574423859071723,
2016-08-18,76.04032135009766,74.9389419555664,-1.0,-1.0,-0.8022105569956678,0.1977894430043322,0.002267551121215572,-0.007050846909340658,-0.0032136365308738013,0.0,1.0,-0.6044211139913356,0.8022105569956678,0.0,0.0,0.0,0.0,9.410227761279378e-05,-0.003307738808486595,10933.150514654524,-0.04104887740447338,0.06044904849438182,1.072013409355025,
2016-08-19,76.09537506103516,75.12565612792969,-1.0,-1.0,-0.8022105569956678,0.1977894430043322,0.000724006815858047,0.0024915506876783677,-8.800348828517858e-05,0.0,1.0,-0.6044211139913356,0.8022105569956678,0.0,0.0,0.0,0.0,9.410227761279378e-05,-0.00018210576589797238,10931.159524906376,-0.04122350793311236,0.06055925178015187,1.0479120991120832,
2016-08-22,75.58609771728516,75.6764907836914,-1.0,-1.0,-0.8022105569956678,0.1977894430043322,-0.006692618879156731,0.007332177636142356,0.006819116849469461,0.0,1.0,-0.6044211139913356,0.8022105569956678,0.0,0.0,0.0,0.0,9.410227761279378e-05,0.006725014571856668,11004.67173199866,-0.03477572205280899,0.05204294330744341,0.7087522258567424,
2016-08-23,75.31773376464844,75.43374633789062,-1.0,-1.0,-0.8022105569956678,0.1977894430043322,-0.0035504406331503535,-0.0032076599124373217,0.0022137596904712935,0.0,1.0,-0.6044211139913356,0.8022105569956678,0.0,0.0,0.0,0.0,9.410227761279378e-05,0.0021196574128584996,11027.997866011467,-0.032729777256987114,0.04927832230116791,0.5786868765594272,
2016-08-24,75.4553451538086,74.95761108398438,-1.0,-1.0,-0.8022105569956678,0.1977894430043322,0.0018270781963536376,-0.006311966156015814,-0.0027141416878320554,0.0,1.0,-0.6044211139913356,0.8022105569956678,0.0,0.0,0.0,0.0,9.410227761279378e-05,-0.0028082439654448493,10997.028557553302,-0.035446108022959555,0.05266491579862387,0.6845359557425788,
2016-08-25,75.24201965332031,74.9856185913086,-1.0,-1.0,-0.8022105569956678,0.1977894430043322,-0.0028271754645536884,0.00037364460952260536,0.0023418929633431474,0.0,1.0,-0.6044211139913356,0.8022105569956678,0.0,0.0,0.0,0.0,9.410227761279378e-05,0.0022477906857303535,11021.747575915679,-0.03327799276868881,0.04974162938968796,0.5429619651966906,
2016-08-26,74.98046875,75.21903228759766,-1.0,-1.0,-0.8022105569956678,0.1977894430043322,-0.003476128159842218,0.0031127794992427127,0.0034042616306458715,0.0,1.0,-0.6044211139913356,0.8022105569956678,0.0,0.0,0.0,0.0,9.410227761279378e-05,0.0033101593530330776,11058.231316740868,-0.03007798887466895,0.04549316449684149,0.3402641996522874,
2016-08-29,75.09748840332031,75.49909973144531,-1.0,-1.0,-0.8022105569956678,0.1977894430043322,0.001560668468351123,0.003723358774104124,-0.0005155436632461821,0.0,1.0,-0.6044211139913356,0.8022105569956678,0.0,0.0,0.0,0.0,9.410227761279378e-05,-0.0006096459408589758,11051.489710905538,-0.030669297891701253,0.04613630653844214,0.3387287198934947,
2016-08-30,75.27640533447266,75.7791519165039,-1.0,-1.0,-0.8022105569956678,0.1977894430043322,0.0023824622494890146,0.0037093446949003628,-0.0011775671470683167,0.0,1.0,-0.6044211139913356,0.8022105569956678,0.0,0.0,0.0,0.0,9.410227761279378e-05,-0.0012716694246811106,11037.435869343,-0.03190196610797713,0.047603067830336965,0.37549785500368504,
2016-08-31,75.16629028320312,75.52710723876953,-1.0,-1.0,-0.8022105569956678,0.1977894430043322,-0.0014628096384287081,-0.003326042471576973,0.0005156252469605632,0.0,1.0,-0.6044211139913356,0.8022105569956678,0.0,0.0,0.0,0.0,9.410227761279378e-05,0.00042152296934776945,11042.088402084632,-0.0314938905501112,0.046960608179650976,0.31571777596299067,
2016-09-01,75.3590087890625,75.90052795410156,-1.0,-1.0,-0.8022105569956678,0.1977894430043322,0.002563895399563698,0.004944194594286744,-0.0010788744616536193,0.0,1.0,-0.6044211139913356,0.8022105569956678,0.0,0.0,0.0,0.0,9.410227761279378e-05,-0.0011729767392664131,11029.136289236063,-0.03262992568833334,0.04830520756123757,0.3528932047777059,
2016-09-02,75.42096710205078,76.55401611328125,-1.0,-1.0,-0.8022105569956678,0.1977894430043322,0.000822175264562075,0.00860979728065736,0.0010433693315890307,0.0,1.0,-0.6044211139913356,0.8022105569956678,0.0,0.0,0.0,0.0,9.410227761279378e-05,0.000949267053976237,11039.60588494925,-0.03171163314778669,0.04701333825018428,0.2566869044523071,
2016-09-06,75.3590087890625,77.04883575439453,-1.0,-1.0,-0.8022105569956678,0.1977894430043322,-0.0008214998477074076,0.006463666653112821,0.0019374608774860766,0.0,1.0,-0.6044211139913356,0.8022105569956678,0.0,0.0,0.0,0.0,9.410227761279378e-05,0.0018433585998732828,11059.955837396483,-0.029926730459592377,0.044602976411126205,0.09248789183567885,
2016-09-07,75.34525299072266,77.71170806884766,0.0,-1.0,-0.8022105569956678,0.1977894430043322,-0.00018253687994151946,0.008603274896536117,0.0018480699619291701,0.0,1.0,-0.6044211139913356,0.8022105569956678,0.0,0.0,0.0,0.0,9.410227761279378e-05,0.0017539676843163763,11079.35464252524,-0.028225253293399533,0.042308310502125135,-0.08336571769024996,Exit Short Spread
2016-09-08,74.9736328125,77.4596176147461,0.0,0.0,0.0,-0.0,-0.004932230810458793,-0.003243918585320804,0.0,0.0,0.0,0.0,0.0,0.8022105569956678,0.1977894430043322,1.0,0.001,0.0,-0.001,11068.275287882716,-0.029197028040106043,0.038164982204216935,-0.3975019202150198,
2016-09-09,74.07205200195312,75.92852783203125,0.0,0.0,0.0,-0.0,-0.012025305120289653,-0.019766296682871443,0.0,0.0,0.0,0.0,0.0,0.0,0.0,0.0,0.0,0.0,0.0,11068.275287882716,-0.029197028040106043,0.030989087460389975,-0.9512358911400087,
2016-09-12,74.70520782470703,77.4596176147461,0.0,0.0,0.0,-0.0,0.00854783694580541,0.020164881717473992,0.0,0.0,0.0,0.0,0.0,0.0,0.0,0.0,0.0,0.0,0.0,11068.275287882716,-0.029197028040106043,0.034578299218053,-0.8032312720202675,
2016-09-13,73.54212188720703,76.45133972167969,0.0,0.0,0.0,-0.0,-0.01556900745432821,-0.013016819913586275,0.0,0.0,0.0,0.0,0.0,0.0,0.0,0.0,0.0,0.0,0.0,11068.275287882716,-0.029197028040106043,0.022117261721944725,-1.7687269868297886,
2016-09-14,73.54212188720703,76.07789611816406,0.0,0.0,0.0,-0.0,0.0,-0.004884722816828835,0.0,0.0,0.0,0.0,0.0,0.0,0.0,0.0,0.0,0.0,0.0,11068.275287882716,-0.029197028040106043,0.02332456819332318,-1.6823043326455334,
2016-09-15,73.69353485107422,76.56338500976562,0.0,0.0,0.0,-0.0,0.0020588604187870008,0.0063814710497185345,0.0,0.0,0.0,0.0,0.0,0.0,0.0,0.0,0.0,0.0,0.0,11068.275287882716,-0.029197028040106043,0.023812924140381497,-1.6282956202084828,
2016-09-16,73.54212188720703,76.61937713623047,0.0,0.0,0.0,-0.0,-0.0020546302219478507,0.0007313172798943945,-0.0,0.0,0.0,0.0,0.0,0.0,0.0,0.0,0.0,0.0,0.0,11068.275287882716,-0.029197028040106043,0.0215759358559533,-1.7850710195676955,
2016-09-19,73.72107696533203,77.03020477294922,0.0,0.0,0.0,-0.0,0.002433368436111527,0.0053619286931594345,0.0,0.0,0.0,0.0,0.0,0.0,0.0,0.0,0.0,0.0,0.0,11068.275287882716,-0.029197028040106043,0.022687866966270454,-1.6713827488562114,
2016-09-20,74.56755065917969,77.00216674804688,0.0,0.0,0.0,-0.0,0.011482112425537538,-0.00036398741227527953,0.0,0.0,0.0,0.0,0.0,0.0,0.0,0.0,0.0,0.0,0.0,11068.275287882716,-0.029197028040106043,0.03419431967272235,-0.8873042896704558,
2016-09-21,75.4690933227539,77.6929931640625,0.0,0.0,0.0,-0.0,0.012090281303389405,0.008971519181739662,0.0,0.0,0.0,0.0,0.0,0.0,0.0,0.0,0.0,0.0,0.0,11068.275287882716,-0.029197028040106043,0.0440099831841263,-0.1851628758068581,
2016-09-22,75.47601318359375,77.82372283935547,0.0,0.0,0.0,-0.0,9.169132071384922e-05,0.0016826443411301906,0.0,0.0,0.0,0.0,0.0,0.0,0.0,0.0,0.0,0.0,0.0,11068.275287882716,-0.029197028040106043,0.043687153691098324,-0.2618392006685285,
2016-09-23,75.159423828125,77.05818176269531,0.0,0.0,0.0,-0.0,-0.004194569136801829,-0.009836860133771719,0.0,0.0,0.0,0.0,0.0,0.0,0.0,0.0,0.0,0.0,0.0,11068.275287882716,-0.029197028040106043,0.041921102497481266,-0.44457280649648456,
2016-09-26,74.90477752685547,76.37665557861328,0.0,0.0,0.0,-0.0,-0.0033880821366041314,-0.008844306580978345,0.0,0.0,0.0,0.0,0.0,0.0,0.0,0.0,0.0,0.0,0.0,11068.275287882716,-0.029197028040106043,0.04071758068367126,-0.5378510797827295,
2016-09-27,75.70999145507812,76.70342254638672,0.0,0.0,0.0,-0.0,0.01074983405342822,0.004278361827942279,0.0,0.0,0.0,0.0,0.0,0.0,0.0,0.0,0.0,0.0,0.0,11068.275287882716,-0.029197028040106043,0.05035744241242557,0.3055070216663589,
2016-09-28,75.18695068359375,77.4596176147461,0.0,0.0,0.0,-0.0,-0.006908477486683107,0.009858687438647928,-0.0,0.0,0.0,0.0,0.0,0.0,0.0,0.0,0.0,0.0,0.0,11068.275287882716,-0.029197028040106043,0.041006180734833864,-0.4926489713783691,
2016-09-29,74.47120666503906,76.4793472290039,0.0,0.0,0.0,-0.0,-0.009519524492577536,-0.012655244318628966,0.0,0.0,0.0,0.0,0.0,0.0,0.0,0.0,0.0,0.0,0.0,11068.275287882716,-0.029197028040106043,0.03458118806360333,-1.0241471253008052,
2016-09-30,75.2626724243164,77.20753479003906,0.0,0.0,0.0,-0.0,0.010627808984447373,0.009521362137868694,0.0,0.0,0.0,0.0,0.0,0.0,0.0,0.0,0.0,0.0,0.0,11068.275287882716,-0.029197028040106043,0.042816479918378336,-0.3044033453153192,
2016-10-03,75.13877868652344,77.35694122314453,0.0,0.0,0.0,-0.0,-0.0016461511902537973,0.0019351276207919543,-0.0,0.0,0.0,0.0,0.0,0.0,0.0,0.0,0.0,0.0,0.0,11068.275287882716,-0.029197028040106043,0.040692316976791876,-0.466889292606972,
2016-10-04,74.6845474243164,77.23554229736328,0.0,0.0,0.0,-0.0,-0.006045230840150739,-0.0015693346177050316,0.0,0.0,0.0,0.0,0.0,0.0,0.0,0.0,0.0,0.0,0.0,11068.275287882716,-0.029197028040106043,0.03501597179701332,-0.9291882297538249,
2016-10-05,75.125,77.81439208984375,0.0,0.0,0.0,-0.0,0.005897506122400253,0.007494603847692849,0.0,0.0,0.0,0.0,0.0,0.0,0.0,0.0,0.0,0.0,0.0,11068.275287882716,-0.029197028040106043,0.03905520973025789,-0.5507017470194736,
2016-10-06,75.09748840332031,77.82372283935547,0.0,0.0,0.0,-0.0,-0.0003662109375,0.00011991033099567616,-0.0,0.0,0.0,0.0,0.0,0.0,0.0,0.0,0.0,0.0,0.0,11068.275287882716,-0.029197028040106043,0.038659368939256034,-0.560158227354831,
2016-10-07,74.87723541259766,77.37560272216797,0.0,0.0,0.0,-0.0,-0.0029328942339557074,-0.00575814290088017,0.0,0.0,0.0,0.0,0.0,0.0,0.0,0.0,0.0,0.0,0.0,11068.275287882716,-0.029197028040106043,0.03714597045636303,-0.6756797667141721,
2016-10-10,75.0493392944336,77.59965515136719,0.0,0.0,0.0,-0.0,0.002298480718306406,0.0028956469651515437,0.0,0.0,0.0,0.0,0.0,0.0,0.0,0.0,0.0,0.0,0.0,11068.275287882716,-0.029197028040106043,0.03872890762293779,-0.49988982758201955,
2016-10-11,74.80843353271484,76.59139251708984,0.0,0.0,0.0,-0.0,-0.003209965124058245,-0.012993132924503437,0.0,0.0,0.0,0.0,0.0,0.0,0.0,0.0,0.0,0.0,0.0,11068.275287882716,-0.029197028040106043,0.038738302172821815,-0.4727873810107936,
2016-10-12,74.83595275878906,76.78743743896484,0.0,0.0,0.0,-0.0,0.00036786261621402083,0.002559620806362295,0.0,0.0,0.0,0.0,0.0,0.0,0.0,0.0,0.0,0.0,0.0,11068.275287882716,-0.029197028040106043,0.038475814797184205,-0.473524616330209,
2016-10-13,74.53314971923828,76.43268585205078,0.0,0.0,0.0,-0.0,-0.004046224152804978,-0.004619916990927564,0.0,0.0,0.0,0.0,0.0,0.0,0.0,0.0,0.0,0.0,0.0,11068.275287882716,-0.029197028040106043,0.0355630879055453,-0.74642276257889,
2016-10-14,74.61573791503906,76.97418212890625,0.0,0.0,0.0,-0.0,0.0011080733353130423,0.007084616624668083,0.0,0.0,0.0,0.0,0.0,0.0,0.0,0.0,0.0,0.0,0.0,11068.275287882716,-0.029197028040106043,0.034929954889446835,-0.7847488205910707,
2016-10-17,74.34734344482422,76.69407653808594,0.0,0.0,0.0,-0.0,-0.003597022259840821,-0.0036389550765375533,0.0,0.0,0.0,0.0,0.0,0.0,0.0,0.0,0.0,0.0,0.0,11068.275287882716,-0.029197028040106043,0.03222528867421404,-1.0340476905478204,
2016-10-18,74.41614532470703,76.16194152832031,0.0,0.0,0.0,-0.0,0.0009254114094052746,-0.0069384108106623765,0.0,0.0,0.0,0.0,0.0,0.0,0.0,0.0,0.0,0.0,0.0,11068.275287882716,-0.029197028040106043,0.03486693803440355,-0.7289774221528286,
2016-10-19,74.36111450195312,77.31023406982422,0.0,0.0,0.0,-0.0,-0.0007395011191964063,0.015076986201525866,-0.0,0.0,0.0,0.0,0.0,0.0,0.0,0.0,0.0,0.0,0.0,11068.275287882716,-0.029197028040106043,0.030437593566196464,-1.1682372734882394,
2016-10-20,73.91376495361328,77.02084350585938,0.0,0.0,0.0,-0.0,-0.006015906987624442,-0.0037432374568090454,0.0,0.0,0.0,0.0,0.0,0.0,0.0,0.0,0.0,0.0,0.0,11068.275287882716,-0.029197028040106043,0.02532816564312501,-1.648317186074766,
2016-10-21,73.74858856201172,76.88079833984375,0.0,0.0,0.0,-0.0,-0.002234717602400904,-0.0018182761917554524,0.0,0.0,0.0,0.0,0.0,0.0,0.0,0.0,0.0,0.0,0.0,11068.275287882716,-0.029197028040106043,0.023539661436325465,-1.7581818552498214,
2016-10-24,74.63639068603516,77.64632415771484,0.0,0.0,0.0,-0.0,0.012038225291280291,0.009957308383911068,0.0,0.0,0.0,0.0,0.0,0.0,0.0,0.0,0.0,0.0,0.0,11068.275287882716,-0.029197028040106043,0.03306311645064075,-0.7665498440926112,
2016-10-25,74.216552734375,76.58204650878906,0.0,0.0,0.0,-0.0,-0.005625110590171012,-0.01370673577237247,0.0,0.0,0.0,0.0,0.0,0.0,0.0,0.0,0.0,0.0,0.0,11068.275287882716,-0.029197028040106043,0.030824971343896168,-0.9770674602078505,
2016-10-26,74.74649810791016,76.3206558227539,0.0,0.0,0.0,-0.0,0.007140528009052849,-0.0034132110324990306,0.0,0.0,0.0,0.0,0.0,0.0,0.0,0.0,0.0,0.0,0.0,11068.275287882716,-0.029197028040106043,0.03878311198784212,-0.1816403904016109,
2016-10-27,74.38175201416016,76.4793472290039,0.0,0.0,0.0,-0.0,-0.004879775012649024,0.0020792720468563175,-0.0,0.0,0.0,0.0,0.0,0.0,0.0,0.0,0.0,0.0,0.0,11068.275287882716,-0.029197028040106043,0.03337926823021076,-0.7214255818168887,
2016-10-28,74.12022399902344,76.7594223022461,0.0,0.0,0.0,-0.0,-0.0035160238641183117,0.0036621007290185137,-0.0,0.0,0.0,0.0,0.0,0.0,0.0,0.0,0.0,0.0,0.0,11068.275287882716,-0.029197028040106043,0.028955786719012444,-1.1599107564241973,
2016-10-31,74.16150665283203,77.03020477294922,0.0,0.0,0.0,-0.0,0.0005569688214803747,0.0035276772880976637,0.0,0.0,0.0,0.0,0.0,0.0,0.0,0.0,0.0,0.0,0.0,11068.275287882716,-0.029197028040106043,0.02864436270662618,-1.1612314631882033,
2016-11-01,73.52836608886719,76.19927215576172,0.0,0.0,0.0,-0.0,-0.008537320674035453,-0.010787101236933272,0.0,0.0,0.0,0.0,0.0,0.0,0.0,0.0,0.0,0.0,0.0,11068.275287882716,-0.029197028040106043,0.02274445853069884,-1.6793573888815099,
2016-11-02,73.56965637207031,75.22834014892578,0.0,0.0,0.0,-0.0,0.0005615558375555718,-0.012742011562147493,0.0,0.0,0.0,0.0,0.0,0.0,0.0,0.0,0.0,0.0,0.0,11068.275287882716,-0.029197028040106043,0.02646765697378961,-1.2701676326886597,
2016-11-03,73.96881103515625,75.2937240600586,0.0,0.0,0.0,-0.0,0.005425533878631317,0.0008691393563033945,0.0,0.0,0.0,0.0,0.0,0.0,0.0,0.0,0.0,0.0,0.0,11068.275287882716,-0.029197028040106043,0.031664327626300004,-0.7415430974911074,
2016-11-04,73.59718322753906,75.02296447753906,0.0,0.0,0.0,-0.0,-0.005024114926500012,-0.0035960445030392973,0.0,0.0,0.0,0.0,0.0,0.0,0.0,0.0,0.0,0.0,0.0,11068.275287882716,-0.029197028040106043,0.02751577203622313,-1.1144983139827258,
2016-11-07,75.56546783447266,77.03020477294922,0.0,0.0,0.0,-0.0,0.026744020906999788,0.026755011740586365,0.0,0.0,0.0,0.0,0.0,0.0,0.0,0.0,0.0,0.0,0.0,11068.275287882716,-0.029197028040106043,0.04739852956488089,0.8807480200776283,
2016-11-08,77.10017395019531,77.37560272216797,-1.0,0.0,0.0,-0.0,0.020309622367249203,0.004483928742456733,0.0,0.0,0.0,0.0,0.0,0.0,0.0,0.0,0.0,0.0,0.0,11068.275287882716,-0.029197028040106043,0.06640159593644235,2.6499229891696654,Enter Short Spread
2016-11-09,78.10505676269531,77.71170806884766,-1.0,-1.0,-0.8022105569956678,0.1977894430043322,0.013033470107980838,0.004343815554969321,-0.009596426455778758,0.0,1.0,-0.6044211139913356,0.8022105569956678,0.8022105569956678,0.1977894430043322,1.0,0.001,9.410227761279378e-05,-0.010690528733391552,10949.949572888518,-0.039575425106305295,0.07828218890497896,3.4159083315895935,
2016-11-10,78.52782440185547,76.43268585205078,-1.0,-1.0,-0.8022105569956678,0.1977894430043322,0.005412807527233943,-0.016458552367215273,-0.007597539246701827,0.0,1.0,-0.6044211139913356,0.8022105569956678,0.0,0.0,0.0,0.0,9.410227761279378e-05,-0.00769164152431462,10865.726486064537,-0.046962666647529794,0.08777211177673161,3.741659439205718,
2016-11-11,79.16541290283203,76.4420166015625,-1.0,-1.0,-0.8022105569956678,0.1977894430043322,0.008119268626541665,0.00012207800115482392,-0.006489217267443945,0.0,1.0,-0.6044211139913356,0.8022105569956678,0.0,0.0,0.0,0.0,9.410227761279378e-05,-0.006583319545056738,10794.19393651759,-0.05323681595135776,0.09582849930825521,3.8326052192509947,
2016-11-14,78.25060272216797,73.17444610595703,-1.0,-1.0,-0.8022105569956678,0.1977894430043322,-0.011555680026413828,-0.04274573906961365,0.0008154325890657437,0.0,1.0,-0.6044211139913356,0.8022105569956678,0.0,0.0,0.0,0.0,9.410227761279378e-05,0.00072133031145295,10801.9801157917,-0.052553886968935815,0.09497661664439172,3.403862721522669,
2016-11-15,78.43773651123047,73.35183715820312,-1.0,-1.0,-0.8022105569956678,0.1977894430043322,0.002391467701877259,0.002424221318863662,-0.0014389752527828343,0.0,1.0,-0.6044211139913356,0.8022105569956678,0.0,0.0,0.0,0.0,9.410227761279378e-05,-0.0015330775303956281,10785.419842792398,-0.05400639531608453,0.0967682475004552,3.173026412812527,
2016-11-16,78.1812973022461,74.91890716552734,-1.0,-1.0,-0.8022105569956678,0.1977894430043322,-0.003269334639043997,0.02136374585880385,0.006848218155691638,0.0,1.0,-0.6044211139913356,0.8022105569956678,0.0,0.0,0.0,0.0,9.410227761279378e-05,0.006754115878078845,10858.265818204349,-0.04761704489012786,0.08828168381445578,2.5056068089939836,
2016-11-17,78.65258026123047,75.8450927734375,-1.0,-1.0,-0.8022105569956678,0.1977894430043322,0.006028078009020721,0.012362508249937898,-0.00239061419633817,0.0,1.0,-0.6044211139913356,0.8022105569956678,0.0,0.0,0.0,0.0,9.410227761279378e-05,-0.0024847164739509636,10831.286106247318,-0.049983446508199414,0.09126230785295597,2.4968612198806146,
2016-11-18,79.06839752197266,75.6111831665039,-1.0,-1.0,-0.8022105569956678,0.1977894430043322,0.005286759307337796,-0.0030840440479428244,-0.004851085483084922,0.0,1.0,-0.6044211139913356,0.8022105569956678,0.0,0.0,0.0,0.0,9.410227761279378e-05,-0.004945187760697715,10777.723362762088,-0.054681456740987455,0.0972967043515709,2.6065702748343047,
2016-11-21,79.49114990234375,76.42510986328125,-1.0,-1.0,-0.8022105569956678,0.1977894430043322,0.005346666855789106,0.01076463378419823,-0.0021600216761306704,0.0,1.0,-0.6044211139913356,0.8022105569956678,0.0,0.0,0.0,0.0,9.410227761279378e-05,-0.0022541239537434642,10753.429038363265,-0.05681232191326546,0.0999892320258422,2.541905685777307,
2016-11-22,79.44261932373047,74.7785873413086,-1.0,-1.0,-0.8022105569956678,0.1977894430043322,-0.0006105154935223123,-0.02154426110630603,-0.003771465430043148,0.0,1.0,-0.6044211139913356,0.8022105569956678,0.0,0.0,0.0,0.0,9.410227761279378e-05,-0.003865567707655942,10711.860930325998,-0.06045827774393653,0.10474844201170419,2.5606013903447757,
2016-11-23,80.1703109741211,74.4417724609375,-1.0,-1.0,-0.8022105569956678,0.1977894430043322,0.00915996547678355,-0.004504162118412092,-0.00823909672379356,0.0,1.0,-0.6044211139913356,0.8022105569956678,0.0,0.0,0.0,0.0,9.410227761279378e-05,-0.008333199001406354,10622.596861518201,-0.06828766588562041,0.11497974402078981,2.7585419114326197,
2016-11-25,80.5722885131836,74.96566009521484,-1.0,-1.0,-0.8022105569956678,0.1977894430043322,0.0050140449023861056,0.007037549173781965,-0.0026303668227465136,0.0,1.0,-0.6044211139913356,0.8022105569956678,0.0,0.0,0.0,0.0,9.410227761279378e-05,-0.0027244691003593074,10593.65592460342,-0.0708260873503389,0.1182521909426022,2.666144571395148,
2016-11-28,80.1772689819336,73.98332977294922,-1.0,-1.0,-0.8022105569956678,0.1977894430043322,-0.0049026723522364035,-0.013103737378126978,0.0013411946011600423,0.0,1.0,-0.6044211139913356,0.8022105569956678,0.0,0.0,0.0,0.0,9.410227761279378e-05,0.0012470923235472484,10606.867191585294,-0.06966732169663303,0.11658961440632565,2.428535880615612,
2016-11-29,80.58613586425781,74.04883575439453,-1.0,-1.0,-0.8022105569956678,0.1977894430043322,0.0050995361592616195,0.0008854154259660962,-0.0039157759188115345,0.0,1.0,-0.6044211139913356,0.8022105569956678,0.0,0.0,0.0,0.0,9.410227761279378e-05,-0.004009878196424328,10564.334946101388,-0.07339784241878278,0.12145798449256096,2.4280575594040767,
2016-11-30,80.33663940429688,72.33679962158203,-1.0,-1.0,-0.8022105569956678,0.1977894430043322,-0.0030960221294292767,-0.02312036530177175,-0.0020893025381737503,0.0,1.0,-0.6044211139913356,0.8022105569956678,0.0,0.0,0.0,0.0,9.410227761279378e-05,-0.002183404815786544,10541.26872630449,-0.07542099003196356,0.12412454547791252,2.355467018085483,
2016-12-01,80.69007110595703,70.5685806274414,-1.0,-1.0,-0.8022105569956678,0.1977894430043322,0.004399383696914505,-0.024444252488232454,-0.008364047130244204,0.0,1.0,-0.6044211139913356,0.8022105569956678,0.0,0.0,0.0,0.0,9.410227761279378e-05,-0.008458149407856998,10452.109100469033,-0.08324121743764201,0.13461602956972452,2.5040867489112912,
2016-12-02,80.63463592529297,70.83988952636719,-1.0,-1.0,-0.8022105569956678,0.1977894430043322,-0.0006870136548927652,0.0038446132331628746,0.0013115535167095246,0.0,1.0,-0.6044211139913356,0.8022105569956678,0.0,0.0,0.0,0.0,9.410227761279378e-05,0.0012174512390967307,10464.834033644574,-0.0821251083218586,0.13298268670636038,2.2991175209438905,
2016-12-05,80.78019714355469,72.32743072509766,-1.0,-1.0,-0.8022105569956678,0.1977894430043322,0.0018051947105779398,0.02099863803679125,0.0027051626668881633,0.0,1.0,-0.6044211139913356,0.8022105569956678,0.0,0.0,0.0,0.0,9.410227761279378e-05,0.0026110603892753694,10492.158347270164,-0.07972848154988743,0.12966253309798792,2.0812182135043304,
2016-12-06,80.76631927490234,72.14028930664062,-1.0,-1.0,-0.8022105569956678,0.1977894430043322,-0.00017179790521781868,-0.0025874196909927427,-0.0003739462062644207,0.0,1.0,-0.6044211139913356,0.8022105569956678,0.0,0.0,0.0,0.0,9.410227761279378e-05,-0.0004680484838772145,10487.247508463124,-0.08015921323885333,0.130129489786589,1.986062512199452,
2016-12-07,82.2078628540039,74.19849395751953,-1.0,-1.0,-0.8022105569956678,0.1977894430043322,0.01784832578782014,0.02853058492918259,-0.008675066869956517,0.0,1.0,-0.6044211139913356,0.8022105569956678,0.0,0.0,0.0,0.0,9.410227761279378e-05,-0.008769169147569311,10395.283061168988,-0.08822545268679494,0.14088450986730527,2.156343424873977,
2016-12-08,82.45733642578125,74.1704330444336,-1.0,-1.0,-0.8022105569956678,0.1977894430043322,0.0030346680124795355,-0.0003781870977327406,-0.002509244132000128,0.0,1.0,-0.6044211139913356,0.8022105569956678,0.0,0.0,0.0,0.0,9.410227761279378e-05,-0.002603346409612922,10368.220538334783,-0.09059911768091933,0.14400784432306923,2.118514331522932,
2016-12-09,82.88700866699219,74.03947448730469,-1.0,-1.0,-0.8022105569956678,0.1977894430043322,0.005210843083655492,-0.0017656436905316708,-0.0045294190146506685,0.0,1.0,-0.6044211139913356,0.8022105569956678,0.0,0.0,0.0,0.0,9.410227761279378e-05,-0.004623521292263462,10320.282849912908,-0.09480375202352476,0.14964087191720066,2.1402093076782656,
2016-12-12,83.25430297851562,73.44072723388672,-1.0,-1.0,-0.8022105569956678,0.1977894430043322,0.004431265133467255,-0.008086865250787723,-0.005154304244518642,0.0,1.0,-0.6044211139913356,0.8022105569956678,0.0,0.0,0.0,0.0,9.410227761279378e-05,-0.005248406522131435,10266.117810093183,-0.09955458991521349,0.15606431496408302,2.1741442695282687,
2016-12-13,83.27513122558594,74.0955810546875,-1.0,-1.0,-0.8022105569956678,0.1977894430043322,0.0002501762230318061,0.008916766560811196,0.001562948284237084,0.0,1.0,-0.6044211139913356,0.8022105569956678,0.0,0.0,0.0,0.0,9.410227761279378e-05,0.00146884600662429,10281.197156242073,-0.09823197427042729,0.15412572563875648,2.020319476135075,
2016-12-14,81.26531219482422,74.03012084960938,-1.0,-1.0,-0.8022105569956678,0.1977894430043322,-0.02413468464333335,-0.0008834562621191644,0.01918636048864,0.0,1.0,-0.6044211139913356,0.8022105569956678,0.0,0.0,0.0,0.0,9.410227761279378e-05,0.019092258211027207,10477.488427067523,-0.0810151862767503,0.1299129442811764,1.3951180922129611,
2016-12-15,81.27918243408203,74.37627410888672,-1.0,-1.0,-0.8022105569956678,0.1977894430043322,0.00017067847133311886,0.004675843498628707,0.0007879124096138895,0.0,1.0,-0.6044211139913356,0.8022105569956678,0.0,0.0,0.0,0.0,9.410227761279378e-05,0.0006938101320010957,10484.757814696146,-0.08037758530183403,0.128933440064241,1.3233533744301955,
2016-12-16,80.26042175292969,73.30036926269531,-1.0,-1.0,-0.8022105569956678,0.1977894430043322,-0.012534091149090543,-0.014465699701712409,0.007193817555476763,0.0,1.0,-0.6044211139913356,0.8022105569956678,0.0,0.0,0.0,0.0,9.410227761279378e-05,0.007099715277863969,10559.196609937848,-0.07384852799433528,0.11991278090403257,1.0788616250281338,
2016-12-19,81.07127380371094,73.06647491455078,-1.0,-1.0,-0.8022105569956678,0.1977894430043322,0.010102763392862979,-0.0031909027266465717,-0.008735670321568483,0.0,1.0,-0.6044211139913356,0.8022105569956678,0.0,0.0,0.0,0.0,9.410227761279378e-05,-0.008829772599181277,10465.96130504205,-0.0820262348845423,0.1307528450773343,1.2808724566993508,
2016-12-20,81.44549560546875,73.30974578857422,-1.0,-1.0,-0.8022105569956678,0.1977894430043322,0.004615960551747067,0.003329445882094939,-0.003044443038754419,0.0,1.0,-0.6044211139913356,0.8022105569956678,0.0,0.0,0.0,0.0,9.410227761279378e-05,-0.0031385453163672128,10433.113411206828,-0.08490733714559362,0.13453865501951068,1.3181178605252226,
2016-12-21,80.46138000488281,73.10391998291016,-1.0,-1.0,-0.8022105569956678,0.1977894430043322,-0.01208311881792834,-0.002807618597637229,0.009137888158579858,0.0,1.0,-0.6044211139913356,0.8022105569956678,0.0,0.0,0.0,0.0,9.410227761279378e-05,0.009043785880967064,10527.46825496963,-0.07663143504149428,0.12307514934531749,1.0267325308281747,
2016-12-22,80.60000610351562,72.87940979003906,-1.0,-1.0,-0.8022105569956678,0.1977894430043322,0.00172288989605196,-0.00307111018018702,-0.001989553635098176,0.0,1.0,-0.6044211139913356,0.8022105569956678,0.0,0.0,0.0,0.0,9.410227761279378e-05,-0.00208365591271097,10505.532633494286,-0.07855541741148153,0.12555492105120614,1.0466488241058316,
2016-12-23,80.37130737304688,73.11328887939453,-1.0,-1.0,-0.8022105569956678,0.1977894430043322,-0.0028374530167531997,0.003209124360766147,0.002910965684866192,0.0,1.0,-0.6044211139913356,0.8022105569956678,0.0,0.0,0.0,0.0,9.410227761279378e-05,0.0028168634072533983,10535.125283943284,-0.07595983388497585,0.12192347436390594,0.9340929823588398,
2016-12-27,80.48219299316406,73.30036926269531,-1.0,-1.0,-0.8022105569956678,0.1977894430043322,0.0013796667460255208,0.0025587740090502464,-0.0006006847427735231,0.0,1.0,-0.6044211139913356,0.8022105569956678,0.0,0.0,0.0,0.0,9.410227761279378e-05,-0.0006947870203863169,10527.805615637855,-0.07660184499870826,0.12267211614686446,0.9198541393677218,
2016-12-28,79.83767700195312,73.25360870361328,-1.0,-1.0,-0.8022105569956678,0.1977894430043322,-0.008008181278878479,-0.0006379307437653914,0.006298071597766687,0.0,1.0,-0.6044211139913356,0.8022105569956678,0.0,0.0,0.0,0.0,9.410227761279378e-05,0.006203969320153894,10593.119798685817,-0.07087311117479356,0.11478903269640761,0.7188714010294172,
2016-12-29,79.6852035522461,73.28168487548828,-1.0,-1.0,-0.8022105569956678,0.1977894430043322,-0.001909793163236695,0.0003832735666116083,0.0016078637024850213,0.0,1.0,-0.6044211139913356,0.8022105569956678,0.0,0.0,0.0,0.0,9.410227761279378e-05,0.0015137614248722274,10609.155254806117,-0.06946663473167847,0.11278293344325352,0.6491303588994294,
2016-12-30,79.44955444335938,72.99164581298828,-1.0,-1.0,-0.8022105569956678,0.1977894430043322,-0.0029572505105318614,-0.00395786563849887,0.0015895135391048101,0.0,1.0,-0.6044211139913356,0.8022105569956678,0.0,0.0,0.0,0.0,9.410227761279378e-05,0.0014954112614920163,10625.02030504907,-0.06807510465806221,0.11079907147763812,0.5811302388107544,
2017-01-03,79.75448608398438,74.37627410888672,-1.0,-1.0,-0.8022105569956678,0.1977894430043322,0.0038380535015132278,0.01896968181051828,0.0006730757620437232,0.0,1.0,-0.6044211139913356,0.8022105569956678,0.0,0.0,0.0,0.0,9.410227761279378e-05,0.0005789734844309295,10631.171910077235,-0.06753554485417801,0.10999650684013318,0.5398993643693125,
2017-01-04,79.77527618408203,74.98439025878906,-1.0,-1.0,-0.8022105569956678,0.1977894430043322,0.00026067624679781964,0.008176211529661526,0.001408051087198133,0.0,1.0,-0.6044211139913356,0.8022105569956678,0.0,0.0,0.0,0.0,9.410227761279378e-05,0.0013139488095853392,10645.140725752977,-0.06631033429335864,0.10824945553591947,0.47741907457591864,
2017-01-05,79.8168716430664,75.8637924194336,-1.0,-1.0,-0.8022105569956678,0.1977894430043322,0.0005214078969577596,0.011727803048201091,0.001901356713127779,0.0,1.0,-0.6044211139913356,0.8022105569956678,0.0,0.0,0.0,0.0,9.410227761279378e-05,0.001807254435514985,10664.379203546276,-0.06462291950361576,0.10589599731638,0.40153045421258077,
2017-01-06,79.97628784179688,76.91161346435547,-1.0,-1.0,-0.8022105569956678,0.1977894430043322,0.0019972744539946685,0.013811872719580176,0.0011296079598402129,0.0,1.0,-0.6044211139913356,0.8022105569956678,0.0,0.0,0.0,0.0,9.410227761279378e-05,0.001035505682227419,10675.422228808973,-0.06365433122173669,0.10450918947793686,0.3476645924530196,
2017-01-09,79.53965759277344,76.48126220703125,-1.0,-1.0,-0.8022105569956678,0.1977894430043322,-0.005459496318298118,-0.005595400199524647,0.0032729544935674215,0.0,1.0,-0.6044211139913356,0.8022105569956678,0.0,0.0,0.0,0.0,9.410227761279378e-05,0.0031788522159546277,10709.357818417273,-0.06067782671764155,0.10041818656440893,0.23060458851107699,
2017-01-10,78.95057678222656,76.06961822509766,-1.0,-1.0,-0.8022105569956678,0.1977894430043322,-0.00740612706133148,-0.0053822854128543485,0.004876714081152611,0.0,1.0,-0.6044211139913356,0.8022105569956678,0.0,0.0,0.0,0.0,9.410227761279378e-05,0.004782611803539818,10760.57651952797,-0.05618541340437444,0.09431511426817996,0.0639987269223922,
2017-01-11,79.13077545166016,76.52804565429688,-1.0,-1.0,-0.8022105569956678,0.1977894430043322,0.0022824237235232747,0.006026419481200529,-0.0006390222540506229,0.0,1.0,-0.6044211139913356,0.8022105569956678,0.0,0.0,0.0,0.0,9.410227761279378e-05,-0.0007331245316634167,10752.687676906662,-0.05687734703114944,0.09511354947758455,0.06003591261932204,
2017-01-12,78.94365692138672,76.12577056884766,-1.0,-1.0,-0.8022105569956678,0.1977894430043322,-0.0023646745429374283,-0.005256570738346511,0.0008572726837528827,0.0,1.0,-0.6044211139913356,0.8022105569956678,0.0,0.0,0.0,0.0,9.410227761279378e-05,0.000763170406140089,10760.893809928144,-0.05615758373304336,0.09404552955952128,0.009029232636474135,
2017-01-13,79.17235565185547,75.93864440917969,-1.0,-1.0,-0.8022105569956678,0.1977894430043322,0.0028969867800334725,-0.002458118430456291,-0.002810183253618371,0.0,1.0,-0.6044211139913356,0.8022105569956678,0.0,0.0,0.0,0.0,9.410227761279378e-05,-0.002904285531231165,10729.641101732856,-0.05889877160636958,0.09754513694387956,0.07133409925913047,
2017-01-17,79.0545425415039,76.02284240722656,0.0,-1.0,-0.8022105569956678,0.1977894430043322,-0.0014880586712566757,0.0011087635116737715,0.0014130380929085337,0.0,1.0,-0.6044211139913356,0.8022105569956678,0.0,0.0,0.0,0.0,9.410227761279378e-05,0.0013189358152957398,10743.7928096672,-0.057657519490422415,0.09578274968722877,-0.0008584102603665827,Exit Short Spread
2017-01-18,79.67132568359375,76.33153533935547,0.0,0.0,0.0,-0.0,0.007801994955141556,0.004060528682620745,0.0,0.0,0.0,0.0,0.0,0.8022105569956678,0.1977894430043322,1.0,0.001,0.0,-0.001,10733.049016857534,-0.05859986197093192,0.10255534779874065,0.14534707821708825,
2017-01-19,79.19315338134766,76.46255493164062,0.0,0.0,0.0,-0.0,-0.00600181179543946,0.0017164543029648538,-0.0,0.0,0.0,0.0,0.0,0.0,0.0,0.0,0.0,0.0,0.0,10733.049016857534,-0.05859986197093192,0.09611261423999262,-0.06065396786749844,
2017-01-20,79.67132568359375,76.56549072265625,0.0,0.0,0.0,-0.0,0.0060380510414013155,0.001346224843096655,0.0,0.0,0.0,0.0,0.0,0.0,0.0,0.0,0.0,0.0,0.0,10733.049016857534,-0.05859986197093192,0.10180081334811009,0.06643279782707116,
2017-01-23,79.3248291015625,76.8554916381836,0.0,0.0,0.0,-0.0,-0.004349075141630299,0.003787619106077722,-0.0,0.0,0.0,0.0,0.0,0.0,0.0,0.0,0.0,0.0,0.0,10733.049016857534,-0.05859986197093192,0.09651015915861372,-0.11850029433400655,
2017-01-24,80.42674255371094,77.86588287353516,0.0,0.0,0.0,-0.0,0.013891154442168707,0.013146636809094003,0.0,0.0,0.0,0.0,0.0,0.0,0.0,0.0,0.0,0.0,0.0,10733.049016857534,-0.05859986197093192,0.107085461577628,0.1626586295155229,
2017-01-25,81.07819366455078,78.49270629882812,0.0,0.0,0.0,-0.0,0.00809993156697586,0.0080500394031493,0.0,0.0,0.0,0.0,0.0,0.0,0.0,0.0,0.0,0.0,0.0,10733.049016857534,-0.05859986197093192,0.11317592927049702,0.3175821783638619,
2017-01-26,81.03662109375,77.87523651123047,0.0,0.0,0.0,-0.0,-0.0005127466328712638,-0.007866588078220937,0.0,0.0,0.0,0.0,0.0,0.0,0.0,0.0,0.0,0.0,0.0,10733.049016857534,-0.05859986197093192,0.1146102709411585,0.33299747133518987,
2017-01-27,81.84053802490234,78.3710708618164,0.0,0.0,0.0,-0.0,0.009920415243156677,0.0063670349240536606,0.0,0.0,0.0,0.0,0.0,0.0,0.0,0.0,0.0,0.0,0.0,10733.049016857534,-0.05859986197093192,0.12291695073979358,0.583480819714753,
2017-01-30,81.10591888427734,78.3055648803711,0.0,0.0,0.0,-0.0,-0.0089762256988275,-0.0008358438990939687,0.0,0.0,0.0,0.0,0.0,0.0,0.0,0.0,0.0,0.0,0.0,10733.049016857534,-0.05859986197093192,0.11410636411639508,0.2443059641637591,
2017-01-31,75.63093566894531,77.37939453125,0.0,0.0,0.0,-0.0,-0.06750411425760172,-0.011827644057430975,0.0,0.0,0.0,0.0,0.0,0.0,0.0,0.0,0.0,0.0,0.0,10733.049016857534,-0.05859986197093192,0.04714937844806766,-2.3414184131375237,
2017-02-01,73.0112533569336,77.12678527832031,1.0,0.0,0.0,-0.0,-0.0346377086154096,-0.003264554529793684,0.0,0.0,0.0,0.0,0.0,0.0,0.0,0.0,0.0,0.0,0.0,10733.049016857534,-0.05859986197093192,0.012703772458916962,-3.5184785701983126,Enter Long Spread
2017-02-02,72.83800506591797,76.99581909179688,1.0,1.0,0.8022105569956678,-0.1977894430043322,-0.0023728984649620255,-0.0016980635981498349,-0.0015677051460073635,0.0,1.0,0.6044211139913356,0.1977894430043322,0.8022105569956678,0.1977894430043322,1.0,0.001,2.3201436221655254e-05,-0.0025909065822290185,10705.240689512371,-0.06103894178506275,0.010747077030885732,-3.46499372463318,
2017-02-03,74.12012481689453,80.53219604492188,1.0,1.0,0.8022105569956678,-0.1977894430043322,0.017602345778364725,0.0459294672728765,0.005036423861904359,0.0,1.0,0.6044211139913356,0.1977894430043322,0.0,0.0,0.0,0.0,2.3201436221655254e-05,0.005013222425682703,10758.908442209367,-0.056331721151176684,0.017124490198462183,-3.072153440428323,
2017-02-06,73.50332641601562,80.29830932617188,1.0,1.0,0.8022105569956678,-0.1977894430043322,-0.008321604994630527,-0.0029042635149243434,-0.006101246714885796,0.0,1.0,0.6044211139913356,0.1977894430043322,0.0,0.0,0.0,0.0,2.3201436221655254e-05,-0.006124448151107451,10693.016065292544,-0.06211116859683108,0.009485171396803826,-3.0755251224293887,
2017-02-07,73.24689483642578,80.25151824951172,1.0,1.0,0.8022105569956678,-0.1977894430043322,-0.003488707138755709,-0.0005827155895660185,-0.0026834227050857758,0.0,1.0,0.6044211139913356,0.1977894430043322,0.0,0.0,0.0,0.0,2.3201436221655254e-05,-0.002706624141307431,10664.074089866835,-0.06464968114976954,0.006134078151169398,-2.9262563800048045,
2017-02-08,73.57264709472656,79.60600280761719,1.0,1.0,0.8022105569956678,-0.1977894430043322,0.004447318333811179,-0.008043653951661622,0.005158635552522458,0.0,1.0,0.6044211139913356,0.1977894430043322,0.0,0.0,0.0,0.0,2.3201436221655254e-05,0.005135434116300803,10718.838739766696,-0.05984625121165332,0.012562762838280506,-2.550402038058273,
2017-02-09,73.7805404663086,80.06441497802734,1.0,1.0,0.8022105569956678,-0.1977894430043322,0.0028256883473876115,0.00575851260259852,0.001127824022852595,0.0,1.0,0.6044211139913356,0.1977894430043322,0.0,0.0,0.0,0.0,2.3201436221655254e-05,0.0011046225866309398,10730.679011141097,-0.0588077361458359,0.01396874567167794,-2.3544781085442237,
2017-02-10,74.39041137695312,80.36380004882812,1.0,1.0,0.8022105569956678,-0.1977894430043322,0.008266013054255561,0.0037393025463676732,0.005891488368517071,0.0,1.0,0.6044211139913356,0.1977894430043322,0.0,0.0,0.0,0.0,2.3201436221655254e-05,0.005868286932295416,10793.649714556834,-0.053284549883082954,0.02128055608342061,-2.0496384905756133,
2017-02-13,75.19432067871094,80.86898803710938,1.0,1.0,0.8022105569956678,-0.1977894430043322,0.010806625301266637,0.0062862630683753196,0.007425832431299926,0.0,1.0,0.6044211139913356,0.1977894430043322,0.0,0.0,0.0,0.0,2.3201436221655254e-05,0.00740263099507827,10873.551120483831,-0.04627636474852781,0.03048414549100298,-1.7378086121969154,
2017-02-14,75.53392028808594,81.25257110595703,1.0,1.0,0.8022105569956678,-0.1977894430043322,0.004516293335849575,0.004743265350020565,0.0026848503809053935,0.0,1.0,0.6044211139913356,0.1977894430043322,0.0,0.0,0.0,0.0,2.3201436221655254e-05,0.0026616489446837383,10902.49269634863,-0.04373788724124095,0.03382355754348265,-1.5966370464457373,
2017-02-15,75.55470275878906,82.0539779663086,1.0,1.0,0.8022105569956678,-0.1977894430043322,0.0002751408986036985,0.009863156936984696,-0.0017301073833093567,0.0,1.0,0.6044211139913356,0.1977894430043322,0.0,0.0,0.0,0.0,2.3201436221655254e-05,-0.001753308819531012,10883.37725974925,-0.04541451003732422,0.031678759198125794,-1.5902037736230024,
2017-02-16,74.8772964477539,81.93214416503906,1.0,1.0,0.8022105569956678,-0.1977894430043322,-0.008965772960523699,-0.0014848006676722036,-0.0068987598235270686,0.0,1.0,0.6044211139913356,0.1977894430043322,0.0,0.0,0.0,0.0,2.3201436221655254e-05,-0.006921961259748724,10808.042943982035,-0.05202211381796418,0.023038909685878295,-1.72319684558607,
2017-02-17,74.65383911132812,81.97901153564453,1.0,1.0,0.8022105569956678,-0.1977894430043322,-0.002984313630790658,0.0005720266579507527,-0.0025071887340660467,0.0,1.0,0.6044211139913356,0.1977894430043322,0.0,0.0,0.0,0.0,2.3201436221655254e-05,-0.002530390170287702,10780.694378356535,-0.05442086774280941,0.01990913810310868,-1.720518820614341,
2017-02-21,75.22647857666016,82.4101791381836,1.0,1.0,0.8022105569956678,-0.1977894430043322,0.0076705963437202485,0.005259487696452458,0.005113162223415284,0.0,1.0,0.6044211139913356,0.1977894430043322,0.0,0.0,0.0,0.0,2.3201436221655254e-05,0.005089960787193628,10835.56769000109,-0.04960790703843165,0.026257107491932663,-1.5158077525358218,
2017-02-22,73.75991821289062,82.29769897460938,1.0,1.0,0.8022105569956678,-0.1977894430043322,-0.01949526804282109,-0.0013648819205406282,-0.015369350600580934,0.0,1.0,0.6044211139913356,0.1977894430043322,0.0,0.0,0.0,0.0,2.3201436221655254e-05,-0.015392552036802589,10668.78065048445,-0.0642368667847083,0.00690604923867455,-1.8559990045952914,
2017-02-23,73.38980102539062,82.65389251708984,1.0,1.0,0.8022105569956678,-0.1977894430043322,-0.0050178633120463445,0.004328110590192447,-0.00488143750538014,0.0,1.0,0.6044211139913356,0.1977894430043322,0.0,0.0,0.0,0.0,2.3201436221655254e-05,-0.004904638941601796,10616.454133446678,-0.06882644708799124,0.0008107372727210738,-1.8914268079564567,
2017-02-24,74.1510238647461,82.88822174072266,1.0,1.0,0.8022105569956678,-0.1977894430043322,0.010372324610774086,0.0028350657966211834,0.007760042218554615,0.0,1.0,0.6044211139913356,0.1977894430043322,0.0,0.0,0.0,0.0,2.3201436221655254e-05,0.00773684078233296,10698.591948750096,-0.06162210556839165,0.010431626283607276,-1.6175652371412257,
2017-02-27,74.53511810302734,82.48514556884766,1.0,1.0,0.8022105569956678,-0.1977894430043322,0.005179891230926881,-0.004862888398496912,0.005117191417269762,0.0,1.0,0.6044211139913356,0.1977894430043322,0.0,0.0,0.0,0.0,2.3201436221655254e-05,0.005093989981048107,10753.09046894835,-0.05684201797572008,0.016800044735234998,-1.4296045667718984,
2017-02-28,73.85772705078125,82.4289321899414,1.0,1.0,0.8022105569956678,-0.1977894430043322,-0.009088213307849813,-0.0006814969958358619,-0.007155867748570138,0.0,1.0,0.6044211139913356,0.1977894430043322,0.0,0.0,0.0,0.0,2.3201436221655254e-05,-0.007179069184791794,10675.893288521444,-0.06361301438086109,0.007838365812062209,-1.548825610316765,
2017-03-01,74.63288116455078,83.41312408447266,1.0,1.0,0.8022105569956678,-0.1977894430043322,0.010495233805889681,0.011939884072055706,0.006057804337074327,0.0,1.0,0.6044211139913356,0.1977894430043322,0.0,0.0,0.0,0.0,2.3201436221655254e-05,0.006034602900852671,10740.318065129548,-0.05796229076112325,0.015352498566615802,-1.347889862368987,
2017-03-02,73.99039459228516,82.98194885253906,1.0,1.0,0.8022105569956678,-0.1977894430043322,-0.008608626147623477,-0.005169153375635949,-0.005883526809881501,0.0,1.0,0.6044211139913356,0.1977894430043322,0.0,0.0,0.0,0.0,2.3201436221655254e-05,-0.005906728246103157,10676.877925042116,-0.06352665150717873,0.007984392863801926,-1.4402759041564517,
2017-03-03,73.9764175415039,83.22566223144531,1.0,1.0,0.8022105569956678,-0.1977894430043322,-0.00018890358482703817,0.002936944507525796,-0.0007324370682807367,0.0,1.0,0.6044211139913356,0.1977894430043322,0.0,0.0,0.0,0.0,2.3201436221655254e-05,-0.000755638504502392,10668.81006497408,-0.06423428682774035,0.007072412819490337,-1.4052228939126152,
2017-03-06,74.09515380859375,83.36624908447266,1.0,1.0,0.8022105569956678,-0.1977894430043322,0.0016050556520019743,0.0016892248046807001,0.000953481755374651,0.0,1.0,0.6044211139913356,0.1977894430043322,0.0,0.0,0.0,0.0,2.3201436221655254e-05,0.0009302803191529957,10678.735049006309,-0.06336376240143793,0.008260045417090023,-1.3332449470282242,
2017-03-07,73.77391815185547,83.4787368774414,1.0,1.0,0.8022105569956678,-0.1977894430043322,-0.004335447599827069,0.001349320548832189,-0.003744823193670623,0.0,1.0,0.6044211139913356,0.1977894430043322,0.0,0.0,0.0,0.0,2.3201436221655254e-05,-0.003768024629892278,10638.49731232556,-0.06689303081395881,0.003582714325548686,-1.3760856052330817,
2017-03-08,73.83677673339844,83.3849868774414,1.0,1.0,0.8022105569956678,-0.1977894430043322,0.0008520434201906291,-0.0011230404712236908,0.0009056437759702749,0.0,1.0,0.6044211139913356,0.1977894430043322,0.0,0.0,0.0,0.0,2.3201436221655254e-05,0.0008824423397486196,10647.885172785258,-0.06606961771683462,0.004711442389799814,-1.3103619457807587,
2017-03-09,73.95549011230469,83.52560424804688,1.0,1.0,0.8022105569956678,-0.1977894430043322,0.0016077811648642637,0.00168636316765447,0.0009562341921595056,0.0,1.0,0.6044211139913356,0.1977894430043322,0.0,0.0,0.0,0.0,2.3201436221655254e-05,0.0009330327559378503,10657.819998432931,-0.06519823007839887,0.005902500492561913,-1.2484665104071095,
2017-03-10,74.53511810302734,84.10676574707031,1.0,1.0,0.8022105569956678,-0.1977894430043322,0.007837524838824939,0.006957884402698289,0.0049111490859229095,0.0,1.0,0.6044211139913356,0.1977894430043322,0.0,0.0,0.0,0.0,2.3201436221655254e-05,0.004887947649701254,10709.914864645212,-0.06062896796417383,0.011999907252061126,-1.0977803553945322,
2017-03-13,75.06586456298828,84.4629135131836,1.0,1.0,0.8022105569956678,-0.1977894430043322,0.007120756946105589,0.0042344722561833414,0.004874812486998334,0.0,1.0,0.6044211139913356,0.1977894430043322,0.0,0.0,0.0,0.0,2.3201436221655254e-05,0.0048516110507766785,10761.8752059554,-0.05607150508436953,0.018053603045946387,-0.9494073279136513,
2017-03-14,74.6049575805664,83.93800354003906,1.0,1.0,0.8022105569956678,-0.1977894430043322,-0.006140034289955132,-0.006214679926505262,-0.003696402246603726,0.0,1.0,0.6044211139913356,0.1977894430043322,0.0,0.0,0.0,0.0,2.3201436221655254e-05,-0.003719603682825381,10721.845295305222,-0.059582544990381514,0.013431685967763896,-1.010046031572015,
2017-03-15,75.2404556274414,84.28483581542969,1.0,1.0,0.8022105569956678,-0.1977894430043322,0.00851817449515635,0.004132005298710606,0.006016102479822746,0.0,1.0,0.6044211139913356,0.1977894430043322,0.0,0.0,0.0,0.0,2.3201436221655254e-05,0.005992901043601091,10786.100253164785,-0.05394671624283376,0.020897115805083244,-0.8290226082490805,
2017-03-16,75.2823486328125,84.39732360839844,1.0,1.0,0.8022105569956678,-0.1977894430043322,0.0005567882998811502,0.0013346148435890992,0.0001826887256375265,0.0,1.0,0.6044211139913356,0.1977894430043322,0.0,0.0,0.0,0.0,2.3201436221655254e-05,0.00015948728941587125,10787.820499057532,-0.05379583276896416,0.02112491188260135,-0.7961064279436623,
2017-03-17,75.52676391601562,84.58479309082031,1.0,1.0,0.8022105569956678,-0.1977894430043322,0.003246647954559201,0.002221272836704369,0.002165150946863372,0.0,1.0,0.6044211139913356,0.1977894430043322,0.0,0.0,0.0,0.0,2.3201436221655254e-05,0.0021419495106417166,10810.927465896379,-0.05176911121599659,0.0238192411303082,-0.7135154673019307,
2017-03-20,74.80748748779297,83.59123229980469,1.0,1.0,0.8022105569956678,-0.1977894430043322,-0.009523464146067195,-0.01174632879870996,-0.0053165236467022465,0.0,1.0,0.6044211139913356,0.1977894430043322,0.0,0.0,0.0,0.0,2.3201436221655254e-05,-0.005339725082923902,10753.200085337061,-0.056832403477239724,0.01716340483202039,-0.8263009382732179,
2017-03-21,74.38147735595703,82.5414047241211,1.0,1.0,0.8022105569956678,-0.1977894430043322,-0.00569475257280172,-0.012559063274941606,-0.0020843405035729156,0.0,1.0,0.6044211139913356,0.1977894430043322,0.0,0.0,0.0,0.0,2.3201436221655254e-05,-0.002107541939794571,10730.537265170211,-0.058820168743166645,0.014568490701446501,-0.8530927605314432,
2017-03-22,74.38846588134766,82.97256469726562,1.0,1.0,0.8022105569956678,-0.1977894430043322,9.395518399268887e-05,0.005223559916209375,-0.000957793165843403,0.0,1.0,0.6044211139913356,0.1977894430043322,0.0,0.0,0.0,0.0,2.3201436221655254e-05,-0.0009809946020650582,10720.01066603582,-0.05974346107720219,0.01337789596469352,-0.8507640764540346,
2017-03-23,73.78089904785156,83.29126739501953,1.0,1.0,0.8022105569956678,-0.1977894430043322,-0.008167487073401758,0.003841061185907879,-0.00731176570691482,0.0,1.0,0.6044211139913356,0.1977894430043322,0.0,0.0,0.0,0.0,2.3201436221655254e-05,-0.007334967143136475,10641.379740026374,-0.06664021189632019,0.00423165155495675,-1.0204147416054263,
2017-03-24,73.36190032958984,83.6005859375,1.0,1.0,0.8022105569956678,-0.1977894430043322,-0.005678959238352044,0.0037136971516291695,-0.005290251144861595,0.0,1.0,0.6044211139913356,0.1977894430043322,0.0,0.0,0.0,0.0,2.3201436221655254e-05,-0.005313452581083251,10584.837273380443,-0.07159957487149915,-0.0023774308316726334,-1.1340961721089433,
2017-03-27,73.1733169555664,83.3756332397461,1.0,1.0,0.8022105569956678,-0.1977894430043322,-0.0025705900907173618,-0.002690802884109944,-0.0015299421047993626,0.0,1.0,0.6044211139913356,0.1977894430043322,0.0,0.0,0.0,0.0,2.3201436221655254e-05,-0.0015531435410210178,10568.397501736536,-0.07304151399526837,-0.004287004063997069,-1.1418787210216428,
2017-03-28,74.15800476074219,83.53497314453125,1.0,1.0,0.8022105569956678,-0.1977894430043322,0.01345692454769698,0.0019111087807510696,0.010417289795591228,0.0,1.0,0.6044211139913356,0.1977894430043322,0.0,0.0,0.0,0.0,2.3201436221655254e-05,0.010394088359369573,10678.246359186525,-0.06340662558626786,0.008609435518219577,-0.8213462694143966,
2017-03-29,74.0462646484375,83.59123229980469,1.0,1.0,0.8022105569956678,-0.1977894430043322,-0.0015067842327365355,0.0006734802580961041,-0.0013419655037391085,0.0,1.0,0.6044211139913356,0.1977894430043322,0.0,0.0,0.0,0.0,2.3201436221655254e-05,-0.0013651669399607636,10663.668770280206,-0.06468523189720388,0.006935520558293717,-0.8318816533412148,
2017-03-30,74.48623657226562,83.4318618774414,1.0,1.0,0.8022105569956678,-0.1977894430043322,0.00594185170470185,-0.001906544717413583,0.005143710583334614,0.0,1.0,0.6044211139913356,0.1977894430043322,0.0,0.0,0.0,0.0,2.3201436221655254e-05,0.005120509147112959,10718.27218376021,-0.05989594407170362,0.013330306882065601,-0.6565649595261834,
2017-03-31,74.93317413330078,83.30064392089844,1.0,1.0,0.8022105569956678,-0.1977894430043322,0.006000270407024111,-0.0015727559422769044,0.0051245547871481365,0.0,1.0,0.6044211139913356,0.1977894430043322,0.0,0.0,0.0,0.0,2.3201436221655254e-05,0.005101353350926481,10772.949877480978,-0.0551001410957741,0.01970072427208569,-0.479709155850932,
2017-04-03,74.3046646118164,83.75994873046875,1.0,1.0,0.8022105569956678,-0.1977894430043322,-0.008387600402010253,0.005513820637526701,-0.007819197103075931,0.0,1.0,0.6044211139913356,0.1977894430043322,0.0,0.0,0.0,0.0,2.3201436221655254e-05,-0.007842398539297586,10688.464111097896,-0.06251042236902704,0.009922021278896853,-0.6906331415194891,
2017-04-04,74.46528625488281,83.21629333496094,1.0,1.0,0.8022105569956678,-0.1977894430043322,0.002161662984491386,-0.006490636679557182,0.0030178882804188555,0.0,1.0,0.6044211139913356,0.1977894430043322,0.0,0.0,0.0,0.0,2.3201436221655254e-05,0.0029946868441972003,10720.472713956075,-0.059702934664323526,0.013686869622278497,-0.5719865322428824,
2017-04-05,74.54208374023438,83.45060729980469,1.0,1.0,0.8022105569956678,-0.1977894430043322,0.001031319279277243,0.0028157222035904983,0.0002704150871662722,0.0,1.0,0.6044211139913356,0.1977894430043322,0.0,0.0,0.0,0.0,2.3201436221655254e-05,0.000247213650944617,10723.122961155545,-0.059470480393829295,0.014024401149380417,-0.5378975738043321,
2017-04-06,74.49320220947266,83.50684356689453,1.0,1.0,0.8022105569956678,-0.1977894430043322,-0.0006557575038023122,0.0006738868524684971,-0.0006593432975770283,0.0,1.0,0.6044211139913356,0.1977894430043322,0.0,0.0,0.0,0.0,2.3201436221655254e-05,-0.0006825447337986836,10715.803950048532,-0.06011243386441878,0.013202333975782965,-0.5336629882051981,
2017-04-07,73.31998443603516,83.17878723144531,1.0,1.0,0.8022105569956678,-0.1977894430043322,-0.01574932663168982,-0.00392849641342774,-0.011857260972058206,0.0,1.0,0.6044211139913356,0.1977894430043322,0.0,0.0,0.0,0.0,2.3201436221655254e-05,-0.011880462408279861,10588.495244045484,-0.07127873276190222,-0.0017018309998986236,-0.8956505299983724,
2017-04-10,74.3186264038086,83.29126739501953,1.0,1.0,0.8022105569956678,-0.1977894430043322,0.013620324328418976,0.001352269819241858,0.010658903271623216,0.0,1.0,0.6044211139913356,0.1977894430043322,0.0,0.0,0.0,0.0,2.3201436221655254e-05,0.010635701835401561,10701.111322346718,-0.06140113027536154,0.011493386085213553,-0.5189992177255472,
2017-04-11,73.8507308959961,83.28189849853516,1.0,1.0,0.8022105569956678,-0.1977894430043322,-0.006295804032628416,-0.00011248353851955883,-0.005028312403319473,0.0,1.0,0.6044211139913356,0.1977894430043322,0.0,0.0,0.0,0.0,2.3201436221655254e-05,-0.005051513839541129,10647.054510403414,-0.06614247545555318,0.005205414898542093,-0.6645507171074252,
2017-04-12,72.78923034667969,83.12254333496094,1.0,1.0,0.8022105569956678,-0.1977894430043322,-0.014373595717167897,-0.0019134429743700165,-0.011152191406178605,0.0,1.0,0.6044211139913356,0.1977894430043322,0.0,0.0,0.0,0.0,2.3201436221655254e-05,-0.01117539284240026,10528.069493635207,-0.07657870015116874,-0.008800259742232086,-1.0278253055719713,
2017-04-13,72.44703674316406,83.30064392089844,1.0,1.0,0.8022105569956678,-0.1977894430043322,-0.004701157051473559,0.002142626762752009,-0.00419510677075761,0.0,1.0,0.6044211139913356,0.1977894430043322,0.0,0.0,0.0,0.0,2.3201436221655254e-05,-0.004218308206979266,10483.658851686558,-0.08047397579882054,-0.014040213306727,-1.1547222922162614,
2017-04-17,73.23619842529297,84.18170166015625,1.0,1.0,0.8022105569956678,-0.1977894430043322,0.010892946317826668,0.010576841880051369,0.006646448868747386,0.0,1.0,0.6044211139913356,0.1977894430043322,0.0,0.0,0.0,0.0,2.3201436221655254e-05,0.00662324743252573,10553.094718259463,-0.07438372741988974,-0.005800252001872508,-0.8907172290920383,
2017-04-18,72.69844818115234,84.10676574707031,1.0,1.0,0.8022105569956678,-0.1977894430043322,-0.007342683750702572,-0.0008901686662079467,-0.00571431245682497,0.0,1.0,0.6044211139913356,0.1977894430043322,0.0,0.0,0.0,0.0,2.3201436221655254e-05,-0.005737513893046626,10492.546190698813,-0.07969446364344812,-0.012950452202269647,-1.0912709518643497,
2017-04-19,72.94986724853516,84.12548065185547,1.0,1.0,0.8022105569956678,-0.1977894430043322,0.0034583828633634184,0.0002225136660400917,0.0027303403890561184,0.0,1.0,0.6044211139913356,0.1977894430043322,0.0,0.0,0.0,0.0,2.3201436221655254e-05,0.0027071389528344632,10520.950971206066,-0.07720306867746829,-0.009552891663011875,-0.967884834953614,
2017-04-20,73.69707489013672,85.43775177001953,1.0,1.0,0.8022105569956678,-0.1977894430043322,0.010242755330258202,0.015598973200459332,0.005131534237898421,0.0,1.0,0.6044211139913356,0.1977894430043322,0.0,0.0,0.0,0.0,2.3201436221655254e-05,0.005108332801676765,10574.695490157112,-0.07248911484390663,-0.00317856228103941,-0.7491000312608448,
2017-04-21,73.86471557617188,85.43775177001953,1.0,1.0,0.8022105569956678,-0.1977894430043322,0.002274726456715781,0.0,0.0018248095778547484,0.0,1.0,0.6044211139913356,0.1977894430043322,0.0,0.0,0.0,0.0,2.3201436221655254e-05,0.0018016081416330932,10593.746947647469,-0.07081810368175623,-0.0009064190977985387,-0.6664463284839193,
2017-04-24,74.70272827148438,86.0938949584961,1.0,1.0,0.8022105569956678,-0.1977894430043322,0.011345236880365484,0.0076797805991286605,0.007582289269948652,0.0,1.0,0.6044211139913356,0.1977894430043322,0.0,0.0,0.0,0.0,2.3201436221655254e-05,0.007559087833726996,10673.826011313015,-0.06379433611397745,0.008488684715572958,-0.26810520622756195,
2017-04-25,74.97505187988281,86.33756256103516,1.0,1.0,0.8022105569956678,-0.1977894430043322,0.0036454305578874635,0.0028302541388856017,0.002364608488641041,0.0,1.0,0.6044211139913356,0.1977894430043322,0.0,0.0,0.0,0.0,2.3201436221655254e-05,0.002341407052419386,10698.817782812202,-0.061602297570039544,0.011430657645089104,-0.06869702736493137,
2017-04-26,75.1566390991211,86.0657730102539,0.0,1.0,0.8022105569956678,-0.1977894430043322,0.002421968570681443,-0.003147987303777633,0.0025655674115112495,0.0,1.0,0.6044211139913356,0.1977894430043322,0.0,0.0,0.0,0.0,2.3201436221655254e-05,0.0025423659752895943,10726.018093119048,-0.05921654718009173,0.014627075862234884,0.32718087274105284,Exit Long Spread
2017-04-27,76.00164794921875,85.85955810546875,0.0,0.0,0.0,-0.0,0.011243302790365783,-0.0023960152517376043,0.0,0.0,0.0,0.0,0.0,0.8022105569956678,0.1977894430043322,1.0,0.001,0.0,-0.001,10715.292075025929,-0.06015733063291162,0.02639910217534247,1.5222258934058839,
2017-04-28,75.0448989868164,85.5033950805664,0.0,0.0,0.0,-0.0,-0.012588529172967489,-0.004148204728294025,0.0,0.0,0.0,0.0,0.0,0.0,0.0,0.0,0.0,0.0,0.0,10715.292075025929,-0.06015733063291162,0.01475555613780477,0.39553509189696356,
2017-05-01,74.40242004394531,85.54084777832031,0.0,0.0,0.0,-0.0,-0.008561260679209703,0.0004380258552145744,-0.0,0.0,0.0,0.0,0.0,0.0,0.0,0.0,0.0,0.0,0.0,10715.292075025929,-0.06015733063291162,0.006049463300084046,-0.4350859705864766,
2017-05-02,74.66779327392578,86.74063110351562,0.0,0.0,0.0,-0.0,0.0035667284723228665,0.014025852634808489,0.0,0.0,0.0,0.0,0.0,0.0,0.0,0.0,0.0,0.0,0.0,10715.292075025929,-0.06015733063291162,0.006175722008875839,-0.40618837464494234,
2017-05-03,74.96808624267578,86.64692687988281,0.0,0.0,0.0,-0.0,0.004021720149788743,-0.0010802806302041557,0.0,0.0,0.0,0.0,0.0,0.0,0.0,0.0,0.0,0.0,0.0,10715.292075025929,-0.06015733063291162,0.010455869784533167,0.004814098550052913,
2017-05-04,74.75860595703125,86.81564331054688,0.0,0.0,0.0,-0.0,-0.0027942594795128395,0.0019471715470988915,-0.0,0.0,0.0,0.0,0.0,0.0,0.0,0.0,0.0,0.0,0.0,10715.292075025929,-0.06015733063291162,0.0071780799751295365,-0.31301849897873346,
2017-05-05,75.0239486694336,86.31883239746094,0.0,0.0,0.0,-0.0,0.0035493266494943665,-0.005722596690423631,0.0,0.0,0.0,0.0,0.0,0.0,0.0,0.0,0.0,0.0,0.0,10715.292075025929,-0.06015733063291162,0.012136113028845763,0.165912606589844,
2017-05-08,75.08680725097656,86.15950012207031,0.0,0.0,0.0,-0.0,0.0008378468829990382,-0.0018458576299661411,0.0,0.0,0.0,0.0,0.0,0.0,0.0,0.0,0.0,0.0,0.0,10715.292075025929,-0.06015733063291162,0.013429136054818658,0.29159408315560287,
2017-05-09,74.38147735595703,86.2344970703125,0.0,0.0,0.0,-0.0,-0.009393526251049389,0.0008704431680306435,-0.0,0.0,0.0,0.0,0.0,0.0,0.0,0.0,0.0,0.0,0.0,10715.292075025929,-0.06015733063291162,0.0037766931648937074,-0.615453527364771,
2017-05-10,73.39679718017578,86.46884155273438,0.0,0.0,0.0,-0.0,-0.01323824439610155,0.0027175259366423177,-0.0,0.0,0.0,0.0,0.0,0.0,0.0,0.0,0.0,0.0,0.0,10715.292075025929,-0.06015733063291162,-0.010219070161400001,-1.9128412022720418,
2017-05-11,73.31233215332031,86.3282241821289,0.0,0.0,0.0,-0.0,-0.0011507999000027747,-0.0016262201283188116,0.0,0.0,0.0,0.0,0.0,0.0,0.0,0.0,0.0,0.0,0.0,10715.292075025929,-0.06015733063291162,-0.010969252813433972,-1.9459859291548038,
2017-05-12,73.29824829101562,86.91874694824219,0.0,0.0,0.0,-0.0,-0.00019210768353727925,0.0068404368525807335,-0.0,0.0,0.0,0.0,0.0,0.0,0.0,0.0,0.0,0.0,0.0,10715.292075025929,-0.06015733063291162,-0.012842184244479471,-2.0745652057607114,
2017-05-15,74.11481475830078,87.38739776611328,0.0,0.0,0.0,-0.0,0.011140327174575138,0.005391826669454369,0.0,0.0,0.0,0.0,0.0,0.0,0.0,0.0,0.0,0.0,0.0,10715.292075025929,-0.06015733063291162,-0.0030892670339146555,-1.0683815179736564,
2017-05-16,73.5586929321289,87.31241607666016,0.0,0.0,0.0,-0.0,-0.007503517724296693,-0.0008580377877117629,0.0,0.0,0.0,0.0,0.0,0.0,0.0,0.0,0.0,0.0,0.0,10715.292075025929,-0.06015733063291162,-0.010409432999947787,-1.7329227421749565,
2017-05-17,72.41131591796875,86.16214752197266,1.0,0.0,0.0,-0.0,-0.015598115850411043,-0.013174169337812902,0.0,0.0,0.0,0.0,0.0,0.0,0.0,0.0,0.0,0.0,0.0,10715.292075025929,-0.06015733063291162,-0.022860729529915025,-2.781950838090863,Enter Long Spread
2017-05-18,72.6365737915039,86.11520385742188,1.0,1.0,0.8022105569956678,-0.1977894430043322,0.0031108103848069835,-0.0005448293235589263,0.002603286419943065,0.0,1.0,0.6044211139913356,0.1977894430043322,0.8022105569956678,0.1977894430043322,1.0,0.001,2.3201436221655254e-05,0.0015800849837214097,10732.223147129864,-0.05867229934398421,-0.019620380419036687,-2.316305428766508,
2017-05-19,72.79846954345703,86.83822631835938,1.0,1.0,0.8022105569956678,-0.1977894430043322,0.0022288462065658265,0.008395990818701238,0.00012736560932644797,0.0,1.0,0.6044211139913356,0.1977894430043322,0.0,0.0,0.0,0.0,2.3201436221655254e-05,0.00010416417310479271,10733.341060279561,-0.05857424672242473,-0.01945545046841679,-2.180738004005517,
2017-05-22,73.05188751220703,87.61759948730469,1.0,1.0,0.8022105569956678,-0.1977894430043322,0.003481089236343493,0.008975001010361972,0.0010174060844359242,0.0,1.0,0.6044211139913356,0.1977894430043322,0.0,0.0,0.0,0.0,2.3201436221655254e-05,0.000994204648214269,10744.012197852562,-0.057638276862567395,-0.018183371176846652,-1.9632360517054002,
2017-05-23,73.34754180908203,88.13402557373047,1.0,1.0,0.8022105569956678,-0.1977894430043322,0.004047182173432473,0.005894090792804896,0.0020809033306863588,0.0,1.0,0.6044211139913356,0.1977894430043322,0.0,0.0,0.0,0.0,2.3201436221655254e-05,0.0020577018944647036,10766.120172106235,-0.0556991773595964,-0.015593311496931106,-1.6711954477670241,
2017-05-24,73.71355438232422,89.02607727050781,1.0,1.0,0.8022105569956678,-0.1977894430043322,0.00499011369999125,0.01012153581968267,0.002001188958618261,0.0,1.0,0.6044211139913356,0.1977894430043322,0.0,0.0,0.0,0.0,2.3201436221655254e-05,0.0019779875223966056,10787.415423471284,-0.05383136211502482,-0.01309858302708422,-1.4100426610561525,
2017-05-25,74.57232666015625,89.24205017089844,1.0,1.0,0.8022105569956678,-0.1977894430043322,0.011650127103868924,0.0024259509911279675,0.008866027457774006,0.0,1.0,0.6044211139913356,0.1977894430043322,0.0,0.0,0.0,0.0,2.3201436221655254e-05,0.008842826021552352,10882.80666128325,-0.04546455746315892,-0.0021132034102089303,-0.4850901616886056,
2017-05-26,74.5230712890625,88.89462280273438,1.0,1.0,0.8022105569956678,-0.1977894430043322,-0.0006605046845087337,-0.0038930903929116356,0.00024014834952151018,0.0,1.0,0.6044211139913356,0.1977894430043322,0.0,0.0,0.0,0.0,2.3201436221655254e-05,0.00021694691329985494,10885.167652596454,-0.04525747394526536,-0.0018121901081546987,-0.4464017116546154,
2017-05-30,75.1847152709961,88.94156646728516,0.0,1.0,0.8022105569956678,-0.1977894430043322,0.008878377802857607,0.0005280821614481734,0.007017879325875016,0.0,1.0,0.6044211139913356,0.1977894430043322,0.0,0.0,0.0,0.0,2.3201436221655254e-05,0.00699467788965336,10961.305894101242,-0.03857935750795827,0.006896839430458046,0.27363184606170293,Exit Long Spread
2017-05-31,74.59345245361328,89.42047882080078,0.0,0.0,0.0,-0.0,-0.007864135885221613,0.005384572956580236,-0.0,0.0,0.0,0.0,0.0,0.8022105569956678,0.1977894430043322,1.0,0.001,0.0,-0.001,10950.344588207141,-0.03954077815045032,-0.0023224165600828073,-0.4734820238708364,
2017-06-01,75.78306579589844,89.58008575439453,0.0,0.0,0.0,-0.0,0.015947959280004254,0.0017849035891834841,0.0,0.0,0.0,0.0,0.0,0.0,0.0,0.0,0.0,0.0,0.0,10950.344588207141,-0.03954077815045032,0.013060024547819182,0.780004653154079,
2017-06-02,75.79010772705078,90.2843246459961,0.0,0.0,0.0,-0.0,9.292222580836729e-05,0.00786155634559682,0.0,0.0,0.0,0.0,0.0,0.0,0.0,0.0,0.0,0.0,0.0,10950.344588207141,-0.03954077815045032,0.011222211693791007,0.6181048404474577,
2017-06-05,75.98719024658203,90.659912109375,0.0,0.0,0.0,-0.0,0.0026003726006171846,0.0041600517570639095,0.0,0.0,0.0,0.0,0.0,0.0,0.0,0.0,0.0,0.0,0.0,10950.344588207141,-0.03954077815045032,0.012795652991197448,0.7344067307029111,
2017-06-06,75.62114715576172,89.9462890625,0.0,0.0,0.0,-0.0,-0.004817168388941417,-0.00787142884072134,0.0,0.0,0.0,0.0,0.0,0.0,0.0,0.0,0.0,0.0,0.0,10950.344588207141,-0.03954077815045032,0.009915267436545916,0.5031515782366835,
2017-06-07,75.09321594238281,90.22799682617188,0.0,0.0,0.0,-0.0,-0.006981264279044774,0.003131955377015272,-0.0,0.0,0.0,0.0,0.0,0.0,0.0,0.0,0.0,0.0,0.0,10950.344588207141,-0.03954077815045032,0.0021385259532149536,-0.11179554254383814,
2017-06-08,75.14248657226562,90.22799682617188,0.0,0.0,0.0,-0.0,0.0006561262460862416,0.0,0.0,0.0,0.0,0.0,0.0,0.0,0.0,0.0,0.0,0.0,0.0,10950.344588207141,-0.03954077815045032,0.002794437042584308,-0.04317996461811669,
2017-06-09,75.33956909179688,88.79132843017578,0.0,0.0,0.0,-0.0,0.002622784106854237,-0.015922645370969435,0.0,0.0,0.0,0.0,0.0,0.0,0.0,0.0,0.0,0.0,0.0,10950.344588207141,-0.03954077815045032,0.009371194275723749,0.5278912779271115,
2017-06-12,76.68407440185547,87.79597473144531,0.0,0.0,0.0,-0.0,0.01784593841279336,-0.011210032740001208,0.0,0.0,0.0,0.0,0.0,0.0,0.0,0.0,0.0,0.0,0.0,10950.344588207141,-0.03954077815045032,0.02983926735482889,2.194463772591474,
2017-06-13,77.32461547851562,89.27960968017578,0.0,0.0,0.0,-0.0,0.008352987000970646,0.01689866708888066,0.0,0.0,0.0,0.0,0.0,0.0,0.0,0.0,0.0,0.0,0.0,10950.344588207141,-0.03954077815045032,0.03402591369603836,2.45440335182389,
2017-06-14,77.00081634521484,89.50497436523438,0.0,0.0,0.0,-0.0,-0.00418752982212689,0.0025242570601049508,-0.0,0.0,0.0,0.0,0.0,0.0,0.0,0.0,0.0,0.0,0.0,10950.344588207141,-0.03954077815045032,0.029208006289751065,2.0015160795827183,
2017-06-15,77.61322784423828,88.42514038085938,-1.0,0.0,0.0,-0.0,0.007953311771109473,-0.012064513643326946,0.0,0.0,0.0,0.0,0.0,0.0,0.0,0.0,0.0,0.0,0.0,10950.344588207141,-0.03954077815045032,0.04012251866584915,2.6639157731954346,Enter Short Spread
2017-06-16,77.84548950195312,88.42514038085938,-1.0,-1.0,-0.8022105569956678,0.1977894430043322,0.0029925524832050687,0.0,-0.002400657194390707,0.0,1.0,-0.6044211139913356,0.8022105569956678,0.8022105569956678,0.1977894430043322,1.0,0.001,9.410227761279378e-05,-0.003494759472003501,10912.075767735803,-0.042897352113482,0.043110602377009144,2.67987126713915,
2017-06-19,78.04261779785156,89.00727844238281,-1.0,-1.0,-0.8022105569956678,0.1977894430043322,0.0025323020917416006,0.006583399913373977,-0.0007293124695563163,0.0,1.0,-0.6044211139913356,0.8022105569956678,0.0,0.0,0.0,0.0,9.410227761279378e-05,-0.0008234147471691101,10903.090603626422,-0.043685444548306474,0.044021849654766854,2.5448040601647675,
2017-06-20,77.15567779541016,88.62229919433594,-1.0,-1.0,-0.8022105569956678,0.1977894430043322,-0.0113648161410832,-0.00432525580810883,0.008261485549554613,0.0,1.0,-0.6044211139913356,0.8022105569956678,0.0,0.0,0.0,0.0,9.410227761279378e-05,0.008167383271941818,10992.140323434947,-0.035874857045395836,0.03366068912999376,1.779888991898798,
2017-06-21,76.86004638671875,88.7725601196289,-1.0,-1.0,-0.8022105569956678,0.1977894430043322,-0.00383162221029687,0.0016955205028417186,0.0034091238433787124,0.0,1.0,-0.6044211139913356,0.8022105569956678,0.0,0.0,0.0,0.0,9.410227761279378e-05,0.0033150215657659185,11028.57950566106,-0.032678761404404066,0.029404021504304545,1.450486999025953,
2017-06-22,76.77559661865234,88.21853637695312,-1.0,-1.0,-0.8022105569956678,0.1977894430043322,-0.0010987472950705346,-0.0062409346078246,-0.00035296430033207105,0.0,1.0,-0.6044211139913356,0.8022105569956678,0.0,0.0,0.0,0.0,9.410227761279378e-05,-0.00044706657794486485,11023.64899636187,-0.0331112184003165,0.029848228686487843,1.4309201314097941,
2017-06-23,77.62025451660156,89.74909210205078,-1.0,-1.0,-0.8022105569956678,0.1977894430043322,0.011001645511719893,0.01734959327093888,-0.005394069784414993,0.0,1.0,-0.6044211139913356,0.8022105569956678,0.0,0.0,0.0,0.0,9.410227761279378e-05,-0.005488172062027786,10963.149313918437,-0.038417670398579906,0.036548842244937596,1.7665946157128685,
2017-06-26,78.14115905761719,89.41107177734375,-1.0,-1.0,-0.8022105569956678,0.1977894430043322,0.006710935750722236,-0.0037662812713769034,-0.00612851418141231,0.0,1.0,-0.6044211139913356,0.8022105569956678,0.0,0.0,0.0,0.0,9.410227761279378e-05,-0.006222616459025104,10894.9298405549,-0.044401228429465256,0.044167710437315266,2.112513301676664,
2017-06-27,77.19792175292969,89.110595703125,-1.0,-1.0,-0.8022105569956678,0.1977894430043322,-0.01207094079564408,-0.0033606137164646777,0.009018742224003099,0.0,1.0,-0.6044211139913356,0.8022105569956678,0.0,0.0,0.0,0.0,9.410227761279378e-05,0.008924639946390305,10992.163166623035,-0.035872853459985365,0.032853297463247166,1.4243233950338525,
2017-06-28,77.48652648925781,90.35945892333984,-1.0,-1.0,-0.8022105569956678,0.1977894430043322,0.0037385039619564076,0.014014755600731066,-0.00022709664154111795,0.0,1.0,-0.6044211139913356,0.8022105569956678,0.0,0.0,0.0,0.0,9.410227761279378e-05,-0.00032119891915391175,10988.632495694752,-0.036182530057381035,0.033153404720945856,1.3958552110795297,
2017-06-29,77.27532958984375,88.65987396240234,-1.0,-1.0,-0.8022105569956678,0.1977894430043322,-0.0027255951322497918,-0.01880915380845094,-0.001533750865969539,0.0,1.0,-0.6044211139913356,0.8022105569956678,0.0,0.0,0.0,0.0,9.410227761279378e-05,-0.001627853143582333,10970.744615742964,-0.03775148335566669,0.03510575759225709,1.4596896532302879,
2017-06-30,77.84548950195312,88.05892181396484,-1.0,-1.0,-0.8022105569956678,0.1977894430043322,0.007378291560005357,-0.006778175081687432,-0.007259594856021134,0.0,1.0,-0.6044211139913356,0.8022105569956678,0.0,0.0,0.0,0.0,9.410227761279378e-05,-0.007353697133633927,10890.069082508347,-0.04482756751435746,0.044133848766205075,1.8741888752865288,
2017-07-03,77.85960388183594,87.65513610839844,-1.0,-1.0,-0.8022105569956678,0.1977894430043322,0.00018131275136323843,-0.004585403696168888,-0.0010523954462767712,0.0,1.0,-0.6044211139913356,0.8022105569956678,0.0,0.0,0.0,0.0,9.410227761279378e-05,-0.001146497723889565,10877.583643092252,-0.045922670534124244,0.045448301666636715,1.8596164961026762,
2017-07-05,77.7962417602539,88.27487182617188,-1.0,-1.0,-0.8022105569956678,0.1977894430043322,-0.000813799691020689,0.0070701586385883974,0.002051241442495276,0.0,1.0,-0.6044211139913356,0.8022105569956678,0.0,0.0,0.0,0.0,9.410227761279378e-05,0.0019571391648824823,10898.872588059434,-0.04405540842630007,0.04289711741447477,1.6534247067621572,
2017-07-06,76.89521026611328,87.5612564086914,-1.0,-1.0,-0.8022105569956678,0.1977894430043322,-0.011581941154912734,-0.008084015334348993,0.007692222574754224,0.0,1.0,-0.6044211139913356,0.8022105569956678,0.0,0.0,0.0,0.0,9.410227761279378e-05,0.00759812029714143,10981.683533086725,-0.03679202642212143,0.03324884183634724,1.1302206882216554,
2017-07-07,77.68360137939453,88.19036865234375,-1.0,-1.0,-0.8022105569956678,0.1977894430043322,0.01025279871857876,0.007184824309920401,-0.006803820972452393,0.0,1.0,-0.6044211139913356,0.8022105569956678,0.0,0.0,0.0,0.0,9.410227761279378e-05,-0.006897923250065187,10905.93272291899,-0.04343616109771242,0.04168431250927451,1.4970519048313506,
2017-07-10,77.57803344726562,89.28900909423828,-1.0,-1.0,-0.8022105569956678,0.1977894430043322,-0.0013589474516421118,0.012457601194814094,0.003554143993602045,0.0,1.0,-0.6044211139913356,0.8022105569956678,0.0,0.0,0.0,0.0,9.410227761279378e-05,0.003460041715989251,10943.667705092063,-0.04012641031110353,0.0372719247608333,1.2348970957571288,
2017-07-11,77.4794692993164,89.5894775390625,-1.0,-1.0,-0.8022105569956678,0.1977894430043322,-0.0012705161960082645,0.0033651224027706483,0.0016848071909572136,0.0,1.0,-0.6044211139913356,0.8022105569956678,0.0,0.0,0.0,0.0,9.410227761279378e-05,0.0015907049133444197,10961.075851080559,-0.03859953467579602,0.03517230414213124,1.0954503952388914,
2017-07-12,77.83142852783203,90.31251525878906,-1.0,-1.0,-0.8022105569956678,0.1977894430043322,0.004542612794054435,0.008070565200152036,-0.002047859344065837,0.0,1.0,-0.6044211139913356,0.8022105569956678,0.0,0.0,0.0,0.0,9.410227761279378e-05,-0.002141961621678631,10937.597647275237,-0.040658817575584316,0.03772277462540807,1.1804900888778493,
2017-07-13,78.24674987792969,90.087158203125,-1.0,-1.0,-0.8022105569956678,0.1977894430043322,0.00533616506793444,-0.002495302616899786,-0.0047742724660923734,0.0,1.0,-0.6044211139913356,0.8022105569956678,0.0,0.0,0.0,0.0,9.410227761279378e-05,-0.004868374743705167,10884.349323132434,-0.04532924995869558,0.04366075232421407,1.4230920286902595,
2017-07-14,79.12664031982422,91.0167465209961,-1.0,-1.0,-0.8022105569956678,0.1977894430043322,0.011245073351509483,0.010318766141730107,-0.006979973549106804,0.0,1.0,-0.6044211139913356,0.8022105569956678,0.0,0.0,0.0,0.0,9.410227761279378e-05,-0.007074075826719597,10807.35261069609,-0.052082663234039095,0.05231195771890085,1.770867430543718,
2017-07-17,78.85913848876953,90.92283630371094,-1.0,-1.0,-0.8022105569956678,0.1977894430043322,-0.003380679755559779,-0.0010317905316852283,0.0025079397151724233,0.0,1.0,-0.6044211139913356,0.8022105569956678,0.0,0.0,0.0,0.0,9.410227761279378e-05,0.0024138374375596294,10833.439803028696,-0.04979454487884172,0.04918007553797099,1.5553586424854953,
2017-07-18,78.71836853027344,91.62709045410156,-1.0,-1.0,-0.8022105569956678,0.1977894430043322,-0.001785081110366682,0.007745624520975047,0.0029640136715540534,0.0,1.0,-0.6044211139913356,0.8022105569956678,0.0,0.0,0.0,0.0,9.410227761279378e-05,0.0028699113939412596,10864.530815354983,-0.047067539416604465,0.04549103081269834,1.3298351686462466,
2017-07-19,79.53489685058594,92.25621795654295,-1.0,-1.0,-0.8022105569956678,0.1977894430043322,0.01037278002018649,0.006866173522737107,-0.0069630970009540724,0.0,1.0,-0.6044211139913356,0.8022105569956678,0.0,0.0,0.0,0.0,9.410227761279378e-05,-0.007057199278566866,10787.857656322893,-0.05379257368995649,0.05412327507927239,1.6644948995253779,
2017-07-20,79.24629974365234,92.12476348876952,-1.0,-1.0,-0.8022105569956678,0.1977894430043322,-0.0036285595174122554,-0.0014248846385114255,0.0026290416125586127,0.0,1.0,-0.6044211139913356,0.8022105569956678,0.0,0.0,0.0,0.0,9.410227761279378e-05,0.002534939334945819,10815.204221035701,-0.051393995265985426,0.05083968007611572,1.4564431644446114,
2017-07-21,79.31668090820312,93.52384948730467,-1.0,-1.0,-0.8022105569956678,0.1977894430043322,0.0008881318721309928,0.015186861225491288,0.002291332058946203,0.0,1.0,-0.6044211139913356,0.8022105569956678,0.0,0.0,0.0,0.0,9.410227761279378e-05,0.002197229781333409,10838.967709841363,-0.0493096899016322,0.048011161533067837,1.2845572426049516,
2017-07-24,78.94361114501953,94.24687957763672,-1.0,-1.0,-0.8022105569956678,0.1977894430043322,-0.004703547335967895,0.007730970167456608,0.0053023396115466455,0.0,1.0,-0.6044211139913356,0.8022105569956678,0.0,0.0,0.0,0.0,9.410227761279378e-05,0.005208237333933852,10895.419626129064,-0.04435826913556862,0.04139773461755425,0.9697301075487493,
2017-07-25,79.69680786132812,93.89008331298828,-1.0,-1.0,-0.8022105569956678,0.1977894430043322,0.009540945814157986,-0.0037857620989406593,-0.008402631232737549,0.0,1.0,-0.6044211139913356,0.8022105569956678,0.0,0.0,0.0,0.0,9.410227761279378e-05,-0.008496733510350343,10802.844149082404,-0.05247810225409355,0.05182862489556306,1.3842181526304596,
2017-07-26,79.04216003417969,94.69762420654295,-1.0,-1.0,-0.8022105569956678,0.1977894430043322,-0.008214228959929182,0.00860091785053263,0.008290711940217601,0.0,1.0,-0.6044211139913356,0.8022105569956678,0.0,0.0,0.0,0.0,9.410227761279378e-05,0.008196609662604807,10891.390845818387,-0.04471163511149989,0.041468937082602464,0.9011236846834638,
2017-07-27,75.87457275390625,93.49568939208984,0.0,-1.0,-0.8022105569956678,0.1977894430043322,-0.04007465482855854,-0.012692343915952864,0.02963789953787133,0.0,1.0,-0.6044211139913356,0.8022105569956678,0.0,0.0,0.0,0.0,9.410227761279378e-05,0.029543797260258537,11213.163888849482,-0.0164887893341501,0.003718570740180338,-0.7442922204293718,Exit Short Spread
2017-07-28,77.19087219238281,93.10132598876952,0.0,0.0,0.0,-0.0,0.017348360467819512,-0.004217984870580449,0.0,0.0,0.0,0.0,0.0,0.8022105569956678,0.1977894430043322,1.0,0.001,0.0,-0.001,11201.950724960632,-0.017472300544815855,0.02196033342132342,0.04284407791484554,
2017-07-31,77.63433837890625,93.48628997802734,0.0,0.0,0.0,-0.0,0.005745059926492102,0.004134892657750688,0.0,0.0,0.0,0.0,0.0,0.0,0.0,0.0,0.0,0.0,0.0,11201.950724960632,-0.017472300544815855,0.026671574736271797,0.23505098503041486,
2017-08-01,77.54988098144531,94.7164077758789,0.0,0.0,0.0,-0.0,-0.0010878871286147396,0.013158269497491881,-0.0,0.0,0.0,0.0,0.0,0.0,0.0,0.0,0.0,0.0,0.0,11201.950724960632,-0.017472300544815855,0.022360010329132818,0.038821845062731564,
2017-08-02,78.31713104248047,95.10138702392578,0.0,0.0,0.0,-0.0,0.009893632992405532,0.004064546545703207,0.0,0.0,0.0,0.0,0.0,0.0,0.0,0.0,0.0,0.0,0.0,11201.950724960632,-0.017472300544815855,0.03120491648352819,0.4135427524005445,
2017-08-03,78.50017547607422,94.45344543457033,0.0,0.0,0.0,-0.0,0.0023372208756531343,-0.006813166554473504,0.0,0.0,0.0,0.0,0.0,0.0,0.0,0.0,0.0,0.0,0.0,11201.950724960632,-0.017472300544815855,0.035224982731641985,0.5682404978045085,
2017-08-04,78.87322235107422,94.73516082763672,0.0,0.0,0.0,-0.0,0.004752178867596379,0.0029825846137241374,0.0,0.0,0.0,0.0,0.0,0.0,0.0,0.0,0.0,0.0,0.0,11201.950724960632,-0.017472300544815855,0.03923162741559394,0.7175325346653039,
2017-08-07,78.73949432373047,95.29857635498048,0.0,0.0,0.0,-0.0,-0.0016954807139551997,0.005947269444856351,-0.0,0.0,0.0,0.0,0.0,0.0,0.0,0.0,0.0,0.0,0.0,11201.950724960632,-0.017472300544815855,0.03607271874711415,0.5514189831668617,
2017-08-08,78.76061248779297,95.10138702392578,0.0,0.0,0.0,-0.0,0.0002682029424228016,-0.00206917394358741,0.0,0.0,0.0,0.0,0.0,0.0,0.0,0.0,0.0,0.0,0.0,11201.950724960632,-0.017472300544815855,0.036851580532872186,0.5610549947362432,
2017-08-09,79.12664031982422,94.810302734375,0.0,0.0,0.0,-0.0,0.004647346185734369,-0.003060778592824831,0.0,0.0,0.0,0.0,0.0,0.0,0.0,0.0,0.0,0.0,0.0,11201.950724960632,-0.017472300544815855,0.04224397028493421,0.7827444534193106,
2017-08-10,78.65858459472656,93.42057800292967,0.0,0.0,0.0,-0.0,-0.005915273581764691,-0.014657950574621048,0.0,0.0,0.0,0.0,0.0,0.0,0.0,0.0,0.0,0.0,0.0,11201.950724960632,-0.017472300544815855,0.03995187944955525,0.6498601095675878,
2017-08-11,79.02735900878906,93.9839859008789,0.0,0.0,0.0,-0.0,0.004688292014947137,0.006030875744865938,0.0,0.0,0.0,0.0,0.0,0.0,0.0,0.0,0.0,0.0,0.0,11201.950724960632,-0.017472300544815855,0.04314673577879269,0.7832864922622457,
2017-08-14,80.6229476928711,95.6553726196289,0.0,0.0,0.0,-0.0,0.020190332868197824,0.017783739460813575,0.0,0.0,0.0,0.0,0.0,0.0,0.0,0.0,0.0,0.0,0.0,11201.950724960632,-0.017472300544815855,0.058789799184174596,1.540686023292238,
2017-08-15,80.97042083740234,96.36903381347656,0.0,0.0,0.0,-0.0,0.004309854135511548,0.007460753894980021,0.0,0.0,0.0,0.0,0.0,0.0,0.0,0.0,0.0,0.0,0.0,11201.950724960632,-0.017472300544815855,0.06125773047360661,1.6485636265345578,
2017-08-16,81.38172149658203,97.17316436767578,0.0,0.0,0.0,-0.0,0.005079640872876601,0.008344283660201679,0.0,0.0,0.0,0.0,0.0,0.0,0.0,0.0,0.0,0.0,0.0,11201.950724960632,-0.017472300544815855,0.06427572029469797,1.7893547349958934,
2017-08-17,80.076904296875,96.0821533203125,0.0,0.0,0.0,-0.0,-0.016033295630909383,-0.011227493253540666,0.0,0.0,0.0,0.0,0.0,0.0,0.0,0.0,0.0,0.0,0.0,11201.950724960632,-0.017472300544815855,0.05089635851512164,1.0504542537175603,
2017-08-18,80.37474060058594,96.41133880615234,0.0,0.0,0.0,-0.0,0.0037193783441820116,0.0034260835593726835,0.0,0.0,0.0,0.0,0.0,0.0,0.0,0.0,0.0,0.0,0.0,11201.950724960632,-0.017472300544815855,0.053765560996701156,1.208911991405212,
2017-08-21,80.72223663330078,97.07908630371094,0.0,0.0,0.0,-0.0,0.0043234482639475935,0.006926026604621605,0.0,0.0,0.0,0.0,0.0,0.0,0.0,0.0,0.0,0.0,0.0,11201.950724960632,-0.017472300544815855,0.05637792635218797,1.341157024693309,
2017-08-22,81.26828002929688,97.87855529785156,0.0,0.0,0.0,-0.0,0.006764473071733779,0.00823523401981241,0.0,0.0,0.0,0.0,0.0,0.0,0.0,0.0,0.0,0.0,0.0,11201.950724960632,-0.017472300544815855,0.06109749557044797,1.6035980618970485,
2017-08-23,80.52364349365234,97.04147338867188,0.0,0.0,0.0,-0.0,-0.00916269589286367,-0.008552250353842994,0.0,0.0,0.0,0.0,0.0,0.0,0.0,0.0,0.0,0.0,0.0,11201.950724960632,-0.017472300544815855,0.05401023693813878,1.126611718795746,
2017-08-24,80.3818359375,97.07908630371094,0.0,0.0,0.0,-0.0,-0.001761067308926778,0.00038759628976792193,-0.0,0.0,0.0,0.0,0.0,0.0,0.0,0.0,0.0,0.0,0.0,11201.950724960632,-0.017472300544815855,0.05215207163681845,0.9947327434720985,
2017-08-25,80.41728973388672,97.2013702392578,0.0,0.0,0.0,-0.0,0.00044106726318471345,0.0012596321226623353,0.0,0.0,0.0,0.0,0.0,0.0,0.0,0.0,0.0,0.0,0.0,11201.950724960632,-0.017472300544815855,0.05228266783972102,0.9741890094318,
2017-08-28,80.69386291503906,97.60577392578124,0.0,0.0,0.0,-0.0,0.0034392253465338474,0.004160473103702156,0.0,0.0,0.0,0.0,0.0,0.0,0.0,0.0,0.0,0.0,0.0,11201.950724960632,-0.017472300544815855,0.05469233293681319,1.1102214112941142,
2017-08-29,81.47392272949219,97.5963897705078,0.0,0.0,0.0,-0.0,0.009666903854564923,-9.614344414266007e-05,0.0,0.0,0.0,0.0,0.0,0.0,0.0,0.0,0.0,0.0,0.0,11201.950724960632,-0.017472300544815855,0.06433651706751009,1.7273746853955472,
2017-08-30,81.5306396484375,97.55876922607422,0.0,0.0,0.0,-0.0,0.000696135856053326,-0.0003854706564663246,0.0,0.0,0.0,0.0,0.0,0.0,0.0,0.0,0.0,0.0,0.0,11201.950724960632,-0.017472300544815855,0.06512746897474675,1.7385365740639898,
2017-08-31,81.09806060791016,97.36125183105467,0.0,0.0,0.0,-0.0,-0.00530572361988868,-0.0020245990861348373,0.0,0.0,0.0,0.0,0.0,0.0,0.0,0.0,0.0,0.0,0.0,11201.950724960632,-0.017472300544815855,0.06030730210197466,1.3971601303338184,
2017-09-01,81.11933135986328,97.71865844726562,0.0,0.0,0.0,-0.0,0.00026228434803110545,0.0036709328350783554,0.0,0.0,0.0,0.0,0.0,0.0,0.0,0.0,0.0,0.0,0.0,11201.950724960632,-0.017472300544815855,0.059666120502012365,1.3578879372983172,
2017-09-05,80.78606414794922,96.881591796875,0.0,0.0,0.0,-0.0,-0.004108357481838909,-0.008566088234237768,0.0,0.0,0.0,0.0,0.0,0.0,0.0,0.0,0.0,0.0,0.0,11201.950724960632,-0.017472300544815855,0.057670414745559784,1.1941667171567631,
2017-09-06,80.70803833007812,97.04147338867188,0.0,0.0,0.0,-0.0,-0.000965832643216813,0.0016502783328755655,-0.0,0.0,0.0,0.0,0.0,0.0,0.0,0.0,0.0,0.0,0.0,11201.950724960632,-0.017472300544815855,0.056297565516917114,1.045079836166261,
2017-09-07,81.31790161132812,98.33941650390624,0.0,0.0,0.0,-0.0,0.00755641313887212,0.01337513817453928,0.0,0.0,0.0,0.0,0.0,0.0,0.0,0.0,0.0,0.0,0.0,11201.950724960632,-0.017472300544815855,0.060549716793116604,1.34776996142558,
2017-09-08,81.5873794555664,98.21710205078124,0.0,0.0,0.0,-0.0,0.003313880940094771,-0.0012437988496722951,0.0,0.0,0.0,0.0,0.0,0.0,0.0,0.0,0.0,0.0,0.0,11201.950724960632,-0.017472300544815855,0.0641649752790876,1.5831695083960518,
2017-09-11,82.40289306640625,99.8348159790039,0.0,0.0,0.0,-0.0,0.0099955853010818,0.016470796780241548,0.0,0.0,0.0,0.0,0.0,0.0,0.0,0.0,0.0,0.0,0.0,11201.950724960632,-0.017472300544815855,0.07008305014841287,1.9600666371052617,
2017-09-12,83.07659912109375,99.89118957519533,0.0,0.0,0.0,-0.0,0.008175757301926101,0.0005646687043854293,0.0,0.0,0.0,0.0,0.0,0.0,0.0,0.0,0.0,0.0,0.0,11201.950724960632,-0.017472300544815855,0.0780863841059245,2.416746963197673,
2017-09-13,83.01276397705078,99.5338363647461,0.0,0.0,0.0,-0.0,-0.0007683889894183338,-0.0035774247155223593,0.0,0.0,0.0,0.0,0.0,0.0,0.0,0.0,0.0,0.0,0.0,11201.950724960632,-0.017472300544815855,0.07820131505184258,2.2760327627898684,
2017-09-14,83.23967742919922,99.76895141601562,0.0,0.0,0.0,-0.0,0.0027334766519901965,0.002362162053193062,0.0,0.0,0.0,0.0,0.0,0.0,0.0,0.0,0.0,0.0,0.0,11201.950724960632,-0.017472300544815855,0.08034934523663328,2.2828712856830324,
2017-09-15,83.60845947265625,99.0353546142578,-1.0,0.0,0.0,-0.0,0.004430363678075366,-0.007352956920423925,0.0,0.0,0.0,0.0,0.0,0.0,0.0,0.0,0.0,0.0,0.0,11201.950724960632,-0.017472300544815855,0.08658953386524781,2.5310466931039906,Enter Short Spread
2017-09-18,83.38861083984375,98.59332275390624,-1.0,-1.0,-0.8022105569956678,0.1977894430043322,-0.002629502256101257,-0.004463374338116721,0.0012266061452324182,0.0,1.0,-0.6044211139913356,0.8022105569956678,0.8022105569956678,0.1977894430043322,1.0,0.001,9.410227761279378e-05,0.00013250386761962438,11203.435026756573,-0.017342111824594775,0.08505950122377937,2.2902668415003027,
2017-09-19,82.94893646240234,99.13880920410156,-1.0,-1.0,-0.8022105569956678,0.1977894430043322,-0.0052725950584048276,0.005532691616012331,0.0053240394116613595,0.0,1.0,-0.6044211139913356,0.8022105569956678,0.0,0.0,0.0,0.0,9.410227761279378e-05,0.005229937134048566,11262.028287631909,-0.012202872845160417,0.0784126010645152,1.7830121417087688,
2017-09-20,83.55879211425781,98.7249984741211,-1.0,-1.0,-0.8022105569956678,0.1977894430043322,0.007352181689898929,-0.004174053867527672,-0.006723581558115547,0.0,1.0,-0.6044211139913356,0.8022105569956678,0.0,0.0,0.0,0.0,9.410227761279378e-05,-0.00681768383572834,11185.247339417805,-0.018937361351942794,0.08676917707569642,2.1687996935873515,
2017-09-21,83.15458679199219,99.04476928710938,-1.0,-1.0,-0.8022105569956678,0.1977894430043322,-0.004837376319572928,0.003239005499423797,0.004521235445341254,0.0,1.0,-0.6044211139913356,0.8022105569956678,0.0,0.0,0.0,0.0,9.410227761279378e-05,0.00442713316772846,11234.765918903388,-0.014594066404764905,0.08112275862917162,1.7530050461681819,
2017-09-22,83.44535064697266,99.27989959716795,-1.0,-1.0,-0.8022105569956678,0.1977894430043322,0.0034966664642059886,0.002373980087499561,-0.0023355145526688446,0.0,1.0,-0.6044211139913356,0.8022105569956678,0.0,0.0,0.0,0.0,9.410227761279378e-05,-0.0024296168302816385,11207.469742542544,-0.01698822524568744,0.08402870173691102,1.8370590943421266,
2017-09-25,83.83536529541016,96.8909912109375,-1.0,-1.0,-0.8022105569956678,0.1977894430043322,0.00467389309786137,-0.024062356991934375,-0.008508726572179676,0.0,1.0,-0.6044211139913356,0.8022105569956678,0.0,0.0,0.0,0.0,9.410227761279378e-05,-0.00860282884979247,11111.053798508223,-0.025444907301229502,0.09469695664456546,2.302409298188358,
2017-09-26,84.3317642211914,96.81575775146484,-1.0,-1.0,-0.8022105569956678,0.1977894430043322,0.005921116035364049,-0.000776475279408273,-0.004903560405786169,0.0,1.0,-0.6044211139913356,0.8022105569956678,0.0,0.0,0.0,0.0,9.410227761279378e-05,-0.004997662683398962,11055.52449956618,-0.030315404920926547,0.10079213039644186,2.456686832787538,
2017-09-27,84.11903381347656,97.70923614501952,-1.0,-1.0,-0.8022105569956678,0.1977894430043322,-0.002522541887738483,0.009228646392959172,0.003848938562554926,0.0,1.0,-0.6044211139913356,0.8022105569956678,0.0,0.0,0.0,0.0,9.410227761279378e-05,0.003754836284942132,11097.036184106219,-0.026674398018374124,0.09600146296359369,2.0832979742389197,
2017-09-28,84.82111358642578,98.35818481445312,-1.0,-1.0,-0.8022105569956678,0.1977894430043322,0.008346265299551403,0.006641630771429208,-0.0053818176838653295,0.0,1.0,-0.6044211139913356,0.8022105569956678,0.0,0.0,0.0,0.0,9.410227761279378e-05,-0.005475919961478123,11036.269702152427,-0.03200425111128291,0.10268097402041287,2.2722081055309236,
2017-09-29,85.16148376464844,98.97891998291016,-1.0,-1.0,-0.8022105569956678,0.1977894430043322,0.004012800160609231,0.00631096608409365,-0.001970868185362522,0.0,1.0,-0.6044211139913356,0.8022105569956678,0.0,0.0,0.0,0.0,9.410227761279378e-05,-0.002064970462975316,11013.480131196055,-0.034003133741023706,0.10513463021494718,2.2536479990372142,
2017-10-02,85.65787506103516,99.1670379638672,-1.0,-1.0,-0.8022105569956678,0.1977894430043322,0.005828823952369611,0.00190058631665746,-0.0043000282005067805,0.0,1.0,-0.6044211139913356,0.8022105569956678,0.0,0.0,0.0,0.0,9.410227761279378e-05,-0.004394130478119574,10965.0854624814,-0.038247850012820384,0.11047837698925167,2.3439553944883063,
2017-10-03,84.89199829101562,99.3080825805664,-1.0,-1.0,-0.8022105569956678,0.1977894430043322,-0.008941113347416207,0.0014222933304772756,0.007453970124216032,0.0,1.0,-0.6044211139913356,0.8022105569956678,0.0,0.0,0.0,0.0,9.410227761279378e-05,0.007359867846603239,11045.787042411974,-0.03116948128772823,0.10114662688675424,1.8369435392161177,
2017-10-04,84.38850402832031,99.04476928710938,-1.0,-1.0,-0.8022105569956678,0.1977894430043322,-0.005930997889451284,-0.002651478979502131,0.004233474569943423,0.0,1.0,-0.6044211139913356,0.8022105569956678,0.0,0.0,0.0,0.0,9.410227761279378e-05,0.00413937229233063,11091.509667242319,-0.027159131082606258,0.09585257577892214,1.543147496370366,
2017-10-05,83.8211898803711,99.9194107055664,-1.0,-1.0,-0.8022105569956678,0.1977894430043322,-0.006722647290427486,0.008830768396477673,0.00713961138977883,0.0,1.0,-0.6044211139913356,0.8022105569956678,0.0,0.0,0.0,0.0,9.410227761279378e-05,0.007045509112166036,11169.65499967055,-0.020304971875961364,0.08693951227183949,1.11789896691482,
2017-10-06,83.46662139892578,100.38029479980467,-1.0,-1.0,-0.8022105569956678,0.1977894430043322,-0.004230057840402313,0.004612558170467684,0.004305712367634915,0.0,1.0,-0.6044211139913356,0.8022105569956678,0.0,0.0,0.0,0.0,9.410227761279378e-05,0.004211610090022122,11216.697231369228,-0.0161788784103698,0.08156584551913926,0.8567064762432143,
2017-10-09,83.07659912109375,100.64363861083984,-1.0,-1.0,-0.8022105569956678,0.1977894430043322,-0.004672793402861419,0.0026234612237430177,0.004267457132622736,0.0,1.0,-0.6044211139913356,0.8022105569956678,0.0,0.0,0.0,0.0,9.410227761279378e-05,0.004173354855009943,11263.50848921694,-0.012073043756122392,0.07623611861889978,0.6079928856588279,
2017-10-10,83.76447296142578,100.9258041381836,-1.0,-1.0,-0.8022105569956678,0.1977894430043322,0.008279995180464406,0.0028036101559762994,-0.006087775054489954,0.0,1.0,-0.6044211139913356,0.8022105569956678,0.0,0.0,0.0,0.0,9.410227761279378e-05,-0.006181877332102748,11193.878861407502,-0.018180287012699692,0.08379174431023673,0.9052577803025722,
2017-10-11,84.3317642211914,101.98854064941406,-1.0,-1.0,-0.8022105569956678,0.1977894430043322,0.006772456624025702,0.010529879056256242,-0.0033502372871487534,0.0,1.0,-0.6044211139913356,0.8022105569956678,0.0,0.0,0.0,0.0,9.410227761279378e-05,-0.0034443395647615472,11155.323341562009,-0.021562007495604663,0.08795874466930576,1.0489215541269645,
2017-10-12,84.79273223876953,101.67818450927734,-1.0,-1.0,-0.8022105569956678,0.1977894430043322,0.005466125626982787,-0.003043049132388065,-0.004986866676760008,0.0,1.0,-0.6044211139913356,0.8022105569956678,0.0,0.0,0.0,0.0,9.410227761279378e-05,-0.005080968954372801,11098.643489987542,-0.026533420559298304,0.09416140970955644,1.269683872463644,
2017-10-13,83.93466186523438,102.19544982910156,-1.0,-1.0,-0.8022105569956678,0.1977894430043322,-0.010119621704356652,0.0050872792656622146,0.009124277496400216,0.0,1.0,-0.6044211139913356,0.8022105569956678,0.0,0.0,0.0,0.0,9.410227761279378e-05,0.009030175218787422,11198.866185392984,-0.01774284677731508,0.08273911945345902,0.7630295550241764,
2017-10-16,83.92047119140625,101.85690307617188,-1.0,-1.0,-0.8022105569956678,0.1977894430043322,-0.0001690681002671779,-0.0033127380279242002,-0.0005195963944768653,0.0,1.0,-0.6044211139913356,0.8022105569956678,0.0,0.0,0.0,0.0,9.410227761279378e-05,-0.0006136986720896591,11191.993456086098,-0.01834565668789845,0.08338816678899352,0.7649155489798661,
2017-10-17,83.45243072509766,101.14210510253906,-1.0,-1.0,-0.8022105569956678,0.1977894430043322,-0.0055771906385163605,-0.007017668435277957,0.0030860604775925227,0.0,1.0,-0.6044211139913356,0.8022105569956678,0.0,0.0,0.0,0.0,9.410227761279378e-05,0.002991958199979729,11225.479432681153,-0.01540858792588018,0.07953171015743621,0.5790931189410787,
2017-10-18,83.7857437133789,101.38661193847656,-1.0,-1.0,-0.8022105569956678,0.1977894430043322,0.00399404769142353,0.002417458443144005,-0.0027259194642485583,0.0,1.0,-0.6044211139913356,0.8022105569956678,0.0,0.0,0.0,0.0,9.410227761279378e-05,-0.002820021741861352,11193.823336618176,-0.018185157114779193,0.08292248437494054,0.6999252501172308,
2017-10-19,84.68634796142578,100.65300750732422,-1.0,-1.0,-0.8022105569956678,0.1977894430043322,0.010748896030901678,-0.007235713050530834,-0.01005402552604183,0.0,1.0,-0.6044211139913356,0.8022105569956678,0.0,0.0,0.0,0.0,9.410227761279378e-05,-0.010148127803654624,11080.226986786643,-0.028148739619903385,0.09540451227529068,1.1868179782277706,
2017-10-20,84.92748260498047,101.15149688720705,-1.0,-1.0,-0.8022105569956678,0.1977894430043322,0.0028473850786967514,0.004952553254273573,-0.0013046396203504115,0.0,1.0,-0.6044211139913356,0.8022105569956678,0.0,0.0,0.0,0.0,9.410227761279378e-05,-0.0013987418979632053,11064.728609061283,-0.029508108696385316,0.09702978566047338,1.252656814940776,
2017-10-23,84.87074279785156,101.13267517089844,-1.0,-1.0,-0.8022105569956678,0.1977894430043322,-0.0006680971269668046,-0.00018607452077146203,0.0004991509925305602,0.0,1.0,-0.6044211139913356,0.8022105569956678,0.0,0.0,0.0,0.0,9.410227761279378e-05,0.0004050487149177664,11069.210363165299,-0.029115012202974522,0.09640734722671906,1.2004542592927263,
2017-10-24,84.88489532470703,101.9603271484375,-1.0,-1.0,-0.8022105569956678,0.1977894430043322,0.0001667538940854918,0.008183823637023968,0.00148490218455714,0.0,1.0,-0.6044211139913356,0.8022105569956678,0.0,0.0,0.0,0.0,9.410227761279378e-05,0.001390799906944346,11084.605419908336,-0.027764705452292815,0.09456453205870186,1.090882653959579,
2017-10-25,84.06939697265625,102.97608184814452,-1.0,-1.0,-0.8022105569956678,0.1977894430043322,-0.00960710794224684,0.009962254222941391,0.009677352127290475,0.0,1.0,-0.6044211139913356,0.8022105569956678,0.0,0.0,0.0,0.0,9.410227761279378e-05,0.009583249849677681,11190.831963132408,-0.018447531711967224,0.08246688357816079,0.5007797501696325,
2017-10-26,84.62252044677734,103.26765441894533,-1.0,-1.0,-0.8022105569956678,0.1977894430043322,0.006579367689541149,0.0028314591657390142,-0.004718005487625074,0.0,1.0,-0.6044211139913356,0.8022105569956678,0.0,0.0,0.0,0.0,9.410227761279378e-05,-0.004812107765237867,11136.980473743146,-0.023170867966604503,0.08832757628020627,0.7629697053657591,
2017-10-27,85.62953186035156,103.1829833984375,-1.0,-1.0,-0.8022105569956678,0.1977894430043322,0.011900040417817337,-0.0008199181145756018,-0.009708509199039275,0.0,1.0,-0.6044211139913356,0.8022105569956678,0.0,0.0,0.0,0.0,9.410227761279378e-05,-0.00980261147665207,11027.80898113598,-0.032746344427003304,0.10035960623614026,1.3352942157236876,
2017-10-30,83.74320220947266,103.4933624267578,-1.0,-1.0,-0.8022105569956678,0.1977894430043322,-0.02202896138630317,0.003008044719174041,0.01826682487327988,0.0,1.0,-0.6044211139913356,0.8022105569956678,0.0,0.0,0.0,0.0,9.410227761279378e-05,0.018172722595667087,11228.21429458817,-0.01516871206463033,0.07734384716997056,0.1296793611106663,
2017-10-31,83.34605407714844,103.43694305419922,0.0,-1.0,-0.8022105569956678,0.1977894430043322,-0.004742452185322543,-0.000545149671782208,0.003696620359177122,0.0,1.0,-0.6044211139913356,0.8022105569956678,0.0,0.0,0.0,0.0,9.410227761279378e-05,0.003602518081564328,11268.664139608105,-0.011620839542552663,0.07272456018956808,-0.15062508294275084,Exit Short Spread
2017-11-01,83.29644012451172,104.46206665039062,0.0,0.0,0.0,-0.0,-0.0005952765633127077,0.009910613808977953,-0.0,0.0,0.0,0.0,0.0,0.8022105569956678,0.1977894430043322,1.0,0.001,0.0,-0.001,11257.395475468496,-0.012609218703010239,0.06969761877675662,-0.3588489414190046,
2017-11-02,82.87802124023438,104.37744140625,0.0,0.0,0.0,-0.0,-0.005023250497282805,-0.000810105015668916,0.0,0.0,0.0,0.0,0.0,0.0,0.0,0.0,0.0,0.0,0.0,11257.395475468496,-0.012609218703010239,0.0648615261588601,-0.6727197315779531,
2017-11-03,81.87813568115234,104.73482513427734,0.0,0.0,0.0,-0.0,-0.012064544304016489,0.003423955628844677,-0.0,0.0,0.0,0.0,0.0,0.0,0.0,0.0,0.0,0.0,0.0,11257.395475468496,-0.012609218703010239,0.05188086133160419,-1.470980539835383,
2017-11-06,80.78606414794922,105.2614974975586,0.0,0.0,0.0,-0.0,-0.013337767453033389,0.005028626940523528,-0.0,0.0,0.0,0.0,0.0,0.0,0.0,0.0,0.0,0.0,0.0,11257.395475468496,-0.012609218703010239,0.03721661813089572,-2.3081742084767973,
2017-11-07,80.80730438232422,105.42139434814452,0.0,0.0,0.0,-0.0,0.0002629195344396873,0.0015190440416223971,0.0,0.0,0.0,0.0,0.0,0.0,0.0,0.0,0.0,0.0,0.0,11257.395475468496,-0.012609218703010239,0.037105258585773626,-2.2163823486604586,
2017-11-08,80.22579956054688,105.7787857055664,1.0,0.0,0.0,-0.0,-0.007196191312434652,0.003390121707569582,-0.0,0.0,0.0,0.0,0.0,0.0,0.0,0.0,0.0,0.0,0.0,11257.395475468496,-0.012609218703010239,0.02904861019492122,-2.513037488698724,Enter Long Spread
2017-11-09,79.81450653076172,105.46842193603516,1.0,1.0,0.8022105569956678,-0.1977894430043322,-0.005126692810019984,-0.002934083308491986,-0.0035323563913568787,0.0,1.0,0.6044211139913356,0.1977894430043322,0.8022105569956678,0.1977894430043322,1.0,0.001,2.3201436221655254e-05,-0.004555557827578534,11206.111759392079,-0.017107334505626515,0.02463320860967988,-2.5676139862940603,
2017-11-10,80.8932876586914,105.22389221191406,1.0,1.0,0.8022105569956678,-0.1977894430043322,0.013516103460639917,-0.002318511262730305,0.01130133793682572,0.0,1.0,0.6044211139913356,0.1977894430043322,0.0,0.0,0.0,0.0,2.3201436221655254e-05,0.011278136500604065,11332.495817455529,-0.006022136858738314,0.03863108981376295,-1.8141089380096844,
2017-11-13,82.0220718383789,104.77243041992188,1.0,1.0,0.8022105569956678,-0.1977894430043322,0.013953990650622528,-0.004290487478670446,0.012042651740771527,0.0,1.0,0.6044211139913356,0.1977894430043322,0.0,0.0,0.0,0.0,2.3201436221655254e-05,0.012019450304549872,11468.706187759954,0.0,0.053548739067303064,-1.064442007573054,
2017-11-14,81.4933853149414,105.31794738769533,1.0,1.0,0.8022105569956678,-0.1977894430043322,-0.006445661656526491,0.0052066842926812296,-0.006200605013836561,0.0,1.0,0.6044211139913356,0.1977894430043322,0.0,0.0,0.0,0.0,2.3201436221655254e-05,-0.0062238064500582165,11397.327180214752,-0.006223806450058045,0.04580180811945622,-1.429726256829255,
2017-11-15,80.65038299560547,103.69087982177734,1.0,1.0,0.8022105569956678,-0.1977894430043322,-0.010344426312369426,-0.01544910061652116,-0.005242738987986914,0.0,1.0,0.6044211139913356,0.1977894430043322,0.0,0.0,0.0,0.0,2.3201436221655254e-05,-0.0052659404242085695,11337.309534288526,-0.011456972680289002,0.039242297322219066,-1.7009646535936556,
2017-11-16,81.22904205322266,104.60005950927734,1.0,1.0,0.8022105569956678,-0.1977894430043322,0.0071749077453076016,0.008768174106176918,0.004021534466130001,0.0,1.0,0.6044211139913356,0.1977894430043322,0.0,0.0,0.0,0.0,2.3201436221655254e-05,0.0039983330299083455,11382.639873469767,-0.007504448442671063,0.04423916879294021,-1.436164031600846,
2017-11-17,80.68608856201172,103.46945190429688,1.0,1.0,0.8022105569956678,-0.1977894430043322,-0.006684228663624836,-0.010808861967045003,-0.003224280011360346,0.0,1.0,0.6044211139913356,0.1977894430043322,0.0,0.0,0.0,0.0,2.3201436221655254e-05,-0.0032474814475820014,11345.674961656166,-0.010727559333161163,0.04021199259143926,-1.6002421946060594,
2017-11-20,80.87184143066406,103.59193420410156,1.0,1.0,0.8022105569956678,-0.1977894430043322,0.0023021672256373638,0.0011837532484271218,0.0016126889567147514,0.0,1.0,0.6044211139913356,0.1977894430043322,0.0,0.0,0.0,0.0,2.3201436221655254e-05,0.0015894875204930962,11363.708770419293,-0.009155123134353182,0.04221982559905069,-1.4818820331782203,
2017-11-21,81.38623046875,105.00520324707033,1.0,1.0,0.8022105569956678,-0.1977894430043322,0.006360545635985648,0.013642655230128975,0.0024041236783730615,0.0,1.0,0.6044211139913356,0.1977894430043322,0.0,0.0,0.0,0.0,2.3201436221655254e-05,0.0023809222421514063,11390.764877384114,-0.006795998528502101,0.045219294481062766,-1.3222281401199254,
2017-11-22,81.27906036376953,104.41162872314452,1.0,1.0,0.8022105569956678,-0.1977894430043322,-0.001316808806148373,-0.005652810580530687,6.170833029507379e-05,0.0,1.0,0.6044211139913356,0.1977894430043322,0.0,0.0,0.0,0.0,2.3201436221655254e-05,3.850689407341853e-05,11391.203500360663,-0.006757753327224059,0.045299303745399255,-1.2872365756477169,
2017-11-24,80.82899475097656,105.4951171875,1.0,1.0,0.8022105569956678,-0.1977894430043322,-0.005537288580584887,0.010377086131166724,-0.0064945494423682,0.0,1.0,0.6044211139913356,0.1977894430043322,0.0,0.0,0.0,0.0,2.3201436221655254e-05,-0.0065177508785898555,11316.95847373799,-0.013231458853128264,0.037201283563237375,-1.605074440773567,
2017-11-27,81.82917022705078,105.88140869140624,1.0,1.0,0.8022105569956678,-0.1977894430043322,0.012373969008963037,0.003661700315661598,0.009202282905043876,0.0,1.0,0.6044211139913356,0.1977894430043322,0.0,0.0,0.0,0.0,2.3201436221655254e-05,0.009179081468822221,11420.837757547708,-0.004173830023070368,0.04859815721718297,-1.0737018942120364,
2017-11-28,82.29354858398438,106.80474090576172,1.0,1.0,0.8022105569956678,-0.1977894430043322,0.005674973308968934,0.008720437570362893,0.0028277130093273873,0.0,1.0,0.6044211139913356,0.1977894430043322,0.0,0.0,0.0,0.0,2.3201436221655254e-05,0.002804511573105732,11452.867629213313,-0.0013810240045685207,0.052116337124202605,-0.9064796994864333,
2017-11-29,85.04403686523438,103.50715637207033,0.0,1.0,0.8022105569956678,-0.1977894430043322,0.03342289071959259,-0.03087488912688796,0.03291892290379739,0.0,1.0,0.6044211139913356,0.1977894430043322,0.0,0.0,0.0,0.0,2.3201436221655254e-05,0.03289572146757573,11829.617972748929,0.0,0.09272519094342058,0.8784950785857731,Exit Long Spread
2017-11-30,86.76579284667969,106.07927703857422,0.0,0.0,0.0,-0.0,0.020245463937391683,0.024849689206590364,0.0,0.0,0.0,0.0,0.0,0.8022105569956678,0.1977894430043322,1.0,0.001,0.0,-0.001,11817.78835477618,-0.0010000000000000009,0.10671649891479773,1.444781965565688,
2017-12-01,85.95133209228516,104.32682800292967,0.0,0.0,0.0,-0.0,-0.009386887708543568,-0.016520182683817608,0.0,0.0,0.0,0.0,0.0,0.0,0.0,0.0,0.0,0.0,0.0,11817.78835477618,-0.0010000000000000009,0.10139243871086445,1.170509126221589,
2017-12-04,88.38749694824219,101.21765899658205,-1.0,0.0,0.0,-0.0,0.028343538100623622,-0.02980220012306245,0.0,0.0,0.0,0.0,0.0,0.0,0.0,0.0,0.0,0.0,0.0,11817.78835477618,-0.0010000000000000009,0.13680134492934104,2.517463078234793,Enter Short Spread
2017-12-05,85.99420928955078,102.30115509033205,-1.0,-1.0,-0.8022105569956678,0.1977894430043322,-0.027077219531319696,0.010704615227137282,0.023838891245465125,0.0,1.0,-0.6044211139913356,0.8022105569956678,0.8022105569956678,0.1977894430043322,1.0,0.001,9.410227761279378e-05,0.02274478896785233,12086.581456972304,0.0,0.10672552691090442,1.2367531388384396,
2017-12-06,84.50822448730469,103.39408111572266,-1.0,-1.0,-0.8022105569956678,0.1977894430043322,-0.017280056581980285,0.010683418231451691,0.01597531115692822,0.0,1.0,-0.6044211139913356,0.8022105569956678,0.0,0.0,0.0,0.0,9.410227761279378e-05,0.015881208879315427,12278.530981727343,0.0,0.08667434278340225,0.41421702122950044,
2017-12-07,85.53697204589844,104.95806884765624,-1.0,-1.0,-0.8022105569956678,0.1977894430043322,0.012173342474474769,0.015126472570350602,-0.00677372726263747,0.0,1.0,-0.6044211139913356,0.8022105569956678,0.0,0.0,0.0,0.0,9.410227761279378e-05,-0.006867829540250264,12194.204123940157,-0.006867829540250336,0.09507259660719236,0.7406944784965941,
2017-12-08,85.41552734375,106.08869934082033,-1.0,-1.0,-0.8022105569956678,0.1977894430043322,-0.0014197919244004487,0.010772211279965305,0.003269601739480557,0.0,1.0,-0.6044211139913356,0.8022105569956678,0.0,0.0,0.0,0.0,9.410227761279378e-05,0.0031754994618677632,12232.926812573636,-0.003714138867391692,0.09101005095083758,0.5676930983671924,
2017-12-11,84.33676147460938,105.87200164794922,-1.0,-1.0,-0.8022105569956678,0.1977894430043322,-0.012629622536885932,-0.002042608630490883,0.009727610106659668,0.0,1.0,-0.6044211139913356,0.8022105569956678,0.0,0.0,0.0,0.0,9.410227761279378e-05,0.009633507829046874,12350.772808794722,0.0,0.07880412828489658,0.08047798232672865,
2017-12-12,84.41536712646484,106.89896392822266,-1.0,-1.0,-0.8022105569956678,0.1977894430043322,0.0009320449407952403,0.009700036499624698,0.0011708685252821175,0.0,1.0,-0.6044211139913356,0.8022105569956678,0.0,0.0,0.0,0.0,9.410227761279378e-05,0.0010767662476693237,12364.071704087864,0.0,0.0773556663987498,0.027168691187398744,
2017-12-13,84.58680725097656,106.75764465332033,-1.0,-1.0,-0.8022105569956678,0.1977894430043322,0.0020309113180172478,-0.001321989191562456,-0.0018906940054923078,0.0,1.0,-0.6044211139913356,0.8022105569956678,0.0,0.0,0.0,0.0,9.410227761279378e-05,-0.0019847962831051015,12339.531540525546,-0.001984796283105106,0.07971067757729244,0.1215223941622547,
2017-12-14,83.47232055664062,106.3901824951172,0.0,-1.0,-0.8022105569956678,0.1977894430043322,-0.013175656234773792,-0.0034420219685100673,0.009888854918921046,0.0,1.0,-0.6044211139913356,0.8022105569956678,0.0,0.0,0.0,0.0,9.410227761279378e-05,0.009794752641308252,12460.394199674614,0.0,0.06729756576745904,-0.36740566207751085,Exit Short Spread
2017-12-15,84.30104064941406,107.23814392089844,0.0,0.0,0.0,-0.0,0.0099280825936916,0.007970297690016226,0.0,0.0,0.0,0.0,0.0,0.8022105569956678,0.1977894430043322,1.0,0.001,0.0,-0.001,12447.93380547494,-0.0009999999999998899,0.07521935775612798,-0.0430176854127116,
2017-12-18,84.87971496582031,106.98377227783205,0.0,0.0,0.0,-0.0,0.00686437927632233,-0.002372025790133292,0.0,0.0,0.0,0.0,0.0,0.0,0.0,0.0,0.0,0.0,0.0,12447.93380547494,-0.0009999999999998899,0.08264581522472869,0.25845844914775634,
2017-12-19,85.01545715332031,105.6552963256836,0.0,0.0,0.0,-0.0,0.0015992300110181379,-0.012417546361129017,0.0,0.0,0.0,0.0,0.0,0.0,0.0,0.0,0.0,0.0,0.0,12447.93380547494,-0.0009999999999998899,0.08732455017333951,0.4541393384812821,
2017-12-20,84.53681182861328,105.63646697998048,0.0,0.0,0.0,-0.0,-0.005630097640289322,-0.00017821487760605326,0.0,0.0,0.0,0.0,0.0,0.0,0.0,0.0,0.0,0.0,0.0,12447.93380547494,-0.0009999999999998899,0.08172248757148526,0.2415824795714082,
2017-12-21,84.71540832519531,105.90969848632812,0.0,0.0,0.0,-0.0,0.0021126476468513733,0.002586526359305674,0.0,0.0,0.0,0.0,0.0,0.0,0.0,0.0,0.0,0.0,0.0,12447.93380547494,-0.0009999999999998899,0.08319600768200863,0.3121666268403745,
2017-12-22,84.75825500488281,106.17350006103516,0.0,0.0,0.0,-0.0,0.0005057719786112358,0.0024908160298566795,0.0,0.0,0.0,0.0,0.0,0.0,0.0,0.0,0.0,0.0,0.0,12447.93380547494,-0.0009999999999998899,0.08308829092132042,0.3243053057312224,
2017-12-26,84.48680877685547,106.45612335205078,0.0,0.0,0.0,-0.0,-0.0032025933994477285,0.0026619004822592274,-0.0,0.0,0.0,0.0,0.0,0.0,0.0,0.0,0.0,0.0,0.0,12447.93380547494,-0.0009999999999998899,0.07922512394381087,0.1841735159892255,
2017-12-27,85.07260131835938,107.42657470703124,0.0,0.0,0.0,-0.0,0.006933538501271652,0.009115974961545037,0.0,0.0,0.0,0.0,0.0,0.0,0.0,0.0,0.0,0.0,0.0,12447.93380547494,-0.0009999999999998899,0.08389732469922495,0.40661273485153193,
2017-12-28,85.0511703491211,107.73751831054688,0.0,0.0,0.0,-0.0,-0.000251913881862853,0.002894475639418248,-0.0,0.0,0.0,0.0,0.0,0.0,0.0,0.0,0.0,0.0,0.0,12447.93380547494,-0.0009999999999998899,0.08293276095929247,0.3821051578179937,
2017-12-29,85.12261962890625,107.42657470703124,0.0,0.0,0.0,-0.0,0.0008400740341591995,-0.002886121830088628,0.0,0.0,0.0,0.0,0.0,0.0,0.0,0.0,0.0,0.0,0.0,12447.93380547494,-0.0009999999999998899,0.08448510045119462,0.46010371544948664,
2018-01-02,88.3517837524414,107.88825988769533,0.0,0.0,0.0,-0.0,0.03793544110381886,0.004297681294625377,0.0,0.0,0.0,0.0,0.0,0.0,0.0,0.0,0.0,0.0,0.0,12447.93380547494,-0.0009999999999998899,0.12066134118074645,1.949282556936809,
2018-01-03,90.30928802490234,108.96229553222656,-1.0,0.0,0.0,-0.0,0.022155797985310643,0.009955074311600143,0.0,0.0,0.0,0.0,0.0,0.0,0.0,0.0,0.0,0.0,0.0,12447.93380547494,-0.0009999999999998899,0.14013292378471287,2.5739662077854453,Enter Short Spread
2018-01-04,90.89510345458984,109.3674545288086,-1.0,-1.0,-0.8022105569956678,0.1977894430043322,0.006486768332466086,0.003718341235406486,-0.0044683053952383886,0.0,1.0,-0.6044211139913356,0.8022105569956678,0.8022105569956678,0.1977894430043322,1.0,0.001,9.410227761279378e-05,-0.005562407672851182,12378.693322964222,-0.006556845265178413,0.14568366624542128,2.588078479068948,
2018-01-05,91.17372131347656,111.98672485351562,-1.0,-1.0,-0.8022105569956678,0.1977894430043322,0.0030652680760290263,0.023949266589331497,0.002277921688453856,0.0,1.0,-0.6044211139913356,0.8022105569956678,0.0,0.0,0.0,0.0,9.410227761279378e-05,0.002183819410841062,12405.72615372376,-0.004387344820301342,0.14290902108923542,2.333026265980119,
2018-01-08,92.28107452392578,112.43892669677734,-1.0,-1.0,-0.8022105569956678,0.1977894430043322,0.01214553047189848,0.00403799507355207,-0.008944599968417436,0.0,1.0,-0.6044211139913356,0.8022105569956678,0.0,0.0,0.0,0.0,9.410227761279378e-05,-0.00903870224603023,12293.594488874462,-0.01338639116285012,0.1539878011435567,2.540970977353985,
2018-01-09,92.23819732666016,112.22223663330078,-1.0,-1.0,-0.8022105569956678,0.1977894430043322,-0.00046463695277532135,-0.0019271801131731658,-8.43921246688605e-06,0.0,1.0,-0.6044211139913356,0.8022105569956678,0.0,0.0,0.0,0.0,9.410227761279378e-05,-0.00010254149007967983,12292.333885377138,-0.013487559992433007,0.15399867155882863,2.388848456587342,
2018-01-10,92.7239761352539,112.09977722167967,-1.0,-1.0,-0.8022105569956678,0.1977894430043322,0.005266568760807111,-0.001091222339662079,-0.004440729317818704,0.0,1.0,-0.6044211139913356,0.8022105569956678,0.0,0.0,0.0,0.0,9.410227761279378e-05,-0.004534831595431497,12236.590221292136,-0.01796122777466569,0.159520614243295,2.3990897354251732,
2018-01-11,95.34591674804688,112.91002655029295,-1.0,-1.0,-0.8022105569956678,0.1977894430043322,0.028276835421384705,0.007227929873678374,-0.021254367669674635,0.0,1.0,-0.6044211139913356,0.8022105569956678,0.0,0.0,0.0,0.0,9.410227761279378e-05,-0.021348469947287427,11975.357742695609,-0.03892625299058927,0.18562936368336058,2.9101655806600037,
2018-01-12,95.79597473144533,113.14559173583984,-1.0,-1.0,-0.8022105569956678,0.1977894430043322,0.004720264891759696,0.0020863088314124756,-0.003373996466285548,0.0,1.0,-0.6044211139913356,0.8022105569956678,0.0,0.0,0.0,0.0,9.410227761279378e-05,-0.003468098743898342,11933.826019550434,-0.0422593516453863,0.1898246679385036,2.7758026408655696,
2018-01-16,94.93155670166016,113.42823028564452,-1.0,-1.0,-0.8022105569956678,0.1977894430043322,-0.00902353185724647,0.002498007615396425,0.0077328520521396825,0.0,1.0,-0.6044211139913356,0.8022105569956678,0.0,0.0,0.0,0.0,9.410227761279378e-05,0.007638749774526889,12024.985530366519,-0.03494341048371208,0.18014504784407648,2.358313672613046,
2018-01-17,95.73882293701172,114.92626190185548,-1.0,-1.0,-0.8022105569956678,0.1977894430043322,0.008503665834623808,0.013206867571137204,-0.00420955152497139,0.0,1.0,-0.6044211139913356,0.8022105569956678,0.0,0.0,0.0,0.0,9.410227761279378e-05,-0.004303653802584183,11973.234155662738,-0.03909667994489274,0.18537784986401395,2.3368098100300037,
2018-01-18,95.43879699707033,115.99092864990234,-1.0,-1.0,-0.8022105569956678,0.1977894430043322,-0.0031337959955783923,0.009263911750267084,0.00434626817625035,0.0,1.0,-0.6044211139913356,0.8022105569956678,0.0,0.0,0.0,0.0,9.410227761279378e-05,0.004252165898637556,12024.14633363585,-0.035010759615466736,0.17996557946128044,2.0929915305116893,
2018-01-19,95.07443237304688,115.60464477539062,-1.0,-1.0,-0.8022105569956678,0.1977894430043322,-0.0038177830765683263,-0.0033302938342500976,0.0024039689258254227,0.0,1.0,-0.6044211139913356,0.8022105569956678,0.0,0.0,0.0,0.0,9.410227761279378e-05,0.002309866648212629,12051.920508225145,-0.03278176315321846,0.1769629626844269,1.9295634338200223,
2018-01-22,94.91725158691406,117.1404037475586,-1.0,-1.0,-0.8022105569956678,0.1977894430043322,-0.0016532392801050788,0.013284578445371453,0.003953795374997589,0.0,1.0,-0.6044211139913356,0.8022105569956678,0.0,0.0,0.0,0.0,9.410227761279378e-05,0.003859693097384795,12098.437222620973,-0.029048597600796144,0.17205453439871743,1.7447348853142515,
2018-01-23,94.35285949707033,117.44187927246094,-1.0,-1.0,-0.8022105569956678,0.1977894430043322,-0.005946148675901486,0.0025736254550738913,0.0052790991865348195,0.0,1.0,-0.6044211139913356,0.8022105569956678,0.0,0.0,0.0,0.0,9.410227761279378e-05,0.005184996908922026,12161.16758222305,-0.024014217580642705,0.16545691055725698,1.540162265978337,
2018-01-24,94.08139038085938,117.34767150878906,-1.0,-1.0,-0.8022105569956678,0.1977894430043322,-0.0028771689343382034,-0.000802164987953935,0.002149435527221096,0.0,1.0,-0.6044211139913356,0.8022105569956678,0.0,0.0,0.0,0.0,9.410227761279378e-05,0.0020553332496083022,12186.16283430885,-0.022008241550891317,0.16277345219157313,1.431319231686901,
2018-01-25,93.79561614990234,117.97893524169922,-1.0,-1.0,-0.8022105569956678,0.1977894430043322,-0.0030375213397693113,0.005379431264325385,0.0035007263993135744,0.0,1.0,-0.6044211139913356,0.8022105569956678,0.0,0.0,0.0,0.0,9.410227761279378e-05,0.0034066241217007806,12227.676510571182,-0.01867659123573384,0.158408534438639,1.3010081491174552,
2018-01-26,94.81724548339844,119.01531982421876,-1.0,-1.0,-0.8022105569956678,0.1977894430043322,0.010892079773358931,0.008784488352910902,-0.007000262323427225,0.0,1.0,-0.6044211139913356,0.8022105569956678,0.0,0.0,0.0,0.0,9.410227761279378e-05,-0.007094364601040019,12140.928915181617,-0.025638457289043015,0.1670853163006698,1.4253830804230105,
2018-01-29,93.3312530517578,117.62088012695312,-1.0,-1.0,-0.8022105569956678,0.1977894430043322,-0.015672174656253035,-0.011716472293862412,0.010254989431347398,0.0,1.0,-0.6044211139913356,0.8022105569956678,0.0,0.0,0.0,0.0,9.410227761279378e-05,0.010160887153734604,12264.29152383029,-0.015738079606618327,0.1541948520736085,1.1266628066057625,
2018-01-30,91.52379608154295,116.4054718017578,-1.0,-1.0,-0.8022105569956678,0.1977894430043322,-0.019366042039663856,-0.010333270112275028,0.01349183163152007,0.0,1.0,-0.6044211139913356,0.8022105569956678,0.0,0.0,0.0,0.0,9.410227761279378e-05,0.013397729353907276,12428.60518238399,-0.0025512047838305296,0.13719981085026944,0.7611148385226778,
2018-01-31,90.95940399169922,117.04619598388672,-1.0,-1.0,-0.8022105569956678,0.1977894430043322,-0.006166615831153854,0.005504244536030933,0.006035605781629434,0.0,1.0,-0.6044211139913356,0.8022105569956678,0.0,0.0,0.0,0.0,9.410227761279378e-05,0.005941503504016641,12502.449783625165,0.0,0.12966072228820202,0.5890366015172415,
2018-02-01,85.37980651855469,118.4499969482422,0.0,-1.0,-0.8022105569956678,0.1977894430043322,-0.06134162305695967,0.011993563332453272,0.05158109781070503,0.0,1.0,-0.6044211139913356,0.8022105569956678,0.0,0.0,0.0,0.0,9.410227761279378e-05,0.05148699553309224,13146.163359787384,0.0,0.06341755365606239,-0.7461693508098829,Exit Short Spread
2018-02-02,83.20797729492188,113.9181671142578,0.0,0.0,0.0,-0.0,-0.025437270382673405,-0.03825943394464271,0.0,0.0,0.0,0.0,0.0,0.8022105569956678,0.1977894430043322,1.0,0.001,0.0,-0.001,13133.017196427596,-0.001000000000000112,0.04726942831391634,-1.0788390221337663,
2018-02-05,80.94329071044922,109.54645538330078,0.0,0.0,0.0,-0.0,-0.027217181069619234,-0.038375895976032304,0.0,0.0,0.0,0.0,0.0,0.0,0.0,0.0,0.0,0.0,0.0,13133.017196427596,-0.001000000000000112,0.029323123074227464,-1.4337594284132749,
2018-02-06,80.52178192138672,113.03252410888672,0.0,0.0,0.0,-0.0,-0.005207458028489653,0.03182274326803425,-0.0,0.0,0.0,0.0,0.0,0.0,0.0,0.0,0.0,0.0,0.0,13133.017196427596,-0.001000000000000112,0.0163782407788835,-1.679027313598573,
2018-02-07,79.95024871826172,112.73098754882812,0.0,0.0,0.0,-0.0,-0.007097870780889859,-0.0026676973060260067,0.0,0.0,0.0,0.0,0.0,0.0,0.0,0.0,0.0,0.0,0.0,13133.017196427596,-0.001000000000000112,0.009913674664745686,-1.7889288943108863,
2018-02-08,78.07132720947266,107.27581787109376,0.0,0.0,0.0,-0.0,-0.02350113400410092,-0.04839103955663937,0.0,0.0,0.0,0.0,0.0,0.0,0.0,0.0,0.0,0.0,0.0,13133.017196427596,-0.001000000000000112,-0.0016385940142689126,-1.9631339794186686,
2018-02-09,76.00667572021484,109.59357452392578,0.0,0.0,0.0,-0.0,-0.02644570757351361,0.02160558361453946,-0.0,0.0,0.0,0.0,0.0,0.0,0.0,0.0,0.0,0.0,0.0,13133.017196427596,-0.001000000000000112,-0.03371052481909853,-2.441802006989071,
2018-02-12,75.94952392578125,111.61924743652344,0.0,0.0,0.0,-0.0,-0.0007519312467232364,0.018483500710668288,-0.0,0.0,0.0,0.0,0.0,0.0,0.0,0.0,0.0,0.0,0.0,13133.017196427596,-0.001000000000000112,-0.03897834337813788,-2.4059667314243667,
2018-02-13,76.84253692626953,111.50618743896484,0.0,0.0,0.0,-0.0,0.011757980225931997,-0.001012907721160583,0.0,0.0,0.0,0.0,0.0,0.0,0.0,0.0,0.0,0.0,0.0,13133.017196427596,-0.001000000000000112,-0.027039086529514256,-2.1093568535262506,
2018-02-14,76.15672302246094,113.84278106689452,0.0,0.0,0.0,-0.0,-0.008924925324454547,0.020954833822191654,-0.0,0.0,0.0,0.0,0.0,0.0,0.0,0.0,0.0,0.0,0.0,13133.017196427596,-0.001000000000000112,-0.04111722020697628,-2.2409000530024326,
2018-02-15,77.37834167480469,115.40949249267578,0.0,0.0,0.0,-0.0,0.016040851074742957,0.013762062127247843,0.0,0.0,0.0,0.0,0.0,0.0,0.0,0.0,0.0,0.0,0.0,13133.017196427596,-0.001000000000000112,-0.028573640439425896,-1.9604336981674872,
2018-02-16,76.65789031982422,115.003662109375,0.0,0.0,0.0,-0.0,-0.009310762409567852,-0.0035164385054941016,0.0,0.0,0.0,0.0,0.0,0.0,0.0,0.0,0.0,0.0,0.0,13133.017196427596,-0.001000000000000112,-0.03705949365378847,-2.0148460860093715,
2018-02-20,75.44026947021484,115.1546859741211,0.0,0.0,0.0,-0.0,-0.015883829368762203,0.0013132091793952583,-0.0,0.0,0.0,0.0,0.0,0.0,0.0,0.0,0.0,0.0,0.0,13133.017196427596,-0.001000000000000112,-0.053394389534069164,-2.163788184800822,
2018-02-21,75.43309020996094,113.66343688964844,0.0,0.0,0.0,-0.0,-9.516482780780322e-05,-0.012949964405337244,0.0,0.0,0.0,0.0,0.0,0.0,0.0,0.0,0.0,0.0,0.0,13133.017196427596,-0.001000000000000112,-0.050275819539775446,-2.0263142678162396,
2018-02-22,75.70684051513672,113.61627960205078,0.0,0.0,0.0,-0.0,0.0036290480002054704,-0.00041488528666822067,0.0,0.0,0.0,0.0,0.0,0.0,0.0,0.0,0.0,0.0,0.0,13133.017196427596,-0.001000000000000112,-0.04655102716172865,-1.8998175217213429,
2018-02-23,76.0887222290039,116.02301788330078,0.0,0.0,0.0,-0.0,0.005044216761242781,0.021183040755072824,0.0,0.0,0.0,0.0,0.0,0.0,0.0,0.0,0.0,0.0,0.0,13133.017196427596,-0.001000000000000112,-0.04668773716369623,-1.8296818589112929,
2018-02-26,77.86106872558594,117.58970642089844,0.0,0.0,0.0,-0.0,0.02329315626102657,0.01350325621742976,0.0,0.0,0.0,0.0,0.0,0.0,0.0,0.0,0.0,0.0,0.0,13133.017196427596,-0.001000000000000112,-0.02696875049143177,-1.5107636956051855,
2018-02-27,76.1463394165039,116.4382553100586,0.0,0.0,0.0,-0.0,-0.022022935687223022,-0.009792108049988313,0.0,0.0,0.0,0.0,0.0,0.0,0.0,0.0,0.0,0.0,0.0,13133.017196427596,-0.001000000000000112,-0.04681161474892903,-1.7057756673378233,
2018-02-28,75.22416687011719,116.03244018554688,0.0,0.0,0.0,-0.0,-0.012110530242860906,-0.0034852387939950935,0.0,0.0,0.0,0.0,0.0,0.0,0.0,0.0,0.0,0.0,0.0,13133.017196427596,-0.001000000000000112,-0.05813526915535516,-1.7721997243113183,
2018-03-01,76.67950439453125,113.63514709472656,0.0,0.0,0.0,-0.0,0.01934667521046607,-0.020660541887999706,0.0,0.0,0.0,0.0,0.0,0.0,0.0,0.0,0.0,0.0,0.0,13133.017196427596,-0.001000000000000112,-0.033826032558054386,-1.4056220182143364,
2018-03-02,75.9157943725586,113.98432159423828,0.0,0.0,0.0,-0.0,-0.009959767319872248,0.0030727684914302333,-0.0,0.0,0.0,0.0,0.0,0.0,0.0,0.0,0.0,0.0,0.0,13133.017196427596,-0.001000000000000112,-0.04459217660915349,-1.4831823476281163,
2018-03-05,76.2328109741211,115.03197479248048,0.0,0.0,0.0,-0.0,0.004175897837632281,0.009191204400651243,0.0,0.0,0.0,0.0,0.0,0.0,0.0,0.0,0.0,0.0,0.0,13133.017196427596,-0.001000000000000112,-0.042680764926905645,-1.4059006755697685,
2018-03-06,79.10749816894531,114.2580337524414,0.0,0.0,0.0,-0.0,0.03770931647529174,-0.006728051408621649,0.0,0.0,0.0,0.0,0.0,0.0,0.0,0.0,0.0,0.0,0.0,13133.017196427596,-0.001000000000000112,-0.004000617571926712,-0.9035122955288483,
2018-03-07,78.68241119384766,115.003662109375,0.0,0.0,0.0,-0.0,-0.005373535820710984,0.006525828709332826,-0.0,0.0,0.0,0.0,0.0,0.0,0.0,0.0,0.0,0.0,0.0,13133.017196427596,-0.001000000000000112,-0.010992394640589653,-0.9607929952168673,
2018-03-08,78.38701629638672,115.3528823852539,0.0,0.0,0.0,-0.0,-0.0037542684950665484,0.0030366013522837854,-0.0,0.0,0.0,0.0,0.0,0.0,0.0,0.0,0.0,0.0,0.0,13133.017196427596,-0.001000000000000112,-0.015501284480762267,-0.9865245912912566,
2018-03-09,79.52536010742188,117.51423645019533,0.0,0.0,0.0,-0.0,0.014522096449378852,0.01873688823590003,0.0,0.0,0.0,0.0,0.0,0.0,0.0,0.0,0.0,0.0,0.0,13133.017196427596,-0.001000000000000112,-0.0056605609550786085,-0.8455437826363763,
2018-03-12,78.46626281738281,117.2593765258789,0.0,0.0,0.0,-0.0,-0.013317730200887445,-0.0021687578630052995,0.0,0.0,0.0,0.0,0.0,0.0,0.0,0.0,0.0,0.0,0.0,13133.017196427596,-0.001000000000000112,-0.018532467520682383,-0.9733121994178509,
2018-03-13,78.76885986328125,116.27782440185548,0.0,0.0,0.0,-0.0,0.00385639681352834,-0.008370777272611485,0.0,0.0,0.0,0.0,0.0,0.0,0.0,0.0,0.0,0.0,0.0,13133.017196427596,-0.001000000000000112,-0.0126109396079912,-0.8788468976838227,
2018-03-14,78.35820007324219,115.69264221191406,0.0,0.0,0.0,-0.0,-0.005213478914787406,-0.0050326207335892326,0.0,0.0,0.0,0.0,0.0,0.0,0.0,0.0,0.0,0.0,0.0,13133.017196427596,-0.001000000000000112,-0.01659410288531582,-0.9032017928791595,
2018-03-15,79.04985046386719,116.4760284423828,0.0,0.0,0.0,-0.0,0.00882677741421456,0.00677127097705843,0.0,0.0,0.0,0.0,0.0,0.0,0.0,0.0,0.0,0.0,0.0,13133.017196427596,-0.001000000000000112,-0.009469921081603605,-0.7986232892676666,
2018-03-16,79.90719604492188,117.53308868408205,0.0,0.0,0.0,-0.0,0.010845631914845555,0.0090753458530064,0.0,0.0,0.0,0.0,0.0,0.0,0.0,0.0,0.0,0.0,0.0,13133.017196427596,-0.001000000000000112,-0.0009101654754932742,-0.6798901112730937,
2018-03-19,78.14204406738281,116.28726959228516,0.0,0.0,0.0,-0.0,-0.02209002524061454,-0.01059973072898246,0.0,0.0,0.0,0.0,0.0,0.0,0.0,0.0,0.0,0.0,0.0,13133.017196427596,-0.001000000000000112,-0.020620457413468962,-0.8838939390334126,
2018-03-20,77.83226013183594,117.89175415039062,0.0,0.0,0.0,-0.0,-0.003964369492046371,0.013797594214147058,-0.0,0.0,0.0,0.0,0.0,0.0,0.0,0.0,0.0,0.0,0.0,13133.017196427596,-0.001000000000000112,-0.027971323732799203,-0.941558322730992,
2018-03-21,77.5584945678711,116.29669952392578,0.0,0.0,0.0,-0.0,-0.003517379085499095,-0.013529823505977201,0.0,0.0,0.0,0.0,0.0,0.0,0.0,0.0,0.0,0.0,0.0,13133.017196427596,-0.001000000000000112,-0.02813627825009357,-0.9163858776852646,
2018-03-22,75.25298309326172,113.2481689453125,0.0,0.0,0.0,-0.0,-0.029726098829726877,-0.026213388609417132,0.0,0.0,0.0,0.0,0.0,0.0,0.0,0.0,0.0,0.0,0.0,13133.017196427596,-0.001000000000000112,-0.05176387816141159,-1.149425034452282,
2018-03-23,73.24287414550781,110.4261703491211,0.0,0.0,0.0,-0.0,-0.02671135236277289,-0.024918712792205477,0.0,0.0,0.0,0.0,0.0,0.0,0.0,0.0,0.0,0.0,0.0,13133.017196427596,-0.001000000000000112,-0.07261677103554587,-1.337672789849064,
2018-03-26,74.7126235961914,113.86165618896484,0.0,0.0,0.0,-0.0,0.020066791040500576,0.031111156250209326,0.0,0.0,0.0,0.0,0.0,0.0,0.0,0.0,0.0,0.0,0.0,13133.017196427596,-0.001000000000000112,-0.06030238927673959,-1.1613953916648179,
2018-03-27,73.61029052734375,110.8037109375,0.0,0.0,0.0,-0.0,-0.01475430811807077,-0.026856672859121966,0.0,0.0,0.0,0.0,0.0,0.0,0.0,0.0,0.0,0.0,0.0,13133.017196427596,-0.001000000000000112,-0.06845442110937783,-1.21021132780473,
2018-03-28,73.97772979736328,110.4167251586914,0.0,0.0,0.0,-0.0,0.004991683464189656,-0.0034925344605730713,0.0,0.0,0.0,0.0,0.0,0.0,0.0,0.0,0.0,0.0,0.0,13133.017196427596,-0.001000000000000112,-0.06261254390645954,-1.109754027129923,
2018-03-29,75.4042739868164,112.89897918701172,0.0,0.0,0.0,-0.0,0.019283427503934636,0.022480779290934505,0.0,0.0,0.0,0.0,0.0,0.0,0.0,0.0,0.0,0.0,0.0,13133.017196427596,-0.001000000000000112,-0.04899406132554329,-0.9306369719288161,
2018-04-02,74.8134994506836,111.7380828857422,0.0,0.0,0.0,-0.0,-0.007834761942487556,-0.010282611141652076,0.0,0.0,0.0,0.0,0.0,0.0,0.0,0.0,0.0,0.0,0.0,13133.017196427596,-0.001000000000000112,-0.054311317247102364,-0.9559205491391393,
2018-04-03,76.03826904296875,112.5025634765625,0.0,0.0,0.0,-0.0,0.016370970497009196,0.006841719233737109,0.0,0.0,0.0,0.0,0.0,0.0,0.0,0.0,0.0,0.0,0.0,13133.017196427596,-0.001000000000000112,-0.03975402561435826,-0.7700184796081669,
2018-04-04,76.66509246826172,113.07830047607422,0.0,0.0,0.0,-0.0,0.008243525703337085,0.005117545607142171,0.0,0.0,0.0,0.0,0.0,0.0,0.0,0.0,0.0,0.0,0.0,13133.017196427596,-0.001000000000000112,-0.03280283373309034,-0.6679417372733149,
2018-04-05,77.21985626220703,114.38074493408205,0.0,0.0,0.0,-0.0,0.007236198067262167,0.011518075992691612,0.0,0.0,0.0,0.0,0.0,0.0,0.0,0.0,0.0,0.0,0.0,13133.017196427596,-0.001000000000000112,-0.028416306302831984,-0.5940062384305014,
2018-04-06,75.88700103759766,111.08682250976562,0.0,0.0,0.0,-0.0,-0.01726052454803262,-0.02879787525614308,0.0,0.0,0.0,0.0,0.0,0.0,0.0,0.0,0.0,0.0,0.0,13133.017196427596,-0.001000000000000112,-0.038623012536126655,-0.6820161379283614,
2018-04-09,75.3610610961914,112.11559295654295,0.0,0.0,0.0,-0.0,-0.006930566951060313,0.009260958442545153,-0.0,0.0,0.0,0.0,0.0,0.0,0.0,0.0,0.0,0.0,0.0,13133.017196427596,-0.001000000000000112,-0.04785053972497422,-0.7599927814460816,
2018-04-10,76.38410186767578,113.93718719482422,0.0,0.0,0.0,-0.0,0.013575190643594581,0.016247465586587406,0.0,0.0,0.0,0.0,0.0,0.0,0.0,0.0,0.0,0.0,0.0,13133.017196427596,-0.001000000000000112,-0.03834037421465597,-0.6251850811500342,
2018-04-11,76.43453979492188,113.04997253417967,0.0,0.0,0.0,-0.0,0.0006603197002101879,-0.007786875229133683,0.0,0.0,0.0,0.0,0.0,0.0,0.0,0.0,0.0,0.0,0.0,13133.017196427596,-0.001000000000000112,-0.03575286130692601,-0.5696306546849954,
2018-04-12,77.0829849243164,114.26750946044922,0.0,0.0,0.0,-0.0,0.008483666299742731,0.01076990023948432,0.0,0.0,0.0,0.0,0.0,0.0,0.0,0.0,0.0,0.0,0.0,13133.017196427596,-0.001000000000000112,-0.02994616020444596,-0.4718248651368413,
2018-04-13,77.2702865600586,113.9654769897461,0.0,0.0,0.0,-0.0,0.002429870041048554,-0.002643205160673179,0.0,0.0,0.0,0.0,0.0,0.0,0.0,0.0,0.0,0.0,0.0,13133.017196427596,-0.001000000000000112,-0.026866677889811452,-0.40492822128603634,
2018-04-16,78.71123504638672,115.03197479248048,0.0,0.0,0.0,-0.0,0.018648157661588893,0.009358077822377187,0.0,0.0,0.0,0.0,0.0,0.0,0.0,0.0,0.0,0.0,0.0,13133.017196427596,-0.001000000000000112,-0.010686822023650677,-0.15330110422163135,
2018-04-17,78.90574645996094,116.84412384033205,0.0,0.0,0.0,-0.0,0.0024712026619782,0.015753437695220862,0.0,0.0,0.0,0.0,0.0,0.0,0.0,0.0,0.0,0.0,0.0,13133.017196427596,-0.001000000000000112,-0.012072488440295182,-0.13576750852312822,
2018-04-18,79.90000915527344,117.48589324951172,0.0,0.0,0.0,-0.0,0.012600637341628973,0.005492526180064017,0.0,0.0,0.0,0.0,0.0,0.0,0.0,0.0,0.0,0.0,0.0,13133.017196427596,-0.001000000000000112,-0.0009010856755220509,0.0776181633856332,
2018-04-19,79.02103424072266,116.99510192871094,0.0,0.0,0.0,-0.0,-0.011000936343356749,-0.004177448944942319,0.0,0.0,0.0,0.0,0.0,0.0,0.0,0.0,0.0,0.0,0.0,13133.017196427596,-0.001000000000000112,-0.010930849345659244,-0.03667078608401408,
2018-04-20,78.2068862915039,117.22158813476562,0.0,0.0,0.0,-0.0,-0.010302927024956499,0.0019358605815198437,-0.0,0.0,0.0,0.0,0.0,0.0,0.0,0.0,0.0,0.0,0.0,13133.017196427596,-0.001000000000000112,-0.02176405463871789,-0.1808015469147004,
2018-04-23,78.61036682128906,117.4669952392578,0.0,0.0,0.0,-0.0,0.0051591432534630055,0.002093531647174407,0.0,0.0,0.0,0.0,0.0,0.0,0.0,0.0,0.0,0.0,0.0,13133.017196427596,-0.001000000000000112,-0.017133806398965667,-0.04726370488951874,
2018-04-24,77.9691390991211,114.45623779296876,0.0,0.0,0.0,-0.0,-0.00815703765415221,-0.02563066706658068,0.0,0.0,0.0,0.0,0.0,0.0,0.0,0.0,0.0,0.0,0.0,13133.017196427596,-0.001000000000000112,-0.018922516252512622,-0.024000780965169013,
2018-04-25,78.2861328125,114.3996124267578,0.0,0.0,0.0,-0.0,0.004065630543591325,-0.000494733771639333,0.0,0.0,0.0,0.0,0.0,0.0,0.0,0.0,0.0,0.0,0.0,13133.017196427596,-0.001000000000000112,-0.014743118524964904,0.1549724949970417,
2018-04-26,81.61470794677734,119.93981170654295,0.0,0.0,0.0,-0.0,0.04251806820308124,0.04842847945251716,0.0,0.0,0.0,0.0,0.0,0.0,0.0,0.0,0.0,0.0,0.0,13133.017196427596,-0.001000000000000112,0.015235695890979395,1.161780338688203,
2018-04-27,82.12625122070312,118.92991638183594,0.0,0.0,0.0,-0.0,0.0062677829375969996,-0.008420017593307016,0.0,0.0,0.0,0.0,0.0,0.0,0.0,0.0,0.0,0.0,0.0,13133.017196427596,-0.001000000000000112,0.023568709165353363,1.8002143283243728,
2018-04-30,81.77322387695312,119.75104522705078,0.0,0.0,0.0,-0.0,-0.004298593184307031,0.006904308606242804,-0.0,0.0,0.0,0.0,0.0,0.0,0.0,0.0,0.0,0.0,0.0,13133.017196427596,-0.001000000000000112,0.01756440472829701,1.7297299915188982,
2018-05-01,81.01671600341797,120.3456573486328,0.0,0.0,0.0,-0.0,-0.009251290797504752,0.004965402351642334,-0.0,0.0,0.0,0.0,0.0,0.0,0.0,0.0,0.0,0.0,0.0,13133.017196427596,-0.001000000000000112,0.0070488370123029664,1.4161316165939797,
2018-05-02,80.0801010131836,119.27913665771484,0.0,0.0,0.0,-0.0,-0.011560762228314259,-0.008862145210843164,0.0,0.0,0.0,0.0,0.0,0.0,0.0,0.0,0.0,0.0,0.0,13133.017196427596,-0.001000000000000112,-0.002384520002656876,1.075965179675135,
2018-05-03,79.11469268798828,120.03418731689452,0.0,0.0,0.0,-0.0,-0.01205553330953435,0.006330115058984509,-0.0,0.0,0.0,0.0,0.0,0.0,0.0,0.0,0.0,0.0,0.0,13133.017196427596,-0.001000000000000112,-0.016069116409362483,0.5028491932874417,
2018-05-04,80.19539642333984,120.95913696289062,0.0,0.0,0.0,-0.0,0.013659962500437661,0.007705718401326944,0.0,0.0,0.0,0.0,0.0,0.0,0.0,0.0,0.0,0.0,0.0,13133.017196427596,-0.001000000000000112,-0.004394214997583523,1.0682443733512323,
2018-05-07,80.77896881103516,121.99729919433594,0.0,0.0,0.0,-0.0,0.007276881388736056,0.008582751642513875,0.0,0.0,0.0,0.0,0.0,0.0,0.0,0.0,0.0,0.0,0.0,13133.017196427596,-0.001000000000000112,0.0007492222802769621,1.3040849780200827,
2018-05-08,80.16656494140625,122.60134887695312,0.0,0.0,0.0,-0.0,-0.007581229107560095,0.004951336518154825,-0.0,0.0,0.0,0.0,0.0,0.0,0.0,0.0,0.0,0.0,0.0,13133.017196427596,-0.001000000000000112,-0.008078657475961037,0.8670145912118886,
2018-05-09,80.26023864746094,123.48854064941406,0.0,0.0,0.0,-0.0,0.0011684884605340784,0.007236394873202823,0.0,0.0,0.0,0.0,0.0,0.0,0.0,0.0,0.0,0.0,0.0,13133.017196427596,-0.001000000000000112,-0.008688599769762995,0.8128960589325235,
2018-05-10,82.12625122070312,123.63956451416016,0.0,0.0,0.0,-0.0,0.023249526847765267,0.0012229787796655955,0.0,0.0,0.0,0.0,0.0,0.0,0.0,0.0,0.0,0.0,0.0,13133.017196427596,-0.001000000000000112,0.013993426280653587,1.781510633218476,
2018-05-11,83.17813110351562,124.41349029541016,0.0,0.0,0.0,-0.0,0.012808083495564837,0.006259531763081805,0.0,0.0,0.0,0.0,0.0,0.0,0.0,0.0,0.0,0.0,0.0,13133.017196427596,-0.001000000000000112,0.02518166804125377,2.1548544464555066,
2018-05-14,83.81935119628906,123.83775329589844,0.0,0.0,0.0,-0.0,0.007708998558472402,-0.004627609097250462,0.0,0.0,0.0,0.0,0.0,0.0,0.0,0.0,0.0,0.0,0.0,13133.017196427596,-0.001000000000000112,0.03400471482060263,2.3714676427748764,
2018-05-15,83.29341125488281,123.73394775390624,0.0,0.0,0.0,-0.0,-0.006274683994804464,-0.0008382382531130217,0.0,0.0,0.0,0.0,0.0,0.0,0.0,0.0,0.0,0.0,0.0,13133.017196427596,-0.001000000000000112,0.027917021197634728,2.0085168896950485,
2018-05-16,83.80492401123047,123.5357666015625,0.0,0.0,0.0,-0.0,0.006141095059516655,-0.0016016716183492319,0.0,0.0,0.0,0.0,0.0,0.0,0.0,0.0,0.0,0.0,0.0,13133.017196427596,-0.001000000000000112,0.03443455415047603,2.150414000173598,
2018-05-17,83.99945831298828,122.82673645019533,0.0,0.0,0.0,-0.0,0.0023212753194756797,-0.005739472631064002,0.0,0.0,0.0,0.0,0.0,0.0,0.0,0.0,0.0,0.0,0.0,13133.017196427596,-0.001000000000000112,0.038172314711377275,2.171336441550657,
2018-05-18,83.7816162109375,122.82673645019533,0.0,0.0,0.0,-0.0,-0.0025933750815283485,0.0,-0.0,0.0,0.0,0.0,0.0,0.0,0.0,0.0,0.0,0.0,0.0,13133.017196427596,-0.001000000000000112,0.03557557100736375,1.9716324185769183,
2018-05-21,85.01604461669922,123.51685333251952,0.0,0.0,0.0,-0.0,0.014733881507534852,0.005618621012567715,0.0,0.0,0.0,0.0,0.0,0.0,0.0,0.0,0.0,0.0,0.0,13133.017196427596,-0.001000000000000112,0.048820538605542696,2.310954791026947,
2018-05-22,83.7671127319336,123.56415557861328,0.0,0.0,0.0,-0.0,-0.014690543301520531,0.0003829618778128374,-0.0,0.0,0.0,0.0,0.0,0.0,0.0,0.0,0.0,0.0,0.0,13133.017196427596,-0.001000000000000112,0.03392661740111924,1.7059067807944919,
2018-05-23,83.7090072631836,124.67015838623048,0.0,0.0,0.0,-0.0,-0.0006936549065018616,0.008950838553770879,-0.0,0.0,0.0,0.0,0.0,0.0,0.0,0.0,0.0,0.0,0.0,13133.017196427596,-0.001000000000000112,0.031035661292310612,1.5447108974256032,
2018-05-24,83.96315002441406,124.67961120605467,0.0,0.0,0.0,-0.0,0.0030360264628563893,7.582263427385882e-05,0.0,0.0,0.0,0.0,0.0,0.0,0.0,0.0,0.0,0.0,0.0,13133.017196427596,-0.001000000000000112,0.03404839455327302,1.5914760605168754,
2018-05-25,83.86150360107422,124.10291290283205,0.0,0.0,0.0,-0.0,-0.0012106075499821456,-0.004625441943908015,0.0,0.0,0.0,0.0,0.0,0.0,0.0,0.0,0.0,0.0,0.0,13133.017196427596,-0.001000000000000112,0.03398012753482571,1.526464828773691,
2018-05-29,82.65609741210938,122.59984588623048,0.0,0.0,0.0,-0.0,-0.014373772675230212,-0.012111456382803865,0.0,0.0,0.0,0.0,0.0,0.0,0.0,0.0,0.0,0.0,0.0,13133.017196427596,-0.001000000000000112,0.022506428590879368,1.1036072743497896,
2018-05-30,84.73286437988281,123.4979019165039,0.0,0.0,0.0,-0.0,0.025125393440958543,0.00732509917758617,0.0,0.0,0.0,0.0,0.0,0.0,0.0,0.0,0.0,0.0,0.0,13133.017196427596,-0.001000000000000112,0.04552190770699638,1.7950794623933735,
2018-05-31,84.31896209716797,123.57355499267578,0.0,0.0,0.0,-0.0,-0.004884790402684747,0.0006125859224963559,-0.0,0.0,0.0,0.0,0.0,0.0,0.0,0.0,0.0,0.0,0.0,13133.017196427596,-0.001000000000000112,0.040474157520833165,1.5704680955228818,
2018-06-01,85.1395034790039,123.6964340209961,0.0,0.0,0.0,-0.0,0.009731398032275962,0.0009943796496556523,0.0,0.0,0.0,0.0,0.0,0.0,0.0,0.0,0.0,0.0,0.0,13133.017196427596,-0.001000000000000112,0.04991346248384554,1.7919840300679488,
2018-06-04,84.93616485595703,125.7951202392578,0.0,0.0,0.0,-0.0,-0.0023882993761764615,0.016966424577004924,-0.0,0.0,0.0,0.0,0.0,0.0,0.0,0.0,0.0,0.0,0.0,13133.017196427596,-0.001000000000000112,0.04337423122935857,1.5255527211882178,
2018-06-05,84.82000732421875,126.25830841064452,0.0,0.0,0.0,-0.0,-0.001367586256517117,0.003682083776427536,-0.0,0.0,0.0,0.0,0.0,0.0,0.0,0.0,0.0,0.0,0.0,13133.017196427596,-0.001000000000000112,0.04109953816054368,1.4072083798600359,
2018-06-06,84.97247314453125,128.82957458496094,0.0,0.0,0.0,-0.0,0.0017975218951551408,0.02036512453464523,0.0,0.0,0.0,0.0,0.0,0.0,0.0,0.0,0.0,0.0,0.0,13133.017196427596,-0.001000000000000112,0.03792475681608565,1.2666702335809632,
2018-06-07,84.36979675292969,126.52298736572266,0.0,0.0,0.0,-0.0,-0.007092607397415129,-0.017904174772517933,0.0,0.0,0.0,0.0,0.0,0.0,0.0,0.0,0.0,0.0,0.0,13133.017196427596,-0.001000000000000112,0.03526124644650541,1.1505625911643067,
2018-06-08,84.6675033569336,127.373779296875,0.0,0.0,0.0,-0.0,0.003528592167594269,0.006724405966585856,0.0,0.0,0.0,0.0,0.0,0.0,0.0,0.0,0.0,0.0,0.0,13133.017196427596,-0.001000000000000112,0.0371312377774371,1.1671762705619302,
2018-06-11,84.84903717041016,126.58917236328124,0.0,0.0,0.0,-0.0,0.002144078971022312,-0.006159877942893188,0.0,0.0,0.0,0.0,0.0,0.0,0.0,0.0,0.0,0.0,0.0,13133.017196427596,-0.001000000000000112,0.04079647037752343,1.2341698266026837,
2018-06-12,85.93097686767578,127.48725128173828,0.0,0.0,0.0,-0.0,0.01275134914133047,0.007094437080920057,0.0,0.0,0.0,0.0,0.0,0.0,0.0,0.0,0.0,0.0,0.0,13133.017196427596,-0.001000000000000112,0.05172420849957349,1.4956726212901952,
2018-06-13,85.19758605957031,127.05236053466795,0.0,0.0,0.0,-0.0,-0.008534649957893659,-0.003411248910757725,0.0,0.0,0.0,0.0,0.0,0.0,0.0,0.0,0.0,0.0,0.0,13133.017196427596,-0.001000000000000112,0.04399542992370531,1.2329540414900029,
2018-06-14,85.09593200683594,127.6195831298828,0.0,0.0,0.0,-0.0,-0.0011931564899421154,0.0044644789976968635,-0.0,0.0,0.0,0.0,0.0,0.0,0.0,0.0,0.0,0.0,0.0,13133.017196427596,-0.001000000000000112,0.04170326893494325,1.1296020332490488,
2018-06-15,84.79093933105469,127.71412658691406,0.0,0.0,0.0,-0.0,-0.003584104064536797,0.0007408224875256053,-0.0,0.0,0.0,0.0,0.0,0.0,0.0,0.0,0.0,0.0,0.0,13133.017196427596,-0.001000000000000112,0.0379301403293546,0.9908927521399773,
2018-06-18,84.79093933105469,128.75393676757812,0.0,0.0,0.0,-0.0,0.0,0.008141700596890677,0.0,0.0,0.0,0.0,0.0,0.0,0.0,0.0,0.0,0.0,0.0,13133.017196427596,-0.001000000000000112,0.03593088674796885,0.9058841020347903,
2018-06-19,83.37498474121094,127.72357940673828,0.0,0.0,0.0,-0.0,-0.016699361995688555,-0.00800253092610137,0.0,0.0,0.0,0.0,0.0,0.0,0.0,0.0,0.0,0.0,0.0,13133.017196427596,-0.001000000000000112,0.021071523727970165,0.4605865425915794,
2018-06-20,82.52542114257812,128.0922393798828,0.0,0.0,0.0,-0.0,-0.010189670214270974,0.002886389301465897,-0.0,0.0,0.0,0.0,0.0,0.0,0.0,0.0,0.0,0.0,0.0,13133.017196427596,-0.001000000000000112,0.010118953307195255,0.1084730472480772,
2018-06-21,82.35839080810547,127.17529296875,0.0,0.0,0.0,-0.0,-0.002023986453629556,-0.007158485288194738,0.0,0.0,0.0,0.0,0.0,0.0,0.0,0.0,0.0,0.0,0.0,13133.017196427596,-0.001000000000000112,0.00986422745065929,0.06408926142941355,
2018-06-22,82.56170654296875,127.93144989013672,0.0,0.0,0.0,-0.0,0.0024686705612910753,0.0059457847804802455,0.0,0.0,0.0,0.0,0.0,0.0,0.0,0.0,0.0,0.0,0.0,13133.017196427596,-0.001000000000000112,0.010868230738421358,0.05967008531005883,
2018-06-25,80.02021789550781,123.77205657958984,0.0,0.0,0.0,-0.0,-0.030782898681221305,-0.0325126723266157,0.0,0.0,0.0,0.0,0.0,0.0,0.0,0.0,0.0,0.0,0.0,13133.017196427596,-0.001000000000000112,-0.012249026786422812,-0.7469386433011972,
2018-06-26,79.5627670288086,125.30352020263672,0.0,0.0,0.0,-0.0,-0.0057166910904512536,0.012373258273058463,-0.0,0.0,0.0,0.0,0.0,0.0,0.0,0.0,0.0,0.0,0.0,13133.017196427596,-0.001000000000000112,-0.021014096591047693,-1.0986151438999945,
2018-06-27,78.69864654541016,123.8571548461914,0.0,0.0,0.0,-0.0,-0.010860865146703036,-0.011542894837322182,0.0,0.0,0.0,0.0,0.0,0.0,0.0,0.0,0.0,0.0,0.0,13133.017196427596,-0.001000000000000112,-0.02907185418272773,-1.4020322694093972,
2018-06-28,76.88333129882812,125.4831314086914,0.0,0.0,0.0,-0.0,-0.023066664120259928,0.013127837180816782,-0.0,0.0,0.0,0.0,0.0,0.0,0.0,0.0,0.0,0.0,0.0,13133.017196427596,-0.001000000000000112,-0.05562439612109027,-2.272784332667175,
2018-06-29,77.13748168945312,125.20896911621094,0.0,0.0,0.0,-0.0,0.003305663091485611,-0.002184853768013917,0.0,0.0,0.0,0.0,0.0,0.0,0.0,0.0,0.0,0.0,0.0,13133.017196427596,-0.001000000000000112,-0.05178490762500498,-2.0785034879236712,
2018-07-02,76.88333129882812,125.25625610351562,0.0,0.0,0.0,-0.0,-0.0032947716863273024,0.0003776645366420084,-0.0,0.0,0.0,0.0,0.0,0.0,0.0,0.0,0.0,0.0,0.0,13133.017196427596,-0.001000000000000112,-0.05517821672166101,-2.1460794531105596,
2018-07-03,76.79620361328125,124.2636260986328,0.0,0.0,0.0,-0.0,-0.0011332454522323676,-0.007924793824768961,0.0,0.0,0.0,0.0,0.0,0.0,0.0,0.0,0.0,0.0,0.0,13133.017196427596,-0.001000000000000112,-0.05435041981832289,-2.0998158760505574,
2018-07-05,77.18103790283203,126.00299072265624,0.0,0.0,0.0,-0.0,0.005011110855019263,0.013997375407690305,0.0,0.0,0.0,0.0,0.0,0.0,0.0,0.0,0.0,0.0,0.0,13133.017196427596,-0.001000000000000112,-0.052779022664810604,-2.0113512131492457,
2018-07-06,76.99226379394531,126.75931549072266,0.0,0.0,0.0,-0.0,-0.0024458612376316857,0.006002435051174038,-0.0,0.0,0.0,0.0,0.0,0.0,0.0,0.0,0.0,0.0,0.0,13133.017196427596,-0.001000000000000112,-0.05670338950892995,-2.0856528629889857,
2018-07-09,78.85114288330078,128.1111602783203,0.0,0.0,0.0,-0.0,0.024143712598585054,0.010664658312205866,0.0,0.0,0.0,0.0,0.0,0.0,0.0,0.0,0.0,0.0,0.0,13133.017196427596,-0.001000000000000112,-0.03546203671348591,-1.399627841000346,
2018-07-10,78.7930908203125,129.2171630859375,0.0,0.0,0.0,-0.0,-0.0007362234821909341,0.008633149564912346,-0.0,0.0,0.0,0.0,0.0,0.0,0.0,0.0,0.0,0.0,0.0,13133.017196427596,-0.001000000000000112,-0.03831794653560672,-1.4727123505077138,
2018-07-11,77.93621063232422,130.5973663330078,0.0,0.0,0.0,-0.0,-0.010875067586095799,0.010681268758023998,-0.0,0.0,0.0,0.0,0.0,0.0,0.0,0.0,0.0,0.0,0.0,13133.017196427596,-0.001000000000000112,-0.051872140375358367,-1.8299981105504215,
2018-07-12,78.80757141113281,132.25167846679688,0.0,0.0,0.0,-0.0,0.011180435534893673,0.01266727025390968,0.0,0.0,0.0,0.0,0.0,0.0,0.0,0.0,0.0,0.0,0.0,13133.017196427596,-0.001000000000000112,-0.04385731371816859,-1.5404911661446106,
2018-07-13,79.1270980834961,131.79795837402344,0.0,0.0,0.0,-0.0,0.004054517435848171,-0.0034307322072085755,0.0,0.0,0.0,0.0,0.0,0.0,0.0,0.0,0.0,0.0,0.0,13133.017196427596,-0.001000000000000112,-0.03896367341918161,-1.3528118290398692,
2018-07-16,80.34698486328125,130.8904266357422,0.0,0.0,0.0,-0.0,0.015416801694128957,-0.006885779942856218,0.0,0.0,0.0,0.0,0.0,0.0,0.0,0.0,0.0,0.0,0.0,13133.017196427596,-0.001000000000000112,-0.021960904022424232,-0.8386941580750136,
2018-07-17,80.65196228027344,132.005859375,0.0,0.0,0.0,-0.0,0.0037957543461168974,0.008521881759633754,0.0,0.0,0.0,0.0,0.0,0.0,0.0,0.0,0.0,0.0,0.0,13133.017196427596,-0.001000000000000112,-0.020264550188273667,-0.7896582006309104,
2018-07-18,81.4434585571289,133.19700622558594,0.0,0.0,0.0,-0.0,0.00981372621914578,0.009023439233876385,0.0,0.0,0.0,0.0,0.0,0.0,0.0,0.0,0.0,0.0,0.0,13133.017196427596,-0.001000000000000112,-0.012713467003579337,-0.5688102348624957,
2018-07-19,81.9372329711914,132.4690704345703,0.0,0.0,0.0,-0.0,0.006062787887576526,-0.005465106248580209,0.0,0.0,0.0,0.0,0.0,0.0,0.0,0.0,0.0,0.0,0.0,13133.017196427596,-0.001000000000000112,-0.005317836285404276,-0.3573632064174254,
2018-07-20,81.37811279296875,133.28207397460938,0.0,0.0,0.0,-0.0,-0.0068237620181687,0.00613730840997051,-0.0,0.0,0.0,0.0,0.0,0.0,0.0,0.0,0.0,0.0,0.0,13133.017196427596,-0.001000000000000112,-0.013673549370741833,-0.6070360052148095,
2018-07-23,81.84283447265625,132.3745574951172,0.0,0.0,0.0,-0.0,0.005710647049161466,-0.006808991280140786,0.0,0.0,0.0,0.0,0.0,0.0,0.0,0.0,0.0,0.0,0.0,13133.017196427596,-0.001000000000000112,-0.006294610325294991,-0.3761837636926406,
2018-07-24,81.64678192138672,132.3745574951172,0.0,0.0,0.0,-0.0,-0.002395476067425739,0.0,-0.0,0.0,0.0,0.0,0.0,0.0,0.0,0.0,0.0,0.0,0.0,13133.017196427596,-0.001000000000000112,-0.008692960135755046,-0.43188276033418205,
2018-07-25,87.2815933227539,134.8418731689453,0.0,0.0,0.0,-0.0,0.0690144947389677,0.018638896480686062,0.0,0.0,0.0,0.0,0.0,0.0,0.0,0.0,0.0,0.0,0.0,13133.017196427596,-0.001000000000000112,0.05349101100549669,1.382065903484261,
2018-07-26,86.31583404541016,134.7095184326172,0.0,0.0,0.0,-0.0,-0.011064867637928244,-0.0009815551595185878,0.0,0.0,0.0,0.0,0.0,0.0,0.0,0.0,0.0,0.0,0.0,13133.017196427596,-0.001000000000000112,0.042606599071766116,1.0357063634271746,
2018-07-27,86.16336059570312,133.01742553710938,0.0,0.0,0.0,-0.0,-0.0017664597856612563,-0.012561049250237044,0.0,0.0,0.0,0.0,0.0,0.0,0.0,0.0,0.0,0.0,0.0,13133.017196427596,-0.001000000000000112,0.043955188508175036,1.0433660411089642,
2018-07-30,86.19966888427734,129.0186767578125,0.0,0.0,0.0,-0.0,0.0004213889560851225,-0.03006184162075287,0.0,0.0,0.0,0.0,0.0,0.0,0.0,0.0,0.0,0.0,0.0,13133.017196427596,-0.001000000000000112,0.05190209398309875,1.228758124794973,
2018-07-31,87.05648040771484,129.2644805908203,0.0,0.0,0.0,-0.0,0.009939847038017868,0.0019051802357981096,0.0,0.0,0.0,0.0,0.0,0.0,0.0,0.0,0.0,0.0,0.0,13133.017196427596,-0.001000000000000112,0.06132357986134851,1.4423207014227484,
2018-08-01,86.67163848876953,130.69189453125,0.0,0.0,0.0,-0.0,-0.0044206004784821396,0.011042584427721325,-0.0,0.0,0.0,0.0,0.0,0.0,0.0,0.0,0.0,0.0,0.0,13133.017196427596,-0.001000000000000112,0.054185492035512484,1.2024236024050163,
2018-08-02,86.11978149414062,131.32530212402344,0.0,0.0,0.0,-0.0,-0.006367215438074503,0.004846571358118723,-0.0,0.0,0.0,0.0,0.0,0.0,0.0,0.0,0.0,0.0,0.0,13133.017196427596,-0.001000000000000112,0.046605856869883056,0.961316090846239,
2018-08-03,86.51915740966797,132.17605590820312,0.0,0.0,0.0,-0.0,0.004637446921001764,0.006478216843363693,0.0,0.0,0.0,0.0,0.0,0.0,0.0,0.0,0.0,0.0,0.0,13133.017196427596,-0.001000000000000112,0.04964049522249292,1.01213632575454,
2018-08-06,86.8023452758789,132.07211303710938,0.0,0.0,0.0,-0.0,0.0032731232560443413,-0.0007863971305509532,0.0,0.0,0.0,0.0,0.0,0.0,0.0,0.0,0.0,0.0,0.0,13133.017196427596,-0.001000000000000112,0.05310224030354904,1.0784805743999923,
2018-08-07,87.14363861083984,132.6109161376953,0.0,0.0,0.0,-0.0,0.003931844627886871,0.00407961293414405,0.0,0.0,0.0,0.0,0.0,0.0,0.0,0.0,0.0,0.0,0.0,13133.017196427596,-0.001000000000000112,0.056022570512075376,1.1323563935460594,
2018-08-08,87.55754089355469,132.98902893066406,0.0,0.0,0.0,-0.0,0.00474965573291275,0.0028512946292909014,0.0,0.0,0.0,0.0,0.0,0.0,0.0,0.0,0.0,0.0,0.0,13133.017196427596,-0.001000000000000112,0.06005898011511568,1.2167511440682108,
2018-08-09,87.76809692382812,132.35568237304688,0.0,0.0,0.0,-0.0,0.0024047732282639345,-0.004762397039137611,0.0,0.0,0.0,0.0,0.0,0.0,0.0,0.0,0.0,0.0,0.0,13133.017196427596,-0.001000000000000112,0.06363786669459692,1.2794997997877622,
2018-08-10,86.60629272460938,132.0909881591797,0.0,0.0,0.0,-0.0,-0.01323720394925565,-0.001999870418265437,0.0,0.0,0.0,0.0,0.0,0.0,0.0,0.0,0.0,0.0,0.0,13133.017196427596,-0.001000000000000112,0.050805842847744254,0.9302245391930758,
2018-08-13,85.80027770996094,132.54470825195312,0.0,0.0,0.0,-0.0,-0.009306656471388286,0.0034349057350275825,-0.0,0.0,0.0,0.0,0.0,0.0,0.0,0.0,0.0,0.0,0.0,13133.017196427596,-0.001000000000000112,0.04061016506626536,0.6621050851139763,
2018-08-14,86.39570617675781,133.0646514892578,0.0,0.0,0.0,-0.0,0.006939703258416641,0.003922776277996087,0.0,0.0,0.0,0.0,0.0,0.0,0.0,0.0,0.0,0.0,0.0,13133.017196427596,-0.001000000000000112,0.04656060932994066,0.810218797663658,
2018-08-15,87.17268371582031,132.2705535888672,0.0,0.0,0.0,-0.0,0.008993242528429368,-0.0059677599685799,0.0,0.0,0.0,0.0,0.0,0.0,0.0,0.0,0.0,0.0,0.0,13133.017196427596,-0.001000000000000112,0.05698944563888686,1.0746236039667774,
2018-08-16,87.9423828125,133.16053771972656,0.0,0.0,0.0,-0.0,0.008829590461948866,0.006728512935885167,0.0,0.0,0.0,0.0,0.0,0.0,0.0,0.0,0.0,0.0,0.0,13133.017196427596,-0.001000000000000112,0.06412688742290662,1.2330379150242743,
2018-08-17,89.11300659179688,133.80435180664062,0.0,0.0,0.0,-0.0,0.013311258370070966,0.004834871486244285,0.0,0.0,0.0,0.0,0.0,0.0,0.0,0.0,0.0,0.0,0.0,13133.017196427596,-0.001000000000000112,0.0761611376508542,1.4954005751486643,
2018-08-20,89.66171264648438,133.43508911132812,0.0,0.0,0.0,-0.0,0.00615741826780658,-0.002759721117636893,0.0,0.0,0.0,0.0,0.0,0.0,0.0,0.0,0.0,0.0,0.0,13133.017196427596,-0.001000000000000112,0.0829810415821175,1.612651317279499,
2018-08-21,89.99828338623047,132.58299255371094,0.0,0.0,0.0,-0.0,0.00375378441713603,-0.006385850703080509,0.0,0.0,0.0,0.0,0.0,0.0,0.0,0.0,0.0,0.0,0.0,13133.017196427596,-0.001000000000000112,0.08830731354851884,1.6823101167494634,
2018-08-22,89.1642074584961,133.6244659423828,0.0,0.0,0.0,-0.0,-0.009267687075262487,0.007855256308609615,-0.0,0.0,0.0,0.0,0.0,0.0,0.0,0.0,0.0,0.0,0.0,13133.017196427596,-0.001000000000000112,0.07706722470410532,1.3671495115976895,
2018-08-23,89.04714965820312,134.53330993652344,0.0,0.0,0.0,-0.0,-0.0013128339681307555,0.006801478963684104,-0.0,0.0,0.0,0.0,0.0,0.0,0.0,0.0,0.0,0.0,0.0,13133.017196427596,-0.001000000000000112,0.07408226313130273,1.2713874549361726,
2018-08-24,89.80073547363281,136.52145385742188,0.0,0.0,0.0,-0.0,0.008462773017690495,0.014778079286360324,0.0,0.0,0.0,0.0,0.0,0.0,0.0,0.0,0.0,0.0,0.0,13133.017196427596,-0.001000000000000112,0.0788924710740242,1.3506580633547878,
2018-08-27,90.61284637451172,137.65760803222656,0.0,0.0,0.0,-0.0,0.009043477167482106,0.008322165804000692,0.0,0.0,0.0,0.0,0.0,0.0,0.0,0.0,0.0,0.0,0.0,13133.017196427596,-0.001000000000000112,0.0858519158922526,1.4758882091177972,
2018-08-28,89.80803680419922,137.4682159423828,0.0,0.0,0.0,-0.0,-0.008881848463143327,-0.0013758199968098017,0.0,0.0,0.0,0.0,0.0,0.0,0.0,0.0,0.0,0.0,0.0,13133.017196427596,-0.001000000000000112,0.07726983827376777,1.2528549158261932,
2018-08-29,90.3348388671875,139.2008056640625,0.0,0.0,0.0,-0.0,0.00586586770777342,0.01260356592105527,0.0,0.0,0.0,0.0,0.0,0.0,0.0,0.0,0.0,0.0,0.0,13133.017196427596,-0.001000000000000112,0.08003050963858294,1.284285588109122,
2018-08-30,89.8812026977539,138.92623901367188,0.0,0.0,0.0,-0.0,-0.005021718919547058,-0.001972450152718519,0.0,0.0,0.0,0.0,0.0,0.0,0.0,0.0,0.0,0.0,0.0,13133.017196427596,-0.001000000000000112,0.07548293824598629,1.1568192133739497,
2018-08-31,89.90314483642578,139.0682373046875,0.0,0.0,0.0,-0.0,0.00024412377686644504,0.0010221128278125047,0.0,0.0,0.0,0.0,0.0,0.0,0.0,0.0,0.0,0.0,0.0,13133.017196427596,-0.001000000000000112,0.07547515336960542,1.1301349257948814,
2018-09-04,90.97132873535156,139.9298095703125,0.0,0.0,0.0,-0.0,0.011881496480120823,0.00619532024223024,0.0,0.0,0.0,0.0,0.0,0.0,0.0,0.0,0.0,0.0,0.0,13133.017196427596,-0.001000000000000112,0.08576384081319666,1.318160927515797,
2018-09-05,91.2054672241211,135.07296752929688,0.0,0.0,0.0,-0.0,0.0025737613380438784,-0.034709130641495944,0.0,0.0,0.0,0.0,0.0,0.0,0.0,0.0,0.0,0.0,0.0,13133.017196427596,-0.001000000000000112,0.09704406777022667,1.5121705763200413,
2018-09-06,90.50308990478516,136.80555725097656,0.0,0.0,0.0,-0.0,-0.007701044035112181,0.01282706490700214,-0.0,0.0,0.0,0.0,0.0,0.0,0.0,0.0,0.0,0.0,0.0,13133.017196427596,-0.001000000000000112,0.08617074541578673,1.2565486305943043,
2018-09-07,89.98363494873047,135.5747528076172,0.0,0.0,0.0,-0.0,-0.005739637802435138,-0.00899674302778064,0.0,0.0,0.0,0.0,0.0,0.0,0.0,0.0,0.0,0.0,0.0,13133.017196427596,-0.001000000000000112,0.08264280779706357,1.157417461234825,
2018-09-10,90.97132873535156,136.40786743164062,0.0,0.0,0.0,-0.0,0.010976371283332176,0.006145057296955914,0.0,0.0,0.0,0.0,0.0,0.0,0.0,0.0,0.0,0.0,0.0,13133.017196427596,-0.001000000000000112,0.09204891431911055,1.3159150535648299,
2018-09-11,90.04216766357422,137.74281311035156,0.0,0.0,0.0,-0.0,-0.010213779271933121,0.009786427306914147,-0.0,0.0,0.0,0.0,0.0,0.0,0.0,0.0,0.0,0.0,0.0,13133.017196427596,-0.001000000000000112,0.07938144914517231,1.0344396833109732,
2018-09-12,90.21044921875,138.76531982421875,0.0,0.0,0.0,-0.0,0.0018689194134522413,0.00742330355230969,0.0,0.0,0.0,0.0,0.0,0.0,0.0,0.0,0.0,0.0,0.0,13133.017196427596,-0.001000000000000112,0.07942512765769627,1.0119836691449384,
2018-09-13,87.57657623291016,139.7688446044922,0.0,0.0,0.0,-0.0,-0.029196983372214547,0.00723181254181271,-0.0,0.0,0.0,0.0,0.0,0.0,0.0,0.0,0.0,0.0,0.0,13133.017196427596,-0.001000000000000112,0.0480168029676491,0.3732268603969957,
2018-09-14,88.08138275146484,139.96771240234375,0.0,0.0,0.0,-0.0,0.005764172799038736,0.0014228335249841795,0.0,0.0,0.0,0.0,0.0,0.0,0.0,0.0,0.0,0.0,0.0,13133.017196427596,-0.001000000000000112,0.05341386835817774,0.46655424456770733,
2018-09-17,87.1302719116211,138.39598083496094,0.0,0.0,0.0,-0.0,-0.010798091607252092,-0.011229243804919742,0.0,0.0,0.0,0.0,0.0,0.0,0.0,0.0,0.0,0.0,0.0,13133.017196427596,-0.001000000000000112,0.04534134850532756,0.2934035855619944,
2018-09-18,86.50837707519531,139.7688446044922,0.0,0.0,0.0,-0.0,-0.007137528929745396,0.00991982398078739,-0.0,0.0,0.0,0.0,0.0,0.0,0.0,0.0,0.0,0.0,0.0,13133.017196427596,-0.001000000000000112,0.03574448943172093,0.09308056499094752,
2018-09-19,86.51570129394531,139.57000732421875,0.0,0.0,0.0,-0.0,8.466484978253419e-05,-0.0014226151817745558,0.0,0.0,0.0,0.0,0.0,0.0,0.0,0.0,0.0,0.0,0.0,13133.017196427596,-0.001000000000000112,0.036180154057635416,0.08618150364831079,
2018-09-20,87.1522216796875,141.29310607910156,0.0,0.0,0.0,-0.0,0.00735728169826122,0.012345766743997455,0.0,0.0,0.0,0.0,0.0,0.0,0.0,0.0,0.0,0.0,0.0,13133.017196427596,-0.001000000000000112,0.040485222523014563,0.15381869933531095,
2018-09-21,86.69129180908203,142.05999755859375,0.0,0.0,0.0,-0.0,-0.005288790827381762,0.0054276638172483516,-0.0,0.0,0.0,0.0,0.0,0.0,0.0,0.0,0.0,0.0,0.0,13133.017196427596,-0.001000000000000112,0.03384779466292742,-0.00277195378777089,
2018-09-24,85.84258270263672,141.17002868652344,0.0,0.0,0.0,-0.0,-0.009790015683632913,-0.006264739457729762,0.0,0.0,0.0,0.0,0.0,0.0,0.0,0.0,0.0,0.0,0.0,13133.017196427596,-0.001000000000000112,0.025559006378293336,-0.20791885519550032,
2018-09-25,85.05975341796875,141.6150360107422,0.0,0.0,0.0,-0.0,-0.00911935848178902,0.00315227905214166,-0.0,0.0,0.0,0.0,0.0,0.0,0.0,0.0,0.0,0.0,0.0,13133.017196427596,-0.001000000000000112,0.015621822625731419,-0.45583765871081117,
2018-09-26,85.38166046142578,141.32154846191406,0.0,0.0,0.0,-0.0,0.0037844812678358153,-0.00207243211664232,0.0,0.0,0.0,0.0,0.0,0.0,0.0,0.0,0.0,0.0,0.0,13133.017196427596,-0.001000000000000112,0.01991066055154156,-0.40281566779168604,
2018-09-27,85.40363311767578,142.03163146972656,0.0,0.0,0.0,-0.0,0.00025734632157825565,0.00502459119320986,0.0,0.0,0.0,0.0,0.0,0.0,0.0,0.0,0.0,0.0,0.0,13133.017196427596,-0.001000000000000112,0.018932235006150266,-0.46934815265945823,
2018-09-28,85.41825103759766,142.09786987304688,0.0,0.0,0.0,-0.0,0.00017116274083717187,0.0004663637433075518,0.0,0.0,0.0,0.0,0.0,0.0,0.0,0.0,0.0,0.0,0.0,13133.017196427596,-0.001000000000000112,0.0189884253479089,-0.5156378422991088,
2018-10-01,85.93772888183594,142.76060485839844,0.0,0.0,0.0,-0.0,0.006081579029399986,0.004663933287273547,0.0,0.0,0.0,0.0,0.0,0.0,0.0,0.0,0.0,0.0,0.0,13133.017196427596,-0.001000000000000112,0.023904340966702353,-0.44954323447840283,
2018-10-02,85.5938491821289,141.70022583007812,0.0,0.0,0.0,-0.0,-0.004001498575554208,-0.007427672566756693,0.0,0.0,0.0,0.0,0.0,0.0,0.0,0.0,0.0,0.0,0.0,13133.017196427596,-0.001000000000000112,0.021732983805136774,-0.5464163320677241,
2018-10-03,86.17184448242188,141.4161834716797,0.0,0.0,0.0,-0.0,0.006752766767891272,-0.002004530033276386,0.0,0.0,0.0,0.0,0.0,0.0,0.0,0.0,0.0,0.0,0.0,13133.017196427596,-0.001000000000000112,0.028957776728194773,-0.40044818434686225,
2018-10-04,85.82797241210938,138.9451904296875,0.0,0.0,0.0,-0.0,-0.003990538584591197,-0.017473198479345475,0.0,0.0,0.0,0.0,0.0,0.0,0.0,0.0,0.0,0.0,0.0,13133.017196427596,-0.001000000000000112,0.0293054508083479,-0.45453871262377454,
2018-10-05,85.77674865722656,137.6196746826172,0.0,0.0,0.0,-0.0,-0.0005968188860020485,-0.009539846201017554,0.0,0.0,0.0,0.0,0.0,0.0,0.0,0.0,0.0,0.0,0.0,13133.017196427596,-0.001000000000000112,0.031071846732235286,-0.46586498396397713,
2018-10-08,86.90345764160156,134.33448791503906,0.0,0.0,0.0,-0.0,0.013135365958873768,-0.02387149057832416,0.0,0.0,0.0,0.0,0.0,0.0,0.0,0.0,0.0,0.0,0.0,13133.017196427596,-0.001000000000000112,0.05007872766158905,0.08049233036721311,
2018-10-09,86.27425384521484,134.7321319580078,0.0,0.0,0.0,-0.0,-0.0072402619350500075,0.0029601039103244187,-0.0,0.0,0.0,0.0,0.0,0.0,0.0,0.0,0.0,0.0,0.0,13133.017196427596,-0.001000000000000112,0.04208337591741573,-0.22782363002665768,
2018-10-10,85.3451156616211,128.30368041992188,0.0,0.0,0.0,-0.0,-0.010769588170078226,-0.047712831710326586,0.0,0.0,0.0,0.0,0.0,0.0,0.0,0.0,0.0,0.0,0.0,13133.017196427596,-0.001000000000000112,0.04330914072179781,-0.23343622301787947,
2018-10-11,83.23067474365234,126.60904693603516,0.0,0.0,0.0,-0.0,-0.024775183694778158,-0.01320798809777235,0.0,0.0,0.0,0.0,0.0,0.0,0.0,0.0,0.0,0.0,0.0,13133.017196427596,-0.001000000000000112,0.021500086574879118,-1.0810069508716948,
2018-10-12,84.60612487792969,132.6019744873047,0.0,0.0,0.0,-0.0,0.01652575974559478,0.04733411787150765,0.0,0.0,0.0,0.0,0.0,0.0,0.0,0.0,0.0,0.0,0.0,13133.017196427596,-0.001000000000000112,0.026488082085468045,-0.9423797032112208,
2018-10-15,84.70124053955078,129.92266845703125,0.0,0.0,0.0,-0.0,0.0011242172095498049,-0.020205626957160883,0.0,0.0,0.0,0.0,0.0,0.0,0.0,0.0,0.0,0.0,0.0,13133.017196427596,-0.001000000000000112,0.032644495446393584,-0.772341817416299,
2018-10-16,85.95235443115234,134.19248962402344,0.0,0.0,0.0,-0.0,0.014770903987142425,0.032864327816699124,0.0,0.0,0.0,0.0,0.0,0.0,0.0,0.0,0.0,0.0,0.0,13133.017196427596,-0.001000000000000112,0.03933479132190931,-0.5565605750069226,
2018-10-17,86.3401107788086,134.8647003173828,0.0,0.0,0.0,-0.0,0.00451129407940587,0.005009301900894325,0.0,0.0,0.0,0.0,0.0,0.0,0.0,0.0,0.0,0.0,0.0,13133.017196427596,-0.001000000000000112,0.042603952097879816,-0.48125272487835274,
2018-10-18,83.94035339355469,131.8729705810547,0.0,0.0,0.0,-0.0,-0.02779423565255501,-0.022183193447118166,0.0,0.0,0.0,0.0,0.0,0.0,0.0,0.0,0.0,0.0,0.0,13133.017196427596,-0.001000000000000112,0.01994711234122226,-1.4537945529721077,
2018-10-19,85.22802734375,132.62091064453125,0.0,0.0,0.0,-0.0,0.015340344639223069,0.005671670700834408,0.0,0.0,0.0,0.0,0.0,0.0,0.0,0.0,0.0,0.0,0.0,13133.017196427596,-0.001000000000000112,0.033776552461641796,-0.8297058550776648,
2018-10-22,84.60612487792969,133.1510467529297,0.0,0.0,0.0,-0.0,-0.0072969243241075565,0.003997379491831321,-0.0,0.0,0.0,0.0,0.0,0.0,0.0,0.0,0.0,0.0,0.0,13133.017196427596,-0.001000000000000112,0.02546926400152083,-1.1710255840685908,
2018-10-23,83.58184814453125,131.71200561523438,0.0,0.0,0.0,-0.0,-0.012106413511743686,-0.01080758411434457,0.0,0.0,0.0,0.0,0.0,0.0,0.0,0.0,0.0,0.0,0.0,13133.017196427596,-0.001000000000000112,0.015968144447191746,-1.5293134871654566,
2018-10-24,78.96522521972656,127.11077117919922,1.0,0.0,0.0,-0.0,-0.05523475524041466,-0.034934054906707424,0.0,0.0,0.0,0.0,0.0,0.0,0.0,0.0,0.0,0.0,0.0,13133.017196427596,-0.001000000000000112,-0.03208342700883415,-3.2061443006622943,Enter Long Spread
2018-10-25,78.88475799560547,133.0374755859375,1.0,1.0,0.8022105569956678,-0.1977894430043322,-0.001019021017127364,0.046626295724245814,-0.01003965847839389,0.0,1.0,0.6044211139913356,0.1977894430043322,0.8022105569956678,0.1977894430043322,1.0,0.001,2.3201436221655254e-05,-0.011062859914615546,12987.728466927281,-0.012051797054700941,-0.04433898094474742,-3.2753857720201687,
2018-10-26,77.0483627319336,130.4054718017578,1.0,1.0,0.8022105569956678,-0.1977894430043322,-0.02327946881416787,-0.019783927593240547,-0.0147619836248718,0.0,1.0,0.6044211139913356,0.1977894430043322,0.0,0.0,0.0,0.0,2.3201436221655254e-05,-0.014785185061093454,12795.70249802053,-0.026658794066021896,-0.06296696273656988,-3.4552059298045297,
2018-10-29,76.91665649414062,127.17705535888672,1.0,1.0,0.8022105569956678,-0.1977894430043322,-0.0017093969699421008,-0.02475675597247118,0.00352532867900529,0.0,1.0,0.6044211139913356,0.1977894430043322,0.0,0.0,0.0,0.0,2.3201436221655254e-05,0.0035021272427836346,12840.5146763294,-0.023250029312196774,-0.05849708027742562,-2.999098440385307,
2018-10-30,78.33602905273438,125.69065856933594,1.0,1.0,0.8022105569956678,-0.1977894430043322,0.018453383484003494,-0.011687617592310628,0.017115186416787852,0.0,1.0,0.6044211139913356,0.1977894430043322,0.0,0.0,0.0,0.0,2.3201436221655254e-05,0.017091984980566195,13059.984560319961,-0.00655543348343246,-0.03731327558902464,-2.239736018673623,
2018-10-31,77.9482650756836,130.50958251953125,1.0,1.0,0.8022105569956678,-0.1977894430043322,-0.004950008083633439,0.038339555262470126,-0.01155410802230242,0.0,1.0,0.6044211139913356,0.1977894430043322,0.0,0.0,0.0,0.0,2.3201436221655254e-05,-0.011577309458524076,12908.785077541592,-0.018056848659883995,-0.05155169840613483,-2.452762212813838,
2018-11-01,78.66525268554688,133.33096313476562,1.0,1.0,0.8022105569956678,-0.1977894430043322,0.009198249751513066,0.021618187421694746,0.003103083807646295,0.0,1.0,0.6044211139913356,0.1977894430043322,0.0,0.0,0.0,0.0,2.3201436221655254e-05,0.0030798823714246397,12948.54261713842,-0.015032579258330458,-0.047668782135455556,-2.210176337101601,
2018-11-02,77.54586029052734,132.33685302734375,1.0,1.0,0.8022105569956678,-0.1977894430043322,-0.01422982011504037,-0.007455958346427538,-0.009940602072031289,0.0,1.0,0.6044211139913356,0.1977894430043322,0.0,0.0,0.0,0.0,2.3201436221655254e-05,-0.009963803508252943,12819.525882783013,-0.024846601100631194,-0.0601556218293855,-2.3613730828543518,
2018-11-05,78.15312957763672,132.35581970214844,1.0,1.0,0.8022105569956678,-0.1977894430043322,0.00783109871802612,0.0001433211865842221,0.00625384264681058,0.0,1.0,0.6044211139913356,0.1977894430043322,0.0,0.0,0.0,0.0,2.3201436221655254e-05,0.006230641210588924,12899.399749048494,-0.01877077014680284,-0.052390361113731965,-2.0562896308058436,
2018-11-06,79.49201202392578,133.29306030273438,1.0,1.0,0.8022105569956678,-0.1977894430043322,0.017131526958994447,0.00708121941819484,0.012342501339445016,0.0,1.0,0.6044211139913356,0.1977894430043322,0.0,0.0,0.0,0.0,2.3201436221655254e-05,0.012319299903223361,13058.311323128586,-0.006682712990432438,-0.03714368521510547,-1.633087189065928,
2018-11-07,81.30646514892578,137.07061767578125,1.0,1.0,0.8022105569956678,-0.1977894430043322,0.022825603212230705,0.028340240403118555,0.012705539502704009,0.0,1.0,0.6044211139913356,0.1977894430043322,0.0,0.0,0.0,0.0,2.3201436221655254e-05,0.012682338066482354,13223.921241905879,0.0,-0.021464950315160047,-1.2350532852780478,
2018-11-08,81.57716369628906,137.49661254882812,1.0,1.0,0.8022105569956678,-0.1977894430043322,0.0033293606709805523,0.0031078496637002573,0.002056148424382304,0.0,1.0,0.6044211139913356,0.1977894430043322,0.0,0.0,0.0,0.0,2.3201436221655254e-05,0.0020329469881606487,13250.804772766283,0.0,-0.018906188946764768,-1.1391180387521664,
2018-11-09,80.12123107910156,136.2659149169922,1.0,1.0,0.8022105569956678,-0.1977894430043322,-0.017847306172692146,-0.008950748742256431,-0.01254693381746496,0.0,1.0,0.6044211139913356,0.1977894430043322,0.0,0.0,0.0,0.0,2.3201436221655254e-05,-0.012570135253686615,13084.240364552414,-0.012570135253686665,-0.03469788659134743,-1.4347480369146355,
2018-11-12,78.81159973144531,132.28004455566406,1.0,1.0,0.8022105569956678,-0.1977894430043322,-0.016345621878466665,-0.02925067771904777,-0.0073271551780156275,0.0,1.0,0.6044211139913356,0.1977894430043322,0.0,0.0,0.0,0.0,2.3201436221655254e-05,-0.007350356614237283,12988.066531846554,-0.019828096891120306,-0.04385907607390571,-1.5718529735473556,
2018-11-13,80.04075622558594,132.28004455566406,1.0,1.0,0.8022105569956678,-0.1977894430043322,0.015596136841899533,0.0,0.01251138562292088,0.0,1.0,0.6044211139913356,0.1977894430043322,0.0,0.0,0.0,0.0,2.3201436221655254e-05,0.012488184186699225,13150.26389892536,-0.007587529630469048,-0.02838330905128572,-1.1954217887923089,
2018-11-14,80.11389923095703,132.06228637695312,1.0,1.0,0.8022105569956678,-0.1977894430043322,0.0009138220179347734,-0.0016461906967327744,0.0010586768109880486,0.0,1.0,0.6044211139913356,0.1977894430043322,0.0,0.0,0.0,0.0,2.3201436221655254e-05,0.0010354753747663934,13163.880673364374,-0.006559910955790449,-0.027063692464297295,-1.1300641767590602,
2018-11-15,80.8089370727539,134.52830505371094,1.0,1.0,0.8022105569956678,-0.1977894430043322,0.008675621190190386,0.018673148439357634,0.003266323278308286,0.0,1.0,0.6044211139913356,0.1977894430043322,0.0,0.0,0.0,0.0,2.3201436221655254e-05,0.0032431218420866307,13206.572742302782,-0.0033380637042067507,-0.02298699853275732,-1.0073654238435155,
2018-11-16,81.21468353271484,132.95382690429688,1.0,1.0,0.8022105569956678,-0.1977894430043322,0.005021059237490411,-0.011703694243270557,0.006342813893084918,0.0,1.0,0.6044211139913356,0.1977894430043322,0.0,0.0,0.0,0.0,2.3201436221655254e-05,0.006319612456863262,13290.03316391751,0.0,-0.015075873255009586,-0.8062076022530414,
2018-11-19,82.0999526977539,127.81324768066406,1.0,1.0,0.8022105569956678,-0.1977894430043322,0.010900358488529438,-0.038664394574615124,0.016391791721548504,0.0,1.0,0.6044211139913356,0.1977894430043322,0.0,0.0,0.0,0.0,2.3201436221655254e-05,0.016368590285326848,13507.572271656081,0.0,0.005487609363186596,-0.3321403408641999,
2018-11-20,80.04910278320312,126.49486541748048,1.0,1.0,0.8022105569956678,-0.1977894430043322,-0.024979915909341233,-0.010314910911875863,-0.01799897177143834,0.0,1.0,0.6044211139913356,0.1977894430043322,0.0,0.0,0.0,0.0,2.3201436221655254e-05,-0.018022173207659996,13264.136464561308,-0.018022173207660086,-0.017253194185075982,-0.8096466592786494,
2018-11-21,80.24089050292969,127.49077606201172,1.0,1.0,0.8022105569956678,-0.1977894430043322,0.0023958759443685196,0.007873130986339794,0.0003647747833360952,0.0,1.0,0.6044211139913356,0.1977894430043322,0.0,0.0,0.0,0.0,2.3201436221655254e-05,0.00034157334711443997,13268.667140050093,-0.01768675575457035,-0.01679374605334183,-0.771594384401517,
2018-11-23,80.18189239501953,126.02063751220705,1.0,1.0,0.8022105569956678,-0.1977894430043322,-0.0007352623773286826,-0.011531332659623916,0.0016909406225898778,0.0,1.0,0.6044211139913356,0.1977894430043322,0.0,0.0,0.0,0.0,2.3201436221655254e-05,0.0016677391863682226,13290.79581619043,-0.01604851346385383,-0.014669645556995015,-0.6967588744359273,
2018-11-26,81.62042236328125,128.93240356445312,1.0,1.0,0.8022105569956678,-0.1977894430043322,0.017940833338963014,0.023105469943079937,0.009822307875420846,0.0,1.0,0.6044211139913356,0.1977894430043322,0.0,0.0,0.0,0.0,2.3201436221655254e-05,0.009799106439199191,13421.033739054943,-0.0064066681162778805,-0.002519813937235771,-0.39269339485285903,
2018-11-27,82.26225280761719,128.9039764404297,1.0,1.0,0.8022105569956678,-0.1977894430043322,0.007863601115407626,-0.0002204808352093135,0.006351872612372086,0.0,1.0,0.6044211139913356,0.1977894430043322,0.0,0.0,0.0,0.0,2.3201436221655254e-05,0.00632867117615043,13505.971048433443,-0.00011854263597010917,0.005367396963247062,-0.18399790235767297,
2018-11-28,83.76717376708984,134.0919647216797,0.0,1.0,0.8022105569956678,-0.1977894430043322,0.018294186070884066,0.04024692196867585,0.006715372918883076,0.0,1.0,0.6044211139913356,0.1977894430043322,0.0,0.0,0.0,0.0,2.3201436221655254e-05,0.006692171482661421,13596.355322729418,0.0,0.013767642784004774,0.04572879995950067,Exit Long Spread
2018-11-29,83.55323028564453,131.9295196533203,0.0,0.0,0.0,-0.0,-0.0025540253039951777,-0.016126582027847336,0.0,0.0,0.0,0.0,0.0,0.8022105569956678,0.1977894430043322,1.0,0.001,0.0,-0.001,13582.75896740669,-0.0009999999999998899,0.015218857591825952,0.11894381700481814,
2018-11-30,85.05079650878906,134.4049530029297,0.0,0.0,0.0,-0.0,0.017923498804591764,0.018763301466678817,0.0,0.0,0.0,0.0,0.0,0.0,0.0,0.0,0.0,0.0,0.0,13582.75896740669,-0.0009999999999998899,0.0284002947547346,0.4925789514034476,
2018-12-03,85.0360336303711,137.52537536621094,0.0,0.0,0.0,-0.0,-0.00017357719179555975,0.023216572704826133,-0.0,0.0,0.0,0.0,0.0,0.0,0.0,0.0,0.0,0.0,0.0,13582.75896740669,-0.0009999999999998899,0.022567965257820122,0.3776435253257471,
2018-12-04,78.76548767089844,131.49327087402344,0.0,0.0,0.0,-0.0,-0.07373986875645022,-0.043861756247709494,0.0,0.0,0.0,0.0,0.0,0.0,0.0,0.0,0.0,0.0,0.0,13582.75896740669,-0.0009999999999998899,-0.04297350113025211,-1.36850696138172,
2018-12-06,79.70238494873047,133.7789764404297,0.0,0.0,0.0,-0.0,0.011894768959555213,0.01738268088711603,0.0,0.0,0.0,0.0,0.0,0.0,0.0,0.0,0.0,0.0,0.0,13582.75896740669,-0.0009999999999998899,-0.03539789168072849,-1.133207906464745,
2018-12-07,77.69579315185547,130.04205322265625,0.0,0.0,0.0,-0.0,-0.025176057130106733,-0.027933561140957353,0.0,0.0,0.0,0.0,0.0,0.0,0.0,0.0,0.0,0.0,0.0,13582.75896740669,-0.0009999999999998899,-0.05391109227566737,-1.6249587025372136,
2018-12-10,77.0171127319336,130.7724151611328,0.0,0.0,0.0,-0.0,-0.00873509867639044,0.005616351944444098,-0.0,0.0,0.0,0.0,0.0,0.0,0.0,0.0,0.0,0.0,0.0,13582.75896740669,-0.0009999999999998899,-0.064065434046501,-1.838467985910315,
2018-12-11,76.41218566894531,129.757568359375,0.0,0.0,0.0,-0.0,-0.007854450024552317,-0.007760404214507743,0.0,0.0,0.0,0.0,0.0,0.0,0.0,0.0,0.0,0.0,0.0,13582.75896740669,-0.0009999999999998899,-0.07003005932599327,-1.925664206653767,
2018-12-12,74.663818359375,130.696533203125,0.0,0.0,0.0,-0.0,-0.022880739430031327,0.007236301170113313,-0.0,0.0,0.0,0.0,0.0,0.0,0.0,0.0,0.0,0.0,0.0,13582.75896740669,-0.0009999999999998899,-0.09495435124393281,-2.4642198731965332,
2018-12-13,74.34661865234375,130.449951171875,0.0,0.0,0.0,-0.0,-0.004248372424572433,-0.0018866761436339141,0.0,0.0,0.0,0.0,0.0,0.0,0.0,0.0,0.0,0.0,0.0,13582.75896740669,-0.0009999999999998899,-0.09874616385551294,-2.4042082548326746,
2018-12-14,72.78263092041016,128.12623596191406,1.0,0.0,0.0,-0.0,-0.021036433939881527,-0.01781307841885904,0.0,0.0,0.0,0.0,0.0,0.0,0.0,0.0,0.0,0.0,0.0,13582.75896740669,-0.0009999999999998899,-0.11557551604184524,-2.6351512275459594,Enter Long Spread
2018-12-17,71.46215057373047,124.62642669677734,1.0,1.0,0.8022105569956678,-0.1977894430043322,-0.01814279492209714,-0.02731532101026557,-0.00915165949180876,0.0,1.0,0.6044211139913356,0.1977894430043322,0.8022105569956678,0.1977894430043322,1.0,0.001,2.3201436221655254e-05,-0.010174860928030416,13444.55628389437,-0.011164686067102192,-0.12705647543477983,-2.7017763350403756,
2018-12-18,71.76459503173828,125.8215103149414,1.0,1.0,0.8022105569956678,-0.1977894430043322,0.004232232805473357,0.009589327479249343,0.001498474095307255,0.0,1.0,0.6044211139913356,0.1977894430043322,0.0,0.0,0.0,0.0,2.3201436221655254e-05,0.0014752726590855998,13464.390670193536,-0.009705884364118789,-0.1251862109055777,-2.4807846045619164,
2018-12-19,69.5809555053711,124.49369049072266,1.0,1.0,0.8022105569956678,-0.1977894430043322,-0.030427810892006857,-0.010553202078842583,-0.022322199162749235,0.0,1.0,0.6044211139913356,0.1977894430043322,0.0,0.0,0.0,0.0,2.3201436221655254e-05,-0.02234540059897089,13163.523466847013,-0.03183440308880625,-0.1534707807649267,-2.848759264865885,
2018-12-20,69.3006362915039,122.1225357055664,1.0,1.0,0.8022105569956678,-0.1977894430043322,-0.0040286772699685836,-0.019046385208838723,0.0005353264850048787,0.0,1.0,0.6044211139913356,0.1977894430043322,0.0,0.0,0.0,0.0,2.3201436221655254e-05,0.0005121250487832234,13170.264836944632,-0.03133858123525779,-0.15276630664548008,-2.6194833314102306,
2018-12-21,68.97604370117188,117.8545150756836,1.0,1.0,0.8022105569956678,-0.1977894430043322,-0.004683832756840478,-0.034948673520609486,0.0031550585846420506,0.0,1.0,0.6044211139913356,0.1977894430043322,0.0,0.0,0.0,0.0,2.3201436221655254e-05,0.0031318571484203954,13211.512225020808,-0.02830487204650034,-0.14869017898342585,-2.3744687696042392,
2018-12-24,66.31289672851562,115.45496368408205,1.0,1.0,0.8022105569956678,-0.1977894430043322,-0.038609737957629564,-0.0203602839489061,-0.02694609017078261,0.0,1.0,0.6044211139913356,0.1977894430043322,0.0,0.0,0.0,0.0,2.3201436221655254e-05,-0.026969291607004266,12855.20709925472,-0.05451080130538366,-0.18299328291344286,-2.773533332325941,
2018-12-26,71.27035522460938,123.51676177978516,1.0,1.0,0.8022105569956678,-0.1977894430043322,0.07475858755483933,0.06982634473613891,0.046161214330187654,0.0,1.0,0.6044211139913356,0.1977894430043322,0.0,0.0,0.0,0.0,2.3201436221655254e-05,0.046138012893966,13448.320810154737,-0.01088780846490578,-0.1275388118063372,-1.7142270483885558,
2018-12-27,72.1334457397461,125.20501708984376,1.0,1.0,0.8022105569956678,-0.1977894430043322,0.012110091389564204,0.013668228390479875,0.007011411878681725,0.0,1.0,0.6044211139913356,0.1977894430043322,0.0,0.0,0.0,0.0,2.3201436221655254e-05,0.006988210442460069,13542.300506073814,-0.003975684319255657,-0.11884861501491795,-1.5034388773425018,
2018-12-28,71.2113265991211,124.1901626586914,1.0,1.0,0.8022105569956678,-0.1977894430043322,-0.012783517148923673,-0.008105541253383808,-0.008651881922646312,0.0,1.0,0.6044211139913356,0.1977894430043322,0.0,0.0,0.0,0.0,2.3201436221655254e-05,-0.008675083358867967,13424.819920312782,-0.012616278285245697,-0.12970793510141476,-1.6204510735822755,
2018-12-31,71.94902038574219,125.13858032226562,1.0,1.0,0.8022105569956678,-0.1977894430043322,0.010359219829928046,0.007636817951359953,0.006799793540882174,0.0,1.0,0.6044211139913356,0.1977894430043322,0.0,0.0,0.0,0.0,2.3201436221655254e-05,0.006776592104660519,13515.794448991262,-0.00592518155240318,-0.12127775063832491,-1.4246653388414756,
2019-01-02,71.71295166015625,126.0680923461914,1.0,1.0,0.8022105569956678,-0.1977894430043322,-0.0032810554517670454,0.007427861348051401,-0.004101249880240208,0.0,1.0,0.6044211139913356,0.1977894430043322,0.0,0.0,0.0,0.0,2.3201436221655254e-05,-0.004124451316461864,13460.049212783091,-0.010025194746011046,-0.12638881266613033,-1.4550384789819024,
2019-01-03,69.67687225341797,121.5250015258789,1.0,1.0,0.8022105569956678,-0.1977894430043322,-0.028392073671533513,-0.03603680150752875,-0.015648722336471143,0.0,1.0,0.6044211139913356,0.1977894430043322,0.0,0.0,0.0,0.0,2.3201436221655254e-05,-0.0156719237726928,13249.104347543662,-0.025540004430837926,-0.14614261607186307,-1.7098577153059074,
2019-01-04,72.10395812988281,126.7604751586914,1.0,1.0,0.8022105569956678,-0.1977894430043322,0.03483345044016062,0.04308145292800192,0.019422705101235383,0.0,1.0,0.6044211139913356,0.1977894430043322,0.0,0.0,0.0,0.0,2.3201436221655254e-05,0.019399503665013727,13506.130395891982,-0.006635964175384923,-0.12230165116638325,-1.2795848349582195,
2019-01-07,71.86050415039062,129.04623413085938,1.0,1.0,0.8022105569956678,-0.1977894430043322,-0.0033764301684193754,0.01803211110802816,-0.006275169138313805,0.0,1.0,0.6044211139913356,0.1977894430043322,0.0,0.0,0.0,0.0,2.3201436221655254e-05,-0.006298370574535461,13421.063781630657,-0.012892538988424351,-0.13009010173236746,-1.3625961702424045,
2019-01-08,71.86786651611328,129.7481231689453,1.0,1.0,0.8022105569956678,-0.1977894430043322,0.00010245357738170036,0.005439050917008359,-0.000993597509969713,0.0,1.0,0.6044211139913356,0.1977894430043322,0.0,0.0,0.0,0.0,2.3201436221655254e-05,-0.0010167989461913683,13407.417258120728,-0.013896228814558653,-0.13132504765392583,-1.3401291770871384,
2019-01-09,72.23674774169922,131.27511596679688,1.0,1.0,0.8022105569956678,-0.1977894430043322,0.005132769949463212,0.011768900856186315,0.0017897978949712092,0.0,1.0,0.6044211139913356,0.1977894430043322,0.0,0.0,0.0,0.0,2.3201436221655254e-05,0.001766596458749554,13431.102753969904,-0.012154181384422591,-0.12909015092583287,-1.2597149993726462,
2019-01-10,72.96707153320312,131.52169799804688,1.0,1.0,0.8022105569956678,-0.1977894430043322,0.010110142196813277,0.0018783607954486747,0.007738942867518015,0.0,1.0,0.6044211139913356,0.1977894430043322,0.0,0.0,0.0,0.0,2.3201436221655254e-05,0.00771574143129636,13534.733669956706,-0.004532218473997762,-0.11949346015610751,-1.0663698530267607,
2019-01-11,72.22936248779297,130.9431610107422,1.0,1.0,0.8022105569956678,-0.1977894430043322,-0.010110163802784178,-0.004398794998170419,-0.007240444922970565,0.0,1.0,0.6044211139913356,0.1977894430043322,0.0,0.0,0.0,0.0,2.3201436221655254e-05,-0.007263646359192221,13436.42215101229,-0.011762944400972142,-0.12856813920213117,-1.179976120162272,
2019-01-14,73.13675689697266,130.0325927734375,1.0,1.0,0.8022105569956678,-0.1977894430043322,0.012562680576518215,-0.006953919779208562,0.011453326902473804,0.0,1.0,0.6044211139913356,0.1977894430043322,0.0,0.0,0.0,0.0,2.3201436221655254e-05,0.011430125466252149,13590.002142015888,-0.0004672708650758084,-0.1143631979290134,-0.9141555785190154,
2019-01-15,71.9711685180664,130.26023864746094,1.0,1.0,0.8022105569956678,-0.1977894430043322,-0.015937107801323624,0.0017506831877149853,-0.013131182778775022,0.0,1.0,0.6044211139913356,0.1977894430043322,0.0,0.0,0.0,0.0,2.3201436221655254e-05,-0.013154384214996677,13411.234032357184,-0.013615508419580702,-0.13085993028074272,-1.1624623338103859,
2019-01-16,71.55066680908203,130.26023864746094,1.0,1.0,0.8022105569956678,-0.1977894430043322,-0.005842641124811254,0.0,-0.004687028391060631,0.0,1.0,0.6044211139913356,0.1977894430043322,0.0,0.0,0.0,0.0,2.3201436221655254e-05,-0.004710229827282287,13348.064037797312,-0.018261606072991432,-0.13671970640825615,-1.2244447588555787,
2019-01-17,73.46134185791016,130.20335388183594,1.0,1.0,0.8022105569956678,-0.1977894430043322,0.026703804926463626,-0.0004367009166853508,0.02150844905503272,0.0,1.0,0.6044211139913356,0.1977894430043322,0.0,0.0,0.0,0.0,2.3201436221655254e-05,0.021485247618811064,13634.850498881133,0.0,-0.11025853057592339,-0.7402930395133919,
2019-01-18,74.95154571533203,131.36045837402344,1.0,1.0,0.8022105569956678,-0.1977894430043322,0.020285551825397485,0.008886902354586113,0.014515548362069126,0.0,1.0,0.6044211139913356,0.1977894430043322,0.0,0.0,0.0,0.0,2.3201436221655254e-05,0.014492346925847471,13832.451482592984,0.0,-0.09235742573127004,-0.3978088797050677,
2019-01-22,75.74825286865234,130.93365478515625,1.0,1.0,0.8022105569956678,-0.1977894430043322,0.010629629392117312,-0.0032491024631776666,0.009169839081763866,0.0,1.0,0.6044211139913356,0.1977894430043322,0.0,0.0,0.0,0.0,2.3201436221655254e-05,0.00914663764554221,13958.971904053806,0.0,-0.08098150528717563,-0.1661974355355818,
2019-01-23,74.44989013671875,129.94725036621094,1.0,1.0,0.8022105569956678,-0.1977894430043322,-0.01714049740770862,-0.007533620141925046,-0.01226021744094316,0.0,1.0,0.6044211139913356,0.1977894430043322,0.0,0.0,0.0,0.0,2.3201436221655254e-05,-0.012283418877164816,13787.508005061738,-0.012283418877164776,-0.09640611383404374,-0.4326549076198001,
2019-01-24,73.54986572265625,130.60171508789062,1.0,1.0,0.8022105569956678,-0.1977894430043322,-0.012088995865671581,0.005036387609859361,-0.010694064407026728,0.0,1.0,0.6044211139913356,0.1977894430043322,0.0,0.0,0.0,0.0,2.3201436221655254e-05,-0.010717265843248383,13639.743616455575,-0.022869040054842693,-0.10980740858553983,-0.6599036701097866,
2019-01-25,74.38346862792969,131.52169799804688,1.0,1.0,0.8022105569956678,-0.1977894430043322,0.01133384673218596,0.0070441870502016,0.007698865666852724,0.0,1.0,0.6044211139913356,0.1977894430043322,0.0,0.0,0.0,0.0,2.3201436221655254e-05,0.0076756642306310685,13744.437708647381,-0.015368910896949473,-0.10026800336326169,-0.4711462782681032,
2019-01-28,74.01463317871094,128.9798583984375,1.0,1.0,0.8022105569956678,-0.1977894430043322,-0.004958567488479004,-0.01932638977674328,-0.00015525931760667798,0.0,1.0,0.6044211139913356,0.1977894430043322,0.0,0.0,0.0,0.0,2.3201436221655254e-05,-0.00017846075382833322,13741.984865932951,-0.015544628903353508,-0.10042722981933738,-0.46069839181781597,
2019-01-29,74.73020935058594,128.0408477783203,1.0,1.0,0.8022105569956678,-0.1977894430043322,0.00966803645634795,-0.007280288812354319,0.009195765179807544,0.0,1.0,0.6044211139913356,0.1977894430043322,0.0,0.0,0.0,0.0,2.3201436221655254e-05,0.009172563743585889,13868.034098079113,-0.006514649259254046,-0.08900406842648345,-0.2348200821862007,
2019-01-30,74.64908599853516,130.5068817138672,1.0,1.0,0.8022105569956678,-0.1977894430043322,-0.001085549642584338,0.01925974388904672,-0.004680213399644672,0.0,1.0,0.6044211139913356,0.1977894430043322,0.0,0.0,0.0,0.0,2.3201436221655254e-05,-0.004703414835866328,13802.806980757909,-0.011187422997143925,-0.0947936543403265,-0.32902313892992024,
2019-01-31,77.75482177734375,128.05035400390625,0.0,1.0,0.8022105569956678,-0.1977894430043322,0.04160447160558056,-0.018822974525947278,0.03709853198739508,0.0,1.0,0.6044211139913356,0.1977894430043322,0.0,0.0,0.0,0.0,2.3201436221655254e-05,0.03707533055117342,14314.550612103554,0.0,-0.04934622673917399,0.5144223972519611,Exit Long Spread
2019-02-01,78.26384735107422,132.9253692626953,0.0,0.0,0.0,-0.0,0.006546546723341429,0.03807107990221059,0.0,0.0,0.0,0.0,0.0,0.8022105569956678,0.1977894430043322,1.0,0.001,0.0,-0.001,14300.236061491449,-0.001000000000000112,-0.05203338026918192,0.4616170740360604,
2019-02-04,78.6253433227539,134.2057647705078,0.0,0.0,0.0,-0.0,0.0046189394454134725,0.00963243897620547,0.0,0.0,0.0,0.0,0.0,0.0,0.0,0.0,0.0,0.0,0.0,14300.236061491449,-0.001000000000000112,-0.049788641150662505,0.5022181735734447,
2019-02-05,79.42205810546875,135.18267822265625,0.0,0.0,0.0,-0.0,0.010133053148580373,0.007279221230317212,0.0,0.0,0.0,0.0,0.0,0.0,0.0,0.0,0.0,0.0,0.0,14300.236061491449,-0.001000000000000112,-0.04149481477756711,0.6578133771149732,
2019-02-06,80.27780151367188,134.1963653564453,0.0,0.0,0.0,-0.0,0.010774631489236075,-0.007296148287478155,0.0,0.0,0.0,0.0,0.0,0.0,0.0,0.0,0.0,0.0,0.0,14300.236061491449,-0.001000000000000112,-0.028972315728101217,0.8943145932099656,
2019-02-07,79.62862396240234,132.94432067871094,0.0,0.0,0.0,-0.0,-0.008086638386067047,-0.009329944774649879,0.0,0.0,0.0,0.0,0.0,0.0,0.0,0.0,0.0,0.0,0.0,14300.236061491449,-0.001000000000000112,-0.034780680629864724,0.7949627602576612,
2019-02-08,79.74662780761719,133.1435546875,0.0,0.0,0.0,-0.0,0.0014819274695812013,0.0014986274537485134,0.0,0.0,0.0,0.0,0.0,0.0,0.0,0.0,0.0,0.0,0.0,14300.236061491449,-0.001000000000000112,-0.03366906841473183,0.8151851394835747,
2019-02-11,80.35894012451172,133.54188537597656,0.0,0.0,0.0,-0.0,0.007678222060645501,0.0029917384240751854,0.0,0.0,0.0,0.0,0.0,0.0,0.0,0.0,0.0,0.0,0.0,14300.236061491449,-0.001000000000000112,-0.026756702303168067,0.9349978937209891,
2019-02-12,81.63519287109375,134.67051696777344,0.0,0.0,0.0,-0.0,0.01588190118740429,0.008451517579067369,0.0,0.0,0.0,0.0,0.0,0.0,0.0,0.0,0.0,0.0,0.0,14300.236061491449,-0.001000000000000112,-0.013074611022753535,1.1787407139199357,
2019-02-13,82.63111877441406,136.09320068359375,0.0,0.0,0.0,-0.0,0.01219971275002596,0.010564180994127703,0.0,0.0,0.0,0.0,0.0,0.0,0.0,0.0,0.0,0.0,0.0,14300.236061491449,-0.001000000000000112,-0.0035397102758809584,1.3368958439490504,
2019-02-14,82.47616577148438,136.01724243164062,0.0,0.0,0.0,-0.0,-0.0018752378671371694,-0.0005581340696786397,0.0,0.0,0.0,0.0,0.0,0.0,0.0,0.0,0.0,0.0,0.0,14300.236061491449,-0.001000000000000112,-0.00527905914859228,1.2916254601356876,
2019-02-15,81.79012298583984,137.67990112304688,0.0,0.0,0.0,-0.0,-0.008318073218211208,0.012223881779119816,-0.0,0.0,0.0,0.0,0.0,0.0,0.0,0.0,0.0,0.0,0.0,14300.236061491449,-0.001000000000000112,-0.01662751432753229,1.0857401264709332,
2019-02-19,81.71633911132812,137.2333526611328,0.0,0.0,0.0,-0.0,-0.0009021122822433503,-0.0032433816284845873,0.0,0.0,0.0,0.0,0.0,0.0,0.0,0.0,0.0,0.0,0.0,14300.236061491449,-0.001000000000000112,-0.016729060471670998,1.1002715566042358,
2019-02-20,81.9376449584961,137.5088653564453,0.0,0.0,0.0,-0.0,0.0027082202846417935,0.0020076219808811135,0.0,0.0,0.0,0.0,0.0,0.0,0.0,0.0,0.0,0.0,0.0,14300.236061491449,-0.001000000000000112,-0.014518994881634883,1.1390415417554987,
2019-02-21,82.44668579101562,136.8153076171875,0.0,0.0,0.0,-0.0,0.006212539215367574,-0.005043731089337422,0.0,0.0,0.0,0.0,0.0,0.0,0.0,0.0,0.0,0.0,0.0,14300.236061491449,-0.001000000000000112,-0.0070789675034328425,1.268394546412398,
2019-02-22,81.41388702392578,138.59197998046875,0.0,0.0,0.0,-0.0,-0.012526868207992758,0.012985917981140016,-0.0,0.0,0.0,0.0,0.0,0.0,0.0,0.0,0.0,0.0,0.0,14300.236061491449,-0.001000000000000112,-0.022866097594578916,0.984247850087673,
2019-02-25,82.5003890991211,138.77252197265625,0.0,0.0,0.0,-0.0,0.013345414583583404,0.0013026871555839037,0.0,0.0,0.0,0.0,0.0,0.0,0.0,0.0,0.0,0.0,0.0,14300.236061491449,-0.001000000000000112,-0.009929924321352201,1.2277647900614197,
2019-02-26,82.63435363769531,139.70361328125,0.0,0.0,0.0,-0.0,0.0016238049303411994,0.006709478903735855,0.0,0.0,0.0,0.0,0.0,0.0,0.0,0.0,0.0,0.0,0.0,14300.236061491449,-0.001000000000000112,-0.009956170504228146,1.2400112439579372,
2019-02-27,82.70130920410156,139.87464904785156,0.0,0.0,0.0,-0.0,0.0008102630862196758,0.0012242758979843504,0.0,0.0,0.0,0.0,0.0,0.0,0.0,0.0,0.0,0.0,0.0,14300.236061491449,-0.001000000000000112,-0.009447902863213953,1.2700645274731366,
2019-02-28,82.00922393798828,140.729736328125,0.0,0.0,0.0,-0.0,-0.008368492261776161,0.006113239862220565,-0.0,0.0,0.0,0.0,0.0,0.0,0.0,0.0,0.0,0.0,0.0,14300.236061491449,-0.001000000000000112,-0.019354272182864785,1.1123027515673778,
2019-03-01,83.44551086425781,142.012451171875,0.0,0.0,0.0,-0.0,0.017513724155658217,0.009114739195980714,0.0,0.0,0.0,0.0,0.0,0.0,0.0,0.0,0.0,0.0,0.0,14300.236061491449,-0.001000000000000112,-0.004229255193681336,1.4363240497807355,
2019-03-04,82.21759796142578,140.57772827148438,0.0,0.0,0.0,-0.0,-0.014715146328596385,-0.010102796540383707,0.0,0.0,0.0,0.0,0.0,0.0,0.0,0.0,0.0,0.0,0.0,14300.236061491449,-0.001000000000000112,-0.016550175065086936,1.2350969581540339,
2019-03-05,81.83805847167969,140.56822204589844,0.0,0.0,0.0,-0.0,-0.004616280445509546,-6.762255801695538e-05,0.0,0.0,0.0,0.0,0.0,0.0,0.0,0.0,0.0,0.0,0.0,14300.236061491449,-0.001000000000000112,-0.021160470159297784,1.129213321049357,
2019-03-06,81.00457763671875,140.43521118164062,0.0,0.0,0.0,-0.0,-0.010184513788891625,-0.0009462370820509935,0.0,0.0,0.0,0.0,0.0,0.0,0.0,0.0,0.0,0.0,0.0,14300.236061491449,-0.001000000000000112,-0.031163790521431256,0.9300815099137126,
2019-03-07,79.52363586425781,139.5040740966797,0.0,0.0,0.0,-0.0,-0.018282198557994067,-0.006630367677210147,0.0,0.0,0.0,0.0,0.0,0.0,0.0,0.0,0.0,0.0,0.0,14300.236061491449,-0.001000000000000112,-0.047974976337093356,0.5975259531593649,
2019-03-08,79.38970184326172,139.99818420410156,0.0,0.0,0.0,-0.0,-0.0016842039418910604,0.003541904497208037,-0.0,0.0,0.0,0.0,0.0,0.0,0.0,0.0,0.0,0.0,0.0,14300.236061491449,-0.001000000000000112,-0.05053233337051921,0.5419697843383442,
2019-03-11,80.98967742919922,143.15248107910156,0.0,0.0,0.0,-0.0,0.0201534399146166,0.0225309841904906,0.0,0.0,0.0,0.0,0.0,0.0,0.0,0.0,0.0,0.0,0.0,14300.236061491449,-0.001000000000000112,-0.03607276771777723,0.8095487955435251,
2019-03-12,81.12364959716797,144.15960693359375,0.0,0.0,0.0,-0.0,0.0016541881906599887,0.00703533635533482,0.0,0.0,0.0,0.0,0.0,0.0,0.0,0.0,0.0,0.0,0.0,14300.236061491449,-0.001000000000000112,-0.03614847393782017,0.7856122316624715,
2019-03-13,82.5003890991211,144.86273193359375,0.0,0.0,0.0,-0.0,0.016970877281650143,0.004877406472978851,0.0,0.0,0.0,0.0,0.0,0.0,0.0,0.0,0.0,0.0,0.0,14300.236061491449,-0.001000000000000112,-0.02051962152541642,1.054859425110679,
2019-03-14,82.51526641845703,146.50640869140625,0.0,0.0,0.0,-0.0,0.00018033029296460334,0.011346443187099098,0.0,0.0,0.0,0.0,0.0,0.0,0.0,0.0,0.0,0.0,0.0,14300.236061491449,-0.001000000000000112,-0.023121083761000083,0.9722922328775238,
2019-03-15,81.503173828125,147.7035675048828,0.0,0.0,0.0,-0.0,-0.01226551927008801,0.008171375055668673,-0.0,0.0,0.0,0.0,0.0,0.0,0.0,0.0,0.0,0.0,0.0,14300.236061491449,-0.001000000000000112,-0.03746895610334011,0.6719607347098497,
2019-03-18,82.37388610839844,147.22845458984375,0.0,0.0,0.0,-0.0,0.010683170229782712,-0.0032166651291165582,0.0,0.0,0.0,0.0,0.0,0.0,0.0,0.0,0.0,0.0,0.0,14300.236061491449,-0.001000000000000112,-0.026048082901241276,0.8623825561259687,
2019-03-19,82.12085723876953,146.87689208984375,0.0,0.0,0.0,-0.0,-0.003071712184319453,-0.0023878706122358873,0.0,0.0,0.0,0.0,0.0,0.0,0.0,0.0,0.0,0.0,0.0,14300.236061491449,-0.001000000000000112,-0.028535075748657324,0.7872856681965403,
2019-03-20,80.31249237060547,146.07887268066406,0.0,0.0,0.0,-0.0,-0.02202077436802896,-0.005433253644089531,0.0,0.0,0.0,0.0,0.0,0.0,0.0,0.0,0.0,0.0,0.0,14300.236061491449,-0.001000000000000112,-0.04945867549035632,0.3501981138119167,
2019-03-21,81.71156311035156,148.02659606933594,0.0,0.0,0.0,-0.0,0.017420337713963896,0.013333368151941416,0.0,0.0,0.0,0.0,0.0,0.0,0.0,0.0,0.0,0.0,0.0,14300.236061491449,-0.001000000000000112,-0.03545402466698189,0.6059433131037503,
2019-03-22,79.88832092285156,145.43276977539062,0.0,0.0,0.0,-0.0,-0.022313147834875036,-0.01752270445191051,0.0,0.0,0.0,0.0,0.0,0.0,0.0,0.0,0.0,0.0,0.0,14300.236061491449,-0.001000000000000112,-0.05366125748299222,0.19830138423974497,
2019-03-25,79.55342864990234,145.3947296142578,0.0,0.0,0.0,-0.0,-0.004192005403050425,-0.000261565266147068,0.0,0.0,0.0,0.0,0.0,0.0,0.0,0.0,0.0,0.0,0.0,14300.236061491449,-0.001000000000000112,-0.05779757517685424,0.08523723913240865,
2019-03-26,80.67713928222656,147.55152893066406,0.0,0.0,0.0,-0.0,0.014125231952847983,0.014834095583301954,0.0,0.0,0.0,0.0,0.0,0.0,0.0,0.0,0.0,0.0,0.0,14300.236061491449,-0.001000000000000112,-0.04740174091190674,0.2911992459969769,
2019-03-27,81.10132598876953,146.52537536621094,0.0,0.0,0.0,-0.0,0.0052578302889381145,-0.006954543757627385,0.0,0.0,0.0,0.0,0.0,0.0,0.0,0.0,0.0,0.0,0.0,14300.236061491449,-0.001000000000000112,-0.0404370133812233,0.42102242072877366,
2019-03-28,82.08365631103516,146.95294189453125,0.0,0.0,0.0,-0.0,0.012112383001008586,0.002918037420151176,0.0,0.0,0.0,0.0,0.0,0.0,0.0,0.0,0.0,0.0,0.0,14300.236061491449,-0.001000000000000112,-0.029115808860578296,0.6517752878705521,
2019-03-29,83.1552734375,148.39710998535156,0.0,0.0,0.0,-0.0,0.013055182659069464,0.00982741871106474,0.0,0.0,0.0,0.0,0.0,0.0,0.0,0.0,0.0,0.0,0.0,14300.236061491449,-0.001000000000000112,-0.01855628643526841,0.8664455696562887,
2019-04-01,85.15713500976562,149.4136962890625,0.0,0.0,0.0,-0.0,0.024073777759509474,0.0068504454285618355,0.0,0.0,0.0,0.0,0.0,0.0,0.0,0.0,0.0,0.0,0.0,14300.236061491449,-0.001000000000000112,0.0035490299952385396,1.3558167802509453,
2019-04-02,84.5989761352539,149.9077606201172,0.0,0.0,0.0,-0.0,-0.006554458113788186,0.003306687026193744,-0.0,0.0,0.0,0.0,0.0,0.0,0.0,0.0,0.0,0.0,0.0,14300.236061491449,-0.001000000000000112,-0.0038409398751992896,1.1461385260246537,
2019-04-03,85.09759521484375,150.55386352539062,0.0,0.0,0.0,-0.0,0.00589391387896554,0.004310003048546118,0.0,0.0,0.0,0.0,0.0,0.0,0.0,0.0,0.0,0.0,0.0,14300.236061491449,-0.001000000000000112,0.0009753012521236393,1.2328533096269028,
2019-04-04,84.81478881835938,149.77474975585938,0.0,0.0,0.0,-0.0,-0.0033233183119967258,-0.005174983565930602,0.0,0.0,0.0,0.0,0.0,0.0,0.0,0.0,0.0,0.0,0.0,14300.236061491449,-0.001000000000000112,-0.0010743179018277704,1.1570263323006114,
2019-04-05,85.08271789550781,149.78424072265625,0.0,0.0,0.0,-0.0,0.0031589900874744448,6.336827010122725e-05,0.0,0.0,0.0,0.0,0.0,0.0,0.0,0.0,0.0,0.0,0.0,14300.236061491449,-0.001000000000000112,0.0020640697577740674,1.2115595610293126,
2019-04-08,84.81478881835938,149.8792266845703,0.0,0.0,0.0,-0.0,-0.003149042294082416,0.0006341519071417778,-0.0,0.0,0.0,0.0,0.0,0.0,0.0,0.0,0.0,0.0,0.0,14300.236061491449,-0.001000000000000112,-0.0012462453035149146,1.0992108885297385,
2019-04-09,84.0259780883789,149.63226318359375,0.0,0.0,0.0,-0.0,-0.009300391370068661,-0.0016477500347417129,0.0,0.0,0.0,0.0,0.0,0.0,0.0,0.0,0.0,0.0,0.0,14300.236061491449,-0.001000000000000112,-0.010183558402882875,0.8428293654716714,
2019-04-10,84.15250396728516,150.64883422851562,0.0,0.0,0.0,-0.0,0.0015057947766246027,0.006793795825132731,0.0,0.0,0.0,0.0,0.0,0.0,0.0,0.0,0.0,0.0,0.0,14300.236061491449,-0.001000000000000112,-0.010348279751305922,0.8150362724513507,
2019-04-11,84.45758056640625,149.9838104248047,0.0,0.0,0.0,-0.0,0.0036252824899862812,-0.004414397277725857,0.0,0.0,0.0,0.0,0.0,0.0,0.0,0.0,0.0,0.0,0.0,14300.236061491449,-0.001000000000000112,-0.005638749336698279,0.9391566573071725,
2019-04-12,85.179443359375,151.67498779296875,0.0,0.0,0.0,-0.0,0.008547045607127934,0.011275732783252224,0.0,0.0,0.0,0.0,0.0,0.0,0.0,0.0,0.0,0.0,0.0,14300.236061491449,-0.001000000000000112,0.0001074398544445021,1.1211850829962284,
2019-04-15,84.5692138671875,152.43504333496094,0.0,0.0,0.0,-0.0,-0.007164046489631537,0.005011080291166037,-0.0,0.0,0.0,0.0,0.0,0.0,0.0,0.0,0.0,0.0,0.0,14300.236061491449,-0.001000000000000112,-0.008314815843494694,0.8328874862671903,
2019-04-16,84.79248046875,152.23548889160156,0.0,0.0,0.0,-0.0,0.002640045843551597,-0.0013091113368260965,0.0,0.0,0.0,0.0,0.0,0.0,0.0,0.0,0.0,0.0,0.0,14300.236061491449,-0.001000000000000112,-0.005355268715309114,0.909575409752905,
2019-04-17,85.2017822265625,152.43504333496094,0.0,0.0,0.0,-0.0,0.004827099709193483,0.0013108273557782546,0.0,0.0,0.0,0.0,0.0,0.0,0.0,0.0,0.0,0.0,0.0,14300.236061491449,-0.001000000000000112,-0.0008627621794314866,1.0367443872686228,
2019-04-18,84.94877624511719,152.16900634765625,0.0,0.0,0.0,-0.0,-0.002969491656554024,-0.0017452482151371074,0.0,0.0,0.0,0.0,0.0,0.0,0.0,0.0,0.0,0.0,0.0,14300.236061491449,-0.001000000000000112,-0.0034059950103988434,0.9296805731041715,
2019-04-22,84.5543441772461,152.3970184326172,0.0,0.0,0.0,-0.0,-0.0046431753970530565,0.0014984134445881203,-0.0,0.0,0.0,0.0,0.0,0.0,0.0,0.0,0.0,0.0,0.0,14300.236061491449,-0.001000000000000112,-0.008429149027861627,0.7371514934846364,
2019-04-23,84.5394515991211,153.5941925048828,0.0,0.0,0.0,-0.0,-0.0001761302540976839,0.007855626603318067,-0.0,0.0,0.0,0.0,0.0,0.0,0.0,0.0,0.0,0.0,0.0,14300.236061491449,-0.001000000000000112,-0.010534574946601927,0.6396643951539972,
2019-04-24,85.15713500976562,153.43264770507812,0.0,0.0,0.0,-0.0,0.007306451591069463,-0.001051763723420418,0.0,0.0,0.0,0.0,0.0,0.0,0.0,0.0,0.0,0.0,0.0,14300.236061491449,-0.001000000000000112,-0.002995231544103305,0.9778132400258731,
2019-04-25,78.23619079589844,152.9861297607422,1.0,0.0,0.0,-0.0,-0.08127262868899365,-0.0029101886137963273,0.0,0.0,0.0,0.0,0.0,0.0,0.0,0.0,0.0,0.0,0.0,14300.236061491449,-0.001000000000000112,-0.08704252100016174,-2.994272202524771,Enter Long Spread
2019-04-26,77.35806274414062,154.80079650878906,1.0,1.0,0.8022105569956678,-0.1977894430043322,-0.01122406450038782,0.011861642299761943,-0.011350170658197958,0.0,1.0,0.6044211139913356,0.1977894430043322,0.8022105569956678,0.1977894430043322,1.0,0.001,2.3201436221655254e-05,-0.012373372094419613,14123.293919664578,-0.013360998722325212,-0.1012373950132921,-3.596976853472198,
2019-04-29,78.02039337158203,155.9599609375,1.0,1.0,0.8022105569956678,-0.1977894430043322,0.008561882290564204,0.007488103775002974,0.005387364486428379,0.0,1.0,0.6044211139913356,0.1977894430043322,0.0,0.0,0.0,0.0,2.3201436221655254e-05,0.005364163050206723,14199.053571055656,-0.00806850624777844,-0.09455131301883113,-3.02476246835977,
2019-04-30,79.04736328125,156.2259521484375,1.0,1.0,0.8022105569956678,-0.1977894430043322,0.013162839422981243,0.0017055096021991734,0.010222036950896803,0.0,1.0,0.6044211139913356,0.1977894430043322,0.0,0.0,0.0,0.0,2.3201436221655254e-05,0.010198835514675148,14343.867382890914,0.0,-0.08189449562638718,-2.3650561615422006,
2019-05-01,77.85667419433594,154.66778564453125,1.0,1.0,0.8022105569956678,-0.1977894430043322,-0.015062982969812677,-0.009973800655257103,-0.01011097148199014,0.0,1.0,0.6044211139913356,0.1977894430043322,0.0,0.0,0.0,0.0,2.3201436221655254e-05,-0.010134172918211795,14198.504150516797,-0.010134172918211948,-0.09460063653008755,-2.7040653040586666,
2019-05-02,78.51899719238281,153.0811004638672,1.0,1.0,0.8022105569956678,-0.1977894430043322,0.00850695210013308,-0.010258666173127318,0.00885342265093346,0.0,1.0,0.6044211139913356,0.1977894430043322,0.0,0.0,0.0,0.0,2.3201436221655254e-05,0.008830221214711805,14323.880083083865,-0.0013934386921961028,-0.08358727064070348,-2.1598116903943647,
2019-05-03,79.36736297607422,153.9552001953125,1.0,1.0,0.8022105569956678,-0.1977894430043322,0.01080459269764722,0.005710043426632172,0.007538172017206775,0.0,1.0,0.6044211139913356,0.1977894430043322,0.0,0.0,0.0,0.0,2.3201436221655254e-05,0.0075149705809851195,14431.523620513799,0.0,-0.07424446904686866,-1.7318751206478284,
2019-05-06,77.85667419433594,154.18321228027344,1.0,1.0,0.8022105569956678,-0.1977894430043322,-0.01903413097136275,0.0014810287971545044,-0.015562312669327968,0.0,1.0,0.6044211139913356,0.1977894430043322,0.0,0.0,0.0,0.0,2.3201436221655254e-05,-0.015585514105549623,14206.600905561709,-0.015585514105549647,-0.09382696678103764,-2.307720880195094,
2019-05-07,75.973876953125,152.21652221679688,1.0,1.0,0.8022105569956678,-0.1977894430043322,-0.024182862428869467,-0.012755539558363393,-0.016876836474344563,0.0,1.0,0.6044211139913356,0.1977894430043322,0.0,0.0,0.0,0.0,2.3201436221655254e-05,-0.01690003791056622,13966.50881167743,-0.03222215623687652,-0.11514185725736592,-2.8035214700583286,
2019-05-08,75.7952651977539,152.7390899658203,1.0,1.0,0.8022105569956678,-0.1977894430043322,-0.0023509627589664017,0.00343305537015981,-0.0025649892538134496,0.0,1.0,0.6044211139913356,0.1977894430043322,0.0,0.0,0.0,0.0,2.3201436221655254e-05,-0.0025881906900351048,13930.360823598752,-0.03472694984212654,-0.118340577009872,-2.6790603502220853,
2019-05-09,74.9766845703125,151.83653259277344,1.0,1.0,0.8022105569956678,-0.1977894430043322,-0.010799891329698275,-0.005909144628587493,-0.007495020414369575,0.0,1.0,0.6044211139913356,0.1977894430043322,0.0,0.0,0.0,0.0,2.3201436221655254e-05,-0.0075182218505912305,13825.629280468153,-0.0419840867796103,-0.12773795660190657,-2.726794519133708,
2019-05-10,74.88737487792969,152.69163513183594,1.0,1.0,0.8022105569956678,-0.1977894430043322,-0.0011911661991276246,0.00563173120763949,-0.002069463078785714,0.0,1.0,0.6044211139913356,0.1977894430043322,0.0,0.0,0.0,0.0,2.3201436221655254e-05,-0.0020926645150073694,13796.696876675269,-0.04398889268601902,-0.13031447192533196,-2.5950033461939293,
2019-05-13,73.934814453125,149.48023986816406,1.0,1.0,0.8022105569956678,-0.1977894430043322,-0.012719906744727116,-0.02103190041091063,-0.006044155607023892,0.0,1.0,0.6044211139913356,0.1977894430043322,0.0,0.0,0.0,0.0,2.3201436221655254e-05,-0.0060673570432455476,13712.98739070705,-0.04978935341140134,-0.13787513046590427,-2.5945445734028083,
2019-05-14,74.23992919921875,152.21652221679688,1.0,1.0,0.8022105569956678,-0.1977894430043322,0.004126807490498097,0.01830531146488723,-0.00031002882309448965,0.0,1.0,0.6044211139913356,0.1977894430043322,0.0,0.0,0.0,0.0,2.3201436221655254e-05,-0.0003332302593161449,13708.417808362845,-0.050105992351569206,-0.1382292793527986,-2.4266142522818908,
2019-05-15,75.56456756591797,154.66778564453125,1.0,1.0,0.8022105569956678,-0.1977894430043322,0.01784266742960683,0.016103793412407086,0.011128415847696521,0.0,1.0,0.6044211139913356,0.1977894430043322,0.0,0.0,0.0,0.0,2.3201436221655254e-05,0.011105214411474867,13860.652727366796,-0.03955721572845805,-0.12448277226882842,-1.980947388968987,
2019-05-16,75.3934097290039,156.8849334716797,1.0,1.0,0.8022105569956678,-0.1977894430043322,-0.0022650541441232575,0.014334903793373321,-0.004652342983394462,0.0,1.0,0.6044211139913356,0.1977894430043322,0.0,0.0,0.0,0.0,2.3201436221655254e-05,-0.004675544419616117,13795.846629855117,-0.04404780862881963,-0.1302596524583559,-2.0073481464764087,
2019-05-17,74.6796875,156.14276123046875,1.0,1.0,0.8022105569956678,-0.1977894430043322,-0.009466639479091432,-0.004730678879020012,-0.006658559788885389,0.0,1.0,0.6044211139913356,0.1977894430043322,0.0,0.0,0.0,0.0,2.3201436221655254e-05,-0.006681761225107045,13703.666076776228,-0.05043525291417961,-0.13860224277624877,-2.0809304636279053,
2019-05-20,74.01853942871094,155.552734375,1.0,1.0,0.8022105569956678,-0.1977894430043322,-0.00885311780782505,-0.003778765347936086,-0.006354664674351249,0.0,1.0,0.6044211139913356,0.1977894430043322,0.0,0.0,0.0,0.0,2.3201436221655254e-05,-0.006377866110572904,13616.26592931455,-0.056491449734413,-0.14656134207072014,-2.1302743046663224,
2019-05-21,74.68721008300781,155.92385864257812,1.0,1.0,0.8022105569956678,-0.1977894430043322,0.009033826652860233,0.002385842133018512,0.006775136724407316,0.0,1.0,0.6044211139913356,0.1977894430043322,0.0,0.0,0.0,0.0,2.3201436221655254e-05,0.006751935288185661,13708.202075736011,-0.050120941059169755,-0.1381556182735213,-1.857503041430712,
2019-05-22,73.25218963623047,156.28546142578125,1.0,1.0,0.8022105569956678,-0.1977894430043322,-0.019213737468335657,0.002319098477623127,-0.01587215623260335,0.0,1.0,0.6044211139913356,0.1977894430043322,0.0,0.0,0.0,0.0,2.3201436221655254e-05,-0.015895357668825008,13490.305300745658,-0.0652196084431611,-0.15812746310827697,-2.148183403707958,
2019-05-23,72.25297546386719,153.6876983642578,1.0,1.0,0.8022105569956678,-0.1977894430043322,-0.0136407413529257,-0.01662191119905987,-0.007655108160834843,0.0,1.0,0.6044211139913356,0.1977894430043322,0.0,0.0,0.0,0.0,2.3201436221655254e-05,-0.007678309597056498,13386.722560087721,-0.07239714169479217,-0.16772942781172473,-2.2065907172500565,
2019-05-24,72.01256561279297,154.76300048828125,1.0,1.0,0.8022105569956678,-0.1977894430043322,-0.00332733495791393,0.006996670100913649,-0.004053090712044067,0.0,1.0,0.6044211139913356,0.1977894430043322,0.0,0.0,0.0,0.0,2.3201436221655254e-05,-0.004076292148265722,13332.154368025022,-0.07617832194281071,-0.17278137144847738,-2.1719789907474163,
2019-05-28,70.67521667480469,155.78115844726562,1.0,1.0,0.8022105569956678,-0.1977894430043322,-0.018571049741223256,0.00657882023333789,-0.016199113346478493,0.0,1.0,0.6044211139913356,0.1977894430043322,0.0,0.0,0.0,0.0,2.3201436221655254e-05,-0.01622231478270015,13115.875963135368,-0.09116484800733682,-0.1931437604475188,-2.3915974896076677,
2019-05-29,71.20114135742188,154.84860229492188,1.0,1.0,0.8022105569956678,-0.1977894430043322,0.007441430070700861,-0.005986321848154952,0.007153625025852482,0.0,1.0,0.6044211139913356,0.1977894430043322,0.0,0.0,0.0,0.0,2.3201436221655254e-05,0.007130423589630826,13209.397714501582,-0.0846844684004825,-0.18424948501429572,-2.1084420465916915,
2019-05-30,71.93743896484375,154.87716674804688,1.0,1.0,0.8022105569956678,-0.1977894430043322,0.010341092760377757,0.0001844669742034899,0.008259248163166106,0.0,1.0,0.6044211139913356,0.1977894430043322,0.0,0.0,0.0,0.0,2.3201436221655254e-05,0.008236046726944451,13318.190931313009,-0.07714588691233093,-0.17400697272668553,-1.8392512860388983,
2019-05-31,69.81123352050781,153.51641845703125,1.0,1.0,0.8022105569956678,-0.1977894430043322,-0.029556312748011848,-0.008785983883791482,-0.021972611253700584,0.0,1.0,0.6044211139913356,0.1977894430043322,0.0,0.0,0.0,0.0,2.3201436221655254e-05,-0.02199581268992224,13025.246498219227,-0.0974448131239316,-0.20183307005326268,-2.1770070828700074,
2019-06-03,70.72030639648438,150.9186248779297,1.0,1.0,0.8022105569956678,-0.1977894430043322,0.013021870981688277,-0.016921926691695677,0.013793260828256507,0.0,1.0,0.6044211139913356,0.1977894430043322,0.0,0.0,0.0,0.0,2.3201436221655254e-05,0.013770059392034852,13204.6049160956,-0.08501657459605894,-0.18468735608921794,-1.8091691995137318,
2019-06-04,73.37239837646484,154.4679718017578,1.0,1.0,0.8022105569956678,-0.1977894430043322,0.037501138147109536,0.023518282960098613,0.025432140833868043,0.0,1.0,0.6044211139913356,0.1977894430043322,0.0,0.0,0.0,0.0,2.3201436221655254e-05,0.025408939397646386,13540.11992217854,-0.061767816190119174,-0.15360371295419317,-1.2713670803235277,
2019-06-05,73.78563690185547,157.37974548339844,1.0,1.0,0.8022105569956678,-0.1977894430043322,0.005632070567876957,0.018850339314207876,0.0007897083538956386,0.0,1.0,0.6044211139913356,0.1977894430043322,0.0,0.0,0.0,0.0,2.3201436221655254e-05,0.0007665069176739833,13550.498517765023,-0.06104865473084464,-0.1525918363396901,-1.2130358306368076,
2019-06-06,73.62783813476562,158.835693359375,1.0,1.0,0.8022105569956678,-0.1977894430043322,-0.0021386108965859574,0.00925117696374822,-0.003545401377341495,0.0,1.0,0.6044211139913356,0.1977894430043322,0.0,0.0,0.0,0.0,2.3201436221655254e-05,-0.00356860281356315,13502.142170629344,-0.064399399143371,-0.1570031800844358,-1.2376458991059327,
2019-06-07,73.8006591796875,161.8140411376953,1.0,1.0,0.8022105569956678,-0.1977894430043322,0.0023472242198059323,0.01875112397804468,-0.0018258063185583968,0.0,1.0,0.6044211139913356,0.1977894430043322,0.0,0.0,0.0,0.0,2.3201436221655254e-05,-0.001849007754780052,13477.176605049708,-0.0661293319097318,-0.1592390887651316,-1.2282956927793975,
2019-06-10,75.19808197021484,162.54678344726562,1.0,1.0,0.8022105569956678,-0.1977894430043322,0.01893509903651336,0.004528298684208565,0.014294286670342653,0.0,1.0,0.6044211139913356,0.1977894430043322,0.0,0.0,0.0,0.0,2.3201436221655254e-05,0.014271085234120998,13669.510541095673,-0.05280198400777014,-0.14159498417311678,-0.9276084947262142,
2019-06-11,75.13797760009766,162.0614776611328,1.0,1.0,0.8022105569956678,-0.1977894430043322,-0.0007992806271440722,-0.0029856375859338424,-5.066376196243905e-05,0.0,1.0,0.6044211139913356,0.1977894430043322,0.0,0.0,0.0,0.0,2.3201436221655254e-05,-7.386519818409431e-05,13668.500839990476,-0.05287194897694092,-0.14165735786637423,-0.899202955504305,
2019-06-12,75.43097686767578,163.2794647216797,1.0,1.0,0.8022105569956678,-0.1977894430043322,0.0038994830169309935,0.007515586542371722,0.0016417027669408013,0.0,1.0,0.6044211139913356,0.1977894430043322,0.0,0.0,0.0,0.0,2.3201436221655254e-05,0.0016185013307191461,13690.623326788935,-0.05133902096599874,-0.13961153895926692,-0.8395528260271626,
2019-06-13,76.64808654785156,161.14797973632812,1.0,1.0,0.8022105569956678,-0.1977894430043322,0.016135409227310937,-0.013054213455346741,0.015525981231786836,0.0,1.0,0.6044211139913356,0.1977894430043322,0.0,0.0,0.0,0.0,2.3201436221655254e-05,0.015502779795565181,13902.866045488172,-0.03663213870738935,-0.12036514075793536,-0.5255683646014893,
2019-06-14,76.34758758544922,161.4429168701172,1.0,1.0,0.8022105569956678,-0.1977894430043322,-0.003920501814676625,0.0018302254503694826,-0.0035070672168551944,0.0,1.0,0.6044211139913356,0.1977894430043322,0.0,0.0,0.0,0.0,2.3201436221655254e-05,-0.0035302686530768496,13853.785193299858,-0.040033086069492296,-0.12474418763425565,-0.5731754805633781,
2019-06-17,76.18229675292969,161.34780883789062,1.0,1.0,0.8022105569956678,-0.1977894430043322,-0.002164977804105961,-0.0005891124495915889,-0.0016202478268434624,0.0,1.0,0.6044211139913356,0.1977894430043322,0.0,0.0,0.0,0.0,2.3201436221655254e-05,-0.0016434492630651176,13831.017200233267,-0.041610742986758265,-0.12676622066223553,-0.5822247267185946,
2019-06-18,76.74577331542969,161.08135986328125,1.0,1.0,0.8022105569956678,-0.1977894430043322,0.007396423926774531,-0.001651395060946137,0.0062601178673585235,0.0,1.0,0.6044211139913356,0.1977894430043322,0.0,0.0,0.0,0.0,2.3201436221655254e-05,0.006236916431136868,13917.280098668738,-0.03563334928226747,-0.11898951900969035,-0.446905816701257,
2019-06-19,76.30250549316406,162.42306518554688,1.0,1.0,0.8022105569956678,-0.1977894430043322,-0.005775794589283345,0.008329364262906758,-0.006280863712702074,0.0,1.0,0.6044211139913356,0.1977894430043322,0.0,0.0,0.0,0.0,2.3201436221655254e-05,-0.0063040651489237294,13829.544658230912,-0.04171277947584129,-0.1268272031597233,-0.5490186276711074,
2019-06-20,77.68490600585938,165.3253631591797,1.0,1.0,0.8022105569956678,-0.1977894430043322,0.018117367231396564,0.017868755095326705,0.010999692140508204,0.0,1.0,0.6044211139913356,0.1977894430043322,0.0,0.0,0.0,0.0,2.3201436221655254e-05,0.01097649070428655,13981.344526616502,-0.03119414870772108,-0.11323874099652187,-0.3251932719497948,
2019-06-21,76.76078796386719,165.03988647460938,1.0,1.0,0.8022105569956678,-0.1977894430043322,-0.011895721955594407,-0.001726756736626367,-0.009201339482721676,0.0,1.0,0.6044211139913356,0.1977894430043322,0.0,0.0,0.0,0.0,2.3201436221655254e-05,-0.009224540918943331,13852.373041928882,-0.040130937925478505,-0.1247796738118927,-0.4823815621879912,
2019-06-24,74.92010498046875,165.4300537109375,1.0,1.0,0.8022105569956678,-0.1977894430043322,-0.02397946962536246,0.002364078433779948,-0.019704173441258604,0.0,1.0,0.6044211139913356,0.1977894430043322,0.0,0.0,0.0,0.0,2.3201436221655254e-05,-0.01972737487748026,13579.10208598805,-0.059066634746318014,-0.14963352007659902,-0.8362443330549288,
2019-06-25,72.97420501708984,162.98448181152344,1.0,1.0,0.8022105569956678,-0.1977894430043322,-0.0259730010240401,-0.014783117363229015,-0.01791187106920352,0.0,1.0,0.6044211139913356,0.1977894430043322,0.0,0.0,0.0,0.0,2.3201436221655254e-05,-0.017935072505425177,13335.559905517284,-0.07594234287491641,-0.17227770720094404,-1.1472093956749907,
2019-06-26,75.1079330444336,162.77516174316406,1.0,1.0,0.8022105569956678,-0.1977894430043322,0.02923948300422108,-0.0012842944679938295,0.0237102418345596,0.0,1.0,0.6044211139913356,0.1977894430043322,0.0,0.0,0.0,0.0,2.3201436221655254e-05,0.023687040398337942,13651.439851733729,-0.05405415182020101,-0.14314069029749343,-0.6708796716977503,
2019-06-27,76.40767669677734,162.93692016601562,1.0,1.0,0.8022105569956678,-0.1977894430043322,0.017305011596775444,0.0009937537221238468,0.013685708996683362,0.0,1.0,0.6044211139913356,0.1977894430043322,0.0,0.0,0.0,0.0,2.3201436221655254e-05,0.013662507560461707,13837.952751919229,-0.041130159517657194,-0.12622859892773208,-0.37994171701471047,
2019-06-28,77.58723449707031,165.14450073242188,1.0,1.0,0.8022105569956678,-0.1977894430043322,0.015437687039929537,0.013548682300837278,0.009704489193301417,0.0,1.0,0.6044211139913356,0.1977894430043322,0.0,0.0,0.0,0.0,2.3201436221655254e-05,0.009681287757079762,13971.921954479434,-0.03184706467036236,-0.11422693571070774,-0.16065850947155488,
2019-07-01,77.36181640625,165.51560974121094,1.0,1.0,0.8022105569956678,-0.1977894430043322,-0.0029053502458425973,0.0022471775151045037,-0.002775170628029269,0.0,1.0,0.6044211139913356,0.1977894430043322,0.0,0.0,0.0,0.0,2.3201436221655254e-05,-0.0027983720642509244,13932.823318398125,-0.034556316798511344,-0.11768994710765401,-0.19021792932869347,
2019-07-02,76.63307189941406,166.79074096679688,1.0,1.0,0.8022105569956678,-0.1977894430043322,-0.009419950832191937,0.0077039937657823465,-0.009080552639807435,0.0,1.0,0.6044211139913356,0.1977894430043322,0.0,0.0,0.0,0.0,2.3201436221655254e-05,-0.00910375407602909,13805.982321322665,-0.04334547866463345,-0.1290467291363835,-0.3541823644665899,
2019-07-03,77.53463745117188,168.30374145507812,1.0,1.0,0.8022105569956678,-0.1977894430043322,0.0117647058823529,0.00907124987580965,0.00764357379848302,0.0,1.0,0.6044211139913356,0.1977894430043322,0.0,0.0,0.0,0.0,2.3201436221655254e-05,0.007620372362261364,13911.189047437942,-0.036055414990016965,-0.11957717283061742,-0.161092071243622,
2019-07-05,76.94862365722656,168.10394287109375,1.0,1.0,0.8022105569956678,-0.1977894430043322,-0.007558090334972678,-0.001187130970809136,-0.005828377883952475,0.0,1.0,0.6044211139913356,0.1977894430043322,0.0,0.0,0.0,0.0,2.3201436221655254e-05,-0.00585157932017413,13829.786621288922,-0.04169601318945515,-0.126871102701841,-0.2634630009937018,
2019-07-08,76.57296752929688,167.65673828125,1.0,1.0,0.8022105569956678,-0.1977894430043322,-0.004881908344495867,-0.002660286143238655,-0.003390141897736511,0.0,1.0,0.6044211139913356,0.1977894430043322,0.0,0.0,0.0,0.0,2.3201436221655254e-05,-0.0034133433339581663,13782.580811315082,-0.04496703371474042,-0.13110818424484028,-0.31335320359527147,
2019-07-09,76.43022918701172,169.1221160888672,1.0,1.0,0.8022105569956678,-0.1977894430043322,-0.0018640826768342444,0.00874034543818314,-0.0032241348583528736,0.0,1.0,0.6044211139913356,0.1977894430043322,0.0,0.0,0.0,0.0,2.3201436221655254e-05,-0.003247336294574529,13737.824136413592,-0.04806834692867379,-0.13511962380358566,-0.3610509527642232,
2019-07-10,76.34758758544922,170.62557983398438,1.0,1.0,0.8022105569956678,-0.1977894430043322,-0.0010812685300247704,0.008889811574538165,-0.002625715909474427,0.0,1.0,0.6044211139913356,0.1977894430043322,0.0,0.0,0.0,0.0,2.3201436221655254e-05,-0.002648917345696082,13701.433775766525,-0.05058993519641142,-0.13838362433314955,-0.39716490406517807,
2019-07-11,77.63229370117188,171.98635864257812,1.0,1.0,0.8022105569956678,-0.1977894430043322,0.016827068887864893,0.007975233314475805,0.011921435350038805,0.0,1.0,0.6044211139913356,0.1977894430043322,0.0,0.0,0.0,0.0,2.3201436221655254e-05,0.01189823391381715,13864.45663978527,-0.03929363216524595,-0.12365510040675343,-0.059368537338204914,
2019-07-12,79.57069396972656,171.59620666503906,0.0,1.0,0.8022105569956678,-0.1977894430043322,0.02496899390885088,-0.0022685053664627253,0.0204790769241257,0.0,1.0,0.6044211139913356,0.1977894430043322,0.0,0.0,0.0,0.0,2.3201436221655254e-05,0.020455875487904042,14148.066238516161,-0.019641542324381867,-0.09843279023030793,0.5408926132327018,Exit Long Spread
2019-07-15,79.48052215576172,171.82456970214844,0.0,0.0,0.0,-0.0,-0.0011332289498335868,0.001330816348144248,-0.0,0.0,0.0,0.0,0.0,0.8022105569956678,0.1977894430043322,1.0,0.001,0.0,-0.001,14133.918172277647,-0.02062190078205728,-0.09989456374930339,0.5818593592711565,
2019-07-16,79.34529113769531,170.62557983398438,0.0,0.0,0.0,-0.0,-0.001701435954351016,-0.006977988481172814,0.0,0.0,0.0,0.0,0.0,0.0,0.0,0.0,0.0,0.0,0.0,14133.918172277647,-0.02062190078205728,-0.09987095644203392,0.6683183964766869,
2019-07-17,76.80587768554688,170.4733123779297,0.0,0.0,0.0,-0.0,-0.03200458925459804,-0.0008924069661937484,0.0,0.0,0.0,0.0,0.0,0.0,0.0,0.0,0.0,0.0,0.0,14133.918172277647,-0.02062190078205728,-0.13217876302287923,-0.12472198291116317,
2019-07-18,77.2341079711914,171.7864990234375,0.0,0.0,0.0,-0.0,0.005575488472350454,0.007703180205688387,0.0,0.0,0.0,0.0,0.0,0.0,0.0,0.0,0.0,0.0,0.0,14133.918172277647,-0.02062190078205728,-0.1285107438475641,0.037683978254892746,
2019-07-19,77.6172866821289,170.55897521972656,0.0,0.0,0.0,-0.0,0.0049612628539768,-0.007145636069709194,0.0,0.0,0.0,0.0,0.0,0.0,0.0,0.0,0.0,0.0,0.0,14133.918172277647,-0.02062190078205728,-0.12179362674468952,0.36014537814774517,
2019-07-22,78.1431884765625,171.82456970214844,0.0,0.0,0.0,-0.0,0.006775575608399587,0.00742027489782604,0.0,0.0,0.0,0.0,0.0,0.0,0.0,0.0,0.0,0.0,0.0,14133.918172277647,-0.02062190078205728,-0.11686365760114392,0.5688006430150518,
2019-07-23,79.08984375,172.13856506347656,0.0,0.0,0.0,-0.0,0.012114367123903902,0.0018274182899011837,0.0,0.0,0.0,0.0,0.0,0.0,0.0,0.0,0.0,0.0,0.0,14133.918172277647,-0.02062190078205728,-0.10527223102035155,1.0040308093325696,
2019-07-24,85.94174194335938,174.4508514404297,-1.0,0.0,0.0,-0.0,0.08663436249814782,0.013432703915595257,0.0,0.0,0.0,0.0,0.0,0.0,0.0,0.0,0.0,0.0,0.0,14133.918172277647,-0.02062190078205728,-0.02547691312282474,3.545525985973086,Enter Short Spread
2019-07-25,88.84178161621094,172.79515075683594,0.0,-1.0,-0.8022105569956678,0.1977894430043322,0.03374425055013264,-0.009490929221168787,-0.02894719963347179,0.0,1.0,-0.6044211139913356,0.8022105569956678,0.8022105569956678,0.1977894430043322,1.0,0.001,9.410227761279378e-05,-0.030041301911084582,13709.31686927769,-0.050043693945767576,0.010061708836785144,4.070078869492157,Stop Short Spread
2019-07-26,90.59232330322266,174.79347229003906,-1.0,0.0,0.0,-0.0,0.01970403626723649,0.011564685261423957,0.0,0.0,0.0,0.0,0.0,0.8022105569956678,0.1977894430043322,1.0,0.001,0.0,-0.001,13695.607552408414,-0.05099365025182179,0.02673915787476222,3.9066761802937937,Enter Short Spread
2019-07-29,89.2174301147461,174.33670043945312,-1.0,-1.0,-0.8022105569956678,0.1977894430043322,-0.015176707455383798,-0.0026132088607291326,0.011658049816126139,0.0,1.0,-0.6044211139913356,0.8022105569956678,0.8022105569956678,0.1977894430043322,1.0,0.001,9.410227761279378e-05,0.010563947538513344,13840.287232100121,-0.04096839695936605,0.01209124993112276,3.2095430558278646,
2019-07-30,90.01380920410156,172.7380828857422,-1.0,-1.0,-0.8022105569956678,0.1977894430043322,0.008926272459666373,-0.009169713259923329,-0.008974422479953725,0.0,1.0,-0.6044211139913356,0.8022105569956678,0.0,0.0,0.0,0.0,9.410227761279378e-05,-0.00906852475756652,13714.77624468399,-0.049665398794828786,0.02324919161406247,3.165312193512594,
2019-07-31,89.75836181640625,169.37901306152344,-1.0,-1.0,-0.8022105569956678,0.1977894430043322,-0.002837868877608507,-0.019446029318506475,-0.0015696509345663181,0.0,1.0,-0.6044211139913356,0.8022105569956678,0.0,0.0,0.0,0.0,9.410227761279378e-05,-0.001663753212179112,13691.958241652579,-0.051246521040228865,0.0252490448166538,2.935940425015076,
2019-08-01,87.88761901855469,170.49234008789062,-1.0,-1.0,-0.8022105569956678,0.1977894430043322,-0.020841989091534674,0.006572992758924645,0.018019732254676877,0.0,1.0,-0.6044211139913356,0.8022105569956678,0.0,0.0,0.0,0.0,9.410227761279378e-05,0.017925629977064084,13937.395218753856,-0.03423951723694374,0.002571490889302419,2.330908852481387,
2019-08-02,88.05289459228516,168.82711791992188,-1.0,-1.0,-0.8022105569956678,0.1977894430043322,0.001880533066842771,-0.009767137732465292,-0.003440420210851617,0.0,1.0,-0.6044211139913356,0.8022105569956678,0.0,0.0,0.0,0.0,9.410227761279378e-05,-0.003534522488464411,13888.133181922554,-0.03765301938174004,0.006870237181984651,2.267153615357983,
2019-08-05,86.28732299804688,160.68173217773438,-1.0,-1.0,-0.8022105569956678,0.1977894430043322,-0.020051261260785047,-0.048246903948517494,0.006542605205819237,0.0,1.0,-0.6044211139913356,0.8022105569956678,0.0,0.0,0.0,0.0,9.410227761279378e-05,0.006448502928206443,13977.690849413504,-0.031447322059272476,-0.001192699375946349,2.010778049339305,
2019-08-06,86.40003204345703,164.12637329101562,-1.0,-1.0,-0.8022105569956678,0.1977894430043322,0.0013062063057942552,0.021437664796089217,0.003192291291209605,0.0,1.0,-0.6044211139913356,0.8022105569956678,0.0,0.0,0.0,0.0,9.410227761279378e-05,0.003098189013596811,14020.99637763861,-0.028446562793386643,-0.005117061774923659,1.850504044211817,
2019-08-07,86.70807647705078,166.828857421875,-1.0,-1.0,-0.8022105569956678,0.1977894430043322,0.003565327770235216,0.016465873684222254,0.00039663240814949647,0.0,1.0,-0.6044211139913356,0.8022105569956678,0.0,0.0,0.0,0.0,9.410227761279378e-05,0.00030253013053670267,14025.23815150299,-0.028152638605205338,-0.0055847655534895235,1.7595575079982955,
2019-08-08,88.31586456298828,171.18701171875,-1.0,-1.0,-0.8022105569956678,0.1977894430043322,0.01854254126330468,0.026123503836354534,-0.0097080690818367,0.0,1.0,-0.6044211139913356,0.8022105569956678,0.0,0.0,0.0,0.0,9.410227761279378e-05,-0.009802171359449495,13887.76036378487,-0.03767885297682583,0.006429756978842516,1.8641408841210425,
2019-08-09,86.96350860595703,170.378173828125,-1.0,-1.0,-0.8022105569956678,0.1977894430043322,-0.015312718317632812,-0.00472487884743189,0.011349493135209478,0.0,1.0,-0.6044211139913356,0.8022105569956678,0.0,0.0,0.0,0.0,9.410227761279378e-05,0.011255390857596683,14044.072534815909,-0.02684755233654923,-0.007833705979838568,1.5704085921550064,
2019-08-12,86.31739044189453,167.7994384765625,-1.0,-1.0,-0.8022105569956678,0.1977894430043322,-0.007429761913012811,-0.01513536208084898,0.0029666186069431956,0.0,1.0,-0.6044211139913356,0.8022105569956678,0.0,0.0,0.0,0.0,9.410227761279378e-05,0.002872516329330402,14084.414362502466,-0.024052156039708228,-0.011530970350190461,1.4557532432705977,
2019-08-13,87.02362060546875,169.95950317382812,-1.0,-1.0,-0.8022105569956678,0.1977894430043322,0.008181783067800596,0.012872895862326317,-0.0040173898495757445,0.0,1.0,-0.6044211139913356,0.8022105569956678,0.0,0.0,0.0,0.0,9.410227761279378e-05,-0.004111492127188538,14026.506403734977,-0.028064757916697602,-0.006536105284869587,1.4743985583990755,
2019-08-14,85.67877960205078,165.1064910888672,-1.0,-1.0,-0.8022105569956678,0.1977894430043322,-0.015453746857016615,-0.0285539319328173,0.006749492581261801,0.0,1.0,-0.6044211139913356,0.8022105569956678,0.0,0.0,0.0,0.0,9.410227761279378e-05,0.006655390303649008,14119.858278448468,-0.021596149530761388,-0.014967909370868782,1.2984945254700675,
2019-08-15,85.5736083984375,167.974853515625,-1.0,-1.0,-0.8022105569956678,0.1977894430043322,-0.0012275058550292872,0.017372802291667266,0.004420875044371743,0.0,1.0,-0.6044211139913356,0.8022105569956678,0.0,0.0,0.0,0.0,9.410227761279378e-05,0.004326772766758949,14180.951696718153,-0.01736281839565912,-0.020442747976265885,1.1755953362092946,
2019-08-16,87.36176300048828,169.8425750732422,-1.0,-1.0,-0.8022105569956678,0.1977894430043322,0.02089609910715695,0.01111905454016937,-0.014563839699554163,0.0,1.0,-0.6044211139913356,0.8022105569956678,0.0,0.0,0.0,0.0,9.410227761279378e-05,-0.014657941977166957,13973.088129566651,-0.03176625718822235,-0.0024883129248369773,1.3907630705864142,
2019-08-19,88.4906997680664,171.28155517578125,-1.0,-1.0,-0.8022105569956678,0.1977894430043322,0.012922550195922922,0.008472434558405073,-0.008690848078278208,0.0,1.0,-0.6044211139913356,0.8022105569956678,0.0,0.0,0.0,0.0,9.410227761279378e-05,-0.008784950355891002,13850.335244029919,-0.0402721425517224,0.008271327487441082,1.4917349902852142,
2019-08-20,87.16475677490234,170.8050994873047,-1.0,-1.0,-0.8022105569956678,0.1977894430043322,-0.01498398132955614,-0.0027817104298685225,0.011470115051872882,0.0,1.0,-0.6044211139913356,0.8022105569956678,0.0,0.0,0.0,0.0,9.410227761279378e-05,0.011376012774260088,14007.896834693789,-0.02935426618557746,-0.006139246091594774,1.2381710539697115,
2019-08-21,87.8390884399414,172.42506408691406,-1.0,-1.0,-0.8022105569956678,0.1977894430043322,0.007736288036465089,0.009484287087867527,-0.004330240074409082,0.0,1.0,-0.6044211139913356,0.8022105569956678,0.0,0.0,0.0,0.0,9.410227761279378e-05,-0.004424342352021876,13945.921103465302,-0.033648735214501846,-0.0007601136152919352,1.2766026911371606,
2019-08-22,87.30115509033203,171.61509704589844,-1.0,-1.0,-0.8022105569956678,0.1977894430043322,-0.006124077095553848,-0.004697501754195921,0.003983683042434379,0.0,1.0,-0.6044211139913356,0.8022105569956678,0.0,0.0,0.0,0.0,9.410227761279378e-05,0.003889580764821585,14000.164889937061,-0.029890033922930992,-0.005742095924109902,1.166353560333598,
2019-08-23,84.31584930419922,166.9838104248047,-1.0,-1.0,-0.8022105569956678,0.1977894430043322,-0.03419549011744305,-0.026986475553809286,0.022094343205415874,0.0,1.0,-0.6044211139913356,0.8022105569956678,0.0,0.0,0.0,0.0,9.410227761279378e-05,0.02200024092780308,14308.171890544645,-0.008547380942772742,-0.03379083920259607,0.725208814635795,
2019-08-26,86.64952850341797,169.2327423095703,-1.0,-1.0,-0.8022105569956678,0.1977894430043322,0.027677823546545577,0.013467963625002799,-0.019539621219910226,0.0,1.0,-0.6044211139913356,0.8022105569956678,0.0,0.0,0.0,0.0,9.410227761279378e-05,-0.019633723497523018,14027.24919989066,-0.02801328752623733,-0.009787561215819585,1.0546093755550523,
2019-08-27,86.4752426147461,169.985595703125,-1.0,-1.0,-0.8022105569956678,0.1977894430043322,-0.0020113887713191225,0.004448627276733008,0.002493448817773646,0.0,1.0,-0.6044211139913356,0.8022105569956678,0.0,0.0,0.0,0.0,9.410227761279378e-05,0.0023993465401608524,14060.905431726394,-0.025681154570580955,-0.012895376678074166,0.9775655037954782,
2019-08-28,88.14216613769531,170.2619171142578,-1.0,-1.0,-0.8022105569956678,0.1977894430043322,0.019276309294389504,0.001625557800882138,-0.015142140643865147,0.0,1.0,-0.6044211139913356,0.8022105569956678,0.0,0.0,0.0,0.0,9.410227761279378e-05,-0.015236242921477941,13846.67006087268,-0.04052611318251764,0.005797033259980822,1.2238578851651556,
2019-08-29,89.6878662109375,172.6442413330078,-1.0,-1.0,-0.8022105569956678,0.1977894430043322,0.017536443009892766,0.013992114379584253,-0.011300427205097984,0.0,1.0,-0.6044211139913356,0.8022105569956678,0.0,0.0,0.0,0.0,9.410227761279378e-05,-0.011394529482710778,13688.893770626697,-0.05145886667375055,0.019755566538592895,1.389102437244537,
2019-08-30,89.90758514404297,172.3107147216797,-1.0,-1.0,-0.8022105569956678,0.1977894430043322,0.0024498178224992007,-0.0019318722058315752,-0.0023473736474719756,0.0,1.0,-0.6044211139913356,0.8022105569956678,0.0,0.0,0.0,0.0,9.410227761279378e-05,-0.0024414759250847694,13655.47266604467,-0.0537747070147192,0.022679162892482507,1.3859257391418593,
2019-09-03,88.89985656738281,170.76690673828125,-1.0,-1.0,-0.8022105569956678,0.1977894430043322,-0.011208493421835941,-0.008959442747898949,0.0072194885602771515,0.0,1.0,-0.6044211139913356,0.8022105569956678,0.0,0.0,0.0,0.0,9.410227761279378e-05,0.007125386282664358,13752.773183662603,-0.04703248629177181,0.013626336250526894,1.2084063223256862,
2019-09-04,90.52131652832033,173.21604919433594,-1.0,-1.0,-0.8022105569956678,0.1977894430043322,0.01823917409482556,0.014342020376396869,-0.011794957787946647,0.0,1.0,-0.6044211139913356,0.8022105569956678,0.0,0.0,0.0,0.0,9.410227761279378e-05,-0.011889060065559441,13589.265637214023,-0.0583623743027758,0.028190185107086707,1.3826433498701167,
2019-09-05,91.83211517333984,176.03675842285156,-1.0,-1.0,-0.8022105569956678,0.1977894430043322,0.014480552153805837,0.016284341096771016,-0.008395581053686502,0.0,1.0,-0.6044211139913356,0.8022105569956678,0.0,0.0,0.0,0.0,9.410227761279378e-05,-0.008489683331299297,13473.897075249168,-0.06635657955778185,0.03858424124521642,1.4863703081748114,
2019-09-06,90.98350524902344,176.99920654296875,-1.0,-1.0,-0.8022105569956678,0.1977894430043322,-0.00924088400571621,0.005467313353983316,0.008494511568372467,0.0,1.0,-0.6044211139913356,0.8022105569956678,0.0,0.0,0.0,0.0,9.410227761279378e-05,0.008400409290759673,13587.083325422831,-0.05851359269444234,0.027956070678045508,1.2805867565687898,
2019-09-09,92.1806640625,173.00636291503906,-1.0,-1.0,-0.8022105569956678,0.1977894430043322,0.01315797638483951,-0.022558539701478142,-0.015017308567164423,0.0,1.0,-0.6044211139913356,0.8022105569956678,0.0,0.0,0.0,0.0,9.410227761279378e-05,-0.015111410844777217,13381.763327110146,-0.07274078060000977,0.046653859635522155,1.5051100707502874,
2019-09-10,92.7413558959961,168.05108642578125,-1.0,-1.0,-0.8022105569956678,0.1977894430043322,0.006082531940927893,-0.02864216324628055,-0.010544588851196692,0.0,1.0,-0.6044211139913356,0.8022105569956678,0.0,0.0,0.0,0.0,9.410227761279378e-05,-0.010638691128809486,13239.398880314191,-0.08260560503154724,0.05988295856964321,1.6355996856886825,
2019-09-11,93.08231353759766,166.7455596923828,-1.0,-1.0,-0.8022105569956678,0.1977894430043322,0.0036764358069545366,-0.007768630130070675,-0.004485828642789168,0.0,1.0,-0.6044211139913356,0.8022105569956678,0.0,0.0,0.0,0.0,9.410227761279378e-05,-0.0045799309204019615,13178.763348014703,-0.08680720798726682,0.06547553023551145,1.6500122128333246,
2019-09-12,92.8625946044922,169.6043701171875,-1.0,-1.0,-0.8022105569956678,0.1977894430043322,-0.002360479931740267,0.01714474694305923,0.005284651869136368,0.0,1.0,-0.6044211139913356,0.8022105569956678,0.0,0.0,0.0,0.0,9.410227761279378e-05,0.005190549591523575,13247.168372727529,-0.08206723551370276,0.05892095556969568,1.495779283784401,
2019-09-13,92.94593048095705,168.92776489257812,-1.0,-1.0,-0.8022105569956678,0.1977894430043322,0.0008974105970200874,-0.003989314804458632,-0.0015089566080321085,0.0,1.0,-0.6044211139913356,0.8022105569956678,0.0,0.0,0.0,0.0,9.410227761279378e-05,-0.0016030588856449023,13225.932381757995,-0.083538735788237,0.06080351848420196,1.468417671830849,
2019-09-16,92.8701629638672,167.82237243652344,-1.0,-1.0,-0.8022105569956678,0.1977894430043322,-0.0008151784236036796,-0.0065435806645379735,-0.0006403064376429255,0.0,1.0,-0.6044211139913356,0.8022105569956678,0.0,0.0,0.0,0.0,9.410227761279378e-05,-0.0007344087152557192,13216.219141749449,-0.0842117929278684,0.061606665274641204,1.4261050467665963,
2019-09-17,92.73377990722656,168.14637756347656,-1.0,-1.0,-0.8022105569956678,0.1977894430043322,-0.0014685346971309299,0.0019306432286056996,0.0015599348861788747,0.0,1.0,-0.6044211139913356,0.8022105569956678,0.0,0.0,0.0,0.0,9.410227761279378e-05,0.0014658326085660808,13235.59190672938,-0.08286940071140192,0.05966149938656984,1.3509112071021168,
2019-09-18,91.71088409423828,167.0409393310547,-1.0,-1.0,-0.8022105569956678,0.1977894430043322,-0.011030455288370766,-0.0065742613575160425,0.007548428188731718,0.0,1.0,-0.6044211139913356,0.8022105569956678,0.0,0.0,0.0,0.0,9.410227761279378e-05,0.007454325911118925,13334.254322428707,-0.07603281032124498,0.05019602961980718,1.181630641868622,
2019-09-19,90.25613403320312,167.67945861816406,-1.0,-1.0,-0.8022105569956678,0.1977894430043322,-0.01586234911376838,0.00382253170789415,0.013481000335186653,0.0,1.0,-0.6044211139913356,0.8022105569956678,0.0,0.0,0.0,0.0,9.410227761279378e-05,0.013386898057573858,13512.758625716822,-0.06366375574447258,0.03326585744243382,0.9143383776710979,
2019-09-20,91.45327758789062,165.86883544921875,-1.0,-1.0,-0.8022105569956678,0.1977894430043322,0.013263847022819464,-0.010798121510330105,-0.012776152547102623,0.0,1.0,-0.6044211139913356,0.8022105569956678,0.0,0.0,0.0,0.0,9.410227761279378e-05,-0.012870254824715417,13338.845978818976,-0.07571464180965815,0.04911932475232872,1.1179566613971086,
2019-09-23,90.2031021118164,166.6788330078125,-1.0,-1.0,-0.8022105569956678,0.1977894430043322,-0.01367010028561022,0.004883361943188724,0.011932176203037863,0.0,1.0,-0.6044211139913356,0.8022105569956678,0.0,0.0,0.0,0.0,9.410227761279378e-05,0.01183807392542507,13496.752223596095,-0.06477288341121279,0.034153838742123854,0.8642658592764556,
2019-09-24,89.3999252319336,166.26907348632812,-1.0,-1.0,-0.8022105569956678,0.1977894430043322,-0.008904093773706268,-0.002458377672137746,0.0066567168752801505,0.0,1.0,-0.6044211139913356,0.8022105569956678,0.0,0.0,0.0,0.0,9.410227761279378e-05,0.006562614597667357,13585.326206759766,-0.05863534828375283,0.025816739487370288,0.710389630852168,
2019-09-25,90.2031021118164,167.0314178466797,-1.0,-1.0,-0.8022105569956678,0.1977894430043322,0.00898408894413616,0.004585003959947098,-0.006300265616563496,0.0,1.0,-0.6044211139913356,0.8022105569956678,0.0,0.0,0.0,0.0,9.410227761279378e-05,-0.006394367894176289,13498.45663303135,-0.06465478018939963,0.033632837236870605,0.8033970103083977,
2019-09-26,89.74848175048828,167.3839874267578,-1.0,-1.0,-0.8022105569956678,0.1977894430043322,-0.005039963711719997,0.002110797984135937,0.004460605653993766,0.0,1.0,-0.6044211139913356,0.8022105569956678,0.0,0.0,0.0,0.0,9.410227761279378e-05,0.004366503376380972,13557.397689495412,-0.060570592129014944,0.028060249660967873,0.6904123119078671,
2019-09-27,90.1273193359375,165.81167602539062,-1.0,-1.0,-0.8022105569956678,0.1977894430043322,0.004221102998738457,-0.009393439752145794,-0.00524413660422573,0.0,1.0,-0.6044211139913356,0.8022105569956678,0.0,0.0,0.0,0.0,9.410227761279378e-05,-0.005338238881838524,13485.0250620128,-0.0655854907208544,0.0345994194677981,0.7687020352257496,
2019-09-30,90.7865219116211,163.91531372070312,-1.0,-1.0,-0.8022105569956678,0.1977894430043322,0.007314126066775728,-0.011436844196648144,-0.008129556189347055,0.0,1.0,-0.6044211139913356,0.8022105569956678,0.0,0.0,0.0,0.0,9.410227761279378e-05,-0.00822365846695985,13374.128821484415,-0.07326979651173782,0.044722993040058556,0.9083757691865735,
2019-10-01,87.7481689453125,166.0880126953125,-1.0,-1.0,-0.8022105569956678,0.1977894430043322,-0.03346700481891318,0.013255009097633552,0.02946928544319534,0.0,1.0,-0.6044211139913356,0.8022105569956678,0.0,0.0,0.0,0.0,9.410227761279378e-05,0.029375183165582547,13766.996305295617,-0.04604692703919244,0.007436525067768818,0.25536033442676226,
2019-10-02,87.3163070678711,161.8379364013672,-1.0,-1.0,-0.8022105569956678,0.1977894430043322,-0.0049216055745910925,-0.025589301870581393,-0.0011131298145463063,0.0,1.0,-0.6044211139913356,0.8022105569956678,0.0,0.0,0.0,0.0,9.410227761279378e-05,-0.0012072320921591002,13750.376345543229,-0.04719856980328452,0.008894080095814827,0.24949583745097015,
2019-10-03,87.81637573242188,164.73486328125,-1.0,-1.0,-0.8022105569956678,0.1977894430043322,0.005727093613362211,0.017900171889848382,-0.0010538699297667144,0.0,1.0,-0.6044211139913356,0.8022105569956678,0.0,0.0,0.0,0.0,9.410227761279378e-05,-0.0011479722073795082,13734.591295657538,-0.04829235936430176,0.010230485075463314,0.24096675551609142,
2019-10-04,89.02108764648438,167.69850158691406,-1.0,-1.0,-0.8022105569956678,0.1977894430043322,0.01371853374743326,0.017990352780420826,-0.007446850742801427,0.0,1.0,-0.6044211139913356,0.8022105569956678,0.0,0.0,0.0,0.0,9.410227761279378e-05,-0.00754095302041422,13631.019387942393,-0.055469141971504876,0.019459577775429837,0.3887701432090987,
2019-10-07,87.56633758544922,166.6692657470703,-1.0,-1.0,-0.8022105569956678,0.1977894430043322,-0.016341634319411824,-0.00613741822439795,0.011895515037506571,0.0,1.0,-0.6044211139913356,0.8022105569956678,0.0,0.0,0.0,0.0,9.410227761279378e-05,0.011801412759893777,13791.884674077617,-0.044322343451453916,0.004500823271702092,0.05825547635571525,
2019-10-08,85.42205810546875,164.3059539794922,0.0,-1.0,-0.8022105569956678,0.1977894430043322,-0.024487486163139227,-0.014179649481174117,0.01683953494147753,0.0,1.0,-0.6044211139913356,0.8022105569956678,0.0,0.0,0.0,0.0,9.410227761279378e-05,0.01674543266386474,14022.835750195172,-0.02831910760536016,-0.016770373357622104,-0.42439971192429776,Exit Short Spread
2019-10-09,86.27067565917969,166.6502685546875,0.0,0.0,0.0,-0.0,0.009934407722454575,0.014267983103569915,0.0,0.0,0.0,0.0,0.0,0.8022105569956678,0.1977894430043322,1.0,0.001,0.0,-0.001,14008.812914444978,-0.029290788497754683,-0.010377977368738467,-0.3332154199893957,
2019-10-10,87.34658813476562,166.6502685546875,0.0,0.0,0.0,-0.0,0.012471357936692629,0.0,0.0,0.0,0.0,0.0,0.0,0.0,0.0,0.0,0.0,0.0,0.0,14008.812914444978,-0.029290788497754683,0.0020162537721044593,-0.11606165114803378,
2019-10-11,87.90729522705078,168.7276611328125,0.0,0.0,0.0,-0.0,0.006419335938114168,0.012465581940801274,0.0,0.0,0.0,0.0,0.0,0.0,0.0,0.0,0.0,0.0,0.0,14008.812914444978,-0.029290788497754683,0.005360613958168559,-0.09847671041473344,
2019-10-14,87.79363250732422,169.01351928710938,0.0,0.0,0.0,-0.0,-0.001292983926225788,0.0016941985230973788,-0.0,0.0,0.0,0.0,0.0,0.0,0.0,0.0,0.0,0.0,0.0,14008.812914444978,-0.029290788497754683,0.003649432851044132,-0.2257908331435904,
2019-10-15,88.25582885742188,170.338134765625,0.0,0.0,0.0,-0.0,0.005264577132733317,0.007837334457638567,0.0,0.0,0.0,0.0,0.0,0.0,0.0,0.0,0.0,0.0,0.0,14008.812914444978,-0.029290788497754683,0.006975395308918886,-0.2171443126754437,
2019-10-16,89.02867889404297,169.4995574951172,0.0,0.0,0.0,-0.0,0.008756929107420763,-0.004923015457822477,0.0,0.0,0.0,0.0,0.0,0.0,0.0,0.0,0.0,0.0,0.0,14008.812914444978,-0.029290788497754683,0.016910999151349637,0.07072180638663748,
2019-10-17,89.70301055908203,169.5662384033203,0.0,0.0,0.0,-0.0,0.0075743195722539625,0.00039339871553978334,0.0,0.0,0.0,0.0,0.0,0.0,0.0,0.0,0.0,0.0,0.0,14008.812914444978,-0.029290788497754683,0.024359802042200007,0.35448751825504,
2019-10-18,88.91500854492188,167.4412078857422,0.0,0.0,0.0,-0.0,-0.00878456597218824,-0.012532155796979194,0.0,0.0,0.0,0.0,0.0,0.0,0.0,0.0,0.0,0.0,0.0,14008.812914444978,-0.029290788497754683,0.01864582120266145,0.10491509799017149,
2019-10-21,89.80150604248047,168.12730407714844,0.0,0.0,0.0,-0.0,0.009970167152497211,0.004097534890422194,0.0,0.0,0.0,0.0,0.0,0.0,0.0,0.0,0.0,0.0,0.0,14008.812914444978,-0.029290788497754683,0.02755840846233837,0.4842188336364552,
2019-10-22,87.96790313720703,162.81942749023438,0.0,0.0,0.0,-0.0,-0.020418398154770978,-0.031570580495827394,0.0,0.0,0.0,0.0,0.0,0.0,0.0,0.0,0.0,0.0,0.0,14008.812914444978,-0.029290788497754683,0.014838094089975273,-0.059971584550724065,
2019-10-23,87.24810028076172,163.25782775878906,0.0,0.0,0.0,-0.0,-0.008182562398044269,0.0026925550305167967,-0.0,0.0,0.0,0.0,0.0,0.0,0.0,0.0,0.0,0.0,0.0,14008.812914444978,-0.029290788497754683,0.0059588986130227894,-0.42592892044088926,
2019-10-24,86.38433837890625,167.87005615234375,0.0,0.0,0.0,-0.0,-0.009900065434959693,0.028251192955777826,-0.0,0.0,0.0,0.0,0.0,0.0,0.0,0.0,0.0,0.0,0.0,14008.812914444978,-0.029290788497754683,-0.010859409025282929,-1.10662196942533,
2019-10-25,87.67997741699219,169.48049926757812,0.0,0.0,0.0,-0.0,0.01499854096703146,0.009593391174974597,0.0,0.0,0.0,0.0,0.0,0.0,0.0,0.0,0.0,0.0,0.0,14008.812914444978,-0.029290788497754683,0.0016737360204146512,-0.5767033331991859,
2019-10-28,88.0815658569336,171.3768310546875,0.0,0.0,0.0,-0.0,0.00458016130674288,0.01118908544230468,0.0,0.0,0.0,0.0,0.0,0.0,0.0,0.0,0.0,0.0,0.0,14008.812914444978,-0.029290788497754683,0.0035000291668982886,-0.4967606728473519,
2019-10-29,88.58163452148438,169.2708740234375,0.0,0.0,0.0,-0.0,0.005677336224505947,-0.01228845823726299,0.0,0.0,0.0,0.0,0.0,0.0,0.0,0.0,0.0,0.0,0.0,14008.812914444978,-0.029290788497754683,0.012209866930113389,-0.13954401499760016,
2019-10-30,88.55890655517578,170.81460571289062,0.0,0.0,0.0,-0.0,-0.0002565765063081704,0.009119889634641831,-0.0,0.0,0.0,0.0,0.0,0.0,0.0,0.0,0.0,0.0,0.0,14008.812914444978,-0.029290788497754683,0.009714889738384525,-0.257125302268923,
2019-10-31,87.26323699951172,170.4429473876953,0.0,0.0,0.0,-0.0,-0.014630595679913982,-0.0021757994501946376,0.0,0.0,0.0,0.0,0.0,0.0,0.0,0.0,0.0,0.0,0.0,14008.812914444978,-0.029290788497754683,-0.004486748783371741,-0.8631452497852745,
2019-11-01,90.5516128540039,172.41552734375,0.0,0.0,0.0,-0.0,0.037683404461727577,0.011573256542952048,0.0,0.0,0.0,0.0,0.0,0.0,0.0,0.0,0.0,0.0,0.0,14008.812914444978,-0.029290788497754683,0.029666919342302256,0.574635333087851,
2019-11-04,93.21112060546876,170.52871704101562,0.0,0.0,0.0,-0.0,0.0293700760002229,-0.010943389680748372,0.0,0.0,0.0,0.0,0.0,0.0,0.0,0.0,0.0,0.0,0.0,14008.812914444978,-0.029290788497754683,0.06132698302679107,1.8345857912606691,
2019-11-05,91.97606658935548,168.07012939453125,0.0,0.0,0.0,-0.0,-0.013250071537503016,-0.01441744058798633,0.0,0.0,0.0,0.0,0.0,0.0,0.0,0.0,0.0,0.0,0.0,14008.812914444978,-0.029290788497754683,0.05156891951203035,1.378540293064127,
2019-11-06,92.40039825439452,168.45130920410156,0.0,0.0,0.0,-0.0,0.004613500889677491,0.0022679806991492413,0.0,0.0,0.0,0.0,0.0,0.0,0.0,0.0,0.0,0.0,0.0,14008.812914444978,-0.029290788497754683,0.0556132608104567,1.4884856221183802,
2019-11-07,93.56723022460938,170.03317260742188,0.0,0.0,0.0,-0.0,0.012627997197613317,0.009390626946114589,0.0,0.0,0.0,0.0,0.0,0.0,0.0,0.0,0.0,0.0,0.0,14008.812914444978,-0.029290788497754683,0.06585768240009182,1.8319345851921365,
2019-11-08,94.18097686767578,170.54779052734375,0.0,0.0,0.0,-0.0,0.006559418736592937,0.003026573650484421,0.0,0.0,0.0,0.0,0.0,0.0,0.0,0.0,0.0,0.0,0.0,14008.812914444978,-0.029290788497754683,0.07165059028588883,1.984415062925525,
2019-11-11,93.30205535888672,171.09095764160156,0.0,0.0,0.0,-0.0,-0.009332261546022735,0.0031848381769021827,-0.0,0.0,0.0,0.0,0.0,0.0,0.0,0.0,0.0,0.0,0.0,14008.812914444978,-0.029290788497754683,0.06149051869860167,1.515800350761183,
2019-11-12,93.2035675048828,171.28155517578125,0.0,0.0,0.0,-0.0,-0.0010555807546263063,0.0011140129017159772,-0.0,0.0,0.0,0.0,0.0,0.0,0.0,0.0,0.0,0.0,0.0,14008.812914444978,-0.029290788497754683,0.06015986727045308,1.408616522016212,
2019-11-13,93.21112060546876,170.96710205078125,0.0,0.0,0.0,-0.0,8.103874978360182e-05,-0.001835884340711913,0.0,0.0,0.0,0.0,0.0,0.0,0.0,0.0,0.0,0.0,0.0,14008.812914444978,-0.029290788497754683,0.06069396617298173,1.379991096068395,
2019-11-14,94.01426696777344,171.57797241210938,0.0,0.0,0.0,-0.0,0.008616422129545276,0.0035730286938284728,0.0,0.0,0.0,0.0,0.0,0.0,0.0,0.0,0.0,0.0,0.0,14008.812914444978,-0.029290788497754683,0.06839409893885695,1.613221598453286,
2019-11-15,94.48005676269533,171.59707641601562,0.0,0.0,0.0,-0.0,0.004954458615111568,0.00011134298673476373,0.0,0.0,0.0,0.0,0.0,0.0,0.0,0.0,0.0,0.0,0.0,14008.812914444978,-0.029290788497754683,0.07330887391224072,1.729388305786121,
2019-11-18,93.74701690673828,171.4920654296875,0.0,0.0,0.0,-0.0,-0.007758672899596308,-0.0006119625609094514,0.0,0.0,0.0,0.0,0.0,0.0,0.0,0.0,0.0,0.0,0.0,14008.812914444978,-0.029290788497754683,0.06567087485059853,1.4199556429272413,
2019-11-19,92.044189453125,174.460693359375,0.0,0.0,0.0,-0.0,-0.018164070813125655,0.017310584733173373,-0.0,0.0,0.0,0.0,0.0,0.0,0.0,0.0,0.0,0.0,0.0,14008.812914444978,-0.029290788497754683,0.043108311889021644,0.5099943432000247,
2019-11-20,90.87588500976562,173.4011688232422,0.0,0.0,0.0,-0.0,-0.01269286470227815,-0.0060731418391779535,0.0,0.0,0.0,0.0,0.0,0.0,0.0,0.0,0.0,0.0,0.0,14008.812914444978,-0.029290788497754683,0.03183613659243889,0.030912158217187735,
2019-11-21,91.26530456542967,171.7115936279297,0.0,0.0,0.0,-0.0,0.004285180338240435,-0.009743735908924522,0.0,0.0,0.0,0.0,0.0,0.0,0.0,0.0,0.0,0.0,0.0,14008.812914444978,-0.029290788497754683,0.038526314214415214,0.2851231321047619,
2019-11-22,91.1125946044922,171.31072998046875,0.0,0.0,0.0,-0.0,-0.0016732531783530957,-0.002334517075938014,0.0,0.0,0.0,0.0,0.0,0.0,0.0,0.0,0.0,0.0,0.0,14008.812914444978,-0.029290788497754683,0.03742792056935329,0.22792132680402497,
2019-11-25,91.8609390258789,172.7425079345703,0.0,0.0,0.0,-0.0,0.008213402599664299,0.008357783276417008,0.0,0.0,0.0,0.0,0.0,0.0,0.0,0.0,0.0,0.0,0.0,14008.812914444978,-0.029290788497754683,0.043555682700203935,0.4668884613910213,
2019-11-26,92.54814910888672,174.2506866455078,0.0,0.0,0.0,-0.0,0.007480982562285909,0.008730790868850535,0.0,0.0,0.0,0.0,0.0,0.0,0.0,0.0,0.0,0.0,0.0,14008.812914444978,-0.029290788497754683,0.04886553950577488,0.6631341920339977,
2019-11-27,91.5325698852539,175.98793029785156,0.0,0.0,0.0,-0.0,-0.010973522792313672,0.009969795159992412,-0.0,0.0,0.0,0.0,0.0,0.0,0.0,0.0,0.0,0.0,0.0,14008.812914444978,-0.029290788497754683,0.0353854280081789,0.09979004814332076,
2019-11-29,91.4256820678711,176.12161254882812,0.0,0.0,0.0,-0.0,-0.0011677571985230228,0.000759610336631189,-0.0,0.0,0.0,0.0,0.0,0.0,0.0,0.0,0.0,0.0,0.0,14008.812914444978,-0.029290788497754683,0.034029773422767695,0.04678607069127913,
2019-12-02,90.27263641357422,173.5252227783203,0.0,0.0,0.0,-0.0,-0.012611835407920657,-0.014742028152779918,0.0,0.0,0.0,0.0,0.0,0.0,0.0,0.0,0.0,0.0,0.0,14008.812914444978,-0.029290788497754683,0.024999520099201256,-0.3253153847375132,
2019-12-03,89.28759765625,173.63021850585938,0.0,0.0,0.0,-0.0,-0.010911819976225923,0.0006050747312578153,-0.0,0.0,0.0,0.0,0.0,0.0,0.0,0.0,0.0,0.0,0.0,14008.812914444978,-0.029290788497754683,0.01387859015688031,-0.7617675718873822,
2019-12-04,88.93633270263672,172.38931274414062,0.0,0.0,0.0,-0.0,-0.003934084495873957,-0.007146830617372535,0.0,0.0,0.0,0.0,0.0,0.0,0.0,0.0,0.0,0.0,0.0,14008.812914444978,-0.029290788497754683,0.011705164195345175,-0.8228263175987905,
2019-12-05,87.82147979736328,173.62069702148438,0.0,0.0,0.0,-0.0,-0.012535404501116565,0.007143043021299977,-0.0,0.0,0.0,0.0,0.0,0.0,0.0,0.0,0.0,0.0,0.0,14008.812914444978,-0.029290788497754683,-0.002664367802273526,-1.3741257998521286,
2019-12-06,89.74575805664062,173.887939453125,0.0,0.0,0.0,-0.0,0.021911248406624173,0.0015392314178277466,0.0,0.0,0.0,0.0,0.0,0.0,0.0,0.0,0.0,0.0,0.0,14008.812914444978,-0.029290788497754683,0.018631064886929893,-0.4650357625157143,
2019-12-09,90.21154022216795,174.6038818359375,0.0,0.0,0.0,-0.0,0.005190018733067792,0.0041172630204493466,0.0,0.0,0.0,0.0,0.0,0.0,0.0,0.0,0.0,0.0,0.0,14008.812914444978,-0.029290788497754683,0.022794612025196948,-0.26715584317143304,
2019-12-10,90.5169906616211,173.97386169433594,0.0,0.0,0.0,-0.0,0.003385935310503463,-0.0036082825592248513,0.0,0.0,0.0,0.0,0.0,0.0,0.0,0.0,0.0,0.0,0.0,14008.812914444978,-0.029290788497754683,0.02706607886624024,-0.06154835580471104,
2019-12-11,89.18069458007812,173.7352752685547,0.0,0.0,0.0,-0.0,-0.014762930934573704,-0.0013713923658281724,0.0,0.0,0.0,0.0,0.0,0.0,0.0,0.0,0.0,0.0,0.0,14008.812914444978,-0.029290788497754683,0.01253144777585824,-0.6653104518011332,
2019-12-12,89.30284881591797,174.3366241455078,0.0,0.0,0.0,-0.0,0.0013697385562538855,0.003461294063762166,0.0,0.0,0.0,0.0,0.0,0.0,0.0,0.0,0.0,0.0,0.0,14008.812914444978,-0.029290788497754683,0.013048321466664126,-0.6186116246187129,
2019-12-13,90.57808685302734,176.7229461669922,0.0,0.0,0.0,-0.0,0.0142799256016799,0.01368801325126423,0.0,0.0,0.0,0.0,0.0,0.0,0.0,0.0,0.0,0.0,0.0,14008.812914444978,-0.029290788497754683,0.02387528292967267,-0.13450649033615797,
2019-12-16,90.95989227294922,177.77294921875,0.0,0.0,0.0,-0.0,0.004215207377269881,0.005941520750597062,0.0,0.0,0.0,0.0,0.0,0.0,0.0,0.0,0.0,0.0,0.0,14008.812914444978,-0.029290788497754683,0.026621051203190582,0.003152092431197566,
2019-12-17,91.8532943725586,177.0856475830078,0.0,0.0,0.0,-0.0,0.0098219344513788,-0.0038661767089011034,0.0,0.0,0.0,0.0,0.0,0.0,0.0,0.0,0.0,0.0,0.0,14008.812914444978,-0.029290788497754683,0.03735013864389347,0.47739279524646305,
2019-12-18,90.06647491455078,176.49383544921875,0.0,0.0,0.0,-0.0,-0.019452970851110085,-0.0033419542569741445,0.0,0.0,0.0,0.0,0.0,0.0,0.0,0.0,0.0,0.0,0.0,14008.812914444978,-0.029290788497754683,0.01853082580401777,-0.3528399255804391,
2019-12-19,90.53225708007812,178.05926513671875,0.0,0.0,0.0,-0.0,0.005171537644492519,0.008869599799424144,0.0,0.0,0.0,0.0,0.0,0.0,0.0,0.0,0.0,0.0,0.0,14008.812914444978,-0.029290788497754683,0.021511829430331364,-0.21169114918928633,
2019-12-20,89.6465072631836,179.45291137695312,0.0,0.0,0.0,-0.0,-0.009783803535474256,0.00782686730266069,-0.0,0.0,0.0,0.0,0.0,0.0,0.0,0.0,0.0,0.0,0.0,14008.812914444978,-0.029290788497754683,0.009757605447190398,-0.7168940193520863,
2019-12-23,90.82244110107422,178.57473754882812,0.0,0.0,0.0,-0.0,0.013117452913567806,-0.004893617057459387,0.0,0.0,0.0,0.0,0.0,0.0,0.0,0.0,0.0,0.0,0.0,14008.812914444978,-0.029290788497754683,0.02399927978284433,-0.07961905865991002,
2019-12-24,90.35661315917967,179.04246520996094,0.0,0.0,0.0,-0.0,-0.00512899605259598,0.0026192263673630034,-0.0,0.0,0.0,0.0,0.0,0.0,0.0,0.0,0.0,0.0,0.0,14008.812914444978,-0.029290788497754683,0.018212144809654163,-0.31781287301184213,
2019-12-26,90.89879608154295,180.5601806640625,0.0,0.0,0.0,-0.0,0.006000478585979296,0.00847684627399281,0.0,0.0,0.0,0.0,0.0,0.0,0.0,0.0,0.0,0.0,0.0,14008.812914444978,-0.029290788497754683,0.022113487572816393,-0.1559537574382485,
2019-12-27,90.82244110107422,180.7797393798828,0.0,0.0,0.0,-0.0,-0.0008399999093523514,0.0012159863543159677,-0.0,0.0,0.0,0.0,0.0,0.0,0.0,0.0,0.0,0.0,0.0,14008.812914444978,-0.029290788497754683,0.020973508648630235,-0.21687529118881876,
2019-12-30,88.9134292602539,179.29061889648438,0.0,0.0,0.0,-0.0,-0.02101916462139375,-0.008237208928978834,0.0,0.0,0.0,0.0,0.0,0.0,0.0,0.0,0.0,0.0,0.0,14008.812914444978,-0.029290788497754683,0.0017696364594692593,-1.067060929364999,
2019-12-31,89.3868637084961,179.35745239257812,0.0,0.0,0.0,-0.0,0.005324667512895287,0.00037276627469462476,0.0,0.0,0.0,0.0,0.0,0.0,0.0,0.0,0.0,0.0,0.0,14008.812914444978,-0.029290788497754683,0.006988287594156928,-0.8205150853934979,
2020-01-02,89.18069458007812,182.4310607910156,0.0,0.0,0.0,-0.0,-0.002306481286672213,0.017136775514127844,-0.0,0.0,0.0,0.0,0.0,0.0,0.0,0.0,0.0,0.0,0.0,14008.812914444978,-0.029290788497754683,0.0004897701520216735,-1.1029782774641113,
2020-01-03,89.12723541259766,180.98019409179688,0.0,0.0,0.0,-0.0,-0.0005994477586453995,-0.007952958739196103,0.0,0.0,0.0,0.0,0.0,0.0,0.0,0.0,0.0,0.0,0.0,14008.812914444978,-0.029290788497754683,0.0018588274020905349,-1.0779801418447728,
2020-01-06,88.73017120361328,180.5888519287109,0.0,0.0,0.0,-0.0,-0.004455026649780369,-0.0021623480129956407,0.0,0.0,0.0,0.0,0.0,0.0,0.0,0.0,0.0,0.0,0.0,14008.812914444978,-0.029290788497754683,-0.0020724363588673356,-1.2735996102060827,
2020-01-07,88.57743835449219,180.11154174804688,0.0,0.0,0.0,-0.0,-0.0017213180933756123,-0.0026430766659530924,0.0,0.0,0.0,0.0,0.0,0.0,0.0,0.0,0.0,0.0,0.0,14008.812914444978,-0.029290788497754683,-0.003142709753234163,-1.3123393238822456,
2020-01-08,89.08140563964844,183.19468688964844,0.0,0.0,0.0,-0.0,0.005689567168778886,0.017117976514323008,0.0,0.0,0.0,0.0,0.0,0.0,0.0,0.0,0.0,0.0,0.0,14008.812914444978,-0.029290788497754683,-0.0016540822215846962,-1.232347353597522,
2020-01-09,89.28759765625,184.46424865722656,0.0,0.0,0.0,-0.0,0.0023146470929706897,0.006930123297423263,0.0,0.0,0.0,0.0,0.0,0.0,0.0,0.0,0.0,0.0,0.0,14008.812914444978,-0.029290788497754683,-0.001044876567535713,-1.1966705431866183,
2020-01-10,88.47817993164062,184.9605712890625,0.0,0.0,0.0,-0.0,-0.009065287294721114,0.0026906169376930134,-0.0,0.0,0.0,0.0,0.0,0.0,0.0,0.0,0.0,0.0,0.0,14008.812914444978,-0.029290788497754683,-0.01081399920956172,-1.596859103478358,
2020-01-13,89.150146484375,186.44964599609372,0.0,0.0,0.0,-0.0,0.007594714914497036,0.008050768315934986,0.0,0.0,0.0,0.0,0.0,0.0,0.0,0.0,0.0,0.0,0.0,14008.812914444978,-0.029290788497754683,-0.005224992732762113,-1.3149512238358037,
2020-01-14,89.54723358154297,187.13693237304688,0.0,0.0,0.0,-0.0,0.004454138471186475,0.0036861768939349115,0.0,0.0,0.0,0.0,0.0,0.0,0.0,0.0,0.0,0.0,0.0,14008.812914444978,-0.029290788497754683,-0.0016879208678122204,-1.1291490901840617,
2020-01-15,90.05118560791016,190.7164459228516,0.0,0.0,0.0,-0.0,0.005627778840406883,0.01912777720791725,0.0,0.0,0.0,0.0,0.0,0.0,0.0,0.0,0.0,0.0,0.0,14008.812914444978,-0.029290788497754683,-0.0007474410803107734,-1.0647617351909648,
2020-01-16,90.5704345703125,191.81417846679688,0.0,0.0,0.0,-0.0,0.005766153536980623,0.005755835783503027,0.0,0.0,0.0,0.0,0.0,0.0,0.0,0.0,0.0,0.0,0.0,14008.812914444978,-0.029290788497754683,0.0035870872689178768,-0.8569305400895665,
2020-01-17,90.56280517578124,195.3936309814453,0.0,0.0,0.0,-0.0,-8.423714170591179e-05,0.01866104238622812,-0.0,0.0,0.0,0.0,0.0,0.0,0.0,0.0,0.0,0.0,0.0,14008.812914444978,-0.029290788497754683,-0.0010557336150305296,-1.034903374061812,
2020-01-21,89.63886260986328,197.86590576171875,0.0,0.0,0.0,-0.0,-0.010202229978682698,0.01265279102422845,-0.0,0.0,0.0,0.0,0.0,0.0,0.0,0.0,0.0,0.0,0.0,14008.812914444978,-0.029290788497754683,-0.014410407533210545,-1.558440689293726,
2020-01-22,89.53960418701172,198.44818115234372,0.0,0.0,0.0,-0.0,-0.0011073146173614656,0.0029427777786343867,-0.0,0.0,0.0,0.0,0.0,0.0,0.0,0.0,0.0,0.0,0.0,14008.812914444978,-0.029290788497754683,-0.016242828300727874,-1.6216296103972232,
2020-01-23,89.28759765625,197.1309051513672,0.0,0.0,0.0,-0.0,-0.0028144700107829435,-0.00663788397216547,0.0,0.0,0.0,0.0,0.0,0.0,0.0,0.0,0.0,0.0,0.0,14008.812914444978,-0.029290788497754683,-0.017419203467571087,-1.630094037166532,
2020-01-24,89.08140563964844,195.6800537109375,0.0,0.0,0.0,-0.0,-0.002309301874101055,-0.007359837562332716,0.0,0.0,0.0,0.0,0.0,0.0,0.0,0.0,0.0,0.0,0.0,14008.812914444978,-0.029290788497754683,-0.017909856737756913,-1.6076276150549313,
2020-01-27,87.75276184082031,192.52052307128903,0.0,0.0,0.0,-0.0,-0.014914939759737789,-0.016146411347146228,0.0,0.0,0.0,0.0,0.0,0.0,0.0,0.0,0.0,0.0,0.0,14008.812914444978,-0.029290788497754683,-0.02892366629003562,-1.9560469444130406,
2020-01-28,88.09637451171875,193.6278076171875,0.0,0.0,0.0,-0.0,0.003915690671043803,0.0057515143229089905,0.0,0.0,0.0,0.0,0.0,0.0,0.0,0.0,0.0,0.0,0.0,14008.812914444978,-0.029290788497754683,-0.02642962715177899,-1.789088146656268,
2020-01-29,88.39419555664062,195.54641723632807,0.0,0.0,0.0,-0.0,0.0033806277111012584,0.009908750415300593,0.0,0.0,0.0,0.0,0.0,0.0,0.0,0.0,0.0,0.0,0.0,14008.812914444978,-0.029290788497754683,-0.02548573359663031,-1.7101604757846613,
2020-01-30,82.4686508178711,198.74411010742188,1.0,0.0,0.0,-0.0,-0.06703545070414274,0.016352602703169072,-0.0,0.0,0.0,0.0,0.0,0.0,0.0,0.0,0.0,0.0,0.0,14008.812914444978,-0.029290788497754683,-0.09887302304120027,-3.7856981356605424,Enter Long Spread
2020-01-31,79.04774475097656,189.9241485595703,0.0,1.0,0.8022105569956678,-0.1977894430043322,-0.0414812905627554,-0.0443784801626792,-0.024499134334492023,0.0,1.0,0.6044211139913356,0.1977894430043322,0.8022105569956678,0.1977894430043322,1.0,0.001,2.3201436221655254e-05,-0.02552233577071368,13651.275287493401,-0.054065554929439874,-0.13004724056797068,-4.049112704199505,Stop Long Spread
2020-02-03,77.90995788574219,191.6805419921875,1.0,0.0,0.0,-0.0,-0.014393666369846958,0.009247867877455684,-0.0,0.0,0.0,0.0,0.0,0.8022105569956678,0.1977894430043322,1.0,0.001,0.0,-0.001,13637.624012205906,-0.0550114893745105,-0.14681513498253618,-3.8585223713687418,Enter Long Spread
2020-02-04,78.9408187866211,194.30548095703125,1.0,1.0,0.8022105569956678,-0.1977894430043322,0.013231439585562388,0.013694342355056177,0.007905804173071334,0.0,1.0,0.6044211139913356,0.1977894430043322,0.8022105569956678,0.1977894430043322,1.0,0.001,2.3201436221655254e-05,0.006882602736849678,13731.486360556442,-0.048507508864988,-0.13702397208756545,-3.2425091090383713,
2020-02-05,80.97200775146484,193.589599609375,1.0,1.0,0.8022105569956678,-0.1977894430043322,0.025730528211698633,-0.003684308564690264,0.021370018707365684,0.0,1.0,0.6044211139913356,0.1977894430043322,0.0,0.0,0.0,0.0,2.3201436221655254e-05,0.021346817271144028,14024.609890756445,-0.02819617252186346,-0.11070883877127691,-2.4866998190657394,
2020-02-06,81.33088684082031,193.80914306640625,1.0,1.0,0.8022105569956678,-0.1977894430043322,0.004432137714270423,0.0011340663830816666,0.0033312013062067217,0.0,1.0,0.6044211139913356,0.1977894430043322,0.0,0.0,0.0,0.0,2.3201436221655254e-05,0.0033079998699850665,14071.003298451658,-0.02498144558691473,-0.10656594595510316,-2.26891934588144,
2020-02-07,78.74230194091797,193.5227813720703,1.0,1.0,0.8022105569956678,-0.1977894430043322,-0.031827820898703396,-0.0014775448144767056,-0.02524037116523792,0.0,1.0,0.6044211139913356,0.1977894430043322,0.0,0.0,0.0,0.0,2.3201436221655254e-05,-0.025263572601459578,13715.519485045848,-0.049613897624099845,-0.13854671627387516,-2.7119959337482613,
2020-02-10,78.7041244506836,196.62503051757807,1.0,1.0,0.8022105569956678,-0.1977894430043322,-0.0004848409215039151,0.016030408014565012,-0.003559589978026945,0.0,1.0,0.6044211139913356,0.1977894430043322,0.0,0.0,0.0,0.0,2.3201436221655254e-05,-0.0035827914142486004,13666.379639592868,-0.05301893279191339,-0.14295271574953383,-2.601833585541998,
2020-02-11,80.0785903930664,194.6682281494141,1.0,1.0,0.8022105569956678,-0.1977894430043322,0.017463709201721134,-0.009951949469571897,0.015977962428316964,0.0,1.0,0.6044211139913356,0.1977894430043322,0.0,0.0,0.0,0.0,2.3201436221655254e-05,0.015954760992095307,13884.42346036981,-0.037910076200568965,-0.12317374537708026,-2.1168269157848725,
2020-02-12,80.59020233154297,198.0091094970703,1.0,1.0,0.8022105569956678,-0.1977894430043322,0.006388872930521261,0.01716192405620487,0.0017307739122085944,0.0,1.0,0.6044211139913356,0.1977894430043322,0.0,0.0,0.0,0.0,2.3201436221655254e-05,0.0017075724759869392,13908.132119715687,-0.036267237927264495,-0.12100066288363509,-1.9831075024087528,
2020-02-13,80.36112213134766,198.2576446533203,1.0,1.0,0.8022105569956678,-0.1977894430043322,-0.0028425316424059988,0.0012551703145440296,-0.002528568329521563,0.0,1.0,0.6044211139913356,0.1977894430043322,0.0,0.0,0.0,0.0,2.3201436221655254e-05,-0.002551769765743218,13872.641768674634,-0.03872646205177799,-0.12415651730812738,-1.952597742933309,
2020-02-14,80.90328979492188,201.02023315429688,1.0,1.0,0.8022105569956678,-0.1977894430043322,0.006746641276213827,0.013934335323146474,0.0026561624338407247,0.0,1.0,0.6044211139913356,0.1977894430043322,0.0,0.0,0.0,0.0,2.3201436221655254e-05,0.0026329609976190695,13909.167893385495,-0.03619546631831705,-0.12084440384105499,-1.8173149691070045,
2020-02-18,81.26216888427734,201.89013671875,1.0,1.0,0.8022105569956678,-0.1977894430043322,0.004435902300946815,0.0043274428190789305,0.0027026051508021896,0.0,1.0,0.6044211139913356,0.1977894430043322,0.0,0.0,0.0,0.0,2.3201436221655254e-05,0.0026794037145805344,13946.436169505756,-0.03361304487064076,-0.11748296412638148,-1.6858954439632905,
2020-02-19,81.52181243896484,203.9071044921875,1.0,1.0,0.8022105569956678,-0.1977894430043322,0.003195134442661063,0.009990422544749133,0.0005871704704193195,0.0,1.0,0.6044211139913356,0.1977894430043322,0.0,0.0,0.0,0.0,2.3201436221655254e-05,0.0005639690341976642,13954.301527642772,-0.033068032552895255,-0.11674389429538978,-1.605183016894634,
2020-02-20,81.30801391601562,202.1291046142578,1.0,1.0,0.8022105569956678,-0.1977894430043322,-0.0026225928564737044,-0.008719656347225602,-0.00037921570405768804,0.0,1.0,0.6044211139913356,0.1977894430043322,0.0,0.0,0.0,0.0,2.3201436221655254e-05,-0.0004024171402793433,13948.686077527422,-0.03345714255008003,-0.11721062479614708,-1.5505165722095362,
2020-02-21,78.60484313964844,199.60548400878903,1.0,1.0,0.8022105569956678,-0.1977894430043322,-0.03324605590734675,-0.012485191631778303,-0.024200897928689968,0.0,1.0,0.6044211139913356,0.1977894430043322,0.0,0.0,0.0,0.0,2.3201436221655254e-05,-0.024224099364911624,13610.791719975437,-0.056870772769392564,-0.1479242226096169,-1.9615407034236731,
2020-02-24,75.9520263671875,190.0271453857422,1.0,1.0,0.8022105569956678,-0.1977894430043322,-0.03374877000578669,-0.047986350027462654,-0.017582426140518064,0.0,1.0,0.6044211139913356,0.1977894430043322,0.0,0.0,0.0,0.0,2.3201436221655254e-05,-0.01760562757673972,13371.165189928977,-0.07347515470075294,-0.17013103751660297,-2.1948504195449337,
2020-02-25,72.41239166259766,180.0951690673828,1.0,1.0,0.8022105569956678,-0.1977894430043322,-0.04660355850780862,-0.05226609229012069,-0.027048185346453348,0.0,1.0,0.6044211139913356,0.1977894430043322,0.0,0.0,0.0,0.0,2.3201436221655254e-05,-0.027071386782675004,13009.18920533737,-0.09855746715160696,-0.20462003486061686,-2.5538163500504183,
2020-02-26,72.28130340576172,178.95767211914062,1.0,1.0,0.8022105569956678,-0.1977894430043322,-0.001810301439106432,-0.006316088066840919,-0.00020298738508885508,0.0,1.0,0.6044211139913356,0.1977894430043322,0.0,0.0,0.0,0.0,2.3201436221655254e-05,-0.00022618882131051032,13006.246672164809,-0.09876136337559116,-0.20486977175996857,-2.395632704421798,
2020-02-27,69.58993530273438,172.0749969482422,1.0,1.0,0.8022105569956678,-0.1977894430043322,-0.037234637122119274,-0.03845979381267495,-0.022263077788996433,0.0,1.0,0.6044211139913356,0.1977894430043322,0.0,0.0,0.0,0.0,2.3201436221655254e-05,-0.02228627922521809,12716.385827156882,-0.11884661927995743,-0.23314568482328113,-2.602344203214906,
2020-02-28,69.78271484375,173.7478790283203,1.0,1.0,0.8022105569956678,-0.1977894430043322,0.0027702215870295532,0.009721819612068971,0.0002994277162726858,0.0,1.0,0.6044211139913356,0.1977894430043322,0.0,0.0,0.0,0.0,2.3201436221655254e-05,0.00027622628005103056,12719.898427109612,-0.11860322155944669,-0.23276468506451442,-2.4264171746920598,
2020-03-02,71.52555847167969,183.85194396972656,1.0,1.0,0.8022105569956678,-0.1977894430043322,0.0249752912570409,0.05815360163193306,0.008533273834963948,0.0,1.0,0.6044211139913356,0.1977894430043322,0.0,0.0,0.0,0.0,2.3201436221655254e-05,0.008510072398742293,12828.145683628964,-0.1111024711628994,-0.22203285403266948,-2.15624201124857,
2020-03-03,70.40736389160156,177.5428466796875,1.0,1.0,0.8022105569956678,-0.1977894430043322,-0.01563349666847924,-0.03431618482684051,-0.005753976987276147,0.0,1.0,0.6044211139913356,0.1977894430043322,0.0,0.0,0.0,0.0,2.3201436221655254e-05,-0.005777178423497803,12754.035197172016,-0.11623779078719765,-0.22918041667889222,-2.1220450212705755,
2020-03-04,73.89302062988281,185.7255401611328,1.0,1.0,0.8022105569956678,-0.1977894430043322,0.04950699111030099,0.04608855628077224,0.030599201038126373,0.0,1.0,0.6044211139913356,0.1977894430043322,0.0,0.0,0.0,0.0,2.3201436221655254e-05,0.030575999601904717,13144.002572283427,-0.08921587783012841,-0.19196919967278592,-1.5983440540951752,
2020-03-05,71.71062469482422,178.71865844726562,1.0,1.0,0.8022105569956678,-0.1977894430043322,-0.02953453406634754,-0.03772707678108311,-0.01623089752126008,0.0,1.0,0.6044211139913356,0.1977894430043322,0.0,0.0,0.0,0.0,2.3201436221655254e-05,-0.016254098957481738,12930.358653776137,-0.10401985308078077,-0.2124668341609104,-1.7631847892769386,
2020-03-06,72.48949432373047,176.2332763671875,1.0,1.0,0.8022105569956678,-0.1977894430043322,0.010861286346630639,-0.013906673772461686,0.011463631829318158,0.0,1.0,0.6044211139913356,0.1977894430043322,0.0,0.0,0.0,0.0,2.3201436221655254e-05,0.011440430393096503,13078.287521912438,-0.09376945457635488,-0.19821127598214106,-1.5339489078052069,
2020-03-09,67.23017120361328,163.58648681640625,1.0,1.0,0.8022105569956678,-0.1977894430043322,-0.07255290120565061,-0.07176164349592684,-0.044009007791701804,0.0,1.0,0.6044211139913356,0.1977894430043322,0.0,0.0,0.0,0.0,2.3201436221655254e-05,-0.04403220922792346,12502.421629404647,-0.13367278756118406,-0.25517061505298044,-2.082759571957226,
2020-03-10,71.57952117919922,174.55084228515625,1.0,1.0,0.8022105569956678,-0.1977894430043322,0.06469342406422696,0.06702482388447728,0.03864094516894622,0.0,1.0,0.6044211139913356,0.1977894430043322,0.0,0.0,0.0,0.0,2.3201436221655254e-05,0.038617743732724565,12985.23694392747,-0.1002171852825362,-0.20847882350085567,-1.4952285917337742,
2020-03-11,67.85481262207031,165.3262176513672,1.0,1.0,0.8022105569956678,-0.1977894430043322,-0.05203595240325931,-0.05284778069829754,-0.03129105725288734,0.0,1.0,0.6044211139913356,0.1977894430043322,0.0,0.0,0.0,0.0,2.3201436221655254e-05,-0.031314258689109,12578.61387512595,-0.12839321710661356,-0.2485306798479492,-1.8536180409650336,
2020-03-12,66.45127868652344,153.02354431152344,1.0,1.0,0.8022105569956678,-0.1977894430043322,-0.020684368305076806,-0.07441453336691639,-0.0018748095130495124,0.0,1.0,0.6044211139913356,0.1977894430043322,0.0,0.0,0.0,0.0,2.3201436221655254e-05,-0.0018980109492711676,12554.739528264307,-0.13004753632400412,-0.25036612225398946,-1.7927310149513214,
2020-03-13,72.66688537597656,168.07925415039062,1.0,1.0,0.8022105569956678,-0.1977894430043322,0.09353629926031304,0.09838819187338221,0.05557566106008956,0.0,1.0,0.6044211139913356,0.1977894430043322,0.0,0.0,0.0,0.0,2.3201436221655254e-05,0.0555524596238679,13252.18618899639,-0.08171953721095893,-0.1840870795189753,-1.0448549289710405,
2020-03-16,67.13761138916016,145.3092803955078,1.0,1.0,0.8022105569956678,-0.1977894430043322,-0.07609069740925445,-0.13547164919300003,-0.034245898714105064,0.0,1.0,0.6044211139913356,0.1977894430043322,0.0,0.0,0.0,0.0,2.3201436221655254e-05,-0.03426910015032672,12798.045693274895,-0.11318818235636496,-0.22733707072084464,-1.4596223950023313,
2020-03-17,74.64105987548828,150.93008422851562,1.0,1.0,0.8022105569956678,-0.1977894430043322,0.1117622198805186,0.03868165761821207,0.08200600914663267,0.0,1.0,0.6044211139913356,0.1977894430043322,0.0,0.0,0.0,0.0,2.3201436221655254e-05,0.08198280771041101,13847.265412415705,-0.04048485963516668,-0.13074807108054065,-0.39820439087973397,
2020-03-18,76.54583740234375,141.9348602294922,0.0,1.0,0.8022105569956678,-0.1977894430043322,0.02551916505517071,-0.05959861511376496,0.03225972050015402,0.0,1.0,0.6044211139913356,0.1977894430043322,0.0,0.0,0.0,0.0,2.3201436221655254e-05,0.032236519063932365,14293.653047866377,-0.009553431520663902,-0.09039861975362595,0.06155948879177905,Exit Long Spread
2020-03-19,74.2246322631836,145.53872680664062,0.0,0.0,0.0,-0.0,-0.030324381023612457,0.025390989721069346,-0.0,0.0,0.0,0.0,0.0,0.8022105569956678,0.1977894430043322,1.0,0.001,0.0,-0.001,14279.359394818512,-0.010543878089143144,-0.12737442809734367,-0.3241838626826718,
2020-03-20,72.07307434082031,140.3575897216797,0.0,0.0,0.0,-0.0,-0.02898711461087944,-0.03559971423856467,0.0,0.0,0.0,0.0,0.0,0.0,0.0,0.0,0.0,0.0,0.0,14279.359394818512,-0.010543878089143144,-0.14785261786191706,-0.5275126643181575,
2020-03-23,70.87004852294922,129.75648498535156,0.0,0.0,0.0,-0.0,-0.016691751099477292,-0.07552925892607198,0.0,0.0,0.0,0.0,0.0,0.0,0.0,0.0,0.0,0.0,0.0,14279.359394818512,-0.010543878089143144,-0.14532228501319544,-0.47463298852487806,
2020-03-24,73.461181640625,147.71820068359375,0.0,0.0,0.0,-0.0,0.036561751708646284,0.1384263430091368,0.0,0.0,0.0,0.0,0.0,0.0,0.0,0.0,0.0,0.0,0.0,14279.359394818512,-0.010543878089143144,-0.14137821786558136,-0.4049376298032606,
2020-03-25,72.87507629394531,154.64859008789062,0.0,0.0,0.0,-0.0,-0.007978436142600298,0.04691628636298839,-0.0,0.0,0.0,0.0,0.0,0.0,0.0,0.0,0.0,0.0,0.0,14279.359394818512,-0.010543878089143144,-0.16069296952544887,-0.6040410868738162,
2020-03-26,76.94684600830078,161.4356231689453,0.0,0.0,0.0,-0.0,0.05587328235419986,0.04388680864919259,0.0,0.0,0.0,0.0,0.0,0.0,0.0,0.0,0.0,0.0,0.0,14279.359394818512,-0.010543878089143144,-0.11691461092854127,-0.06389869931624655,
2020-03-27,75.20401763916016,154.4383087158203,0.0,0.0,0.0,-0.0,-0.022649770062734165,-0.0433443023031056,0.0,0.0,0.0,0.0,0.0,0.0,0.0,0.0,0.0,0.0,0.0,14279.359394818512,-0.010543878089143144,-0.12889952679024397,-0.18369621378682247,
2020-03-30,75.45075988769531,158.2715301513672,0.0,0.0,0.0,-0.0,0.003280971632646734,0.024820405425446168,0.0,0.0,0.0,0.0,0.0,0.0,0.0,0.0,0.0,0.0,0.0,14279.359394818512,-0.010543878089143144,-0.1316688219807085,-0.1937832229982332,
2020-03-31,72.04222869873047,154.01773071289062,0.0,0.0,0.0,-0.0,-0.045175571379775015,-0.026876592615287964,0.0,0.0,0.0,0.0,0.0,0.0,0.0,0.0,0.0,0.0,0.0,14279.359394818512,-0.010543878089143144,-0.17117937114259152,-0.6581305881224528,
2020-04-01,69.70560455322266,146.36077880859375,0.0,0.0,0.0,-0.0,-0.0324340902233774,-0.04971474302897272,0.0,0.0,0.0,0.0,0.0,0.0,0.0,0.0,0.0,0.0,0.0,14279.359394818512,-0.010543878089143144,-0.19157848098066865,-0.8859327886687335,
2020-04-02,71.74919128417969,150.4520721435547,0.0,0.0,0.0,-0.0,0.029317394835829624,0.02795348158341926,0.0,0.0,0.0,0.0,0.0,0.0,0.0,0.0,0.0,0.0,0.0,14279.359394818512,-0.010543878089143144,-0.16948013660384298,-0.5785772921478899,
2020-04-03,69.40484619140625,145.15635681152344,0.0,0.0,0.0,-0.0,-0.032674167482781846,-0.035198686575604765,0.0,0.0,0.0,0.0,0.0,0.0,0.0,0.0,0.0,0.0,0.0,14279.359394818512,-0.010543878089143144,-0.19386517832006112,-0.8668333049547039,
2020-04-06,73.78507232666016,161.97093200683594,0.0,0.0,0.0,-0.0,0.06311124331540219,0.11583767714110649,0.0,0.0,0.0,0.0,0.0,0.0,0.0,0.0,0.0,0.0,0.0,14279.359394818512,-0.010543878089143144,-0.15968925144141766,-0.390583505728337,
2020-04-07,71.64895629882812,161.15843200683594,0.0,0.0,0.0,-0.0,-0.02895051750271449,-0.005016332189566652,0.0,0.0,0.0,0.0,0.0,0.0,0.0,0.0,0.0,0.0,0.0,14279.359394818512,-0.010543878089143144,-0.18782718615526095,-0.7434148276494745,
2020-04-08,76.18339538574219,167.22853088378906,0.0,0.0,0.0,-0.0,0.06328688261699389,0.03766541285717917,0.0,0.0,0.0,0.0,0.0,0.0,0.0,0.0,0.0,0.0,0.0,14279.359394818512,-0.010543878089143144,-0.1355782376366137,0.0037403079044368115,
2020-04-09,76.10626983642578,166.0336151123047,0.0,0.0,0.0,-0.0,-0.001012366919666552,-0.0071454061407425495,0.0,0.0,0.0,0.0,0.0,0.0,0.0,0.0,0.0,0.0,0.0,14279.359394818512,-0.010543878089143144,-0.13482305368544534,0.04713818887702249,
2020-04-13,75.89806365966797,161.54078674316406,0.0,0.0,0.0,-0.0,-0.002735729621295424,-0.02705975152141138,0.0,0.0,0.0,0.0,0.0,0.0,0.0,0.0,0.0,0.0,0.0,14279.359394818512,-0.010543878089143144,-0.1307988711914989,0.14210900544680394,
2020-04-14,78.1961441040039,166.92259216308594,0.0,0.0,0.0,-0.0,0.030278512171808325,0.03331545876694575,0.0,0.0,0.0,0.0,0.0,0.0,0.0,0.0,0.0,0.0,0.0,14279.359394818512,-0.010543878089143144,-0.10904995228593961,0.5180250206546442,
2020-04-15,77.05480194091797,158.64434814453125,0.0,0.0,0.0,-0.0,-0.014595888021894154,-0.049593310954976766,0.0,0.0,0.0,0.0,0.0,0.0,0.0,0.0,0.0,0.0,0.0,14279.359394818512,-0.010543878089143144,-0.11121228955563356,0.5342667163761414,
2020-04-16,78.82847595214844,155.2603759765625,0.0,0.0,0.0,-0.0,0.02301834495130417,-0.02133055609952028,0.0,0.0,0.0,0.0,0.0,0.0,0.0,0.0,0.0,0.0,0.0,14279.359394818512,-0.010543878089143144,-0.08313880275831909,1.0421187916824537,
2020-04-17,79.23721313476562,162.06654357910156,0.0,0.0,0.0,-0.0,0.005185146327899348,0.04383711916018096,0.0,0.0,0.0,0.0,0.0,0.0,0.0,0.0,0.0,0.0,0.0,14279.359394818512,-0.010543878089143144,-0.08854513829413424,1.0039082551950693,
2020-04-20,78.0418930053711,156.9810333251953,0.0,0.0,0.0,-0.0,-0.015085337836927004,-0.0313791492161003,0.0,0.0,0.0,0.0,0.0,0.0,0.0,0.0,0.0,0.0,0.0,14279.359394818512,-0.010543878089143144,-0.09588472853534058,0.9329600909557242,
2020-04-21,77.59461975097656,153.45372009277344,0.0,0.0,0.0,-0.0,-0.005731194326151878,-0.0224696777547313,0.0,0.0,0.0,0.0,0.0,0.0,0.0,0.0,0.0,0.0,0.0,14279.359394818512,-0.010543878089143144,-0.09602919640999019,0.9930224886907298,
2020-04-22,75.27342224121094,159.24655151367188,0.0,0.0,0.0,-0.0,-0.029914413102545168,0.037749696894909146,-0.0,0.0,0.0,0.0,0.0,0.0,0.0,0.0,0.0,0.0,0.0,14279.359394818512,-0.010543878089143144,-0.13553619404808304,0.29728485171784735,
2020-04-23,76.69234466552734,159.04588317871094,0.0,0.0,0.0,-0.0,0.018850244642385494,-0.0012601110231496016,0.0,0.0,0.0,0.0,0.0,0.0,0.0,0.0,0.0,0.0,0.0,14279.359394818512,-0.010543878089143144,-0.11655053042056984,0.7342675139396684,
2020-04-24,77.25531005859375,159.9444122314453,0.0,0.0,0.0,-0.0,0.007340568286464899,0.005649495823319972,0.0,0.0,0.0,0.0,0.0,0.0,0.0,0.0,0.0,0.0,0.0,14279.359394818512,-0.010543878089143144,-0.11062576749982256,0.934670539856036,
2020-04-27,79.08296966552734,164.18870544433594,0.0,0.0,0.0,-0.0,0.023657397861032603,0.026536051829988194,0.0,0.0,0.0,0.0,0.0,0.0,0.0,0.0,0.0,0.0,0.0,14279.359394818512,-0.010543878089143144,-0.0937011776254486,1.2978603234757788,
2020-04-28,74.36344146728516,163.70115661621094,0.0,0.0,0.0,-0.0,-0.059678186317520865,-0.002969441940635087,0.0,0.0,0.0,0.0,0.0,0.0,0.0,0.0,0.0,0.0,0.0,14279.359394818512,-0.010543878089143144,-0.15450106347430093,-0.012578858598786564,
2020-04-29,74.11666870117188,173.77655029296875,0.0,0.0,0.0,-0.0,-0.003318468877235081,0.06154748008518385,-0.0,0.0,0.0,0.0,0.0,0.0,0.0,0.0,0.0,0.0,0.0,14279.359394818512,-0.010543878089143144,-0.17255125245474923,-0.395328313871211,
2020-04-30,72.99847412109375,170.84185791015625,0.0,0.0,0.0,-0.0,-0.015086951419612915,-0.01688773530067733,0.0,0.0,0.0,0.0,0.0,0.0,0.0,0.0,0.0,0.0,0.0,14279.359394818512,-0.010543878089143144,-0.1835538461271502,-0.6162281562523256,
2020-05-01,70.87004852294922,167.83070373535156,0.0,0.0,0.0,-0.0,-0.029157124498435216,-0.01762538883408904,0.0,0.0,0.0,0.0,0.0,0.0,0.0,0.0,0.0,0.0,0.0,14279.359394818512,-0.010543878089143144,-0.20876009735520462,-1.1239500769551938,
2020-05-04,69.7441635131836,168.38516235351562,0.0,0.0,0.0,-0.0,-0.01588661265557112,0.003303678086450601,-0.0,0.0,0.0,0.0,0.0,0.0,0.0,0.0,0.0,0.0,0.0,14279.359394818512,-0.010543878089143144,-0.22558745242619005,-1.4337762450412825,
2020-05-05,71.4947280883789,170.57421875,0.0,0.0,0.0,-0.0,0.02509980028457015,0.013000292697337379,0.0,0.0,0.0,0.0,0.0,0.0,0.0,0.0,0.0,0.0,0.0,14279.359394818512,-0.010543878089143144,-0.20398211635314456,-0.9413082489854008,
2020-05-06,71.66435241699219,170.8992462158203,0.0,0.0,0.0,-0.0,0.002372543167149299,0.00190548998671769,0.0,0.0,0.0,0.0,0.0,0.0,0.0,0.0,0.0,0.0,0.0,14279.359394818512,-0.010543878089143144,-0.2020817452615602,-0.8750094969994227,
2020-05-07,71.58724975585938,174.66554260253906,0.0,0.0,0.0,-0.0,-0.0010758858279242833,0.022038109998229416,-0.0,0.0,0.0,0.0,0.0,0.0,0.0,0.0,0.0,0.0,0.0,14279.359394818512,-0.010543878089143144,-0.2085328200377523,-0.9789437905252968,
2020-05-08,73.12959289550781,176.93104553222656,0.0,0.0,0.0,-0.0,0.021544941940197848,0.012970520091892368,0.0,0.0,0.0,0.0,0.0,0.0,0.0,0.0,0.0,0.0,0.0,14279.359394818512,-0.010543878089143144,-0.19039408111167955,-0.5729938805881535,
2020-05-11,72.42012023925781,175.46853637695312,0.0,0.0,0.0,-0.0,-0.009701580826024014,-0.008265983795404885,0.0,0.0,0.0,0.0,0.0,0.0,0.0,0.0,0.0,0.0,0.0,14279.359394818512,-0.010543878089143144,-0.19809653508156044,-0.7114765284747498,
2020-05-12,71.60267639160156,171.558837890625,0.0,0.0,0.0,-0.0,-0.011287524032763563,-0.022281478873962035,0.0,0.0,0.0,0.0,0.0,0.0,0.0,0.0,0.0,0.0,0.0,14279.359394818512,-0.010543878089143144,-0.20389249741326698,-0.8067697948351196,
2020-05-13,69.97550964355469,169.56716918945312,0.0,0.0,0.0,-0.0,-0.022724943117317986,-0.011609245700542892,0.0,0.0,0.0,0.0,0.0,0.0,0.0,0.0,0.0,0.0,0.0,14279.359394818512,-0.010543878089143144,-0.22400056378597855,-1.1935815508822085,
2020-05-14,70.7081298828125,173.21530151367188,0.0,0.0,0.0,-0.0,0.010469666358839946,0.021514378883938257,0.0,0.0,0.0,0.0,0.0,0.0,0.0,0.0,0.0,0.0,0.0,14279.359394818512,-0.010543878089143144,-0.2188335578006344,-1.04841706224162,
2020-05-15,70.19915771484375,175.69532775878906,0.0,0.0,0.0,-0.0,-0.007198212833690931,0.014317593327177525,-0.0,0.0,0.0,0.0,0.0,0.0,0.0,0.0,0.0,0.0,0.0,14279.359394818512,-0.010543878089143144,-0.22956285198651227,-1.233532371762868,
2020-05-18,74.10896301269531,183.2501373291016,0.0,0.0,0.0,-0.0,0.055695900422817024,0.04299949046274287,0.0,0.0,0.0,0.0,0.0,0.0,0.0,0.0,0.0,0.0,0.0,14279.359394818512,-0.010543878089143144,-0.18574283825872318,-0.2917701291684902,
2020-05-19,74.36344146728516,181.31593322753903,0.0,0.0,0.0,-0.0,0.0034338417951720324,-0.010554994008484142,0.0,0.0,0.0,0.0,0.0,0.0,0.0,0.0,0.0,0.0,0.0,14279.359394818512,-0.010543878089143144,-0.17969865504394011,-0.16006502804369924,
2020-05-20,74.94180297851562,185.624755859375,0.0,0.0,0.0,-0.0,0.007777497918582954,0.023764169839551208,0.0,0.0,0.0,0.0,0.0,0.0,0.0,0.0,0.0,0.0,0.0,14279.359394818512,-0.010543878089143144,-0.1777418975743572,-0.12854762598640945,
2020-05-21,75.04206085205078,182.5224151611328,0.0,0.0,0.0,-0.0,0.0013378097343601514,-0.016712968504009496,0.0,0.0,0.0,0.0,0.0,0.0,0.0,0.0,0.0,0.0,0.0,14279.359394818512,-0.010543878089143144,-0.17224948433444998,-0.02322003021675797,
2020-05-22,75.3693618774414,182.7522125244141,0.0,0.0,0.0,-0.0,0.004361567655183585,0.0012590089994064524,0.0,0.0,0.0,0.0,0.0,0.0,0.0,0.0,0.0,0.0,0.0,14279.359394818512,-0.010543878089143144,-0.1682076211259933,0.04070796571985763,
2020-05-26,75.64208221435547,185.011962890625,0.0,0.0,0.0,-0.0,0.0036184509211785176,0.012365105379553265,0.0,0.0,0.0,0.0,0.0,0.0,0.0,0.0,0.0,0.0,0.0,14279.359394818512,-0.010543878089143144,-0.16762569136037264,0.030245854606442694,
2020-05-27,77.62919616699219,184.6289825439453,0.0,0.0,0.0,-0.0,0.026269953106335953,-0.0020700301791084508,0.0,0.0,0.0,0.0,0.0,0.0,0.0,0.0,0.0,0.0,0.0,14279.359394818512,-0.010543878089143144,-0.1411839606795957,0.5892172812475311,
2020-05-28,77.70712280273438,186.0078125,0.0,0.0,0.0,-0.0,0.0010038315426397215,0.007468112194825682,0.0,0.0,0.0,0.0,0.0,0.0,0.0,0.0,0.0,0.0,0.0,14279.359394818512,-0.010543878089143144,-0.14201509545025615,0.545757953894528,
2020-05-29,77.6993179321289,186.94615173339844,0.0,0.0,0.0,-0.0,-0.00010043957778849144,0.005044622700449475,-0.0,0.0,0.0,0.0,0.0,0.0,0.0,0.0,0.0,0.0,0.0,14279.359394818512,-0.010543878089143144,-0.14335619296950264,0.4975877074286212,
2020-06-01,77.36421966552734,186.09397888183597,0.0,0.0,0.0,-0.0,-0.004312756862219436,-0.0045583866993835764,0.0,0.0,0.0,0.0,0.0,0.0,0.0,0.0,0.0,0.0,0.0,14279.359394818512,-0.010543878089143144,-0.14655181179294807,0.4039289379738628,
2020-06-02,78.83702087402344,188.01858520507807,0.0,0.0,0.0,-0.0,0.019037239887683688,0.010342120335146143,0.0,0.0,0.0,0.0,0.0,0.0,0.0,0.0,0.0,0.0,0.0,14279.359394818512,-0.010543878089143144,-0.13023032407089286,0.7500725256551253,
2020-06-03,80.76956939697266,188.5068817138672,0.0,0.0,0.0,-0.0,0.024513210944859365,0.002597065115964581,0.0,0.0,0.0,0.0,0.0,0.0,0.0,0.0,0.0,0.0,0.0,14279.359394818512,-0.010543878089143144,-0.10665223114627054,1.2620206922817254,
2020-06-04,80.41891479492188,185.41412353515625,0.0,0.0,0.0,-0.0,-0.004341419728602913,-0.016406606223561715,0.0,0.0,0.0,0.0,0.0,0.0,0.0,0.0,0.0,0.0,0.0,14279.359394818512,-0.010543878089143144,-0.10692441185055501,1.2137391729264928,
2020-06-05,83.1073226928711,191.1305084228516,0.0,0.0,0.0,-0.0,0.033430044471564724,0.030830363829384755,0.0,0.0,0.0,0.0,0.0,0.0,0.0,0.0,0.0,0.0,0.0,14279.359394818512,-0.010543878089143144,-0.08152757558990475,1.7608529823190613,
2020-06-08,86.06849670410156,191.12094116210935,0.0,0.0,0.0,-0.0,0.03563072320562766,-5.005616749098607e-05,0.0,0.0,0.0,0.0,0.0,0.0,0.0,0.0,0.0,0.0,0.0,14279.359394818512,-0.010543878089143144,-0.0465045981429415,2.4783285454060495,
2020-06-09,84.02686309814453,190.6230316162109,0.0,0.0,0.0,-0.0,-0.02372103248155999,-0.0026052066449175904,0.0,0.0,0.0,0.0,0.0,0.0,0.0,0.0,0.0,0.0,0.0,14279.359394818512,-0.010543878089143144,-0.06986833793721292,1.8424076817110608,
2020-06-10,83.09173583984375,191.96356201171875,0.0,0.0,0.0,-0.0,-0.011128908349328004,0.00703236321520051,-0.0,0.0,0.0,0.0,0.0,0.0,0.0,0.0,0.0,0.0,0.0,14279.359394818512,-0.010543878089143144,-0.08278743572881941,1.5039807839659631,
2020-06-11,78.29156494140625,180.85633850097656,0.0,0.0,0.0,-0.0,-0.057769534478009366,-0.057861103400780434,0.0,0.0,0.0,0.0,0.0,0.0,0.0,0.0,0.0,0.0,0.0,14279.359394818512,-0.010543878089143144,-0.12759747255240916,0.4768276158485742,
2020-06-12,79.07861328125,184.09274291992188,0.0,0.0,0.0,-0.0,0.010052785896319527,0.017894890750139947,0.0,0.0,0.0,0.0,0.0,0.0,0.0,0.0,0.0,0.0,0.0,14279.359394818512,-0.010543878089143144,-0.12196795178241282,0.6250177126183531,
2020-06-15,82.3202896118164,183.61398315429688,0.0,0.0,0.0,-0.0,0.040993085185208056,-0.0026006444253657834,0.0,0.0,0.0,0.0,0.0,0.0,0.0,0.0,0.0,0.0,0.0,14279.359394818512,-0.010543878089143144,-0.08115076618078376,1.5244745406133744,
2020-06-16,82.46835327148438,184.6864318847656,0.0,0.0,0.0,-0.0,0.0017986289937288458,0.00584077918274617,0.0,0.0,0.0,0.0,0.0,0.0,0.0,0.0,0.0,0.0,0.0,14279.359394818512,-0.010543878089143144,-0.0807896398667205,1.4790642495117068,
2020-06-17,83.37227630615234,185.3374938964844,0.0,0.0,0.0,-0.0,0.010960847389449802,0.003525229249786044,0.0,0.0,0.0,0.0,0.0,0.0,0.0,0.0,0.0,0.0,0.0,14279.359394818512,-0.010543878089143144,-0.07075606352398078,1.6367569697162168,
2020-06-18,83.83204650878906,185.6726837158203,0.0,0.0,0.0,-0.0,0.00551466534209033,0.0018085375618768218,0.0,0.0,0.0,0.0,0.0,0.0,0.0,0.0,0.0,0.0,0.0,14279.359394818512,-0.010543878089143144,-0.06570205046692079,1.6780422248165023,
2020-06-19,83.98008728027344,184.0352935791016,0.0,0.0,0.0,-0.0,0.0017659210009726145,-0.00881869160260973,0.0,0.0,0.0,0.0,0.0,0.0,0.0,0.0,0.0,0.0,0.0,14279.359394818512,-0.010543878089143144,-0.061753745787855197,1.6865021658961645,
2020-06-22,83.30216217041016,186.67803955078125,0.0,0.0,0.0,-0.0,-0.008072450646553708,0.014359995413291582,-0.0,0.0,0.0,0.0,0.0,0.0,0.0,0.0,0.0,0.0,0.0,14279.359394818512,-0.010543878089143144,-0.07337431098109137,1.4092035259156115,
2020-06-23,86.19317626953125,189.5601348876953,0.0,0.0,0.0,-0.0,0.03470515078836711,0.015438855817478503,0.0,0.0,0.0,0.0,0.0,0.0,0.0,0.0,0.0,0.0,0.0,14279.359394818512,-0.010543878089143144,-0.043035253183626665,1.9376045551632621,
2020-06-24,85.32820892333984,183.2788543701172,0.0,0.0,0.0,-0.0,-0.010035218373744548,-0.033136083814771844,0.0,0.0,0.0,0.0,0.0,0.0,0.0,0.0,0.0,0.0,0.0,14279.359394818512,-0.010543878089143144,-0.04481285382359035,1.82076440088826,
2020-06-25,86.12306213378906,185.73968505859372,0.0,0.0,0.0,-0.0,0.009315245456087418,0.013426702698103199,0.0,0.0,0.0,0.0,0.0,0.0,0.0,0.0,0.0,0.0,0.0,14279.359394818512,-0.010543878089143144,-0.03882912827827423,1.84406625846495,
2020-06-26,83.62944030761719,181.2297821044922,0.0,0.0,0.0,-0.0,-0.028954170513562638,-0.024280772052988175,0.0,0.0,0.0,0.0,0.0,0.0,0.0,0.0,0.0,0.0,0.0,14279.359394818512,-0.010543878089143144,-0.0621503059586801,1.3566179782745946,
2020-06-29,85.3126220703125,183.2501373291016,0.0,0.0,0.0,-0.0,0.020126665400413968,0.01114803097564021,0.0,0.0,0.0,0.0,0.0,0.0,0.0,0.0,0.0,0.0,0.0,14279.359394818512,-0.010543878089143144,-0.0449569053428025,1.607672821472507,
2020-06-30,86.63736724853516,184.96409606933597,0.0,0.0,0.0,-0.0,0.01552812639061596,0.00935311026346608,0.0,0.0,0.0,0.0,0.0,0.0,0.0,0.0,0.0,0.0,0.0,14279.359394818512,-0.010543878089143144,-0.031843449945618385,1.7684979957662446,
2020-07-01,89.16214752197266,185.54818725585935,0.0,0.0,0.0,-0.0,0.029141932097205947,0.0031578625200019417,0.0,0.0,0.0,0.0,0.0,0.0,0.0,0.0,0.0,0.0,0.0,14279.359394818512,-0.010543878089143144,-0.0038954322259916463,2.1413434680508554,
2020-07-02,89.11538696289062,187.3578948974609,0.0,0.0,0.0,-0.0,-0.0005244440649043725,0.009753302731576152,-0.0,0.0,0.0,0.0,0.0,0.0,0.0,0.0,0.0,0.0,0.0,14279.359394818512,-0.010543878089143144,-0.00681309317555745,1.9875773804950811,
2020-07-06,89.89462280273438,189.359130859375,0.0,0.0,0.0,-0.0,0.008744122271143073,0.010681353796216264,0.0,0.0,0.0,0.0,0.0,0.0,0.0,0.0,0.0,0.0,0.0,14279.359394818512,-0.010543878089143144,-0.0007265605381965301,1.983356960070892,
2020-07-07,89.18551635742188,185.9503326416016,0.0,0.0,0.0,-0.0,-0.007888196459409746,-0.018001763117010183,0.0,0.0,0.0,0.0,0.0,0.0,0.0,0.0,0.0,0.0,0.0,14279.359394818512,-0.010543878089143144,-0.004167163461310519,1.8374419103244233,
2020-07-08,89.20108795166016,186.7834014892578,0.0,0.0,0.0,-0.0,0.00017459779204376247,0.004480061077717368,0.0,0.0,0.0,0.0,0.0,0.0,0.0,0.0,0.0,0.0,0.0,14279.359394818512,-0.010543878089143144,-0.005094697773192269,1.743276928805542,
2020-07-09,89.18551635742188,184.04489135742188,0.0,0.0,0.0,-0.0,-0.00017456731297627037,-0.014661421250503515,0.0,0.0,0.0,0.0,0.0,0.0,0.0,0.0,0.0,0.0,0.0,14279.359394818512,-0.010543878089143144,-0.0016276646019568464,1.724283506663453,
2020-07-10,89.66864776611328,184.3704376220703,0.0,0.0,0.0,-0.0,0.0054171509951816965,0.0017688416247110261,0.0,0.0,0.0,0.0,0.0,0.0,0.0,0.0,0.0,0.0,0.0,14279.359394818512,-0.010543878089143144,0.0033391339924973007,1.725134698457218,
2020-07-13,88.64783477783203,180.99041748046875,0.0,0.0,0.0,-0.0,-0.011384279943017384,-0.01833276627856173,0.0,0.0,0.0,0.0,0.0,0.0,0.0,0.0,0.0,0.0,0.0,14279.359394818512,-0.010543878089143144,-0.0035484522335877955,1.573490015248371,
2020-07-14,89.87127685546875,185.1173248291016,0.0,0.0,0.0,-0.0,0.013801150143180507,0.02280180026148737,0.0,0.0,0.0,0.0,0.0,0.0,0.0,0.0,0.0,0.0,0.0,14279.359394818512,-0.010543878089143144,0.00459955641001919,1.6319162010862232,
2020-07-15,92.89474487304688,188.2005157470703,0.0,0.0,0.0,-0.0,0.03364220609038937,0.01665533423635579,0.0,0.0,0.0,0.0,0.0,0.0,0.0,0.0,0.0,0.0,0.0,14279.359394818512,-0.010543878089143144,0.033615601293916386,1.944842051559916,
2020-07-16,93.3077621459961,185.2801055908203,0.0,0.0,0.0,-0.0,0.004446077907998669,-0.015517545978326885,0.0,0.0,0.0,0.0,0.0,0.0,0.0,0.0,0.0,0.0,0.0,14279.359394818512,-0.010543878089143144,0.041907756533007046,1.9598637273178214,
2020-07-17,92.38045501708984,186.802490234375,0.0,0.0,0.0,-0.0,-0.009938156350329352,0.008216665457417172,-0.0,0.0,0.0,0.0,0.0,0.0,0.0,0.0,0.0,0.0,0.0,14279.359394818512,-0.010543878089143144,0.02990230042907327,1.7226617033102571,
2020-07-20,92.2245864868164,190.0389862060547,0.0,0.0,0.0,-0.0,-0.0016872457517621564,0.017325764595637727,-0.0,0.0,0.0,0.0,0.0,0.0,0.0,0.0,0.0,0.0,0.0,14279.359394818512,-0.010543878089143144,0.02397845055546055,1.5821899620708781,
2020-07-21,92.76229095458984,188.13351440429688,0.0,0.0,0.0,-0.0,0.005830380902280385,-0.010026741563921804,0.0,0.0,0.0,0.0,0.0,0.0,0.0,0.0,0.0,0.0,0.0,14279.359394818512,-0.010543878089143144,0.03227652634045053,1.6194735792228123,
2020-07-22,92.5129165649414,190.41238403320312,0.0,0.0,0.0,-0.0,-0.0026883164169642093,0.012113044483977431,-0.0,0.0,0.0,0.0,0.0,0.0,0.0,0.0,0.0,0.0,0.0,14279.359394818512,-0.010543878089143144,0.026615995180991447,1.4961375123921776,
2020-07-23,92.0609359741211,189.04312133789065,0.0,0.0,0.0,-0.0,-0.004885594440242724,-0.007191038031820973,0.0,0.0,0.0,0.0,0.0,0.0,0.0,0.0,0.0,0.0,0.0,14279.359394818512,-0.010543878089143144,0.023497822895330867,1.4044419025261954,
2020-07-24,92.2245864868164,186.85997009277344,0.0,0.0,0.0,-0.0,0.0017776325100726798,-0.011548429954323036,0.0,0.0,0.0,0.0,0.0,0.0,0.0,0.0,0.0,0.0,0.0,14279.359394818512,-0.010543878089143144,0.02813777524423,1.4061507800347148,
2020-07-27,94.2974090576172,188.5451812744141,0.0,0.0,0.0,-0.0,0.022475813118415067,0.009018577819551066,0.0,0.0,0.0,0.0,0.0,0.0,0.0,0.0,0.0,0.0,0.0,14279.359394818512,-0.010543878089143144,0.0481511159666459,1.5782868076524559,
2020-07-28,93.21424865722656,188.38247680664065,0.0,0.0,0.0,-0.0,-0.011486640101944001,-0.0008629468367936655,0.0,0.0,0.0,0.0,0.0,0.0,0.0,0.0,0.0,0.0,0.0,14279.359394818512,-0.010543878089143144,0.036810850991327415,1.3990482181251953,
2020-07-29,96.37803649902344,190.1443023681641,0.0,0.0,0.0,-0.0,0.03394103248561242,0.00935238559015139,0.0,0.0,0.0,0.0,0.0,0.0,0.0,0.0,0.0,0.0,0.0,14279.359394818512,-0.010543878089143144,0.06789343058074948,1.7020029921594653,
2020-07-30,110.23313903808594,185.81629943847656,-1.0,0.0,0.0,-0.0,0.1437578834592972,-0.02276167561049236,0.0,0.0,0.0,0.0,0.0,0.0,0.0,0.0,0.0,0.0,0.0,14279.359394818512,-0.010543878089143144,0.20788953311820157,3.0411137734734837,Enter Short Spread
2020-07-31,111.24615478515624,182.3117828369141,-1.0,-1.0,-0.8022105569956678,0.1977894430043322,0.009189756872661548,-0.018860114059707667,-0.01110245143434034,0.0,1.0,-0.6044211139913356,0.8022105569956678,0.8022105569956678,0.1977894430043322,1.0,0.001,9.410227761279378e-05,-0.012196553711953136,14105.200420987325,-0.022611832825649825,0.22173179602545057,2.9299748549417064,
2020-08-03,110.79418182373048,182.5894317626953,-1.0,-1.0,-0.8022105569956678,0.1977894430043322,-0.004062818731115914,0.0015229346203562422,0.0035604564675532045,0.0,1.0,-0.6044211139913356,0.8022105569956678,0.0,0.0,0.0,0.0,9.410227761279378e-05,0.0034663541899404107,14154.094041566565,-0.019223859257166742,0.21728549931450858,2.6844605472916756,
2020-08-04,112.77349853515624,184.1214599609375,-1.0,-1.0,-0.8022105569956678,0.1977894430043322,0.017864807328734855,0.008390563371889481,-0.012671772181986103,0.0,1.0,-0.6044211139913356,0.8022105569956678,0.0,0.0,0.0,0.0,9.410227761279378e-05,-0.012765874459598897,13973.404653942569,-0.031744324342859676,0.23293249735873234,2.638125767161817,
2020-08-05,113.05403137207033,187.7696533203125,-1.0,-1.0,-0.8022105569956678,0.1977894430043322,0.002487577671687058,0.01981405839465422,0.00192345050395991,0.0,1.0,-0.6044211139913356,0.8022105569956678,0.0,0.0,0.0,0.0,9.410227761279378e-05,0.0018293482263471161,13998.966876962291,-0.029973047539945563,0.23057948911817827,2.4556229423009897,
2020-08-06,113.35791778564452,190.32623291015625,-1.0,-1.0,-0.8022105569956678,0.1977894430043322,0.0026879750318153928,0.01361550998596428,0.0005366821888807237,0.0,1.0,-0.6044211139913356,0.8022105569956678,0.0,0.0,0.0,0.0,9.410227761279378e-05,0.0004425799112679299,14005.16253848054,-0.029543733097398328,0.2299295269736057,2.3151839992943217,
2020-08-07,122.26480865478516,188.01858520507807,-1.0,-1.0,-0.8022105569956678,0.1977894430043322,0.07857316933064373,-0.01212469594860055,-0.06543036279192121,0.0,1.0,-0.6044211139913356,0.8022105569956678,0.0,0.0,0.0,0.0,9.410227761279378e-05,-0.06552446506953401,13087.481754934724,-0.09313236085956833,0.30857623655383737,2.7876512720530013,
2020-08-10,124.3609619140625,188.43032836914065,-1.0,-1.0,-0.8022105569956678,0.1977894430043322,0.01714437115912748,0.002189906724452184,-0.013320255105643278,0.0,1.0,-0.6044211139913356,0.8022105569956678,0.0,0.0,0.0,0.0,9.410227761279378e-05,-0.013414357383256073,12911.921597427186,-0.1052974074703078,0.3250359581642561,2.7232251989334118,
2020-08-11,121.44660186767578,189.36868286132807,-1.0,-1.0,-0.8022105569956678,0.1977894430043322,-0.023434685624260765,0.004979848521779129,0.01978451367302524,0.0,1.0,-0.6044211139913356,0.8022105569956678,0.0,0.0,0.0,0.0,9.410227761279378e-05,0.019690411395412447,13166.162645585839,-0.08768034534685609,0.30009755134959937,2.391047969423868,
2020-08-12,122.95832824707033,190.29747009277344,-1.0,-1.0,-0.8022105569956678,0.1977894430043322,0.012447663056407876,0.0049046506392269595,-0.009015558595711817,0.0,1.0,-0.6044211139913356,0.8022105569956678,0.0,0.0,0.0,0.0,9.410227761279378e-05,-0.009109660873324611,13046.223368881518,-0.09599126800881475,0.31126206636203,2.336202440604572,
2020-08-13,124.1271743774414,189.4727783203125,-1.0,-1.0,-0.8022105569956678,0.1977894430043322,0.009506034662592588,-0.004333698036336875,-0.008483001082254565,0.0,1.0,-0.6044211139913356,0.8022105569956678,0.0,0.0,0.0,0.0,9.410227761279378e-05,-0.008577103359867359,12934.324562590704,-0.10374504434132581,0.3217940221542759,2.2812360101214364,
2020-08-14,125.25714874267578,188.57135009765625,-1.0,-1.0,-0.8022105569956678,0.1977894430043322,0.009103360089373957,-0.0047575605881090555,-0.008243806826610267,0.0,1.0,-0.6044211139913356,0.8022105569956678,0.0,0.0,0.0,0.0,9.410227761279378e-05,-0.008337909104223062,12826.479340063304,-0.11121793669581725,0.33203199845961895,2.2295414264272817,
2020-08-17,124.91427612304688,191.24681091308597,-1.0,-1.0,-0.8022105569956678,0.1977894430043322,-0.0027373497087442855,0.014188055683136191,0.00500217846542564,0.0,1.0,-0.6044211139913356,0.8022105569956678,0.0,0.0,0.0,0.0,9.410227761279378e-05,0.004908076187812847,12889.432677885741,-0.10685572661475884,0.32581733554682213,2.079044909603928,
2020-08-18,124.67267608642578,190.84405517578125,-1.0,-1.0,-0.8022105569956678,0.1977894430043322,-0.0019341266996825146,-0.0021059474685188873,0.0011350426802577687,0.0,1.0,-0.6044211139913356,0.8022105569956678,0.0,0.0,0.0,0.0,9.410227761279378e-05,0.0010409404026449748,12902.849809127325,-0.10592601665520118,0.32440111649471626,1.974727261882491,
2020-08-19,124.94540405273438,192.74288940429688,-1.0,-1.0,-0.8022105569956678,0.1977894430043322,0.0021875520352152567,0.009949664016343895,0.00021306116724586826,0.0,1.0,-0.6044211139913356,0.8022105569956678,0.0,0.0,0.0,0.0,9.410227761279378e-05,0.00011895888963307448,12904.384717813722,-0.10581965860689257,0.3241452583431004,1.8882681142664033,
2020-08-20,124.32982635498048,195.77313232421875,-1.0,-1.0,-0.8022105569956678,0.1977894430043322,-0.004926773436933152,0.015721684619792287,0.007061892907072096,0.0,1.0,-0.6044211139913356,0.8022105569956678,0.0,0.0,0.0,0.0,9.410227761279378e-05,0.006967790629459303,12994.299768729443,-0.09958919720308701,0.31536019526624015,1.7540089016407798,
2020-08-21,124.7140655517578,195.7540283203125,-1.0,-1.0,-0.8022105569956678,0.1977894430043322,0.003090482855499621,-9.758235810730653e-05,-0.002498518733153006,0.0,1.0,-0.6044211139913356,0.8022105569956678,0.0,0.0,0.0,0.0,9.410227761279378e-05,-0.0025926210107658,12960.610474128844,-0.10192362116873888,0.3184699730392566,1.7037929265293035,
2020-08-24,125.74923706054688,197.9404296875,-1.0,-1.0,-0.8022105569956678,0.1977894430043322,0.008300358938739594,0.011169125794999735,-0.004449500397671943,0.0,1.0,-0.6044211139913356,0.8022105569956678,0.0,0.0,0.0,0.0,9.410227761279378e-05,-0.004543602675284736,12901.722609705268,-0.10600412340620669,0.32399752905639634,1.6724861927386296,
2020-08-25,124.72193145751952,199.5611114501953,-1.0,-1.0,-0.8022105569956678,0.1977894430043322,-0.008169477819835347,0.008187724787977801,0.00817308687750076,0.0,1.0,-0.6044211139913356,0.8022105569956678,0.0,0.0,0.0,0.0,9.410227761279378e-05,0.008078984599887967,13005.955427981102,-0.09878154448684218,0.3137839889861207,1.5496908637178903,
2020-08-26,124.61213684082033,201.63247680664065,-1.0,-1.0,-0.8022105569956678,0.1977894430043322,-0.0008803152373934031,0.010379604229465711,0.002759174316072569,0.0,1.0,-0.6044211139913356,0.8022105569956678,0.0,0.0,0.0,0.0,9.410227761279378e-05,0.002665072038459775,13040.617236125669,-0.09637973238051012,0.3103573275807894,1.474219262307841,
2020-08-27,125.63948059082033,202.3708953857422,-1.0,-1.0,-0.8022105569956678,0.1977894430043322,0.008244331379312797,0.0036622006077406954,-0.005889345049480222,0.0,1.0,-0.6044211139913356,0.8022105569956678,0.0,0.0,0.0,0.0,9.410227761279378e-05,-0.005983447327093015,12962.58938978053,-0.10178649665550488,0.3176665736552995,1.4660209952625685,
2020-08-28,127.32554626464844,206.85885620117188,-1.0,-1.0,-0.8022105569956678,0.1977894430043322,0.013419871412229556,0.02217690842784048,-0.0063792041549142605,0.0,1.0,-0.6044211139913356,0.8022105569956678,0.0,0.0,0.0,0.0,9.410227761279378e-05,-0.006473306432527054,12878.678576501457,-0.10760090790448751,0.32558910508075,1.462184683295495,
2020-08-31,128.3136749267578,203.2914886474609,-1.0,-1.0,-0.8022105569956678,0.1977894430043322,0.007760647341386928,-0.01724541853911088,-0.00963663495360828,0.0,1.0,-0.6044211139913356,0.8022105569956678,0.0,0.0,0.0,0.0,9.410227761279378e-05,-0.009730737231221075,12753.359539388164,-0.11628460897504933,0.3376088370780652,1.4810186491369763,
2020-09-01,127.55299377441406,204.5956878662109,-1.0,-1.0,-0.8022105569956678,0.1977894430043322,-0.005928293712871624,0.006415414769339822,0.006024641115306151,0.0,1.0,-0.6044211139913356,0.8022105569956678,0.0,0.0,0.0,0.0,9.410227761279378e-05,0.005930538837693357,12828.993833447574,-0.11104370052710844,0.3300861975458893,1.3820356111189025,
2020-09-02,130.00753784179688,207.5972442626953,-1.0,-1.0,-0.8022105569956678,0.1977894430043322,0.01924332777107396,0.014670672817147512,-0.01253549648468104,0.0,1.0,-0.6044211139913356,0.8022105569956678,0.0,0.0,0.0,0.0,9.410227761279378e-05,-0.012629598762293835,12666.968788807188,-0.12227086190666459,0.34555585484959783,1.4243059856672144,
2020-09-03,123.92204284667967,200.38580322265625,-1.0,-1.0,-0.8022105569956678,0.1977894430043322,-0.04680878582996084,-0.03473765302449605,0.03067976110995098,0.0,1.0,-0.6044211139913356,0.8022105569956678,0.0,0.0,0.0,0.0,9.410227761279378e-05,0.030585658832338186,13054.396374621518,-0.09542493794173978,0.306333161247605,1.1453760105190616,
2020-09-04,126.08645629882812,196.2622528076172,-1.0,-1.0,-0.8022105569956678,0.1977894430043322,0.017465927791606273,-0.020578056672294398,-0.018081474029475273,0.0,1.0,-0.6044211139913356,0.8022105569956678,0.0,0.0,0.0,0.0,9.410227761279378e-05,-0.018175576307088066,12817.12519717161,-0.11186611100766863,0.328774876486875,1.2446578376520934,
2020-09-08,122.69078063964844,191.90850830078125,-1.0,-1.0,-0.8022105569956678,0.1977894430043322,-0.026931327589474363,-0.022183300377702442,0.017216972680481463,0.0,1.0,-0.6044211139913356,0.8022105569956678,0.0,0.0,0.0,0.0,9.410227761279378e-05,0.01712287040286867,13036.591170860123,-0.09665870952605715,0.3070052476327476,1.077315015205455,
2020-09-09,125.31793212890624,195.68685913085935,-1.0,-1.0,-0.8022105569956678,0.1977894430043322,0.021412786482905677,0.01968829242399317,-0.013283426979033047,0.0,1.0,-0.6044211139913356,0.8022105569956678,0.0,0.0,0.0,0.0,9.410227761279378e-05,-0.01337752925664584,12862.19379106501,-0.10874318406810857,0.3233849120652452,1.1425440520168002,
2020-09-10,123.82008361816406,193.270263671875,-1.0,-1.0,-0.8022105569956678,0.1977894430043322,-0.01195238770139806,-0.012349298617789772,0.007145770700259897,0.0,1.0,-0.6044211139913356,0.8022105569956678,0.0,0.0,0.0,0.0,9.410227761279378e-05,0.007051668422647104,12952.893716867433,-0.10245833652273251,0.31442426475479945,1.0526074211981389,
2020-09-11,124.58861541748048,192.44552612304688,-1.0,-1.0,-0.8022105569956678,0.1977894430043322,0.006206842838892168,-0.00426727595419607,-0.005823216985098479,0.0,1.0,-0.6044211139913356,0.8022105569956678,0.0,0.0,0.0,0.0,9.410227761279378e-05,-0.005917319262711273,12876.247309368762,-0.10776937709711243,0.3216662961847494,1.0641890093740465,
2020-09-14,125.58455657958984,196.5691070556641,-1.0,-1.0,-0.8022105569956678,0.1977894430043322,0.00799383762932182,0.02142726316215149,-0.0021746544912019964,0.0,1.0,-0.6044211139913356,0.8022105569956678,0.0,0.0,0.0,0.0,9.410227761279378e-05,-0.0022687567688147903,12847.034236128698,-0.10979363136216724,0.3244011467611425,1.0480509900875503,
2020-09-15,126.67466735839844,196.9622802734375,-1.0,-1.0,-0.8022105569956678,0.1977894430043322,0.008680293250211246,0.0020001780730583008,-0.006567808776158019,0.0,1.0,-0.6044211139913356,0.8022105569956678,0.0,0.0,0.0,0.0,9.410227761279378e-05,-0.006661911053770813,12761.448436742861,-0.11572410700953273,0.33255132046151337,1.0664766249454847,
2020-09-16,125.3728256225586,196.71295166015625,-1.0,-1.0,-0.8022105569956678,0.1977894430043322,-0.0102770487816366,-0.0012658698555637615,0.007993981333740414,0.0,1.0,-0.6044211139913356,0.8022105569956678,0.0,0.0,0.0,0.0,9.410227761279378e-05,0.00789987905612762,12862.262335974137,-0.10873843440265885,0.3225334031033089,0.9715748250821371,
2020-09-17,125.2787094116211,196.8472595214844,-1.0,-1.0,-0.8022105569956678,0.1977894430043322,-0.0007506906737576591,0.0006827606428283506,0.000737254830776884,0.0,1.0,-0.6044211139913356,0.8022105569956678,0.0,0.0,0.0,0.0,9.410227761279378e-05,0.0006431525531640903,12870.534732834984,-0.10816521725120809,0.3216141495544804,0.9350345139093742,
2020-09-18,125.20812225341795,194.2963409423828,-1.0,-1.0,-0.8022105569956678,0.1977894430043322,-0.0005634409752036662,-0.012958872708223712,-0.002111129916371295,0.0,1.0,-0.6044211139913356,0.8022105569956678,0.0,0.0,0.0,0.0,9.410227761279378e-05,-0.002205232193984089,12842.152215288346,-0.11013192002584038,0.32426651435499587,0.9227497552415521,
2020-09-21,126.30603790283205,189.3480987548828,-1.0,-1.0,-0.8022105569956678,0.1977894430043322,0.008768725460093885,-0.025467500641030427,-0.012071566901985891,0.0,1.0,-0.6044211139913356,0.8022105569956678,0.0,0.0,0.0,0.0,9.410227761279378e-05,-0.012165669179598685,12685.9188398831,-0.12095776070029063,0.33935751191926045,0.9925238798045313,
2020-09-22,126.95694732666016,192.33045959472656,-1.0,-1.0,-0.8022105569956678,0.1977894430043322,0.005153430783165325,0.015750677505901534,-0.001018818848168547,0.0,1.0,-0.6044211139913356,0.8022105569956678,0.0,0.0,0.0,0.0,9.410227761279378e-05,-0.0011129211257813409,12671.800412806248,-0.12193606537886126,0.3406445585315694,0.9729089494444747,
2020-09-23,126.69027709960938,187.3534698486328,-1.0,-1.0,-0.8022105569956678,0.1977894430043322,-0.002100477623840802,-0.025877283070924517,-0.003433228080485329,0.0,1.0,-0.6044211139913356,0.8022105569956678,0.0,0.0,0.0,0.0,9.410227761279378e-05,-0.0035273303580981227,12627.102786518393,-0.12503328695180171,0.3450060621650466,0.9740706756478839,
2020-09-24,125.79629516601562,187.49729919433597,-1.0,-1.0,-0.8022105569956678,0.1977894430043322,-0.007056436800519927,0.0007676897888220235,0.00581258903188104,0.0,1.0,-0.6044211139913356,0.8022105569956678,0.0,0.0,0.0,0.0,9.410227761279378e-05,0.005718486754268247,12699.310706547883,-0.12002980139280983,0.3377354054292321,0.8953306542750926,
2020-09-25,130.27418518066406,189.1563415527344,-1.0,-1.0,-0.8022105569956678,0.1977894430043322,0.03559635845188347,0.008848353365767059,-0.02680566365698231,0.0,1.0,-0.6044211139913356,0.8022105569956678,0.0,0.0,0.0,0.0,9.410227761279378e-05,-0.026899765934595102,12357.702221011048,-0.1437007937647624,0.3705408428355559,1.095453235262793,
2020-09-28,132.45433044433594,192.10028076171875,-1.0,-1.0,-0.8022105569956678,0.1977894430043322,0.01673505200319192,0.015563523722325723,-0.01034673470060854,0.0,1.0,-0.6044211139913356,0.8022105569956678,0.0,0.0,0.0,0.0,9.410227761279378e-05,-0.010440836978221334,12228.67746669607,-0.15264127418164475,0.383329688556332,1.15359024270074,
2020-09-29,132.14064025878906,191.2564697265625,-1.0,-1.0,-0.8022105569956678,0.1977894430043322,-0.0023682893907247538,-0.00439255492917745,0.0010310657584522939,0.0,1.0,-0.6044211139913356,0.8022105569956678,0.0,0.0,0.0,0.0,9.410227761279378e-05,0.0009369634808395001,12240.135290901331,-0.15184733000038209,0.38204398458412414,1.1118995564945982,
2020-09-30,130.6741485595703,191.76467895507807,-1.0,-1.0,-0.8022105569956678,0.1977894430043322,-0.011097961205172924,0.0026572132657376457,0.009428470371692055,0.0,1.0,-0.6044211139913356,0.8022105569956678,0.0,0.0,0.0,0.0,9.410227761279378e-05,0.009334368094079261,12354.389219227933,-0.14393036077862964,0.3702296998487966,0.9963383706769549,
2020-10-01,131.47406005859375,195.0060272216797,-1.0,-1.0,-0.8022105569956678,0.1977894430043322,0.006121421167391672,0.01690273873303294,-0.0015674854050440066,0.0,1.0,-0.6044211139913356,0.8022105569956678,0.0,0.0,0.0,0.0,9.410227761279378e-05,-0.0016615876826568004,12333.861318274516,-0.14535279554665625,0.3721998265024187,0.9839531036358223,
2020-10-02,130.93292236328125,193.1935577392578,-1.0,-1.0,-0.8022105569956678,0.1977894430043322,-0.004115927469428793,-0.0092944280145838,0.0014635007277558503,0.0,1.0,-0.6044211139913356,0.8022105569956678,0.0,0.0,0.0,0.0,9.410227761279378e-05,0.0013693984501430565,12350.751288848038,-0.14418244298945893,0.3703777138161326,0.9441777790591491,
2020-10-05,132.65818786621094,195.1881561279297,-1.0,-1.0,-0.8022105569956678,0.1977894430043322,0.013176712715101901,0.010324352488833455,-0.008528450118407034,0.0,1.0,-0.6044211139913356,0.8022105569956678,0.0,0.0,0.0,0.0,9.410227761279378e-05,-0.008622552396019828,12244.256288729737,-0.151561774716216,0.3809358933825877,1.001345266069511,
2020-10-06,132.80723571777344,192.2250061035156,-1.0,-1.0,-0.8022105569956678,0.1977894430043322,0.001123548074641434,-0.015180992961847495,-0.0039039622689460186,0.0,1.0,-0.6044211139913356,0.8022105569956678,0.0,0.0,0.0,0.0,9.410227761279378e-05,-0.003998064546558812,12195.302961762789,-0.15495388550466815,0.38583047015882177,1.0179545268568333,
2020-10-07,137.23019409179688,194.162109375,-1.0,-1.0,-0.8022105569956678,0.1977894430043322,0.0333035948690521,0.010077269917948328,-0.024723317785785036,0.0,1.0,-0.6044211139913356,0.8022105569956678,0.0,0.0,0.0,0.0,9.410227761279378e-05,-0.02481742006339783,11892.647005360323,-0.17592574990104104,0.41611934241003046,1.2442893647555016,
2020-10-08,136.61851501464844,194.6511993408203,-1.0,-1.0,-0.8022105569956678,0.1977894430043322,-0.004457321373015577,0.0025189774018972155,0.004073937398617271,0.0,1.0,-0.6044211139913356,0.8022105569956678,0.0,0.0,0.0,0.0,9.410227761279378e-05,0.003979835121004477,11939.977779593964,-0.17264607025818168,0.41103177068947794,1.1748088791292715,
2020-10-09,136.99493408203125,198.1609649658203,-1.0,-1.0,-0.8022105569956678,0.1977894430043322,0.0027552566161508363,0.018031050601720944,0.0013560555105889536,0.0,1.0,-0.6044211139913356,0.8022105569956678,0.0,0.0,0.0,0.0,9.410227761279378e-05,0.0012619532329761598,11955.045473154587,-0.17160198829172846,0.4093771879923822,1.1354785904768818,
2020-10-12,138.4457550048828,197.93084716796875,-1.0,-1.0,-0.8022105569956678,0.1977894430043322,0.01059032534723392,-0.0011612670431396799,-0.008725357157211747,0.0,1.0,-0.6044211139913356,0.8022105569956678,0.0,0.0,0.0,0.0,9.410227761279378e-05,-0.008819459434824541,11849.608434562617,-0.17890801095187892,0.42019831182162926,1.2120436798313488,
2020-10-13,137.49685668945312,195.93624877929688,-1.0,-1.0,-0.8022105569956678,0.1977894430043322,-0.006853935791647947,-0.010077248782647819,0.003505126225294446,0.0,1.0,-0.6044211139913356,0.8022105569956678,0.0,0.0,0.0,0.0,9.410227761279378e-05,0.0034110239476816523,11890.02773270356,-0.17610724651398624,0.41581798498968214,1.1585443763219054,
2020-10-14,136.75186157226562,193.90318298339844,-1.0,-1.0,-0.8022105569956678,0.1977894430043322,-0.005418270170860162,-0.010376159636436122,0.002294298696704008,0.0,1.0,-0.6044211139913356,0.8022105569956678,0.0,0.0,0.0,0.0,9.410227761279378e-05,0.002200196419091214,11916.18812914395,-0.17429452062805117,0.41295664740945703,1.120713758700686,
2020-10-15,136.48516845703125,191.36192321777344,-1.0,-1.0,-0.8022105569956678,0.1977894430043322,-0.001950197329441461,-0.013105817689658905,-0.0010277234950512608,0.0,1.0,-0.6044211139913356,0.8022105569956678,0.0,0.0,0.0,0.0,9.410227761279378e-05,-0.0011218257726640546,11902.820242188764,-0.17522081831544045,0.4142572190319509,1.1326051174082907,
2020-10-16,136.7989044189453,192.0428009033203,-1.0,-1.0,-0.8022105569956678,0.1977894430043322,0.00229868172095804,0.0035580625136799604,-0.001140279540970156,0.0,1.0,-0.6044211139913356,0.8022105569956678,0.0,0.0,0.0,0.0,9.410227761279378e-05,-0.0012343818185829498,11888.127617291944,-0.17623891074165765,0.415677559844563,1.1592700453745048,
2020-10-19,134.96383666992188,188.88780212402344,-1.0,-1.0,-0.8022105569956678,0.1977894430043322,-0.013414345362032676,-0.01642862301766357,0.007511721268616657,0.0,1.0,-0.6044211139913356,0.8022105569956678,0.0,0.0,0.0,0.0,9.410227761279378e-05,0.007417618991003864,11976.309218473445,-0.17012856484192496,0.4062566386777895,1.0719510136249044,
2020-10-20,137.14393615722656,189.5878753662109,-1.0,-1.0,-0.8022105569956678,0.1977894430043322,0.01615321215739085,0.0037062914297016913,-0.012225212004557279,0.0,1.0,-0.6044211139913356,0.8022105569956678,0.0,0.0,0.0,0.0,9.410227761279378e-05,-0.012319314282170073,11828.76930127062,-0.18035201186543282,0.4213686584568834,1.300917237041784,
2020-10-21,135.4578857421875,190.2878570556641,-1.0,-1.0,-0.8022105569956678,0.1977894430043322,-0.01229402088260112,0.0036921226534190055,0.010592656223071237,0.0,1.0,-0.6044211139913356,0.8022105569956678,0.0,0.0,0.0,0.0,9.410227761279378e-05,0.010498553945458443,11952.954273888394,-0.17174689324571546,0.4080898040861636,1.194104900354106,
2020-10-22,135.6617431640625,189.86593627929688,0.0,-1.0,-0.8022105569956678,0.1977894430043322,0.0015049505664290752,-0.0022172764089922747,-0.0016458410980672421,0.0,1.0,-0.6044211139913356,0.8022105569956678,0.0,0.0,0.0,0.0,9.410227761279378e-05,-0.001739943375680036,11932.156810279736,-0.17318800675219903,0.4101409120624895,1.3376698160594416,Time Exit Short Spread
2020-10-23,134.80694580078125,189.8851318359375,0.0,0.0,0.0,-0.0,-0.006300946334203417,0.00010110058189893856,-0.0,0.0,0.0,0.0,0.0,0.8022105569956678,0.1977894430043322,1.0,0.001,0.0,-0.001,11920.224653469455,-0.1740148187454469,0.40379510533649565,1.2063019356709819,
2020-10-26,131.74851989746094,185.14784240722656,0.0,0.0,0.0,-0.0,-0.022687450451107205,-0.02494818516282782,0.0,0.0,0.0,0.0,0.0,0.0,0.0,0.0,0.0,0.0,0.0,11920.224653469455,-0.1740148187454469,0.3870754775761589,0.8625560481783314,
2020-10-27,133.9756622314453,182.26133728027344,0.0,0.0,0.0,-0.0,0.016904496048363526,-0.015590271479396178,0.0,0.0,0.0,0.0,0.0,0.0,0.0,0.0,0.0,0.0,0.0,11920.224653469455,-0.1740148187454469,0.4077128288215135,1.2755260377172828,
2020-10-28,122.1653823852539,173.44837951660156,0.0,0.0,0.0,-0.0,-0.08815242745946605,-0.048353413264600964,0.0,0.0,0.0,0.0,0.0,0.0,0.0,0.0,0.0,0.0,0.0,11920.224653469455,-0.1740148187454469,0.3276500633262984,-0.4881412709488507,
2020-10-29,126.54132080078124,177.28428649902344,0.0,0.0,0.0,-0.0,0.03581979059933382,0.022115553878984118,0.0,0.0,0.0,0.0,0.0,0.0,0.0,0.0,0.0,0.0,0.0,11920.224653469455,-0.1740148187454469,0.35744995318548156,0.1415765591066534,
2020-10-30,123.2083740234375,174.2539825439453,0.0,0.0,0.0,-0.0,-0.026338801873191486,-0.017092907752401465,0.0,0.0,0.0,0.0,0.0,0.0,0.0,0.0,0.0,0.0,0.0,11920.224653469455,-0.1740148187454469,0.3350088557905009,-0.47110462663936964,
2020-11-02,125.12189483642578,177.15960693359375,0.0,0.0,0.0,-0.0,0.015530769139314282,0.016674651260355944,0.0,0.0,0.0,0.0,0.0,0.0,0.0,0.0,0.0,0.0,0.0,11920.224653469455,-0.1740148187454469,0.3463429298231995,-0.19726709193435804,
2020-11-03,128.20387268066406,180.61192321777344,0.0,0.0,0.0,-0.0,0.0246318028372845,0.019487039647100524,0.0,0.0,0.0,0.0,0.0,0.0,0.0,0.0,0.0,0.0,0.0,11920.224653469455,-0.1740148187454469,0.3659178385462627,0.29650573866323726,
2020-11-04,127.49803924560548,186.01089477539065,0.0,0.0,0.0,-0.0,-0.0055055547098542545,0.029892664124435475,-0.0,0.0,0.0,0.0,0.0,0.0,0.0,0.0,0.0,0.0,0.0,11920.224653469455,-0.1740148187454469,0.3531348812710726,-0.06233756123474443,
2020-11-05,128.26663208007812,189.5303192138672,0.0,0.0,0.0,-0.0,0.006028271799475071,0.01892052851380699,0.0,0.0,0.0,0.0,0.0,0.0,0.0,0.0,0.0,0.0,0.0,11920.224653469455,-0.1740148187454469,0.3545236778204044,-0.045080740149753266,
2020-11-06,131.49757385253906,190.3263092041016,0.0,0.0,0.0,-0.0,0.02518926177498626,0.004199802931457164,0.0,0.0,0.0,0.0,0.0,0.0,0.0,0.0,0.0,0.0,0.0,11920.224653469455,-0.1740148187454469,0.3783676027406764,0.5748874080915859,
2020-11-09,127.99994659423828,203.95315551757807,0.0,0.0,0.0,-0.0,-0.026598416653854096,0.07159728137670851,-0.0,0.0,0.0,0.0,0.0,0.0,0.0,0.0,0.0,0.0,0.0,11920.224653469455,-0.1740148187454469,0.33435965407322743,-0.6183451930754469,
2020-11-10,129.1841278076172,204.5573272705078,0.0,0.0,0.0,-0.0,0.009251419589515697,0.002962306473741627,0.0,0.0,0.0,0.0,0.0,0.0,0.0,0.0,0.0,0.0,0.0,11920.224653469455,-0.1740148187454469,0.3428392480441844,-0.39815592362262064,
2020-11-11,130.68194580078125,203.9723358154297,0.0,0.0,0.0,-0.0,0.011594442897773227,-0.0028597922298062572,0.0,0.0,0.0,0.0,0.0,0.0,0.0,0.0,0.0,0.0,0.0,11920.224653469455,-0.1740148187454469,0.3550730981736874,-0.07949419338794024,
2020-11-12,128.69371032714844,200.01547241210935,0.0,0.0,0.0,-0.0,-0.01521430876659724,-0.019399019908762694,0.0,0.0,0.0,0.0,0.0,0.0,0.0,0.0,0.0,0.0,0.0,11920.224653469455,-0.1740148187454469,0.34457180080016037,-0.3790595091217194,
2020-11-13,129.13552856445312,202.1475830078125,0.0,0.0,0.0,-0.0,0.0034330989151027946,0.010659728319968087,0.0,0.0,0.0,0.0,0.0,0.0,0.0,0.0,0.0,0.0,0.0,11920.224653469455,-0.1740148187454469,0.3453847144686222,-0.3744806718095647,
2020-11-16,132.89907836914062,204.27967834472656,0.0,0.0,0.0,-0.0,0.029144185543090506,0.010547221516032934,0.0,0.0,0.0,0.0,0.0,0.0,0.0,0.0,0.0,0.0,0.0,11920.224653469455,-0.1740148187454469,0.3715254260220038,0.33312040678731103,
2020-11-17,133.24624633789062,202.36846923828125,0.0,0.0,0.0,-0.0,0.0026122676922235577,-0.009355845485619518,0.0,0.0,0.0,0.0,0.0,0.0,0.0,0.0,0.0,0.0,0.0,11920.224653469455,-0.1740148187454469,0.376451881555081,0.4503534557781552,
2020-11-18,132.90692138671875,199.6024627685547,0.0,0.0,0.0,-0.0,-0.0025466004521538244,-0.013668169157665,0.0,0.0,0.0,0.0,0.0,0.0,0.0,0.0,0.0,0.0,0.0,11920.224653469455,-0.1740148187454469,0.37729523823010536,0.4502565791093847,
2020-11-19,131.3526153564453,199.35276794433597,0.0,0.0,0.0,-0.0,-0.011694695912418895,-0.001250960638237486,0.0,0.0,0.0,0.0,0.0,0.0,0.0,0.0,0.0,0.0,0.0,11920.224653469455,-0.1740148187454469,0.36584024582824104,0.09620524170439154,
2020-11-20,129.20655822753906,195.80886840820312,0.0,0.0,0.0,-0.0,-0.016338137791033658,-0.017777026989273526,0.0,0.0,0.0,0.0,0.0,0.0,0.0,0.0,0.0,0.0,0.0,11920.224653469455,-0.1740148187454469,0.35378961957864785,-0.2782526953824321,
2020-11-23,131.44729614257812,199.91943359375,0.0,0.0,0.0,-0.0,0.017342292417487082,0.020992742662592656,0.0,0.0,0.0,0.0,0.0,0.0,0.0,0.0,0.0,0.0,0.0,11920.224653469455,-0.1740148187454469,0.3658609534665944,0.06102186527778265,
2020-11-24,136.2523193359375,201.3792266845703,0.0,0.0,0.0,-0.0,0.036554751100756455,0.00730190689608845,0.0,0.0,0.0,0.0,0.0,0.0,0.0,0.0,0.0,0.0,0.0,11920.224653469455,-0.1740148187454469,0.3999696436367701,1.0494568653407579,
2020-11-25,134.52438354492188,202.54132080078125,0.0,0.0,0.0,-0.0,-0.012681881669517114,0.00577067523469621,-0.0,0.0,0.0,0.0,0.0,0.0,0.0,0.0,0.0,0.0,0.0,11920.224653469455,-0.1740148187454469,0.38578795815894207,0.6014075992164089,
2020-11-27,133.25413513183594,202.64697265625,0.0,0.0,0.0,-0.0,-0.009442514283380943,0.000521631117300192,-0.0,0.0,0.0,0.0,0.0,0.0,0.0,0.0,0.0,0.0,0.0,11920.224653469455,-0.1740148187454469,0.37617200319953725,0.29749827368003884,
2020-11-30,134.97412109375,202.022705078125,0.0,0.0,0.0,-0.0,0.012907561631857689,-0.003080567007452628,0.0,0.0,0.0,0.0,0.0,0.0,0.0,0.0,0.0,0.0,0.0,11920.224653469455,-0.1740148187454469,0.38975767532036,0.6817857710402903,
2020-12-01,132.52035522460938,202.83909606933597,0.0,0.0,0.0,-0.0,-0.018179528410755874,0.004041085336894401,-0.0,0.0,0.0,0.0,0.0,0.0,0.0,0.0,0.0,0.0,0.0,11920.224653469455,-0.1740148187454469,0.37041652468145037,0.06338534588232556,
2020-12-02,133.20677185058594,201.8594665527344,0.0,0.0,0.0,-0.0,0.00517970710849025,-0.004829589243814714,0.0,0.0,0.0,0.0,0.0,0.0,0.0,0.0,0.0,0.0,0.0,11920.224653469455,-0.1740148187454469,0.3767765098871423,0.23330953361334197,
2020-12-03,132.4177703857422,199.81378173828125,0.0,0.0,0.0,-0.0,-0.005923133290316129,-0.010134203014544929,0.0,0.0,0.0,0.0,0.0,0.0,0.0,0.0,0.0,0.0,0.0,11920.224653469455,-0.1740148187454469,0.37334715605999436,0.09748641058561586,
2020-12-04,131.96017456054688,204.26043701171875,0.0,0.0,0.0,-0.0,-0.0034556980068634058,0.022253996870254866,-0.0,0.0,0.0,0.0,0.0,0.0,0.0,0.0,0.0,0.0,0.0,11920.224653469455,-0.1740148187454469,0.3644587887212145,-0.22921621052296834,
2020-12-07,132.13375854492188,204.23165893554688,0.0,0.0,0.0,-0.0,0.0013154270593613848,-0.000140889134444655,0.0,0.0,0.0,0.0,0.0,0.0,0.0,0.0,0.0,0.0,0.0,11920.224653469455,-0.1740148187454469,0.36580809080578414,-0.21350282768098286,
2020-12-08,131.2816162109375,204.346923828125,0.0,0.0,0.0,-0.0,-0.006449088736809605,0.0005643830793857774,-0.0,0.0,0.0,0.0,0.0,0.0,0.0,0.0,0.0,0.0,0.0,11920.224653469455,-0.1740148187454469,0.3591990043417228,-0.47335515621399044,
2020-12-09,133.48291015625,201.2832489013672,0.0,0.0,0.0,-0.0,0.016767724292604314,-0.014992517965842445,0.0,0.0,0.0,0.0,0.0,0.0,0.0,0.0,0.0,0.0,0.0,11920.224653469455,-0.1740148187454469,0.3795521803409181,0.22499918452971543,
2020-12-10,129.5852813720703,199.3912048339844,0.0,0.0,0.0,-0.0,-0.029199459163853025,-0.009399908227385234,0.0,0.0,0.0,0.0,0.0,0.0,0.0,0.0,0.0,0.0,0.0,11920.224653469455,-0.1740148187454469,0.3522464929535922,-0.797407481784075,
2020-12-11,132.86749267578125,198.0754547119141,0.0,0.0,0.0,-0.0,0.025328581062280753,-0.006598837311634798,0.0,0.0,0.0,0.0,0.0,0.0,0.0,0.0,0.0,0.0,0.0,11920.224653469455,-0.1740148187454469,0.3788919926647776,0.15745028197872832,
2020-12-14,131.4630889892578,199.04544067382807,0.0,0.0,0.0,-0.0,-0.010569957016878573,0.004897052809116342,-0.0,0.0,0.0,0.0,0.0,0.0,0.0,0.0,0.0,0.0,0.0,11920.224653469455,-0.1740148187454469,0.36706132817520376,-0.33192442204927114,
2020-12-15,131.8970489501953,200.1115264892578,0.0,0.0,0.0,-0.0,0.003301002313835566,0.005355992138381671,0.0,0.0,0.0,0.0,0.0,0.0,0.0,0.0,0.0,0.0,0.0,11920.224653469455,-0.1740148187454469,0.3690398685505707,-0.2780777748884305,
2020-12-16,134.2324676513672,200.02508544921875,0.0,0.0,0.0,-0.0,0.017706375690435205,-0.00043196432287329056,0.0,0.0,0.0,0.0,0.0,0.0,0.0,0.0,0.0,0.0,0.0,11920.224653469455,-0.1740148187454469,0.38669783874883645,0.40537211114671373,
2020-12-17,137.6725311279297,202.81985473632807,0.0,0.0,0.0,-0.0,0.025627655788144743,0.013972093954279785,0.0,0.0,0.0,0.0,0.0,0.0,0.0,0.0,0.0,0.0,0.0,11920.224653469455,-0.1740148187454469,0.40858155848146294,1.254549898174116,
2020-12-18,138.2169189453125,202.94471740722656,0.0,0.0,0.0,-0.0,0.003954222479406244,0.000615633371105595,0.0,0.0,0.0,0.0,0.0,0.0,0.0,0.0,0.0,0.0,0.0,11920.224653469455,-0.1740148187454469,0.41237624246767157,1.3680847546375494,
2020-12-21,136.1734161376953,200.73577880859372,0.0,0.0,0.0,-0.0,-0.014784751557265774,-0.010884435066128906,0.0,0.0,0.0,0.0,0.0,0.0,0.0,0.0,0.0,0.0,0.0,11920.224653469455,-0.1740148187454469,0.4001794363766811,0.8428955983323136,
2020-12-22,137.7277374267578,197.6912384033203,0.0,0.0,0.0,-0.0,0.011414278448377946,-0.015166904591415453,0.0,0.0,0.0,0.0,0.0,0.0,0.0,0.0,0.0,0.0,0.0,11920.224653469455,-0.1740148187454469,0.4152971957735623,1.4142862486023808,
2020-12-23,136.21282958984375,197.17266845703125,0.0,0.0,0.0,-0.0,-0.010999293716849712,-0.002623130647960714,0.0,0.0,0.0,0.0,0.0,0.0,0.0,0.0,0.0,0.0,0.0,11920.224653469455,-0.1740148187454469,0.40488455963765313,0.9730488952699271,
2020-12-24,135.85781860351562,200.4380798339844,0.0,0.0,0.0,-0.0,-0.0026062962453471394,0.0165611765692808,-0.0,0.0,0.0,0.0,0.0,0.0,0.0,0.0,0.0,0.0,0.0,11920.224653469455,-0.1740148187454469,0.398225054524487,0.6874050893432845,
2020-12-28,135.2029266357422,204.2124786376953,0.0,0.0,0.0,-0.0,-0.004820421632741323,0.018830747165593964,-0.0,0.0,0.0,0.0,0.0,0.0,0.0,0.0,0.0,0.0,0.0,11920.224653469455,-0.1740148187454469,0.3887933252688536,0.30178926590239497,
2020-12-29,133.36460876464844,205.8835601806641,0.0,0.0,0.0,-0.0,-0.013596731349214575,0.008183053034352294,-0.0,0.0,0.0,0.0,0.0,0.0,0.0,0.0,0.0,0.0,0.0,11920.224653469455,-0.1740148187454469,0.37309394514262606,-0.32408689530318474,
2020-12-30,131.1553955078125,209.7156219482422,0.0,0.0,0.0,-0.0,-0.016565213794722644,0.018612762302222752,-0.0,0.0,0.0,0.0,0.0,0.0,0.0,0.0,0.0,0.0,0.0,11920.224653469455,-0.1740148187454469,0.35184309965415816,-1.1371695128674795,
2020-12-31,132.86749267578125,210.07098388671875,0.0,0.0,0.0,-0.0,0.013053959094399437,0.001694494359434362,0.0,0.0,0.0,0.0,0.0,0.0,0.0,0.0,0.0,0.0,0.0,11920.224653469455,-0.1740148187454469,0.36439515675767176,-0.6275978012066645,
2021-01-04,129.2381134033203,209.13938903808597,0.0,0.0,0.0,-0.0,-0.027315780552262137,-0.004434666946364851,0.0,0.0,0.0,0.0,0.0,0.0,0.0,0.0,0.0,0.0,0.0,11920.224653469455,-0.1740148187454469,0.3377951872981373,-1.610356452625153,
2021-01-05,127.4392318725586,206.0179901123047,0.0,0.0,0.0,-0.0,-0.013919125584477166,-0.014924969132490085,0.0,0.0,0.0,0.0,0.0,0.0,0.0,0.0,0.0,0.0,0.0,11920.224653469455,-0.1740148187454469,0.32748585288099163,-1.921205546554672,
2021-01-06,127.06048583984376,204.202880859375,0.0,0.0,0.0,-0.0,-0.0029719735998846586,-0.008810440544246845,0.0,0.0,0.0,0.0,0.0,0.0,0.0,0.0,0.0,0.0,0.0,11920.224653469455,-0.1740148187454469,0.32669134284592305,-1.865389783876498,
2021-01-07,125.45092010498048,205.34573364257807,0.0,0.0,0.0,-0.0,-0.012667712737161163,0.0055966535750791024,-0.0,0.0,0.0,0.0,0.0,0.0,0.0,0.0,0.0,0.0,0.0,11920.224653469455,-0.1740148187454469,0.3125666717104676,-2.2771994866298724,
2021-01-08,124.96963500976562,206.9208068847656,0.0,0.0,0.0,-0.0,-0.0038364413334880387,0.007670348023539164,-0.0,0.0,0.0,0.0,0.0,0.0,0.0,0.0,0.0,0.0,0.0,11920.224653469455,-0.1740148187454469,0.3068389017721076,-2.351071563902322,
2021-01-11,127.70746612548828,204.4621734619141,0.0,0.0,0.0,-0.0,0.021907970808338506,-0.01188200191110178,0.0,0.0,0.0,0.0,0.0,0.0,0.0,0.0,0.0,0.0,0.0,11920.224653469455,-0.1740148187454469,0.3314574582605412,-1.4244066310065393,
2021-01-12,129.3248748779297,200.5917205810547,0.0,0.0,0.0,-0.0,0.012664950621227522,-0.01892992143889327,0.0,0.0,0.0,0.0,0.0,0.0,0.0,0.0,0.0,0.0,0.0,11920.224653469455,-0.1740148187454469,0.3487548969751111,-0.7796133670962112,
2021-01-13,128.69371032714844,201.06231689453125,0.0,0.0,0.0,-0.0,-0.00488045746324528,0.002346040564951357,-0.0,0.0,0.0,0.0,0.0,0.0,0.0,0.0,0.0,0.0,0.0,11920.224653469455,-0.1740148187454469,0.34328473938066284,-0.9490226413707957,
2021-01-14,128.97772216796875,193.86883544921875,0.0,0.0,0.0,-0.0,0.0022068820620551044,-0.03577737268931347,0.0,0.0,0.0,0.0,0.0,0.0,0.0,0.0,0.0,0.0,0.0,11920.224653469455,-0.1740148187454469,0.3544719644247951,-0.5124139741658287,
2021-01-15,125.37201690673828,193.6094970703125,0.0,0.0,0.0,-0.0,-0.027956031480651622,-0.00133770019459456,0.0,0.0,0.0,0.0,0.0,0.0,0.0,0.0,0.0,0.0,0.0,11920.224653469455,-0.1740148187454469,0.32644776214791404,-1.5216547514997518,
2021-01-19,123.3048324584961,193.67672729492188,0.0,0.0,0.0,-0.0,-0.01648840386591155,0.0003472465226483923,-0.0,0.0,0.0,0.0,0.0,0.0,0.0,0.0,0.0,0.0,0.0,11920.224653469455,-0.1740148187454469,0.30973631091929055,-2.059570340462198,
2021-01-20,126.1136703491211,197.85450744628903,0.0,0.0,0.0,-0.0,0.022779625377378876,0.02157089398255585,0.0,0.0,0.0,0.0,0.0,0.0,0.0,0.0,0.0,0.0,0.0,11920.224653469455,-0.1740148187454469,0.32699848147847965,-1.375694647948752,
2021-01-21,126.3188247680664,197.01898193359372,0.0,0.0,0.0,-0.0,0.001626742115881541,-0.004222928875765586,0.0,0.0,0.0,0.0,0.0,0.0,0.0,0.0,0.0,0.0,0.0,11920.224653469455,-0.1740148187454469,0.3296672929548874,-1.237055477803018,
2021-01-22,125.4430160522461,194.02247619628903,0.0,0.0,0.0,-0.0,-0.006933319063317622,-0.015209223537225869,0.0,0.0,0.0,0.0,0.0,0.0,0.0,0.0,0.0,0.0,0.0,11920.224653469455,-0.1740148187454469,0.32648855396664045,-1.3095798608244584,
2021-01-25,127.62067413330078,193.023681640625,0.0,0.0,0.0,-0.0,0.017359739502338822,-0.005147829134257487,0.0,0.0,0.0,0.0,0.0,0.0,0.0,0.0,0.0,0.0,0.0,11920.224653469455,-0.1740148187454469,0.3449718384796565,-0.5895067055691152,
2021-01-26,127.36817169189452,194.01284790039065,0.0,0.0,0.0,-0.0,-0.0019785386899188184,0.005124584980237268,-0.0,0.0,0.0,0.0,0.0,0.0,0.0,0.0,0.0,0.0,0.0,11920.224653469455,-0.1740148187454469,0.34173107159430494,-0.7297312484199318,
2021-01-27,124.3857650756836,187.2516021728516,0.0,0.0,0.0,-0.0,-0.023415634978457667,-0.03484947414931194,0.0,0.0,0.0,0.0,0.0,0.0,0.0,0.0,0.0,0.0,0.0,11920.224653469455,-0.1740148187454469,0.3267825558588713,-1.2724000420544326,
2021-01-28,124.08595275878906,190.37290954589844,0.0,0.0,0.0,-0.0,-0.0024103426683279583,0.016669055627975826,-0.0,0.0,0.0,0.0,0.0,0.0,0.0,0.0,0.0,0.0,0.0,11920.224653469455,-0.1740148187454469,0.3202933336048659,-1.494200768307069,
2021-01-29,122.294921875,185.5996551513672,0.0,0.0,0.0,-0.0,-0.01443379241541265,-0.025073180873880774,0.0,0.0,0.0,0.0,0.0,0.0,0.0,0.0,0.0,0.0,0.0,11920.224653469455,-0.1740148187454469,0.3120151125415458,-1.743062042445729,
2021-02-01,123.28905487060548,190.5073699951172,0.0,0.0,0.0,-0.0,0.008128980176475453,0.026442478245702894,0.0,0.0,0.0,0.0,0.0,0.0,0.0,0.0,0.0,0.0,0.0,11920.224653469455,-0.1740148187454469,0.3136763978882,-1.6135711115431435,
2021-02-02,126.46871185302734,194.589111328125,0.0,0.0,0.0,-0.0,0.025790261639680567,0.02142563478311854,0.0,0.0,0.0,0.0,0.0,0.0,0.0,0.0,0.0,0.0,0.0,11920.224653469455,-0.1740148187454469,0.3339128878590971,-0.8655186851267801,
2021-02-03,126.0111083984375,193.3886566162109,0.0,0.0,0.0,-0.0,-0.003618313556649766,-0.006169177215110566,0.0,0.0,0.0,0.0,0.0,0.0,0.0,0.0,0.0,0.0,0.0,11920.224653469455,-0.1740148187454469,0.3318137682671165,-0.9207472760976607,
2021-02-04,128.02310180664062,200.9662628173828,0.0,0.0,0.0,-0.0,0.015966793989632633,0.03918330233923717,0.0,0.0,0.0,0.0,0.0,0.0,0.0,0.0,0.0,0.0,0.0,11920.224653469455,-0.1740148187454469,0.3381780430998218,-0.6704764252312841,
2021-02-05,129.6957244873047,200.5052947998047,0.0,0.0,0.0,-0.0,0.013065006682858815,-0.0022937582214831442,0.0,0.0,0.0,0.0,0.0,0.0,0.0,0.0,0.0,0.0,0.0,11920.224653469455,-0.1740148187454469,0.3517246271033525,-0.19838280066646108,
2021-02-08,128.96197509765625,198.69967651367188,0.0,0.0,0.0,-0.0,-0.005657467835188834,-0.00900533967412498,0.0,0.0,0.0,0.0,0.0,0.0,0.0,0.0,0.0,0.0,0.0,11920.224653469455,-0.1740148187454469,0.3482814691875371,-0.3256057534007333,
2021-02-09,131.69979858398438,198.3443603515625,0.0,0.0,0.0,-0.0,0.021229695685529792,-0.0017882070486658908,0.0,0.0,0.0,0.0,0.0,0.0,0.0,0.0,0.0,0.0,0.0,11920.224653469455,-0.1740148187454469,0.3697302413534016,0.43546782306232934,
2021-02-10,130.70565795898438,198.2675018310547,0.0,0.0,0.0,-0.0,-0.007548535652209365,-0.00038750040773316563,0.0,0.0,0.0,0.0,0.0,0.0,0.0,0.0,0.0,0.0,0.0,11920.224653469455,-0.1740148187454469,0.3622486301977166,0.1568054429615257,
2021-02-11,128.1098175048828,202.63455200195312,0.0,0.0,0.0,-0.0,-0.019860199586127614,0.022026051322418194,-0.0,0.0,0.0,0.0,0.0,0.0,0.0,0.0,0.0,0.0,0.0,11920.224653469455,-0.1740148187454469,0.3368168654629393,-0.7494522429566028,
2021-02-12,128.91464233398438,201.9612274169922,0.0,0.0,0.0,-0.0,0.006282304079239465,-0.003322851795553805,0.0,0.0,0.0,0.0,0.0,0.0,0.0,0.0,0.0,0.0,0.0,11920.224653469455,-0.1740148187454469,0.34390014976655303,-0.4793158620050759,
2021-02-16,127.62067413330078,199.97972106933597,0.0,0.0,0.0,-0.0,-0.010037402867947742,-0.009811320583653305,0.0,0.0,0.0,0.0,0.0,0.0,0.0,0.0,0.0,0.0,0.0,11920.224653469455,-0.1740148187454469,0.3362430129585614,-0.7292240885043493,
2021-02-17,127.02888488769533,199.6045379638672,0.0,0.0,0.0,-0.0,-0.004637095436334393,-0.001876105754436419,0.0,0.0,0.0,0.0,0.0,0.0,0.0,0.0,0.0,0.0,0.0,11920.224653469455,-0.1740148187454469,0.33205813153020425,-0.8507820870845488,
2021-02-18,127.91255950927734,201.37448120117188,0.0,0.0,0.0,-0.0,0.006956485702942716,0.008867249489213025,0.0,0.0,0.0,0.0,0.0,0.0,0.0,0.0,0.0,0.0,0.0,11920.224653469455,-0.1740148187454469,0.3368138993634542,-0.6617209584532318,
2021-02-19,127.46793365478516,196.93045043945312,0.0,0.0,0.0,-0.0,-0.0034760140536468365,-0.022068490184112166,0.0,0.0,0.0,0.0,0.0,0.0,0.0,0.0,0.0,0.0,0.0,11920.224653469455,-0.1740148187454469,0.3388338747736559,-0.5791739905489753,
2021-02-22,128.30963134765625,200.3836975097656,0.0,0.0,0.0,-0.0,0.006603211244881502,0.01753536369112285,0.0,0.0,0.0,0.0,0.0,0.0,0.0,0.0,0.0,0.0,0.0,11920.224653469455,-0.1740148187454469,0.3411294087254797,-0.48254533006174805,
2021-02-23,127.68231964111328,204.029296875,0.0,0.0,0.0,-0.0,-0.004889046129695873,0.01819309360262067,-0.0,0.0,0.0,0.0,0.0,0.0,0.0,0.0,0.0,0.0,0.0,11920.224653469455,-0.1740148187454469,0.331783079715265,-0.7875945183992089,
2021-02-24,127.09481048583984,211.07041931152344,0.0,0.0,0.0,-0.0,-0.004601335227342296,0.034510349956443864,-0.0,0.0,0.0,0.0,0.0,0.0,0.0,0.0,0.0,0.0,0.0,11920.224653469455,-0.1740148187454469,0.31880593502461707,-1.2149846618476001,
2021-02-25,125.0621566772461,205.6068420410156,0.0,0.0,0.0,-0.0,-0.015993208541116744,-0.025885092228125184,0.0,0.0,0.0,0.0,0.0,0.0,0.0,0.0,0.0,0.0,0.0,11920.224653469455,-0.1740148187454469,0.30914962186064465,-1.5031945033653253,
2021-02-26,125.31623077392578,204.29864501953125,0.0,0.0,0.0,-0.0,0.0020315825620647043,-0.006362614242299336,0.0,0.0,0.0,0.0,0.0,0.0,0.0,0.0,0.0,0.0,0.0,11920.224653469455,-0.1740148187454469,0.31275289313521837,-1.3302985358219324,
2021-03-01,128.20639038085938,208.3771209716797,0.0,0.0,0.0,-0.0,0.023062931186843105,0.01996330397472068,0.0,0.0,0.0,0.0,0.0,0.0,0.0,0.0,0.0,0.0,0.0,11920.224653469455,-0.1740148187454469,0.33068031776838436,-0.6678580919009482,
2021-03-02,128.12696838378906,207.54991149902344,0.0,0.0,0.0,-0.0,-0.0006194854783320158,-0.003969771099624153,0.0,0.0,0.0,0.0,0.0,0.0,0.0,0.0,0.0,0.0,0.0,11920.224653469455,-0.1740148187454469,0.33104135721843964,-0.6307776702958198,
2021-03-03,127.38060760498048,206.66493225097656,0.0,0.0,0.0,-0.0,-0.0058251653670049475,-0.004263934596045571,0.0,0.0,0.0,0.0,0.0,0.0,0.0,0.0,0.0,0.0,0.0,11920.224653469455,-0.1740148187454469,0.3262527037426717,-0.7755530706866139,
2021-03-04,126.60250854492188,203.44256591796875,0.0,0.0,0.0,-0.0,-0.00610845775262403,-0.015592226014883526,0.0,0.0,0.0,0.0,0.0,0.0,0.0,0.0,0.0,0.0,0.0,11920.224653469455,-0.1740148187454469,0.32400014868294313,-0.8298650664125677,
2021-03-05,130.53277587890625,207.2035980224609,0.0,0.0,0.0,-0.0,0.031044150539796034,0.018486947839660317,0.0,0.0,0.0,0.0,0.0,0.0,0.0,0.0,0.0,0.0,0.0,11920.224653469455,-0.1740148187454469,0.35005573687357217,0.11299028909723594,
2021-03-08,127.72998809814452,211.87844848632807,0.0,0.0,0.0,-0.0,-0.021471908199989898,0.02256162783119442,-0.0,0.0,0.0,0.0,0.0,0.0,0.0,0.0,0.0,0.0,0.0,11920.224653469455,-0.1740148187454469,0.32284908297192105,-0.8394233970099086,
2021-03-09,129.6355743408203,211.96499633789065,0.0,0.0,0.0,-0.0,0.014918863385562808,0.0004084787866858175,0.0,0.0,0.0,0.0,0.0,0.0,0.0,0.0,0.0,0.0,0.0,11920.224653469455,-0.1740148187454469,0.337557062582561,-0.2913532415332833,
2021-03-10,131.1917724609375,214.66796875,0.0,0.0,0.0,-0.0,0.012004406414136248,0.012751975367671475,0.0,0.0,0.0,0.0,0.0,0.0,0.0,0.0,0.0,0.0,0.0,11920.224653469455,-0.1740148187454469,0.346365795395976,0.031055089946970198,
2021-03-11,132.7877197265625,217.53445434570312,0.0,0.0,0.0,-0.0,0.012164995073149054,0.013353112774087794,0.0,0.0,0.0,0.0,0.0,0.0,0.0,0.0,0.0,0.0,0.0,11920.224653469455,-0.1740148187454469,0.35518689526438063,0.3689877233736725,
2021-03-12,133.14503479003906,215.8126220703125,0.0,0.0,0.0,-0.0,0.0026908743083498,-0.007915216376042755,0.0,0.0,0.0,0.0,0.0,0.0,0.0,0.0,0.0,0.0,0.0,11920.224653469455,-0.1740148187454469,0.3598334603915472,0.5452212183173695,
2021-03-15,129.13536071777344,214.76417541503903,0.0,0.0,0.0,-0.0,-0.030115085242109263,-0.004858134085094834,0.0,0.0,0.0,0.0,0.0,0.0,0.0,0.0,0.0,0.0,0.0,11920.224653469455,-0.1740148187454469,0.3304563200697921,-0.5126782929698808,
2021-03-16,129.2782745361328,216.1396942138672,0.0,0.0,0.0,-0.0,0.0011066977903264608,0.006404787000298784,0.0,0.0,0.0,0.0,0.0,0.0,0.0,0.0,0.0,0.0,0.0,11920.224653469455,-0.1740148187454469,0.3299883058405122,-0.5045540102588868,
2021-03-17,127.55525970458984,214.523681640625,0.0,0.0,0.0,-0.0,-0.013327953499730483,-0.007476704263508216,0.0,0.0,0.0,0.0,0.0,0.0,0.0,0.0,0.0,0.0,0.0,11920.224653469455,-0.1740148187454469,0.31842108666038893,-0.9249963644396894,
2021-03-18,127.19800567626952,212.2535858154297,0.0,0.0,0.0,-0.0,-0.0028007784951220582,-0.010582029022782824,0.0,0.0,0.0,0.0,0.0,0.0,0.0,0.0,0.0,0.0,0.0,11920.224653469455,-0.1740148187454469,0.3182393390692253,-0.9266369781989747,
2021-03-19,126.47544860839844,199.0177764892578,0.0,0.0,0.0,-0.0,-0.005680569156957138,-0.06235847217997725,0.0,0.0,0.0,0.0,0.0,0.0,0.0,0.0,0.0,0.0,0.0,11920.224653469455,-0.1740148187454469,0.3284176849598026,-0.474783909083662,
2021-03-22,127.88080596923828,200.075927734375,0.0,0.0,0.0,-0.0,0.011111700937240343,0.005316867989298979,0.0,0.0,0.0,0.0,0.0,0.0,0.0,0.0,0.0,0.0,0.0,11920.224653469455,-0.1740148187454469,0.3381606739716885,0.015256558996079918,
2021-03-23,126.92801666259766,200.22015380859372,0.0,0.0,0.0,-0.0,-0.00745060448610102,0.0007208567060110749,-0.0,0.0,0.0,0.0,0.0,0.0,0.0,0.0,0.0,0.0,0.0,11920.224653469455,-0.1740148187454469,0.33050450791904473,-0.33322745239096074,
2021-03-24,126.96772003173828,200.1432037353516,0.0,0.0,0.0,-0.0,0.00031280224953134095,-0.00038432731060478176,0.0,0.0,0.0,0.0,0.0,0.0,0.0,0.0,0.0,0.0,0.0,11920.224653469455,-0.1740148187454469,0.33091203749072906,-0.2776159887639842,
2021-03-25,129.6196746826172,200.0470123291016,0.0,0.0,0.0,-0.0,0.020886841554814017,-0.00048061290343481833,0.0,0.0,0.0,0.0,0.0,0.0,0.0,0.0,0.0,0.0,0.0,11920.224653469455,-0.1740148187454469,0.35170226578715624,1.1133424963955705,
2021-03-26,133.37527465820312,205.3951873779297,-1.0,0.0,0.0,-0.0,0.028973996307133154,0.02673459096719566,0.0,0.0,0.0,0.0,0.0,0.0,0.0,0.0,0.0,0.0,0.0,11920.224653469455,-0.1740148187454469,0.37375946219731504,2.5668764551722285,Enter Short Spread
2021-03-29,133.50230407714844,206.3378448486328,-1.0,-1.0,-0.8022105569956678,0.1977894430043322,0.0009524210485851725,0.00458948178259222,0.00014370882557753558,0.0,1.0,-0.6044211139913356,0.8022105569956678,0.8022105569956678,0.1977894430043322,1.0,0.001,9.410227761279378e-05,-0.0009503934520352582,11908.89575001201,-0.1747998296531892,0.3735824566262085,2.4274734017102424,
2021-03-30,133.89930725097656,203.82730102539065,-1.0,-1.0,-0.8022105569956678,0.1977894430043322,0.002973755221473251,-0.01216715152319181,-0.004792111955308253,0.0,1.0,-0.6044211139913356,0.8022105569956678,0.0,0.0,0.0,0.0,9.410227761279378e-05,-0.004886214232921046,11850.706334099927,-0.1788319344705468,0.37957007676989307,2.6924229124972134,
2021-03-31,134.97120666503906,203.6637725830078,-1.0,-1.0,-0.8022105569956678,0.1977894430043322,0.008005264822269487,-0.0008022892005152826,-0.006580592286068939,0.0,1.0,-0.6044211139913356,0.8022105569956678,0.0,0.0,0.0,0.0,9.410227761279378e-05,-0.0066746945636817325,11771.606488955922,-0.18431298049340528,0.3877413576688056,2.907540011724071,
2021-04-01,135.99545288085938,208.59837341308597,-1.0,-1.0,-0.8022105569956678,0.1977894430043322,0.007588627538628989,0.02422915360691813,-0.0012954063282174808,0.0,1.0,-0.6044211139913356,0.8022105569956678,0.0,0.0,0.0,0.0,9.410227761279378e-05,-0.0013895086058302746,11755.24974043507,-0.18544638462667373,0.3893987270904926,2.7532121728694903,
2021-04-05,136.5274200439453,210.6952972412109,-1.0,-1.0,-0.8022105569956678,0.1977894430043322,0.0039116540429624536,0.010052445730113213,-0.0011497025267888958,0.0,1.0,-0.6044211139913356,0.8022105569956678,0.0,0.0,0.0,0.0,9.410227761279378e-05,-0.0012438048044016896,11740.628504330974,-0.18645953032691787,0.39083663906061883,2.6142645328791003,
2021-04-06,137.33731079101562,210.32015991210935,-1.0,-1.0,-0.8022105569956678,0.1977894430043322,0.0059320739145998225,-0.001780473195242216,-0.005110931120741696,0.0,1.0,-0.6044211139913356,0.8022105569956678,0.0,0.0,0.0,0.0,9.410227761279378e-05,-0.0052050333983544896,11679.518140848257,-0.19069403564247944,0.3971905642632143,2.7148036549283634,
2021-04-07,136.5274200439453,210.9165496826172,-1.0,-1.0,-0.8022105569956678,0.1977894430043322,-0.005897091929393583,0.0028356281716268583,0.0052915667179669525,0.0,1.0,-0.6044211139913356,0.8022105569956678,0.0,0.0,0.0,0.0,9.410227761279378e-05,0.005197464440354159,11740.222021065787,-0.18648769667136467,0.390577865419923,2.278221405948061,
2021-04-08,137.3770294189453,212.2920684814453,-1.0,-1.0,-0.8022105569956678,0.1977894430043322,0.00622299443383989,0.006521625737278436,-0.0037022431088926193,0.0,1.0,-0.6044211139913356,0.8022105569956678,0.0,0.0,0.0,0.0,9.410227761279378e-05,-0.003796345386505413,11695.652083359564,-0.1895760703509718,0.39517885465524105,2.330557991420585,
2021-04-09,139.69544982910156,214.04269409179688,-1.0,-1.0,-0.8022105569956678,0.1977894430043322,0.01687633238222075,0.00824630718836561,-0.011907339494755878,0.0,1.0,-0.6044211139913356,0.8022105569956678,0.0,0.0,0.0,0.0,9.410227761279378e-05,-0.012001441772368672,11555.287395891242,-0.19930232595358877,0.4098895286193982,2.7424918812330774,
2021-04-12,141.79161071777344,213.03271484375,-1.0,-1.0,-0.8022105569956678,0.1977894430043322,0.015005219505977108,-0.004718587814138253,-0.01297063235325759,0.0,1.0,-0.6044211139913356,0.8022105569956678,0.0,0.0,0.0,0.0,9.410227761279378e-05,-0.013064734630870383,11404.320632480483,-0.2097632285845602,0.4259494308072669,3.0686195568622345,
2021-04-13,142.4585723876953,212.5998992919922,-1.0,-1.0,-0.8022105569956678,0.1977894430043322,0.004703816160530172,-0.0020316858472899657,-0.0041752969942394,0.0,1.0,-0.6044211139913356,0.8022105569956678,0.0,0.0,0.0,0.0,9.410227761279378e-05,-0.004269399271852194,11355.6310342762,-0.21313706488103223,0.43114365150995826,2.9698147331700295,
2021-04-14,139.90985107421875,213.52325439453125,-1.0,-1.0,-0.8022105569956678,0.1977894430043322,-0.017890964866195014,0.004343158701457739,0.01521135183094097,0.0,1.0,-0.6044211139913356,0.8022105569956678,0.0,0.0,0.0,0.0,9.410227761279378e-05,0.015117249553328176,11527.296942456873,-0.20124186152657442,0.4120221973774978,2.1700752713748193,
2021-04-15,142.6332550048828,217.6595001220703,-1.0,-1.0,-0.8022105569956678,0.1977894430043322,0.01946541940938351,0.019371406356969656,-0.01178390527300022,0.0,1.0,-0.6044211139913356,0.8022105569956678,0.0,0.0,0.0,0.0,9.410227761279378e-05,-0.011878007550613015,11390.375622336212,-0.21072951672647533,0.42657013273423217,2.4874319988259312,
2021-04-16,142.6888427734375,217.78451538085935,-1.0,-1.0,-0.8022105569956678,0.1977894430043322,0.00038972516299073945,0.0005743616002009677,-0.00019903897909120217,0.0,1.0,-0.6044211139913356,0.8022105569956678,0.0,0.0,0.0,0.0,9.410227761279378e-05,-0.00029314125670399597,11387.036633311951,-0.21096088446782146,0.42681821060236746,2.336414399341228,
2021-04-19,141.37876892089844,217.18809509277344,-1.0,-1.0,-0.8022105569956678,0.1977894430043322,-0.009181333502152,-0.002738579862038848,0.006823700477188797,0.0,1.0,-0.6044211139913356,0.8022105569956678,0.0,0.0,0.0,0.0,9.410227761279378e-05,0.006729598199576004,11463.666814537994,-0.20565096825654106,0.41827060712332753,1.9670764032815298,
2021-04-20,142.67291259765625,214.77377319335935,-1.0,-1.0,-0.8022105569956678,0.1977894430043322,0.009153734232060673,-0.011116271812148804,-0.009541903446901374,0.0,1.0,-0.6044211139913356,0.8022105569956678,0.0,0.0,0.0,0.0,9.410227761279378e-05,-0.009636005724514169,11353.202855489182,-0.2133053200736833,0.430138825520026,2.187528111172801,
2021-04-21,141.78366088867188,218.784912109375,-1.0,-1.0,-0.8022105569956678,0.1977894430043322,-0.006232799855233284,0.018676111409582807,0.008693955516697448,0.0,1.0,-0.6044211139913356,0.8022105569956678,0.0,0.0,0.0,0.0,9.410227761279378e-05,0.008599853239084654,11450.838733839948,-0.20653986128234814,0.4193242932225856,1.79060885691375,
2021-04-22,140.94200134277344,218.90032958984372,-1.0,-1.0,-0.8022105569956678,0.1977894430043322,-0.005936223825954823,0.0005275385736427385,0.00486644298251427,0.0,1.0,-0.6044211139913356,0.8022105569956678,0.0,0.0,0.0,0.0,9.410227761279378e-05,0.0047723407049014765,11505.486037634713,-0.2027531991646293,0.4132403467267953,1.5557007613244742,
2021-04-23,142.0933380126953,221.23776245117188,-1.0,-1.0,-0.8022105569956678,0.1977894430043322,0.008168868463289458,0.010678069172887161,-0.0044411431658927,0.0,1.0,-0.6044211139913356,0.8022105569956678,0.0,0.0,0.0,0.0,9.410227761279378e-05,-0.004535245443505493,11453.305834507215,-0.20636890908546712,0.41875725066376224,1.6363615743946491,
2021-04-26,139.59225463867188,221.56480407714844,-1.0,-1.0,-0.8022105569956678,0.1977894430043322,-0.01760169342914575,0.0014782360043472664,0.014412643765790791,0.0,1.0,-0.6044211139913356,0.8022105569956678,0.0,0.0,0.0,0.0,9.410227761279378e-05,0.014318541488177997,11617.300469275395,-0.19500526938389962,0.40063460717431476,1.1089063292883632,
2021-04-27,154.13821411132812,221.1511688232422,-1.0,-1.0,-0.8022105569956678,0.1977894430043322,0.10420319888311713,-0.0018668815908243763,-0.08396215568675994,0.0,1.0,-0.6044211139913356,0.8022105569956678,0.0,0.0,0.0,0.0,9.410227761279378e-05,-0.08405625796437273,10640.793664180355,-0.2626701141205272,0.5002193152070828,3.3791287068639497,
2021-04-28,157.50479125976562,224.5563507080078,-1.0,-1.0,-0.8022105569956678,0.1977894430043322,0.02184128814419739,0.015397530580031793,-0.014475842930592803,0.0,1.0,-0.6044211139913356,0.8022105569956678,0.0,0.0,0.0,0.0,9.410227761279378e-05,-0.014569945208205598,10485.757883521424,-0.2734129701581638,0.5180580839575735,3.3917859720017804,
2021-04-29,161.752685546875,227.83639526367188,-1.0,-1.0,-0.8022105569956678,0.1977894430043322,0.026969936934194694,0.014606777075430566,-0.0187465018282805,0.0,1.0,-0.6044211139913356,0.8022105569956678,0.0,0.0,0.0,0.0,9.410227761279378e-05,-0.01884060410589329,10288.199870487748,-0.2871023087358906,0.5410954091538822,3.4387192836478024,
2021-04-30,161.8638153076172,224.66213989257807,-1.0,-1.0,-0.8022105569956678,0.1977894430043322,0.0006870350273719961,-0.013932169912626469,-0.0033067828788437277,0.0,1.0,-0.6044211139913356,0.8022105569956678,0.0,0.0,0.0,0.0,9.410227761279378e-05,-0.0034008851564565215,10253.21088426155,-0.28952679191218267,0.545241415189242,3.160270871199705,
2021-05-03,168.4857177734375,223.74832153320312,-1.0,-1.0,-0.8022105569956678,0.1977894430043322,0.04091033226441376,-0.00406752272462052,-0.03362321348682336,0.0,1.0,-0.6044211139913356,0.8022105569956678,0.0,0.0,0.0,0.0,9.410227761279378e-05,-0.03371731576443615,9907.500135277549,-0.31348204141145175,0.5863419802956493,3.443417065663558,
2021-05-04,170.1610565185547,223.19044494628903,-1.0,-1.0,-0.8022105569956678,0.1977894430043322,0.00994350599716709,-0.0024933218854618078,-0.008469938231433176,0.0,1.0,-0.6044211139913356,0.8022105569956678,0.0,0.0,0.0,0.0,9.410227761279378e-05,-0.00856404050904597,9822.651902775653,-0.31936140901899157,0.5968518848597386,3.225847341124498,
2021-05-05,170.3278350830078,220.47787475585935,-1.0,-1.0,-0.8022105569956678,0.1977894430043322,0.0009801218202647455,-0.012153612539651859,-0.003190120326066398,0.0,1.0,-0.6044211139913356,0.8022105569956678,0.0,0.0,0.0,0.0,9.410227761279378e-05,-0.003284222603679192,9790.392127368485,-0.32159677766442785,0.6008464252565786,2.97692509393037,
2021-05-06,170.5342254638672,222.5074920654297,-1.0,-1.0,-0.8022105569956678,0.1977894430043322,0.0012117243242055764,0.009205537343907055,0.0008487000587608018,0.0,1.0,-0.6044211139913356,0.8022105569956678,0.0,0.0,0.0,0.0,9.410227761279378e-05,0.000754597781148008,9797.779935544366,-0.32108485609812976,0.5997981230870872,2.7217475332321803,
2021-05-07,172.6938934326172,223.27696228027344,-1.0,-1.0,-0.8022105569956678,0.1977894430043322,0.012664132158078711,0.0034581766559909077,-0.009475309677800045,0.0,1.0,-0.6044211139913356,0.8022105569956678,0.0,0.0,0.0,0.0,9.410227761279378e-05,-0.009569411955412839,9704.020943092664,-0.327581674792895,0.6115315741177818,2.6494612816872154,
2021-05-10,171.6061553955078,217.36129760742188,-1.0,-1.0,-0.8022105569956678,0.1977894430043322,-0.00629864794572943,-0.026494738249913108,-0.00018753764413266538,0.0,1.0,-0.6044211139913356,0.8022105569956678,0.0,0.0,0.0,0.0,9.410227761279378e-05,-0.0002816399217454592,9701.287903393635,-0.32777105463738665,0.6118335270185107,2.4694810629879624,
2021-05-11,170.17694091796875,216.8899688720703,-1.0,-1.0,-0.8022105569956678,0.1977894430043322,-0.00832845694984008,-0.0021684114906364016,0.006252287187708483,0.0,1.0,-0.6044211139913356,0.8022105569956678,0.0,0.0,0.0,0.0,9.410227761279378e-05,0.0061581849100956895,9761.03022816881,-0.3236313444899249,0.60400540901778,2.23557336393223,
2021-05-12,167.29473876953125,212.2247314453125,-1.0,-1.0,-0.8022105569956678,0.1977894430043322,-0.016936502283389943,-0.02150969660339408,0.009332250019939155,0.0,1.0,-0.6044211139913356,0.8022105569956678,0.0,0.0,0.0,0.0,9.410227761279378e-05,0.00923814774232636,9851.204067533947,-0.31738295092204416,0.5922850463028546,1.9966546636797078,
2021-05-13,171.24090576171875,215.5288848876953,-1.0,-1.0,-0.8022105569956678,0.1977894430043322,0.0235881117434531,0.01556912533181487,-0.01584322363274726,0.0,1.0,-0.6044211139913356,0.8022105569956678,0.0,0.0,0.0,0.0,9.410227761279378e-05,-0.015937325910360053,9694.202217700195,-0.3282620413051678,0.6117901792043501,2.0866594231182214,
2021-05-14,171.80462646484375,218.6114044189453,-1.0,-1.0,-0.8022105569956678,0.1977894430043322,0.0032919745467208106,0.014302117940508063,0.0001879512064948941,0.0,1.0,-0.6044211139913356,0.8022105569956678,0.0,0.0,0.0,0.0,9.410227761279378e-05,9.384892888210032e-05,9695.112008194694,-0.3281989994172546,0.6115754595581349,1.9781674196179246,
2021-05-17,171.73316955566406,218.12977600097656,-1.0,-1.0,-0.8022105569956678,0.1977894430043322,-0.0004159195863931986,-0.0022031257666949022,-0.00010209993519718144,0.0,1.0,-0.6044211139913356,0.8022105569956678,0.0,0.0,0.0,0.0,9.410227761279378e-05,-0.00019620221280997524,9693.209805765244,-0.32833080826013705,0.6117032455190081,1.884132881815062,
2021-05-18,169.90699768066406,217.2917022705078,-1.0,-1.0,-0.8022105569956678,0.1977894430043322,-0.01063377494123574,-0.0038420877050046043,0.007770602131428644,0.0,1.0,-0.6044211139913356,0.8022105569956678,0.0,0.0,0.0,0.0,9.410227761279378e-05,0.00767649985381585,9767.619729422207,-0.3231747398079333,0.6019616403543575,1.7103843334943456,
2021-05-19,170.1928253173828,216.34767150878903,-1.0,-1.0,-0.8022105569956678,0.1977894430043322,0.0016822593572982658,-0.004344532036218984,-0.002208828787587646,0.0,1.0,-0.6044211139913356,0.8022105569956678,0.0,0.0,0.0,0.0,9.410227761279378e-05,-0.00230293106520044,9745.125574514257,-0.32473342172534203,0.6047159882884512,1.664258249352657,
2021-05-20,169.8673095703125,218.12977600097656,-1.0,-1.0,-0.8022105569956678,0.1977894430043322,-0.0019126290809455826,0.008237225202190945,0.003163567424994063,0.0,1.0,-0.6044211139913356,0.8022105569956678,0.0,0.0,0.0,0.0,9.410227761279378e-05,0.003069465147381269,9775.037897822083,-0.3226607144981365,0.6007789134090133,1.56380945808416,
2021-05-21,169.02957153320312,218.44764709472656,-1.0,-1.0,-0.8022105569956678,0.1977894430043322,-0.004931720171635567,0.0014572567742818787,0.004244507991534042,0.0,1.0,-0.6044211139913356,0.8022105569956678,0.0,0.0,0.0,0.0,9.410227761279378e-05,0.004150405713921249,9815.608270967,-0.3198494816573262,0.595475959007026,1.4596144712229298,
2021-05-24,170.274169921875,220.9040679931641,-1.0,-1.0,-0.8022105569956678,0.1977894430043322,0.007363199098137763,0.011244895200781535,-0.003682714491382425,0.0,1.0,-0.6044211139913356,0.8022105569956678,0.0,0.0,0.0,0.0,9.410227761279378e-05,-0.0037768167689952187,9778.536517051323,-0.3224182855404437,0.6000551633861766,1.4485546301583216,
2021-05-25,168.72645568847656,220.61509704589844,-1.0,-1.0,-0.8022105569956678,0.1977894430043322,-0.009089542084442792,-0.001308128681788645,0.007032992575047448,0.0,1.0,-0.6044211139913356,0.8022105569956678,0.0,0.0,0.0,0.0,9.410227761279378e-05,0.006938890297434655,9846.3887092126,-0.31771662035626114,0.5912467968574824,1.3193440206095612,
2021-05-26,170.5773468017578,218.7366485595703,-1.0,-1.0,-0.8022105569956678,0.1977894430043322,0.010969774157400636,-0.008514596287747755,-0.01048416589408543,0.0,1.0,-0.6044211139913356,0.8022105569956678,0.0,0.0,0.0,0.0,9.410227761279378e-05,-0.010578268171698225,9742.230968923768,-0.3249339969152252,0.6042651487022059,1.3879876985062833,
2021-05-27,169.7715301513672,218.53433227539065,-1.0,-1.0,-0.8022105569956678,0.1977894430043322,-0.004724054310254577,-0.0009249308952659074,0.003606744672914968,0.0,1.0,-0.6044211139913356,0.8022105569956678,0.0,0.0,0.0,0.0,9.410227761279378e-05,0.003512642395302174,9776.451942450036,-0.3225627314531624,0.5997580531296309,1.3010016177009762,
2021-05-28,171.2075958251953,218.9582061767578,-1.0,-1.0,-0.8022105569956678,0.1977894430043322,0.008458813280104893,0.0019396215549005724,-0.006402112645972317,0.0,1.0,-0.6044211139913356,0.8022105569956678,0.0,0.0,0.0,0.0,9.410227761279378e-05,-0.0064962149235851105,9712.94200944178,-0.32696350954688913,0.6077035299068587,1.3269963904235835,
2021-06-01,170.16249084472656,218.3127899169922,-1.0,-1.0,-0.8022105569956678,0.1977894430043322,-0.006104314329229976,-0.0029476687402371082,0.004313927639835436,0.0,1.0,-0.6044211139913356,0.8022105569956678,0.0,0.0,0.0,0.0,9.410227761279378e-05,0.0042198253622226425,9753.92892847502,-0.32412341309477377,0.6023083453267202,1.2344275621380347,
2021-06-02,169.0615234375,221.2315826416016,-1.0,-1.0,-0.8022105569956678,0.1977894430043322,-0.006470094565265816,0.013369774284498925,0.007834778373841219,0.0,1.0,-0.6044211139913356,0.8022105569956678,0.0,0.0,0.0,0.0,9.410227761279378e-05,0.0077406760962284256,9829.430932975976,-0.3188916713545161,0.5925426788354209,1.1096014161111551,
2021-06-03,169.11734008789062,219.73846435546875,-1.0,-1.0,-0.8022105569956678,0.1977894430043322,0.0003301558465564902,-0.006749119037636309,-0.0015997590007854783,0.0,1.0,-0.6044211139913356,0.8022105569956678,0.0,0.0,0.0,0.0,9.410227761279378e-05,-0.0016938612783982722,9812.781240529916,-0.3200453743788034,0.5945424535344446,1.0913932529584622,
2021-06-04,168.04034423828125,221.69395446777344,-1.0,-1.0,-0.8022105569956678,0.1977894430043322,-0.006368334844018109,0.008899170739362638,0.006868907466093674,0.0,1.0,-0.6044211139913356,0.8022105569956678,0.0,0.0,0.0,0.0,9.410227761279378e-05,0.00677480518848088,9879.260921791685,-0.3154388142532134,0.5859693201248548,0.9803250505709505,
2021-06-07,169.86729431152344,222.83067321777344,-1.0,-1.0,-0.8022105569956678,0.1977894430043322,0.010872091946274365,0.005127423310793189,-0.007707556735239658,0.0,1.0,-0.6044211139913356,0.8022105569956678,0.0,0.0,0.0,0.0,9.410227761279378e-05,-0.007801659012852452,9802.18629678087,-0.32077952719784364,0.5955217712463603,1.032937334013632,
2021-06-08,167.3462371826172,223.5338897705078,-1.0,-1.0,-0.8022105569956678,0.1977894430043322,-0.014841333283868163,0.003155833721541157,0.012530064834208135,0.0,1.0,-0.6044211139913356,0.8022105569956678,0.0,0.0,0.0,0.0,9.410227761279378e-05,0.012435962556595341,9924.085918540408,-0.3123327668304031,0.5797923403739393,0.8591495404572032,
2021-06-09,160.40541076660156,223.7843170166016,-1.0,-1.0,-0.8022105569956678,0.1977894430043322,-0.04147584393213111,0.0011203099733596567,0.03349394534828329,0.0,1.0,-0.6044211139913356,0.8022105569956678,0.0,0.0,0.0,0.0,9.410227761279378e-05,0.033399843070670496,10255.548830839509,-0.28936478915769637,0.5371557615076474,0.44205727732668726,
2021-06-10,162.11268615722656,225.3641662597656,-1.0,-1.0,-0.8022105569956678,0.1977894430043322,0.010643502500730317,0.007059695979708902,-0.007141996733889103,0.0,1.0,-0.6044211139913356,0.8022105569956678,0.0,0.0,0.0,0.0,9.410227761279378e-05,-0.007236099011501897,10181.338664082263,-0.29450701590441075,0.5460085289506491,0.4997167591448821,
2021-06-11,162.11268615722656,226.3370513916016,-1.0,-1.0,-0.8022105569956678,0.1977894430043322,0.0,0.0043169468686277135,0.0008538465166251716,0.0,1.0,-0.6044211139913356,0.8022105569956678,0.0,0.0,0.0,0.0,9.410227761279378e-05,0.0007597442390123778,10189.073877477733,-0.2939710216740805,0.5449464526775794,0.4638969267629798,
2021-06-14,160.42933654785156,225.48936462402344,-1.0,-1.0,-0.8022105569956678,0.1977894430043322,-0.010383824050280599,-0.0037452408360286737,0.00758924417624542,0.0,1.0,-0.6044211139913356,0.8022105569956678,0.0,0.0,0.0,0.0,9.410227761279378e-05,0.007495141898632627,10265.442432005078,-0.28867923429698117,0.535433483924507,0.34474721406765213,
2021-06-15,161.4265899658203,224.42971801757807,-1.0,-1.0,-0.8022105569956678,0.1977894430043322,0.006216153724922346,-0.00469931966952053,-0.005916139961974419,0.0,1.0,-0.6044211139913356,0.8022105569956678,0.0,0.0,0.0,0.0,9.410227761279378e-05,-0.006010242239587213,10203.744636292191,-0.29295444440890495,0.5427917712526136,0.39200430511134243,
2021-06-16,159.89479064941406,221.1737823486328,-1.0,-1.0,-0.8022105569956678,0.1977894430043322,-0.009489138788910667,-0.01450759595344786,0.004742837990296867,0.0,1.0,-0.6044211139913356,0.8022105569956678,0.0,0.0,0.0,0.0,9.410227761279378e-05,0.004648735712684073,10251.17914838603,-0.2896675764841341,0.5368604516517981,0.3047963491684714,
2021-06-17,158.00404357910156,223.63021850585935,-1.0,-1.0,-0.8022105569956678,0.1977894430043322,-0.011824944781710589,0.011106362296388728,0.011682816752186109,0.0,1.0,-0.6044211139913356,0.8022105569956678,0.0,0.0,0.0,0.0,9.410227761279378e-05,0.011588714474573315,10369.977136564377,-0.2814357368459769,0.5222417959664589,0.12168910609779016,
2021-06-18,157.78062438964844,221.9540863037109,-1.0,-1.0,-0.8022105569956678,0.1977894430043322,-0.0014140093151557842,-0.007495106043124089,-0.00034811964921973334,0.0,1.0,-0.6044211139913356,0.8022105569956678,0.0,0.0,0.0,0.0,9.410227761279378e-05,-0.00044222192683252714,10365.391305293837,-0.28175350171898184,0.5226817059101163,0.09500973227260773,
2021-06-21,162.20843505859375,225.72056579589844,0.0,-1.0,-0.8022105569956678,0.1977894430043322,0.02806308243533495,0.016969633472003975,-0.019156086639050055,0.0,1.0,-0.6044211139913356,0.8022105569956678,0.0,0.0,0.0,0.0,9.410227761279378e-05,-0.019250188916662848,10165.855564471794,-0.2955798824996231,0.5462093819846519,0.3305074394599757,Time Exit Short Spread
2021-06-22,163.86785888671875,227.271484375,0.0,0.0,0.0,-0.0,0.010230194425620232,0.006870967089919189,0.0,0.0,0.0,0.0,0.0,0.8022105569956678,0.1977894430043322,1.0,0.001,0.0,-0.001,10155.689708907323,-0.29628430261712346,0.5546993207051079,0.4021706349612145,
2021-06-23,162.7668914794922,226.06735229492188,0.0,0.0,0.0,-0.0,-0.006718629356032846,-0.005298210126930436,0.0,0.0,0.0,0.0,0.0,0.0,0.0,0.0,0.0,0.0,0.0,10155.689708907323,-0.29628430261712346,0.549267795525398,0.31176776727584715,
2021-06-24,164.4263153076172,227.5701141357422,0.0,0.0,0.0,-0.0,0.010195094426399764,0.006647407622396795,0.0,0.0,0.0,0.0,0.0,0.0,0.0,0.0,0.0,0.0,0.0,10155.689708907323,-0.29628430261712346,0.5577777388442597,0.38790652614305876,
2021-06-25,164.03538513183594,228.6104888916016,0.0,0.0,0.0,-0.0,-0.0023775402072951923,0.004571666889611192,-0.0,0.0,0.0,0.0,0.0,0.0,0.0,0.0,0.0,0.0,0.0,10155.689708907323,-0.29628430261712346,0.5542727667783149,0.318156807338234,
2021-06-28,163.73220825195312,225.49899291992188,0.0,0.0,0.0,-0.0,-0.001848240729517836,-0.013610468998012881,0.0,0.0,0.0,0.0,0.0,0.0,0.0,0.0,0.0,0.0,0.0,10155.689708907323,-0.29628430261712346,0.5558015981610567,0.310494857457249,
2021-06-29,165.63096618652344,227.2906951904297,0.0,0.0,0.0,-0.0,0.011596728309243076,0.007945500098725855,0.0,0.0,0.0,0.0,0.0,0.0,0.0,0.0,0.0,0.0,0.0,10155.689708907323,-0.29628430261712346,0.5653803345314159,0.40824513584199873,
2021-06-30,165.91819763183594,225.2389373779297,0.0,0.0,0.0,-0.0,0.0017341651257956059,-0.009027020709233113,0.0,0.0,0.0,0.0,0.0,0.0,0.0,0.0,0.0,0.0,0.0,10155.689708907323,-0.29628430261712346,0.5693487659503766,0.4348360201663319,
2021-07-01,167.71322631835938,226.5201110839844,0.0,0.0,0.0,-0.0,0.010818757147462055,0.005688064954351146,0.0,0.0,0.0,0.0,0.0,0.0,0.0,0.0,0.0,0.0,0.0,10155.689708907323,-0.29628430261712346,0.5787109686966436,0.5378741158540143,
2021-07-02,168.7583465576172,229.87237548828125,0.0,0.0,0.0,-0.0,0.006231591045025464,0.014798970335371031,0.0,0.0,0.0,0.0,0.0,0.0,0.0,0.0,0.0,0.0,0.0,10155.689708907323,-0.29628430261712346,0.5813011913573478,0.5494906334597539,
2021-07-06,168.56687927246094,230.8068084716797,0.0,0.0,0.0,-0.0,-0.0011345648322697022,0.00406500773054419,-0.0,0.0,0.0,0.0,0.0,0.0,0.0,0.0,0.0,0.0,0.0,10155.689708907323,-0.29628430261712346,0.5791657638878502,0.49213732079474237,
2021-07-07,170.93634033203125,231.19210815429688,0.0,0.0,0.0,-0.0,0.014056504277690562,0.0016693601248962686,0.0,0.0,0.0,0.0,0.0,0.0,0.0,0.0,0.0,0.0,0.0,10155.689708907323,-0.29628430261712346,0.5927131448503482,0.6722990074944942,
2021-07-08,169.18917846679688,227.9265594482422,0.0,0.0,0.0,-0.0,-0.01022112595742164,-0.01412482775525914,0.0,0.0,0.0,0.0,0.0,0.0,0.0,0.0,0.0,0.0,0.0,10155.689708907323,-0.29628430261712346,0.585946808105952,0.5413855585532104,
2021-07-09,170.6650848388672,229.71826171875,0.0,0.0,0.0,-0.0,0.008723408822272516,0.007860875340044204,0.0,0.0,0.0,0.0,0.0,0.0,0.0,0.0,0.0,0.0,0.0,10155.689708907323,-0.29628430261712346,0.5927018236705772,0.6263981435147369,
2021-07-12,170.19439697265625,229.1402740478516,0.0,0.0,0.0,-0.0,-0.0027579622783144853,-0.0025160719333932047,0.0,0.0,0.0,0.0,0.0,0.0,0.0,0.0,0.0,0.0,0.0,10155.689708907323,-0.29628430261712346,0.5905611843731653,0.5661747409569704,
2021-07-13,168.5509490966797,233.45587158203125,0.0,0.0,0.0,-0.0,-0.009656298357698545,0.018833867385872338,-0.0,0.0,0.0,0.0,0.0,0.0,0.0,0.0,0.0,0.0,0.0,10155.689708907323,-0.29628430261712346,0.5762575546389843,0.2884240358475729,
2021-07-14,168.7583465576172,236.96229553222656,0.0,0.0,0.0,-0.0,0.0012304734090731184,0.015019643440251862,0.0,0.0,0.0,0.0,0.0,0.0,0.0,0.0,0.0,0.0,0.0,10155.689708907323,-0.29628430261712346,0.5738116304258214,0.2092936077366452,
2021-07-15,169.8194122314453,239.4283599853516,0.0,0.0,0.0,-0.0,0.006287485599806297,0.010406990899485269,0.0,0.0,0.0,0.0,0.0,0.0,0.0,0.0,0.0,0.0,0.0,10155.689708907323,-0.29628430261712346,0.5775267909120569,0.24729701171556226,
2021-07-16,167.9924774169922,239.01409912109372,0.0,0.0,0.0,-0.0,-0.010758103507997108,-0.0017302080016051713,0.0,0.0,0.0,0.0,0.0,0.0,0.0,0.0,0.0,0.0,0.0,10155.689708907323,-0.29628430261712346,0.5671373624053353,-0.015022430842490808,
2021-07-19,168.66259765625,231.58712768554688,0.0,0.0,0.0,-0.0,0.003988989564065015,-0.031073361206964023,0.0,0.0,0.0,0.0,0.0,0.0,0.0,0.0,0.0,0.0,0.0,10155.689708907323,-0.29628430261712346,0.5789012818940171,0.20441570164560097,
2021-07-20,169.5002899169922,233.7930145263672,0.0,0.0,0.0,-0.0,0.004966674724466769,0.009525083984009308,0.0,0.0,0.0,0.0,0.0,0.0,0.0,0.0,0.0,0.0,0.0,10155.689708907323,-0.29628430261712346,0.5815183154485175,0.23104004572397704,
2021-07-21,169.49232482910156,234.7178192138672,0.0,0.0,0.0,-0.0,-4.699158859566843e-05,0.003955655772579503,-0.0,0.0,0.0,0.0,0.0,0.0,0.0,0.0,0.0,0.0,0.0,10155.689708907323,-0.29628430261712346,0.5804979578616267,0.1523640242415675,
2021-07-22,170.11460876464844,235.18017578125,0.0,0.0,0.0,-0.0,0.003671457903325903,0.001969840078317686,0.0,0.0,0.0,0.0,0.0,0.0,0.0,0.0,0.0,0.0,0.0,10155.689708907323,-0.29628430261712346,0.5836774951887491,0.23250649051328787,
2021-07-23,168.8461151123047,239.88104248046875,0.0,0.0,0.0,-0.0,-0.007456700289031004,0.0199883628949713,-0.0,0.0,0.0,0.0,0.0,0.0,0.0,0.0,0.0,0.0,0.0,10155.689708907323,-0.29628430261712346,0.5713132205599034,-0.2948460320251479,
2021-07-26,167.42601013183594,241.06594848632807,0.0,0.0,0.0,-0.0,-0.008410646460679239,0.004939556680289892,-0.0,0.0,0.0,0.0,0.0,0.0,0.0,0.0,0.0,0.0,0.0,10155.689708907323,-0.29628430261712346,0.5616521280673248,-0.7124567180027293,
2021-07-27,155.72230529785156,241.72097778320312,1.0,0.0,0.0,-0.0,-0.06990374329991234,0.0027172203332244127,-0.0,0.0,0.0,0.0,0.0,0.0,0.0,0.0,0.0,0.0,0.0,10155.689708907323,-0.29628430261712346,0.4885158945752579,-3.373002812874602,Enter Long Spread
2021-07-28,153.20925903320312,237.8773956298828,1.0,1.0,0.8022105569956678,-0.1977894430043322,-0.01613799808474259,-0.015900904375654057,-0.009801041412630607,0.0,1.0,0.6044211139913356,0.1977894430043322,0.8022105569956678,0.1977894430043322,1.0,0.001,2.3201436221655254e-05,-0.010824242848852262,10045.76205720052,-0.30390149222214524,0.4761982204423527,-3.385382056361152,
2021-07-29,153.02577209472656,238.82144165039065,1.0,1.0,0.8022105569956678,-0.1977894430043322,-0.001197623039458695,0.003968624332749471,-0.0017456978418229619,0.0,1.0,0.6044211139913356,0.1977894430043322,0.0,0.0,0.0,0.0,2.3201436221655254e-05,-0.001768899278044617,10027.99211595013,-0.30513282037000133,0.47402332993386564,-3.112057576959522,
2021-07-30,152.66676330566406,237.3475799560547,1.0,1.0,0.8022105569956678,-0.1977894430043322,-0.00234606749012356,-0.006171396019347131,-0.0006614031267756276,0.0,1.0,0.6044211139913356,0.1977894430043322,0.0,0.0,0.0,0.0,2.3201436221655254e-05,-0.0006846045629972829,10021.12690678985,-0.30560852961185314,0.47320081246514034,-2.8664641682964245,
2021-08-02,153.1294403076172,230.9801788330078,1.0,1.0,0.8022105569956678,-0.1977894430043322,0.0030306334655616496,-0.02682732692798384,0.0077373682108389675,0.0,1.0,0.6044211139913356,0.1977894430043322,0.0,0.0,0.0,0.0,2.3201436221655254e-05,0.007714166774617312,10098.431551018431,-0.30025187800240727,0.48293163154579144,-2.4129276377002857,
2021-08-03,154.89260864257812,228.38888549804688,1.0,1.0,0.8022105569956678,-0.1977894430043322,0.011514234829167691,-0.011218682694130067,0.011455777736999857,0.0,1.0,0.6044211139913356,0.1977894430043322,0.0,0.0,0.0,0.0,2.3201436221655254e-05,0.011432576300778203,10213.882640243635,-0.29225195420634353,0.49716174285966397,-1.924784501330621,
2021-08-04,152.21200561523438,227.9843292236328,1.0,1.0,0.8022105569956678,-0.1977894430043322,-0.01730620363899593,-0.0017713483453095646,-0.013532865258133955,0.0,1.0,0.6044211139913356,0.1977894430043322,0.0,0.0,0.0,0.0,2.3201436221655254e-05,-0.01355606669435561,10075.422565964172,-0.3018462339179221,0.4801411593543279,-2.2518258310428667,
2021-08-05,151.9168243408203,231.3944396972656,1.0,1.0,0.8022105569956678,-0.1977894430043322,-0.0019392772154926963,0.01495765294590834,-0.004514174500032723,0.0,1.0,0.6044211139913356,0.1977894430043322,0.0,0.0,0.0,0.0,2.3201436221655254e-05,-0.0045373759362543785,10029.706586065771,-0.30501402001594835,0.4745394164896546,-2.2579873889149837,
2021-08-06,153.6560516357422,232.54071044921875,1.0,1.0,0.8022105569956678,-0.1977894430043322,0.011448549576181133,0.004953752360915997,0.008204347412053812,0.0,1.0,0.6044211139913356,0.1977894430043322,0.0,0.0,0.0,0.0,2.3201436221655254e-05,0.008181145975832157,10111.76107974114,-0.2993282382625422,0.4847045675901416,-1.9028008641307252,
2021-08-09,152.3636016845703,231.19210815429688,1.0,1.0,0.8022105569956678,-0.1977894430043322,-0.008411318248862543,-0.0057994245064301175,-0.005600583354615358,0.0,1.0,0.6044211139913356,0.1977894430043322,0.0,0.0,0.0,0.0,2.3201436221655254e-05,-0.005623784790837014,10054.894711572313,-0.3032686654595703,0.4776917170570767,-1.9777752047741146,
2021-08-10,152.06838989257812,229.33297729492188,1.0,1.0,0.8022105569956678,-0.1977894430043322,-0.0019375480018078983,-0.008041497930951103,3.6201934947151194e-05,0.0,1.0,0.6044211139913356,0.1977894430043322,0.0,0.0,0.0,0.0,2.3201436221655254e-05,1.300049872549594e-05,10055.025430218197,-0.3032596076047436,0.4777429801425901,-1.888903633543468,
2021-08-11,153.49647521972656,226.4333953857422,1.0,1.0,0.8022105569956678,-0.1977894430043322,0.009391072846613557,-0.012643545395788491,0.010034377580501748,0.0,1.0,0.6044211139913356,0.1977894430043322,0.0,0.0,0.0,0.0,2.3201436221655254e-05,0.010011176144280093,10155.688060935327,-0.2962844168096398,0.4902274417409058,-1.5356569320638422,
2021-08-12,154.48570251464844,223.5878143310547,1.0,1.0,0.8022105569956678,-0.1977894430043322,0.006444625477593613,-0.012566967208347934,0.0076555600384016894,0.0,1.0,0.6044211139913356,0.1977894430043322,0.0,0.0,0.0,0.0,2.3201436221655254e-05,0.007632358602180034,10233.199914068262,-0.29091340712478886,0.49976947833531216,-1.2664828248825581,
2021-08-13,154.75697326660156,224.41737365722656,1.0,1.0,0.8022105569956678,-0.1977894430043322,0.0017559602444594535,0.003710217073563671,0.0006748080773647452,0.0,1.0,0.6044211139913356,0.1977894430043322,0.0,0.0,0.0,0.0,2.3201436221655254e-05,0.0006516066411430899,10239.867935092416,-0.2904513615917257,0.5006108169951027,-1.2057825996821951,
2021-08-16,157.22218322753906,227.03146362304688,1.0,1.0,0.8022105569956678,-0.1977894430043322,0.015929556574427517,0.011648340425786552,0.010474939687524332,0.0,1.0,0.6044211139913356,0.1977894430043322,0.0,0.0,0.0,0.0,2.3201436221655254e-05,0.010451738251302677,10346.892354477908,-0.28303534494651417,0.5135594650386053,-0.8721366883821611,
2021-08-17,157.77264404296875,226.2308654785156,1.0,1.0,0.8022105569956678,-0.1977894430043322,0.003501165065447731,-0.0035263752951024685,0.003506151382729153,0.0,1.0,0.6044211139913356,0.1977894430043322,0.0,0.0,0.0,0.0,2.3201436221655254e-05,0.0034829499465074978,10382.930062650456,-0.28053819293954796,0.5179254992096642,-0.7424286737382495,
2021-08-18,155.41122436523438,223.43345642089844,1.0,1.0,0.8022105569956678,-0.1977894430043322,-0.01496723143646661,-0.012365284691371214,-0.00956114829563464,0.0,1.0,0.6044211139913356,0.1977894430043322,0.0,0.0,0.0,0.0,2.3201436221655254e-05,-0.009584349731856295,10283.416429688608,-0.2874337665171287,0.5059128636926087,-0.9936306943973805,
2021-08-19,154.82080078125,223.37559509277344,1.0,1.0,0.8022105569956678,-0.1977894430043322,-0.0037991051572749956,-0.0002589644767254651,-0.00299646182469325,0.0,1.0,0.6044211139913356,0.1977894430043322,0.0,0.0,0.0,0.0,2.3201436221655254e-05,-0.0030196632609149053,10252.363974899188,-0.28958547659334544,0.5021703809959617,-1.047072444455867,
2021-08-20,154.98118591308594,223.17303466796875,1.0,1.0,0.8022105569956678,-0.1977894430043322,0.001035940461660223,-0.000906815378468484,0.001010400883377841,0.0,1.0,0.6044211139913356,0.1977894430043322,0.0,0.0,0.0,0.0,2.3201436221655254e-05,0.0009871994471561858,10262.485102947252,-0.2888841557685867,0.5034294670153809,-0.9851511110552571,
2021-08-23,154.78872680664062,225.85467529296875,1.0,1.0,0.8022105569956678,-0.1977894430043322,-0.0012418223883848833,0.012015970607693216,-0.003372835163527996,0.0,1.0,0.6044211139913356,0.1977894430043322,0.0,0.0,0.0,0.0,2.3201436221655254e-05,-0.0033960365997496513,10227.63332793326,-0.29129913120225837,0.49924192698530234,-1.0512117844684534,
2021-08-24,155.00526428222656,225.95111083984372,1.0,1.0,0.8022105569956678,-0.1977894430043322,0.0013989227772150947,0.00042698052077017046,0.0010377783809268157,0.0,1.0,0.6044211139913356,0.1977894430043322,0.0,0.0,0.0,0.0,2.3201436221655254e-05,0.0010145769447051606,10238.010048906679,-0.2905800996400836,0.5005346202449343,-0.9895668864463006,
2021-08-25,154.6844940185547,224.3594665527344,1.0,1.0,0.8022105569956678,-0.1977894430043322,-0.0020694152882951844,-0.007044197663792384,-0.0002668388587447163,0.0,1.0,0.6044211139913356,0.1977894430043322,0.0,0.0,0.0,0.0,2.3201436221655254e-05,-0.00029004029496637157,10235.040613452224,-0.29078585999723916,0.5002059926043179,-0.966920470967447,
2021-08-26,154.27545166015625,222.3627471923828,1.0,1.0,0.8022105569956678,-0.1977894430043322,-0.002644365623029832,-0.008899643910867838,-0.00036108240728351094,0.0,1.0,0.6044211139913356,0.1977894430043322,0.0,0.0,0.0,0.0,2.3201436221655254e-05,-0.0003842838435051662,10231.107452706856,-0.2910583995328275,0.4997622031952995,-0.9464560249591666,
2021-08-27,155.0293731689453,224.45594787597656,1.0,1.0,0.8022105569956678,-0.1977894430043322,0.0048868533566170935,0.009413450364429865,0.0020584042488384358,0.0,1.0,0.6044211139913356,0.1977894430043322,0.0,0.0,0.0,0.0,2.3201436221655254e-05,0.0020352028126167806,10251.92983137079,-0.28961555959357566,0.5023270724141855,-0.853762317563565,
2021-08-30,155.5987548828125,223.0476226806641,1.0,1.0,0.8022105569956678,-0.1977894430043322,0.0036727344130242923,-0.006274394635737757,0.004187315339361316,0.0,1.0,0.6044211139913356,0.1977894430043322,0.0,0.0,0.0,0.0,2.3201436221655254e-05,0.00416411390313966,10294.620034915613,-0.28665743786870523,0.5075449390531557,-0.6962065989539641,
2021-08-31,156.89804077148438,220.9929962158203,1.0,1.0,0.8022105569956678,-0.1977894430043322,0.008350233198526569,-0.009211604410531482,0.008520603330768987,0.0,1.0,0.6044211139913356,0.1977894430043322,0.0,0.0,0.0,0.0,2.3201436221655254e-05,0.008497401894547332,10382.09755870395,-0.2805958794297895,0.5181421991173416,-0.4022902801493067,
2021-09-01,157.5155792236328,221.97689819335935,1.0,1.0,0.8022105569956678,-0.1977894430043322,0.003935922010956494,0.004452186242943856,0.0022768427515575023,0.0,1.0,0.6044211139913356,0.1977894430043322,0.0,0.0,0.0,0.0,2.3201436221655254e-05,0.002253641315335847,10405.495082702091,-0.2789746005812497,0.5209751209249918,-0.307193320103797,
2021-09-02,158.95120239257812,216.24708557128903,0.0,1.0,0.8022105569956678,-0.1977894430043322,0.00911416620515415,-0.02581265288732526,0.012416950585036033,0.0,1.0,0.6044211139913356,0.1977894430043322,0.0,0.0,0.0,0.0,2.3201436221655254e-05,0.012393749148814378,10534.458178526325,-0.27003839265092977,0.5364958364316998,0.09889797168467868,Exit Long Spread
2021-09-03,158.26947021484375,217.1441650390625,0.0,0.0,0.0,-0.0,-0.004288940048724044,0.004148400268163321,-0.0,0.0,0.0,0.0,0.0,0.8022105569956678,0.1977894430043322,1.0,0.001,0.0,-0.001,10523.923720347799,-0.27076835425827894,0.5311769771664994,-0.03374287524972227,
2021-09-07,156.84188842773438,218.2631378173828,0.0,0.0,0.0,-0.0,-0.009019944182358741,0.005153133072302474,-0.0,0.0,0.0,0.0,0.0,0.0,0.0,0.0,0.0,0.0,0.0,10523.923720347799,-0.27076835425827894,0.5208488359956542,-0.29360177037736424,
2021-09-08,156.0478973388672,220.98333740234372,0.0,0.0,0.0,-0.0,-0.00506236629019563,0.01246293630781059,-0.0,0.0,0.0,0.0,0.0,0.0,0.0,0.0,0.0,0.0,0.0,10523.923720347799,-0.27076835425827894,0.5127197972156718,-0.49548980215234745,
2021-09-09,151.58863830566406,219.43995666503903,0.0,0.0,0.0,-0.0,-0.02857621992508863,-0.006984149825263297,0.0,0.0,0.0,0.0,0.0,0.0,0.0,0.0,0.0,0.0,0.0,10523.923720347799,-0.27076835425827894,0.48545535019512354,-1.1698413976225879,
2021-09-10,154.9972381591797,216.9512481689453,0.0,0.0,0.0,-0.0,0.022485853106236853,-0.011341182043216436,0.0,0.0,0.0,0.0,0.0,0.0,0.0,0.0,0.0,0.0,0.0,10523.923720347799,-0.27076835425827894,0.5105043317031421,-0.5102413516365238,
2021-09-13,155.90353393554688,216.68115234375,0.0,0.0,0.0,-0.0,0.005847173711807985,-0.0012449609185238852,0.0,0.0,0.0,0.0,0.0,0.0,0.0,0.0,0.0,0.0,0.0,10523.923720347799,-0.27076835425827894,0.516641620261131,-0.3493383564606101,
2021-09-14,153.19271850585938,215.1378173828125,0.0,0.0,0.0,-0.0,-0.017387774101440212,-0.007122608239082617,0.0,0.0,0.0,0.0,0.0,0.0,0.0,0.0,0.0,0.0,0.0,10523.923720347799,-0.27076835425827894,0.5008633056561609,-0.7433021981528255,
2021-09-15,155.06944274902344,215.8901824951172,0.0,0.0,0.0,-0.0,0.012250740514747616,0.003497130915695479,0.0,0.0,0.0,0.0,0.0,0.0,0.0,0.0,0.0,0.0,0.0,10523.923720347799,-0.27076835425827894,0.5121788803711047,-0.438369343942425,
2021-09-16,154.7646942138672,216.39183044433597,0.0,0.0,0.0,-0.0,-0.0019652391196728347,0.002323625573988908,-0.0,0.0,0.0,0.0,0.0,0.0,0.0,0.0,0.0,0.0,0.0,10523.923720347799,-0.27076835425827894,0.5096394694942896,-0.4850348000253239,
2021-09-17,152.40673828125,213.9030914306641,0.0,0.0,0.0,-0.0,-0.015235748337787958,-0.011501076582057346,0.0,0.0,0.0,0.0,0.0,0.0,0.0,0.0,0.0,0.0,0.0,10523.923720347799,-0.27076835425827894,0.4971385512233635,-0.7817386958417656,
2021-09-20,151.89344787597656,212.26324462890625,0.0,0.0,0.0,-0.0,-0.003367898368943578,-0.007666307161761532,0.0,0.0,0.0,0.0,0.0,0.0,0.0,0.0,0.0,0.0,0.0,10523.923720347799,-0.27076835425827894,0.49566242164374885,-0.7928148381109323,
2021-09-21,152.16616821289062,212.3789825439453,0.0,0.0,0.0,-0.0,0.0017954713697507785,0.0005452565056254244,0.0,0.0,0.0,0.0,0.0,0.0,0.0,0.0,0.0,0.0,0.0,10523.923720347799,-0.27076835425827894,0.4973218837166653,-0.7258370564611807,
2021-09-22,148.6132354736328,214.86769104003903,0.0,0.0,0.0,-0.0,-0.023349032054792995,0.011718242861337602,-0.0,0.0,0.0,0.0,0.0,0.0,0.0,0.0,0.0,0.0,0.0,10523.923720347799,-0.27076835425827894,0.47082354374599067,-1.3536512034549464,
2021-09-23,149.8082733154297,220.23089599609372,0.0,0.0,0.0,-0.0,0.008041261183691084,0.02496049978521575,0.0,0.0,0.0,0.0,0.0,0.0,0.0,0.0,0.0,0.0,0.0,10523.923720347799,-0.27076835425827894,0.4727540479159087,-1.260125838383866,
2021-09-24,150.79469299316406,223.3948974609375,0.0,0.0,0.0,-0.0,0.00658454740785519,0.014366746548131415,0.0,0.0,0.0,0.0,0.0,0.0,0.0,0.0,0.0,0.0,0.0,10523.923720347799,-0.27076835425827894,0.47580001502176805,-1.144686068094096,
2021-09-27,149.8483428955078,221.47532653808597,0.0,0.0,0.0,-0.0,-0.00627575201004682,-0.008592725011488667,0.0,0.0,0.0,0.0,0.0,0.0,0.0,0.0,0.0,0.0,0.0,10523.923720347799,-0.27076835425827894,0.47163222618880685,-1.211647722440867,
2021-09-28,149.78414916992188,217.5782623291016,0.0,0.0,0.0,-0.0,-0.0004283912944615942,-0.01759592939719279,0.0,0.0,0.0,0.0,0.0,0.0,0.0,0.0,0.0,0.0,0.0,10523.923720347799,-0.27076835425827894,0.4755807392694069,-1.0789509419937358,
2021-09-29,148.16409301757812,218.6586151123047,0.0,0.0,0.0,-0.0,-0.010815938544377568,0.004965352566190573,-0.0,0.0,0.0,0.0,0.0,0.0,0.0,0.0,0.0,0.0,0.0,10523.923720347799,-0.27076835425827894,0.4634846775042296,-1.348127684705378,
2021-09-30,146.0467529296875,214.86769104003903,0.0,0.0,0.0,-0.0,-0.014290507536393604,-0.017337181388067502,0.0,0.0,0.0,0.0,0.0,0.0,0.0,0.0,0.0,0.0,0.0,10523.923720347799,-0.27076835425827894,0.4534031436312551,-1.569526869364248,
2021-10-01,145.55755615234375,222.30487060546875,0.0,0.0,0.0,-0.0,-0.0033495902341579287,0.034612833271633336,-0.0,0.0,0.0,0.0,0.0,0.0,0.0,0.0,0.0,0.0,0.0,10523.923720347799,-0.27076835425827894,0.441658316521472,-1.819058235121944,
2021-10-04,143.09536743164062,216.77761840820312,0.0,0.0,0.0,-0.0,-0.016915567874237647,-0.024863387753096156,0.0,0.0,0.0,0.0,0.0,0.0,0.0,0.0,0.0,0.0,0.0,10523.923720347799,-0.27076835425827894,0.4308057479300307,-2.0413713154008257,
2021-10-05,144.09786987304688,216.343505859375,0.0,0.0,0.0,-0.0,0.007005834356483831,-0.0020025708927693397,0.0,0.0,0.0,0.0,0.0,0.0,0.0,0.0,0.0,0.0,0.0,10523.923720347799,-0.27076835425827894,0.43828139540289857,-1.8012116015089263,
2021-10-06,144.9239501953125,218.4946136474609,0.0,0.0,0.0,-0.0,0.005732772614844395,0.009943019918906781,0.0,0.0,0.0,0.0,0.0,0.0,0.0,0.0,0.0,0.0,0.0,10523.923720347799,-0.27076835425827894,0.44155839923724427,-1.6652728007004363,
2021-10-07,145.64578247070312,222.3916778564453,0.0,0.0,0.0,-0.0,0.004980765942536269,0.017835973820719886,0.0,0.0,0.0,0.0,0.0,0.0,0.0,0.0,0.0,0.0,0.0,10523.923720347799,-0.27076835425827894,0.44216800154915403,-1.6042452140936025,
2021-10-08,147.1615753173828,222.1215667724609,0.0,0.0,0.0,-0.0,0.010407392654741665,-0.0012145737043216531,0.0,0.0,0.0,0.0,0.0,0.0,0.0,0.0,0.0,0.0,0.0,10523.923720347799,-0.27076835425827894,0.4528212519986816,-1.2884818938110942,
2021-10-11,145.75804138183594,217.1441650390625,0.0,0.0,0.0,-0.0,-0.009537366887517162,-0.02240845770054023,0.0,0.0,0.0,0.0,0.0,0.0,0.0,0.0,0.0,0.0,0.0,10523.923720347799,-0.27076835425827894,0.4488258853171436,-1.365194527743061,
2021-10-12,145.9585723876953,216.1217041015625,0.0,0.0,0.0,-0.0,0.0013757800527385289,-0.004708673324544832,0.0,0.0,0.0,0.0,0.0,0.0,0.0,0.0,0.0,0.0,0.0,10523.923720347799,-0.27076835425827894,0.4513644111394719,-1.275235871786833,
2021-10-13,147.6186981201172,214.5879669189453,0.0,0.0,0.0,-0.0,0.011373951562175133,-0.007096636540939172,0.0,0.0,0.0,0.0,0.0,0.0,0.0,0.0,0.0,0.0,0.0,10523.923720347799,-0.27076835425827894,0.4644301186447757,-0.8805149603131036,
2021-10-14,153.52151489257812,217.21170043945312,0.0,0.0,0.0,-0.0,0.039986917969279334,0.012226843649154162,0.0,0.0,0.0,0.0,0.0,0.0,0.0,0.0,0.0,0.0,0.0,10523.923720347799,-0.27076835425827894,0.5006419376563609,0.28886981069055184,
2021-10-15,155.39024353027344,222.8161163330078,0.0,0.0,0.0,-0.0,0.012172421819853119,0.025801629848742458,0.0,0.0,0.0,0.0,0.0,0.0,0.0,0.0,0.0,0.0,0.0,10523.923720347799,-0.27076835425827894,0.5064600210407553,0.5648033824494919,
2021-10-18,155.1015167236328,222.4881591796875,0.0,0.0,0.0,-0.0,-0.0018580755141449634,-0.001471873573230087,0.0,0.0,0.0,0.0,0.0,0.0,0.0,0.0,0.0,0.0,0.0,10523.923720347799,-0.27076835425827894,0.5049633830536131,0.5919732121277745,
2021-10-19,155.42233276367188,225.25662231445312,0.0,0.0,0.0,-0.0,0.00206842619476566,0.012443193134290542,0.0,0.0,0.0,0.0,0.0,0.0,0.0,0.0,0.0,0.0,0.0,10523.923720347799,-0.27076835425827894,0.5039806656120291,0.6309939230844688,
2021-10-20,156.60931396484375,223.2309112548828,0.0,0.0,0.0,-0.0,0.007637134123940514,-0.008992903466085278,0.0,0.0,0.0,0.0,0.0,0.0,0.0,0.0,0.0,0.0,0.0,10523.923720347799,-0.27076835425827894,0.5138160644101704,1.0048659954732158,
2021-10-21,159.9536895751953,222.0926513671875,0.0,0.0,0.0,-0.0,0.02135489598723561,-0.005099024509180317,0.0,0.0,0.0,0.0,0.0,0.0,0.0,0.0,0.0,0.0,0.0,10523.923720347799,-0.27076835425827894,0.5362065484740957,1.8177200126284638,
2021-10-22,163.45848083496094,223.0476226806641,0.0,0.0,0.0,-0.0,0.021911287379951405,0.004299878035575855,0.0,0.0,0.0,0.0,0.0,0.0,0.0,0.0,0.0,0.0,0.0,10523.923720347799,-0.27076835425827894,0.556823347621153,2.4465175985486356,
2021-10-25,163.5306854248047,225.60385131835935,0.0,0.0,0.0,-0.0,0.0004417304594714899,0.011460461254747312,0.0,0.0,0.0,0.0,0.0,0.0,0.0,0.0,0.0,0.0,0.0,10523.923720347799,-0.27076835425827894,0.5544554094481662,2.2178877184991603,
2021-10-26,174.8952178955078,223.6167449951172,-1.0,0.0,0.0,-0.0,0.06949480118169515,-0.008807945040078535,0.0,0.0,0.0,0.0,0.0,0.0,0.0,0.0,0.0,0.0,0.0,10523.923720347799,-0.27076835425827894,0.6238230658958814,3.9628652421239194,Enter Short Spread
2021-10-27,170.19541931152344,208.14431762695312,-1.0,-1.0,-0.8022105569956678,0.1977894430043322,-0.02687208169861055,-0.06919172072065494,0.007871675725225808,0.0,1.0,-0.6044211139913356,0.8022105569956678,0.8022105569956678,0.1977894430043322,1.0,0.001,9.410227761279378e-05,0.006777573447613015,10595.250386319532,-0.26582593321894066,0.6142618408269191,3.2663858923384326,
2021-10-28,171.55079650878906,202.41456604003903,-1.0,-1.0,-0.8022105569956678,0.1977894430043322,0.007963652622076545,-0.02752778289716873,-0.01183323105205122,0.0,1.0,-0.6044211139913356,0.8022105569956678,0.0,0.0,0.0,0.0,9.410227761279378e-05,-0.011927333329664015,10468.877303250647,-0.2745826720354335,0.6290762456644985,3.2718448360956676,
2021-10-29,171.2059326171875,204.27622985839844,-1.0,-1.0,-0.8022105569956678,0.1977894430043322,-0.002010272750811115,0.009197281869483431,0.003431787281260369,0.0,1.0,-0.6044211139913356,0.8022105569956678,0.0,0.0,0.0,0.0,9.410227761279378e-05,0.0033376850036475753,10503.819118030733,-0.27216145749850007,0.6248066735297939,2.883732931473521,
2021-11-01,169.14479064941406,204.9418182373047,-1.0,-1.0,-0.8022105569956678,0.1977894430043322,-0.012038963465022534,0.003258276204566757,0.010302236222581751,0.0,1.0,-0.6044211139913356,0.8022105569956678,0.0,0.0,0.0,0.0,9.410227761279378e-05,0.010208133944968957,10611.043510521316,-0.2647315841663338,0.6118926147460699,2.406861463935757,
2021-11-02,167.7332305908203,201.7393035888672,-1.0,-1.0,-0.8022105569956678,0.1977894430043322,-0.00834527657147588,-0.015626457674583816,0.003603920607099856,0.0,1.0,-0.6044211139913356,0.8022105569956678,0.0,0.0,0.0,0.0,9.410227761279378e-05,0.0035098183294870623,10648.28634552953,-0.26215092560334774,0.607395530884447,2.172449153175894,
2021-11-03,170.62049865722656,200.73611450195312,-1.0,-1.0,-0.8022105569956678,0.1977894430043322,0.017213452911126748,-0.004972700257548701,-0.014792361261821744,0.0,1.0,-0.6044211139913356,0.8022105569956678,0.0,0.0,0.0,0.0,9.410227761279378e-05,-0.014886463539434538,10489.771019089345,-0.27313488894695914,0.6256916160315595,2.39459261803732,
2021-11-04,169.00038146972656,201.3919982910156,-1.0,-1.0,-0.8022105569956678,0.1977894430043322,-0.00949544281167991,0.003267393068207003,0.008263600321915131,0.0,1.0,-0.6044211139913356,0.8022105569956678,0.0,0.0,0.0,0.0,9.410227761279378e-05,0.008169498044302337,10575.467182914976,-0.26719676584373964,0.6153465235052777,2.064050193331386,
2021-11-05,166.99537658691406,209.00279235839844,-1.0,-1.0,-0.8022105569956678,0.1977894430043322,-0.01186390743840815,0.03779094567791663,0.016992001890552555,0.0,1.0,-0.6044211139913356,0.8022105569956678,0.0,0.0,0.0,0.0,9.410227761279378e-05,0.016897899612939762,10754.170365731812,-0.25481393035692956,0.5942658581494149,1.5829782507763936,
2021-11-08,167.86155700683594,212.68768310546875,-1.0,-1.0,-0.8022105569956678,0.1977894430043322,0.005186852699907263,0.01763082064832644,-0.0006737577977053225,0.0,1.0,-0.6044211139913356,0.8022105569956678,0.0,0.0,0.0,0.0,9.410227761279378e-05,-0.0007678600753181162,10745.912667664796,-0.2553861289884918,0.5951302051057736,1.5381272478927,
2021-11-09,168.39088439941406,205.83889770507807,-1.0,-1.0,-0.8022105569956678,0.1977894430043322,0.0031533568615509378,-0.0322011378392536,-0.008898701281642584,0.0,1.0,-0.6044211139913356,0.8022105569956678,0.0,0.0,0.0,0.0,9.410227761279378e-05,-0.008992803559255379,10649.276785979573,-0.262082295257995,0.606348609449552,1.679572382636037,
2021-11-10,169.73828125,208.29818725585935,-1.0,-1.0,-0.8022105569956678,0.1977894430043322,0.008001602078352432,0.011947642443678852,-0.004055852115982639,0.0,1.0,-0.6044211139913356,0.8022105569956678,0.0,0.0,0.0,0.0,9.410227761279378e-05,-0.004149954393595432,10605.082772992984,-0.26514462007890083,0.611390069741967,1.7006742723905681,
2021-11-11,171.0615997314453,203.3313140869141,-1.0,-1.0,-0.8022105569956678,0.1977894430043322,0.0077962288276989256,-0.02384501389272431,-0.010970509086606541,0.0,1.0,-0.6044211139913356,0.8022105569956678,0.0,0.0,0.0,0.0,9.410227761279378e-05,-0.011064611364219335,10487.741653624438,-0.2732755092666336,0.6251064132944453,1.8559541979867635,
2021-11-12,170.9813995361328,204.945068359375,-1.0,-1.0,-0.8022105569956678,0.1977894430043322,-0.00046883809948239374,0.007936575237846188,0.0019458776685821345,0.0,1.0,-0.6044211139913356,0.8022105569956678,0.0,0.0,0.0,0.0,9.410227761279378e-05,0.0018517753909693406,10507.162595525464,-0.27192977873867885,0.6226883831296304,1.7339085899100017,
2021-11-15,169.6420440673828,205.14797973632807,-1.0,-1.0,-0.8022105569956678,0.1977894430043322,-0.007833340190123828,0.0009900768951280892,0.006479814954674629,0.0,1.0,-0.6044211139913356,0.8022105569956678,0.0,0.0,0.0,0.0,9.410227761279378e-05,0.006385712677061835,10574.25831691166,-0.2672805314969793,0.6145802129993465,1.5337661479887896,
2021-11-16,169.92271423339844,207.9309539794922,-1.0,-1.0,-0.8022105569956678,0.1977894430043322,0.0016544846978154837,0.013565691686269643,0.0013559055116204046,0.0,1.0,-0.6044211139913356,0.8022105569956678,0.0,0.0,0.0,0.0,9.410227761279378e-05,0.0012618032340076107,10587.60095025317,-0.26635598370200186,0.6129111177950699,1.4496141479217604,
2021-11-17,166.6986541748047,198.15191650390625,-1.0,-1.0,-0.8022105569956678,0.1977894430043322,-0.018973685025801323,-0.04703021502296589,0.005918810399042039,0.0,1.0,-0.6044211139913356,0.8022105569956678,0.0,0.0,0.0,0.0,9.410227761279378e-05,0.005824708121429246,10649.270635494564,-0.2620827214420328,0.6056322152590372,1.284564858639952,
2021-11-18,166.3938751220703,196.4801788330078,-1.0,-1.0,-0.8022105569956678,0.1977894430043322,-0.0018283234153454453,-0.008436646490196709,-0.00020197926472796993,0.0,1.0,-0.6044211139913356,0.8022105569956678,0.0,0.0,0.0,0.0,9.410227761279378e-05,-0.00029608154234076373,10646.117583020003,-0.26230120512798816,0.6058911444115385,1.2454264001380857,
2021-11-19,168.02195739746094,194.0933532714844,-1.0,-1.0,-0.8022105569956678,0.1977894430043322,0.009784508439365514,-0.012147920343415497,-0.01025196636345737,0.0,1.0,-0.6044211139913356,0.8022105569956678,0.0,0.0,0.0,0.0,9.410227761279378e-05,-0.010346068641070164,10535.972119745174,-0.26993348749616863,0.6186415723971057,1.3969692345964526,
2021-11-22,169.96435546875,188.99127197265625,-1.0,-1.0,-0.8022105569956678,0.1977894430043322,0.01156038235344603,-0.026286738895647366,-0.014473100211411235,0.0,1.0,-0.6044211139913356,0.8022105569956678,0.0,0.0,0.0,0.0,9.410227761279378e-05,-0.01456720248902403,10382.492480458135,-0.28056851421426754,0.6367034916307142,1.6128872371901257,
2021-11-23,170.71389770507812,191.80323791503903,-1.0,-1.0,-0.8022105569956678,0.1977894430043322,0.004409996638771396,0.014878813783472555,-0.0005948735691396071,0.0,1.0,-0.6044211139913356,0.8022105569956678,0.0,0.0,0.0,0.0,9.410227761279378e-05,-0.0006889758467524008,10375.33919391001,-0.2810641851313672,0.6374623624215121,1.5599347365477159,
2021-11-24,168.02195739746094,196.40286254882807,-1.0,-1.0,-0.8022105569956678,0.1977894430043322,-0.015768723834469145,0.02398095404326006,0.01739301627328925,0.0,1.0,-0.6044211139913356,0.8022105569956678,0.0,0.0,0.0,0.0,9.410227761279378e-05,0.017298913995676457,10554.821294301431,-0.2686273763015431,0.6157251348859372,1.1915681000092262,
2021-11-26,165.46701049804688,190.99148559570312,-1.0,-1.0,-0.8022105569956678,0.1977894430043322,-0.01520602984864805,-0.027552434230838196,0.00674885705464572,0.0,1.0,-0.6044211139913356,0.8022105569956678,0.0,0.0,0.0,0.0,9.410227761279378e-05,0.006654754777032926,10625.061041730412,-0.2637602708401947,0.6072908526330172,1.0344928463701681,
2021-11-29,164.93504333496094,189.6773376464844,-1.0,-1.0,-0.8022105569956678,0.1977894430043322,-0.0032149439425099846,-0.0068806624814707895,0.0012181395711198693,0.0,1.0,-0.6044211139913356,0.8022105569956678,0.0,0.0,0.0,0.0,9.410227761279378e-05,0.0011240372935070755,10637.004006587107,-0.2629327099276575,0.605773058301865,0.9865354390139203,
2021-11-30,159.88160705566406,187.24221801757807,-1.0,-1.0,-0.8022105569956678,0.1977894430043322,-0.030638948383055364,-0.012838221261017746,0.022039623215749284,0.0,1.0,-0.6044211139913356,0.8022105569956678,0.0,0.0,0.0,0.0,9.410227761279378e-05,0.02194552093813649,10870.438600732707,-0.24675738428055938,0.5778407526764673,0.5618915695216635,
2021-12-01,156.4803466796875,183.7538299560547,-1.0,-1.0,-0.8022105569956678,0.1977894430043322,-0.021273618889710022,-0.01863035002712843,0.01338103510398636,0.0,1.0,-0.6044211139913356,0.8022105569956678,0.0,0.0,0.0,0.0,9.410227761279378e-05,0.013286932826373566,11014.873388213859,-0.23674910024353335,0.5609743321566223,0.3040398932937796,
2021-12-02,161.11473083496094,191.60997009277344,-1.0,-1.0,-0.8022105569956678,0.1977894430043322,0.029616397545181528,0.04275361301910041,-0.015302373465454563,0.0,1.0,-0.6044211139913356,0.8022105569956678,0.0,0.0,0.0,0.0,9.410227761279378e-05,-0.015396475743067357,10845.283157279266,-0.2485004742075081,0.5798386084884095,0.5641680042548768,
2021-12-03,161.78367614746094,189.70635986328125,-1.0,-1.0,-0.8022105569956678,0.1977894430043322,0.0041519810698453785,-0.009934818259042077,-0.005295765216481332,0.0,1.0,-0.6044211139913356,0.8022105569956678,0.0,0.0,0.0,0.0,9.410227761279378e-05,-0.005389867494094125,10786.8285181256,-0.25255095707340425,0.5864437269603449,0.6378884865735216,
2021-12-06,162.85562133789062,195.85208129882807,-1.0,-1.0,-0.8022105569956678,0.1977894430043322,0.0066257932565003674,0.03239596943389755,0.001092299451080669,0.0,1.0,-0.6044211139913356,0.8022105569956678,0.0,0.0,0.0,0.0,9.410227761279378e-05,0.0009981971734678752,10797.595899863076,-0.2518048555514436,0.5851869127480169,0.6004111076487517,
2021-12-07,165.53953552246094,200.38406372070312,-1.0,-1.0,-0.8022105569956678,0.1977894430043322,0.0164803287876798,0.02313982262440306,-0.008643881108136624,0.0,1.0,-0.6044211139913356,0.8022105569956678,0.0,0.0,0.0,0.0,9.410227761279378e-05,-0.008737983385749418,10703.246686284036,-0.25834257229293345,0.5958926719896065,0.7359922015602404,
2021-12-08,164.99951171875,201.94949340820312,-1.0,-1.0,-0.8022105569956678,0.1977894430043322,-0.003262204415438008,0.007812146626998695,0.004162134951164496,0.0,1.0,-0.6044211139913356,0.8022105569956678,0.0,0.0,0.0,0.0,9.410227761279378e-05,0.004068032673551702,10746.787843516922,-0.2553254856444389,0.5907064917329787,0.6381960996900494,
2021-12-09,166.4663848876953,204.26861572265625,-1.0,-1.0,-0.8022105569956678,0.1977894430043322,0.008890166726345683,0.011483674830347068,-0.004860435952988906,0.0,1.0,-0.6044211139913356,0.8022105569956678,0.0,0.0,0.0,0.0,9.410227761279378e-05,-0.0049545382306017,10693.542472290053,-0.2590150039951682,0.5967421439695264,0.704585247784412,
2021-12-10,168.5377655029297,206.2109222412109,-1.0,-1.0,-0.8022105569956678,0.1977894430043322,0.012443236612796005,0.009508590008715734,-0.008101397052399527,0.0,1.0,-0.6044211139913356,0.8022105569956678,0.0,0.0,0.0,0.0,9.410227761279378e-05,-0.008195499330012321,10605.903552122943,-0.26508774603347485,0.6067752802068691,0.8251250370732597,
2021-12-13,166.2810516357422,203.9111328125,-1.0,-1.0,-0.8022105569956678,0.1977894430043322,-0.013389959576438515,-0.011152607261126435,0.008535698951739949,0.0,1.0,-0.6044211139913356,0.8022105569956678,0.0,0.0,0.0,0.0,9.410227761279378e-05,0.008441596674127154,10695.43431227466,-0.2588839131946157,0.5960600520100228,0.6458498144106987,
2021-12-14,164.20968627929688,202.9061279296875,-1.0,-1.0,-0.8022105569956678,0.1977894430043322,-0.012457013809263562,-0.004928641555518309,0.009018314718398077,0.0,1.0,-0.6044211139913356,0.8022105569956678,0.0,0.0,0.0,0.0,9.410227761279378e-05,0.008924212440785282,10790.882640223863,-0.2522700357926809,0.5847429874479617,0.4607110087859341,
2021-12-15,165.84580993652344,205.1576385498047,-1.0,-1.0,-0.8022105569956678,0.1977894430043322,0.009963624523609216,0.011096316523754313,-0.00579819051414711,0.0,1.0,-0.6044211139913356,0.8022105569956678,0.0,0.0,0.0,0.0,9.410227761279378e-05,-0.005892292791759904,10727.299600226143,-0.2566758796709627,0.5919365118244375,0.54480806575632,
2021-12-16,167.61898803710938,207.1482391357422,-1.0,-1.0,-0.8022105569956678,0.1977894430043322,0.010691726859211048,0.0097027856238181,-0.006657907594847813,0.0,1.0,-0.6044211139913356,0.8022105569956678,0.0,0.0,0.0,0.0,9.410227761279378e-05,-0.006752009872460606,10654.868767420574,-0.2616948114698624,0.6001907422921071,0.6406450267565424,
2021-12-17,166.50668334960938,204.74212646484372,-1.0,-1.0,-0.8022105569956678,0.1977894430043322,-0.006635911005820838,-0.01161541455016557,0.0030259914900115526,0.0,1.0,-0.6044211139913356,0.8022105569956678,0.0,0.0,0.0,0.0,9.410227761279378e-05,0.0029318892123987588,10686.1076622193,-0.25953018245215287,0.5964133226379531,0.5599542028230726,
2021-12-20,163.15383911132812,201.7079315185547,-1.0,-1.0,-0.8022105569956678,0.1977894430043322,-0.020136394352660125,-0.014819592815013771,0.013222469121099322,0.0,1.0,-0.6044211139913356,0.8022105569956678,0.0,0.0,0.0,0.0,9.410227761279378e-05,0.013128366843486528,10826.398803737906,-0.24980902305085517,0.579752624970822,0.2874762283085503,
2021-12-21,166.91775512695312,208.12420654296875,-1.0,-1.0,-0.8022105569956678,0.1977894430043322,0.023069736122217188,0.03180973091196382,-0.012215156905151917,0.0,1.0,-0.6044211139913356,0.8022105569956678,0.0,0.0,0.0,0.0,9.410227761279378e-05,-0.01230925918276471,10693.133854846723,-0.25904331822269366,0.5948395690087038,0.4923785876770018,
2021-12-22,167.9977264404297,210.6173095703125,-1.0,-1.0,-0.8022105569956678,0.1977894430043322,0.006470080505546871,0.0119789190731594,-0.002821063154887399,0.0,1.0,-0.6044211139913356,0.8022105569956678,0.0,0.0,0.0,0.0,9.410227761279378e-05,-0.0029151654325001927,10661.961600667977,-0.26120332952839087,0.5983528894095771,0.5218797158705304,
2021-12-23,171.02015686035156,209.3224639892578,-1.0,-1.0,-0.8022105569956678,0.1977894430043322,0.017990900733966697,-0.006147859279450274,-0.015648472161200678,0.0,1.0,-0.6044211139913356,0.8022105569956678,0.0,0.0,0.0,0.0,9.410227761279378e-05,-0.01574257443881347,10494.114876505691,-0.2728338911084376,0.6177043363925208,0.7969402782579332,
2021-12-27,173.3736572265625,210.2984313964844,-1.0,-1.0,-0.8022105569956678,0.1977894430043322,0.013761537876103791,0.004662506778425168,-0.010117456345997564,0.0,1.0,-0.6044211139913356,0.8022105569956678,0.0,0.0,0.0,0.0,9.410227761279378e-05,-0.010211558623610359,10386.953607241352,-0.28025939045848647,0.6302251489929782,0.9687203755236091,
2021-12-28,173.0270233154297,210.7042999267578,-1.0,-1.0,-0.8022105569956678,0.1977894430043322,-0.0019993459022430438,0.0019299646106643031,0.0019856230152267636,0.0,1.0,-0.6044211139913356,0.8022105569956678,0.0,0.0,0.0,0.0,9.410227761279378e-05,0.0018915207376139697,10406.600745390082,-0.27889798616983585,0.6277484168882947,0.9062871295852815,
2021-12-29,172.96258544921875,210.8202362060547,-1.0,-1.0,-0.8022105569956678,0.1977894430043322,-0.00037241504232243816,0.0005502321468389137,0.000407585388381395,0.0,1.0,-0.6044211139913356,0.8022105569956678,0.0,0.0,0.0,0.0,9.410227761279378e-05,0.0003134831107686012,10409.863038964273,-0.2786719328673589,0.6272403070171544,0.8811182703612394,
2021-12-30,172.3983612060547,210.5303649902344,-1.0,-1.0,-0.8022105569956678,0.1977894430043322,-0.003262117305304235,-0.0013749686511923542,0.0023449506568055637,0.0,1.0,-0.6044211139913356,0.8022105569956678,0.0,0.0,0.0,0.0,9.410227761279378e-05,0.00225084837919277,10433.294062313145,-0.27704833275658713,0.6243120967970421,0.8128434990816009,
2021-12-31,172.75302124023438,209.4094390869141,-1.0,-1.0,-0.8022105569956678,0.1977894430043322,0.0020572123290416577,-0.005324295634847265,-0.002703406916345701,0.0,1.0,-0.6044211139913356,0.8022105569956678,0.0,0.0,0.0,0.0,9.410227761279378e-05,-0.0027975091939584948,10404.106826250552,-0.27907079669248813,0.627683437601974,0.8608493875351569,
2022-01-03,172.07598876953125,213.9704132080078,-1.0,-1.0,-0.8022105569956678,0.1977894430043322,-0.00391907745429021,0.021780174480104053,0.0074518138864722635,0.0,1.0,-0.6044211139913356,0.8022105569956678,0.0,0.0,0.0,0.0,9.410227761279378e-05,0.00735771160885947,10480.65724382587,-0.2737664075241466,0.6184442826497569,0.666765004188158,
2022-01-04,175.1306915283203,214.9657287597656,-1.0,-1.0,-0.8022105569956678,0.1977894430043322,0.01775205698733684,0.004651650369951854,-0.013320840187906649,0.0,1.0,-0.6044211139913356,0.8022105569956678,0.0,0.0,0.0,0.0,9.410227761279378e-05,-0.013414942465519443,10340.059829899117,-0.2835087893837377,0.6348963812965043,0.9998140997995005,
2022-01-05,172.93032836914062,212.58860778808597,-1.0,-1.0,-0.8022105569956678,0.1977894430043322,-0.012564120771623055,-0.011058139292222657,0.00789188711109153,0.0,1.0,-0.6044211139913356,0.8022105569956678,0.0,0.0,0.0,0.0,9.410227761279378e-05,0.007797784833478737,10420.689391617967,-0.2779217450882734,0.6249942966331872,0.7807321980189772,
2022-01-06,174.60678100585938,212.34703063964844,-1.0,-1.0,-0.8022105569956678,0.1977894430043322,0.009694381850360978,-0.0011363598028655275,-0.008001695436368058,0.0,1.0,-0.6044211139913356,0.8022105569956678,0.0,0.0,0.0,0.0,9.410227761279378e-05,-0.008095797713980852,10336.325598263204,-0.2837675445737029,0.6349223245645756,1.0362811380124373,
2022-01-07,175.8318634033203,209.6510162353516,-1.0,-1.0,-0.8022105569956678,0.1977894430043322,0.007016236084323779,-0.01269626608940888,-0.008139686055277456,0.0,1.0,-0.6044211139913356,0.8022105569956678,0.0,0.0,0.0,0.0,9.410227761279378e-05,-0.00823378833289025,10251.218481147269,-0.2896648510088293,0.6450644375081125,1.3403028009675821,
2022-01-10,170.64944458007812,204.8291015625,-1.0,-1.0,-0.8022105569956678,0.1977894430043322,-0.029473718374665947,-0.022999720008218705,0.019095026224393043,0.0,1.0,-0.6044211139913356,0.8022105569956678,0.0,0.0,0.0,0.0,9.410227761279378e-05,0.01900092394678025,10446.001103869376,-0.2761678268661233,0.6208845790817958,0.6351827437645031,
2022-01-11,170.27865600585938,207.15792846679688,-1.0,-1.0,-0.8022105569956678,0.1977894430043322,-0.0021728085616168347,0.011369609525852864,0.003991838701754784,0.0,1.0,-0.6044211139913356,0.8022105569956678,0.0,0.0,0.0,0.0,9.410227761279378e-05,0.00389773642414199,10486.716862858553,-0.27334651983993363,0.6159219826330509,0.46061885371585126,
2022-01-12,170.23838806152344,208.4431304931641,-1.0,-1.0,-0.8022105569956678,0.1977894430043322,-0.0002364826295936373,0.0062039721862405806,0.0014167890651370055,0.0,1.0,-0.6044211139913356,0.8022105569956678,0.0,0.0,0.0,0.0,9.410227761279378e-05,0.0013226867875242116,10500.587504697565,-0.2723853848826173,0.6141605737706246,0.3765817683457458,
2022-01-13,169.63392639160156,207.75701904296875,-1.0,-1.0,-0.8022105569956678,0.1977894430043322,-0.0035506778277495377,-0.0032916002008415157,0.002197347467593733,0.0,1.0,-0.6044211139913356,0.8022105569956678,0.0,0.0,0.0,0.0,9.410227761279378e-05,0.002103245189980939,10522.672814858794,-0.2708550329432119,0.6114164781396687,0.24153771089148032,
2022-01-14,166.4663848876953,207.43817138671875,0.0,-1.0,-0.8022105569956678,0.1977894430043322,-0.01867280662120585,-0.0015347142431999528,0.014675972324936604,0.0,1.0,-0.6044211139913356,0.8022105569956678,0.0,0.0,0.0,0.0,9.410227761279378e-05,0.01458187004732381,10676.113062395574,-0.2602227357879294,0.5929458165029529,-0.6382375464811815,Exit Short Spread
2022-01-18,165.70074462890625,208.4431304931641,0.0,0.0,0.0,-0.0,-0.0045993685710516985,0.0048446199642391274,-0.0,0.0,0.0,0.0,0.0,0.8022105569956678,0.1977894430043322,1.0,0.001,0.0,-0.001,10665.436949333178,-0.2609625130521416,0.5871442545458592,-1.0340774445169785,
2022-01-19,164.22581481933594,207.4477996826172,0.0,0.0,0.0,-0.0,-0.00890116585096512,-0.0047750713021437186,0.0,0.0,0.0,0.0,0.0,0.0,0.0,0.0,0.0,0.0,0.0,10665.436949333178,-0.2609625130521416,0.5793833767294336,-1.5032555911372707,
2022-01-20,163.04098510742188,207.12893676757807,0.0,0.0,0.0,-0.0,-0.007214637438197502,-0.001537075425851464,0.0,0.0,0.0,0.0,0.0,0.0,0.0,0.0,0.0,0.0,0.0,10665.436949333178,-0.2609625130521416,0.5725218539265748,-1.9533813123652002,
2022-01-21,162.76698303222656,198.9925842285156,0.0,0.0,0.0,-0.0,-0.0016805717593939562,-0.03928158308557517,0.0,0.0,0.0,0.0,0.0,0.0,0.0,0.0,0.0,0.0,0.0,10665.436949333178,-0.2609625130521416,0.5807203155538061,-1.4490887294908457,
2022-01-24,164.52401733398438,195.05003356933597,0.0,0.0,0.0,-0.0,0.010794783247963347,-0.019812550676019947,0.0,0.0,0.0,0.0,0.0,0.0,0.0,0.0,0.0,0.0,0.0,10665.436949333178,-0.2609625130521416,0.5963911847635037,-0.5866266105627213,
2022-01-25,162.7589111328125,195.19497680664065,0.0,0.0,0.0,-0.0,-0.010728562490597948,0.0007431079844093524,-0.0,0.0,0.0,0.0,0.0,0.0,0.0,0.0,0.0,0.0,0.0,10665.436949333178,-0.2609625130521416,0.585421506943121,-1.1388882488365348,
2022-01-26,160.3893280029297,198.9346160888672,0.0,0.0,0.0,-0.0,-0.014558853419394113,0.019158481142324657,-0.0,0.0,0.0,0.0,0.0,0.0,0.0,0.0,0.0,0.0,0.0,10665.436949333178,-0.2609625130521416,0.5660766831215907,-2.0669630086579804,
2022-01-27,157.02841186523438,199.20518493652344,1.0,0.0,0.0,-0.0,-0.0209547366994014,0.0013600893247025514,-0.0,0.0,0.0,0.0,0.0,0.0,0.0,0.0,0.0,0.0,0.0,10665.436949333178,-0.2609625130521416,0.5445641701242878,-2.9039622369167564,Enter Long Spread
2022-01-28,159.78489685058594,220.319091796875,1.0,1.0,0.8022105569956678,-0.1977894430043322,0.0175540524966733,0.10599074952330922,-0.006881805080939539,0.0,1.0,0.6044211139913356,0.1977894430043322,0.8022105569956678,0.1977894430043322,1.0,0.001,2.3201436221655254e-05,-0.007905006517161193,10581.126600740326,-0.26680460920289084,0.5371275470730592,-2.9604359192718888,
2022-01-31,162.97653198242188,218.5507354736328,1.0,1.0,0.8022105569956678,-0.1977894430043322,0.019974573284109676,-0.008026341742877863,0.017611339222682643,0.0,1.0,0.6044211139913356,0.1977894430043322,0.0,0.0,0.0,0.0,2.3201436221655254e-05,0.017588137786460987,10767.228913330136,-0.2539090676451531,0.5588921693607507,-1.8931576319990349,
2022-02-01,185.9307403564453,224.5322113037109,0.0,1.0,0.8022105569956678,-0.1977894430043322,0.14084364230120694,0.027368820411952877,0.10757299299478405,0.0,1.0,0.6044211139913356,0.1977894430043322,0.0,0.0,0.0,0.0,2.3201436221655254e-05,0.1075497915585624,11925.24213862212,-0.1736671433866558,0.6840029518516915,3.2144370861929015,Exit Long Spread
2022-02-02,187.07522583007807,227.48912048339844,-1.0,0.0,0.0,-0.0,0.006155439769877091,0.013169198140964733,0.0,0.0,0.0,0.0,0.0,0.8022105569956678,0.1977894430043322,1.0,0.001,0.0,-0.001,11913.316896483497,-0.17449347624326916,0.6869137796789555,3.0106458396800906,Enter Short Spread
2022-02-03,184.31878662109372,223.73980712890625,-1.0,-1.0,-0.8022105569956678,0.1977894430043322,-0.01473438931720461,-0.016481286430424236,0.008560258198077259,0.0,1.0,-0.6044211139913356,0.8022105569956678,0.8022105569956678,0.1977894430043322,1.0,0.001,9.410227761279378e-05,0.007466155920464465,12002.263577962547,-0.16833011582354074,0.6761671720445164,2.436819227743051,
2022-02-04,181.17552185058597,220.69595336914065,-1.0,-1.0,-0.8022105569956678,0.1977894430043322,-0.01705341505404656,-0.013604435432501782,0.010989615882602069,0.0,1.0,-0.6044211139913356,0.8022105569956678,0.0,0.0,0.0,0.0,9.410227761279378e-05,0.010895513604989275,12133.034404066904,-0.15926864528563633,0.6623439470051464,1.8652384759338807,
2022-02-07,181.39309692382807,219.50738525390625,-1.0,-1.0,-0.8022105569956678,0.1977894430043322,0.0012009076668841878,-0.005385545575665285,-0.0020285848680368142,0.0,1.0,-0.6044211139913356,0.8022105569956678,0.0,0.0,0.0,0.0,9.410227761279378e-05,-0.002122687145649608,12107.279767899669,-0.16105325492523304,0.6648755586126522,1.8636008719567834,
2022-02-08,181.5059509277344,220.26112365722656,-1.0,-1.0,-0.8022105569956678,0.1977894430043322,0.0006221515913238385,0.0034337724102013745,0.00018006735780573568,0.0,1.0,-0.6044211139913356,0.8022105569956678,0.0,0.0,0.0,0.0,9.410227761279378e-05,8.59650801929419e-05,12108.320571175835,-0.16098113480101506,0.6646523514209817,1.7889732244792769,
2022-02-09,181.4011688232422,223.09239196777344,-1.0,-1.0,-0.8022105569956678,0.1977894430043322,-0.0005772929424993078,0.012854144496933229,0.003005524573297663,0.0,1.0,-0.6044211139913356,0.8022105569956678,0.0,0.0,0.0,0.0,9.410227761279378e-05,0.0029114222956848693,12143.573005650056,-0.1585383965703745,0.660925827647904,1.6153147992051147,
2022-02-10,177.8629150390625,218.34490966796875,-1.0,-1.0,-0.8022105569956678,0.1977894430043322,-0.019505132227826905,-0.021280341556831228,0.011438196085291577,0.0,1.0,-0.6044211139913356,0.8022105569956678,0.0,0.0,0.0,0.0,9.410227761279378e-05,0.011344093807678783,12281.330836986546,-0.14899277720550896,0.6465313772859469,1.1356106201535,
2022-02-11,172.0679473876953,217.4738006591797,-1.0,-1.0,-0.8022105569956678,0.1977894430043322,-0.03258109004957266,-0.003989600719859876,0.025347793492002925,0.0,1.0,-0.6044211139913356,0.8022105569956678,0.0,0.0,0.0,0.0,9.410227761279378e-05,0.025253691214390132,12591.479773645571,-0.12750170357984125,0.6143933312164402,0.13945258774858874,
2022-02-14,172.47096252441406,218.10296630859372,-1.0,-1.0,-0.8022105569956678,0.1977894430043322,0.002342185995923396,0.0028930641185604955,-0.0013067087917912606,0.0,1.0,-0.6044211139913356,0.8022105569956678,0.0,0.0,0.0,0.0,9.410227761279378e-05,-0.0014008110694040544,12573.841489398472,-0.12872390885150276,0.616020507461829,0.18445705111721147,
2022-02-15,175.10646057128906,220.50331115722656,-1.0,-1.0,-0.8022105569956678,0.1977894430043322,0.015280821816611168,0.011005558013532868,-0.010081653391406665,0.0,1.0,-0.6044211139913356,0.8022105569956678,0.0,0.0,0.0,0.0,9.410227761279378e-05,-0.01017575566901946,12445.893150581373,-0.1375898014752882,0.6284870953523982,0.5574276138096884,
2022-02-16,173.5348358154297,221.47122192382807,-1.0,-1.0,-0.8022105569956678,0.1977894430043322,-0.008975252830374814,0.004389552073035929,0.00806824963179621,0.0,1.0,-0.6044211139913356,0.8022105569956678,0.0,0.0,0.0,0.0,9.410227761279378e-05,0.007974147354183416,12545.138536518532,-0.13071281547250146,0.6183914224088285,0.24573304118336534,
2022-02-17,169.82733154296875,217.3964080810547,0.0,-1.0,-0.8022105569956678,0.1977894430043322,-0.021364611059442873,-0.01839884120102453,0.013499819984915671,0.0,1.0,-0.6044211139913356,0.8022105569956678,0.0,0.0,0.0,0.0,9.410227761279378e-05,0.013405717707302877,12713.315122338105,-0.11905939687014988,0.6013738710650323,-0.26304547261054095,Exit Short Spread
2022-02-18,169.96536254882812,215.5380706787109,0.0,0.0,0.0,-0.0,0.00081277262384849,-0.008548151364354273,0.0,0.0,0.0,0.0,0.0,0.8022105569956678,0.1977894430043322,1.0,0.001,0.0,-0.001,12700.601807215766,-0.11994033747327981,0.6043029671757085,-0.15589948045543026,
2022-02-22,169.6487579345703,214.2120513916016,0.0,0.0,0.0,-0.0,-0.0018627596206071129,-0.006152134900965778,0.0,0.0,0.0,0.0,0.0,0.0,0.0,0.0,0.0,0.0,0.0,12700.601807215766,-0.11994033747327981,0.6039599984321165,-0.1605069073330241,
2022-02-23,166.0035858154297,209.01454162597656,0.0,0.0,0.0,-0.0,-0.021486583005497106,-0.024263386358797545,0.0,0.0,0.0,0.0,0.0,0.0,0.0,0.0,0.0,0.0,0.0,12700.601807215766,-0.11994033747327981,0.588295260708924,-0.6377411736573239,
2022-02-24,168.20367431640625,210.32118225097656,0.0,0.0,0.0,-0.0,0.013253258899013964,0.0062514340621246944,0.0,0.0,0.0,0.0,0.0,0.0,0.0,0.0,0.0,0.0,0.0,12700.601807215766,-0.11994033747327981,0.5999249356847391,-0.2725265322281522,
2022-02-25,170.44432067871094,212.2279052734375,0.0,0.0,0.0,-0.0,0.013321031014398743,0.00906576789866853,0.0,0.0,0.0,0.0,0.0,0.0,0.0,0.0,0.0,0.0,0.0,12700.601807215766,-0.11994033747327981,0.610932877922113,0.05321384094372182,
2022-02-28,170.82589721679688,209.1790771484375,0.0,0.0,0.0,-0.0,0.0022387166469759467,-0.014365821125510547,0.0,0.0,0.0,0.0,0.0,0.0,0.0,0.0,0.0,0.0,0.0,12700.601807215766,-0.11994033747327981,0.6167367528980208,0.21010675361841483,
2022-03-01,166.8966064453125,202.25872802734372,0.0,0.0,0.0,-0.0,-0.023001727697631646,-0.0330833715084371,0.0,0.0,0.0,0.0,0.0,0.0,0.0,0.0,0.0,0.0,0.0,12700.601807215766,-0.11994033747327981,0.601761225991656,-0.2824479828565412,
2022-03-02,171.67019653320312,201.7844390869141,0.0,0.0,0.0,-0.0,0.028602079991691065,-0.002344961550264979,0.0,0.0,0.0,0.0,0.0,0.0,0.0,0.0,0.0,0.0,0.0,12700.601807215766,-0.11994033747327981,0.6305407446733131,0.6219642401364199,
2022-03-03,172.45767211914062,200.5745849609375,0.0,0.0,0.0,-0.0,0.004587142100610286,-0.0059957751521932945,0.0,0.0,0.0,0.0,0.0,0.0,0.0,0.0,0.0,0.0,0.0,12700.601807215766,-0.11994033747327981,0.636600138922758,0.7904015089473859,
2022-03-04,170.80154418945312,193.85748291015625,0.0,0.0,0.0,-0.0,-0.009603098020152911,-0.033489298018936076,0.0,0.0,0.0,0.0,0.0,0.0,0.0,0.0,0.0,0.0,0.0,12700.601807215766,-0.11994033747327981,0.6353490317647186,0.7271891235362642,
2022-03-07,163.32455444335938,184.57542419433597,0.0,0.0,0.0,-0.0,-0.0437758907952277,-0.04788083790462749,0.0,0.0,0.0,0.0,0.0,0.0,0.0,0.0,0.0,0.0,0.0,12700.601807215766,-0.11994033747327981,0.602683329082262,-0.3328743666530346,
2022-03-08,165.1349334716797,185.55303955078125,0.0,0.0,0.0,-0.0,0.011084549010345723,0.0052965629672125925,0.0,0.0,0.0,0.0,0.0,0.0,0.0,0.0,0.0,0.0,0.0,12700.601807215766,-0.11994033747327981,0.6124044440836567,-0.02709926853914616,
2022-03-09,167.87081909179688,193.3444976806641,0.0,0.0,0.0,-0.0,0.01656757636073647,0.04199046347473345,0.0,0.0,0.0,0.0,0.0,0.0,0.0,0.0,0.0,0.0,0.0,12700.601807215766,-0.11994033747327981,0.6186947585968625,0.17032194111447022,
2022-03-10,168.19557189941406,191.61196899414065,0.0,0.0,0.0,-0.0,0.0019345399597985313,-0.008960837816987977,0.0,0.0,0.0,0.0,0.0,0.0,0.0,0.0,0.0,0.0,0.0,12700.601807215766,-0.11994033747327981,0.622846732115129,0.29098942472765305,
2022-03-11,165.5327606201172,190.39244079589844,0.0,0.0,0.0,-0.0,-0.015831637237687324,-0.006364572133171431,0.0,0.0,0.0,0.0,0.0,0.0,0.0,0.0,0.0,0.0,0.0,12700.601807215766,-0.11994033747327981,0.6084626713234327,-0.19033645907099458,
2022-03-14,165.8574981689453,193.89617919921875,0.0,0.0,0.0,-0.0,0.0019617720843390085,0.01840271803162774,0.0,0.0,0.0,0.0,0.0,0.0,0.0,0.0,0.0,0.0,0.0,12700.601807215766,-0.11994033747327981,0.6059264739044161,-0.28201951790131347,
2022-03-15,170.91517639160156,199.5195770263672,0.0,0.0,0.0,-0.0,0.030494118616840593,0.029002107469950023,0.0,0.0,0.0,0.0,0.0,0.0,0.0,0.0,0.0,0.0,0.0,12700.601807215766,-0.11994033747327981,0.6289159876024639,0.4572679046301479,
2022-03-16,176.89840698242188,205.0655517578125,0.0,0.0,0.0,-0.0,0.03500701761622094,0.027796644390000846,0.0,0.0,0.0,0.0,0.0,0.0,0.0,0.0,0.0,0.0,0.0,12700.601807215766,-0.11994033747327981,0.6565643003013206,1.316826885003298,
2022-03-17,180.48670959472656,206.59483337402344,0.0,0.0,0.0,-0.0,0.020284538869031588,0.00745752566972846,0.0,0.0,0.0,0.0,0.0,0.0,0.0,0.0,0.0,0.0,0.0,12700.601807215766,-0.11994033747327981,0.6748139763909842,1.826052454916847,
2022-03-18,178.42465209960938,212.0730133056641,0.0,0.0,0.0,-0.0,-0.011424982480690238,0.026516538880344775,-0.0,0.0,0.0,0.0,0.0,0.0,0.0,0.0,0.0,0.0,0.0,12700.601807215766,-0.11994033747327981,0.656870605742077,1.210738832252226,
2022-03-21,177.43418884277344,210.0695343017578,0.0,0.0,0.0,-0.0,-0.005551157002021134,-0.009447119049601271,0.0,0.0,0.0,0.0,0.0,0.0,0.0,0.0,0.0,0.0,0.0,12700.601807215766,-0.11994033747327981,0.6536442952712278,1.072636441031783,
2022-03-22,177.320556640625,211.45358276367188,0.0,0.0,0.0,-0.0,-0.0006404188667896715,0.006588525397147382,-0.0,0.0,0.0,0.0,0.0,0.0,0.0,0.0,0.0,0.0,0.0,12700.601807215766,-0.11994033747327981,0.6513845618610614,0.9759739571589505,
2022-03-23,174.203125,207.78530883789065,0.0,0.0,0.0,-0.0,-0.017580768409965475,-0.017347892042486768,0.0,0.0,0.0,0.0,0.0,0.0,0.0,0.0,0.0,0.0,0.0,12700.601807215766,-0.11994033747327981,0.6379621698960716,0.5522979268155667,
2022-03-24,174.26808166503906,210.3308563232422,0.0,0.0,0.0,-0.0,0.0003728788736658828,0.012250854016524926,0.0,0.0,0.0,0.0,0.0,0.0,0.0,0.0,0.0,0.0,0.0,12700.601807215766,-0.11994033747327981,0.635332815768733,0.4658444641509649,
2022-03-25,174.82823181152344,211.4148712158203,0.0,0.0,0.0,-0.0,0.003214301443686285,0.005153855746739211,0.0,0.0,0.0,0.0,0.0,0.0,0.0,0.0,0.0,0.0,0.0,12700.601807215766,-0.11994033747327981,0.6372745141168215,0.5200300523853606,
2022-03-28,178.23793029785156,213.67974853515625,0.0,0.0,0.0,-0.0,0.019503134310733028,0.010712951772554602,0.0,0.0,0.0,0.0,0.0,0.0,0.0,0.0,0.0,0.0,0.0,12700.601807215766,-0.11994033747327981,0.6539626101025466,1.0138100416018032,
2022-03-29,180.5922393798828,220.79367065429688,0.0,0.0,0.0,-0.0,0.01320879948559206,0.033292448947122244,0.0,0.0,0.0,0.0,0.0,0.0,0.0,0.0,0.0,0.0,0.0,12700.601807215766,-0.11994033747327981,0.6590101774524504,1.1406753355427608,
2022-03-30,178.76560974121094,216.7576141357422,0.0,0.0,0.0,-0.0,-0.010114662982995015,-0.01827976547785226,0.0,0.0,0.0,0.0,0.0,0.0,0.0,0.0,0.0,0.0,0.0,12700.601807215766,-0.11994033747327981,0.6533926930529723,0.9447994575378825,
2022-03-31,174.10569763183594,214.64761352539065,0.0,0.0,0.0,-0.0,-0.02606716200124226,-0.009734378276696543,0.0,0.0,0.0,0.0,0.0,0.0,0.0,0.0,0.0,0.0,0.0,12700.601807215766,-0.11994033747327981,0.6293915831662831,0.2226923016266798,
2022-04-01,167.75718688964844,219.09017944335935,0.0,0.0,0.0,-0.0,-0.03646354386179862,0.020697019850365983,-0.0,0.0,0.0,0.0,0.0,0.0,0.0,0.0,0.0,0.0,0.0,12700.601807215766,-0.11994033747327981,0.5871957545351492,-1.0248843630323277,
2022-04-04,166.5962371826172,220.42588806152344,0.0,0.0,0.0,-0.0,-0.006920417113306376,0.0060966156564283835,-0.0,0.0,0.0,0.0,0.0,0.0,0.0,0.0,0.0,0.0,0.0,12700.601807215766,-0.11994033747327981,0.5787526895605613,-1.2352956625992921,
2022-04-05,160.10159301757812,218.8288726806641,0.0,0.0,0.0,-0.0,-0.03898433887147079,-0.007245135291974458,0.0,0.0,0.0,0.0,0.0,0.0,0.0,0.0,0.0,0.0,0.0,12700.601807215766,-0.11994033747327981,0.54078094675421,-2.219967654629771,
2022-04-06,157.81222534179688,211.9762420654297,0.0,0.0,0.0,-0.0,-0.014299468435207241,-0.03131502041430523,0.0,0.0,0.0,0.0,0.0,0.0,0.0,0.0,0.0,0.0,0.0,12700.601807215766,-0.11994033747327981,0.5342226214514028,-2.260900831196933,
2022-04-07,156.44020080566406,209.2080535888672,0.0,0.0,0.0,-0.0,-0.008694031993790263,-0.013058956275430411,0.0,0.0,0.0,0.0,0.0,0.0,0.0,0.0,0.0,0.0,0.0,12700.601807215766,-0.11994033747327981,0.5287315418390397,-2.2653899001483864,
2022-04-08,155.0357666015625,210.01144409179688,0.0,0.0,0.0,-0.0,-0.008977450788663965,0.003840150936581521,-0.0,0.0,0.0,0.0,0.0,0.0,0.0,0.0,0.0,0.0,0.0,12700.601807215766,-0.11994033747327981,0.5187685538115299,-2.36281667063922,
2022-04-11,154.93019104003906,207.8530731201172,0.0,0.0,0.0,-0.0,-0.000680975518344562,-0.010277396934313066,0.0,0.0,0.0,0.0,0.0,0.0,0.0,0.0,0.0,0.0,0.0,12700.601807215766,-0.11994033747327981,0.5206344064038275,-2.1851087491298538,
2022-04-12,152.53526306152344,204.61065673828125,0.0,0.0,0.0,-0.0,-0.015458110278174897,-0.015599559502120774,0.0,0.0,0.0,0.0,0.0,0.0,0.0,0.0,0.0,0.0,0.0,12700.601807215766,-0.11994033747327981,0.5089320462345139,-2.3203890331184445,
2022-04-13,153.33090209960938,206.42059326171875,0.0,0.0,0.0,-0.0,0.005216099032556265,0.008845758829427064,0.0,0.0,0.0,0.0,0.0,0.0,0.0,0.0,0.0,0.0,0.0,12700.601807215766,-0.11994033747327981,0.511963207514436,-2.1406669669817004,
2022-04-14,152.640869140625,205.95599365234372,0.0,0.0,0.0,-0.0,-0.004500286305862189,-0.002250742535101491,0.0,0.0,0.0,0.0,0.0,0.0,0.0,0.0,0.0,0.0,0.0,12700.601807215766,-0.11994033747327981,0.5080083228824233,-2.123322150976338,
2022-04-18,151.94265747070312,206.3238067626953,0.0,0.0,0.0,-0.0,-0.004574211833651365,0.0017858820412504084,-0.0,0.0,0.0,0.0,0.0,0.0,0.0,0.0,0.0,0.0,0.0,12700.601807215766,-0.11994033747327981,0.5029836909610079,-2.128915391489004,
2022-04-19,154.8084259033203,208.7725524902344,0.0,0.0,0.0,-0.0,0.018860855011501698,0.011868459418042487,0.0,0.0,0.0,0.0,0.0,0.0,0.0,0.0,0.0,0.0,0.0,12700.601807215766,-0.11994033747327981,0.5187598798973818,-1.7449798540055392,
2022-04-20,154.59732055664062,210.79542541503903,0.0,0.0,0.0,-0.0,-0.001363655404722719,0.009689362421811953,-0.0,0.0,0.0,0.0,0.0,0.0,0.0,0.0,0.0,0.0,0.0,12700.601807215766,-0.11994033747327981,0.5150178276094934,-1.7460261317651093,
2022-04-21,153.2740478515625,209.4984436035156,0.0,0.0,0.0,-0.0,-0.00855948020517805,-0.006152798662351411,0.0,0.0,0.0,0.0,0.0,0.0,0.0,0.0,0.0,0.0,0.0,12700.601807215766,-0.11994033747327981,0.5079431973049091,-1.8079123250511964,
2022-04-22,151.93453979492188,201.484375,0.0,0.0,0.0,-0.0,-0.008739301110765152,-0.03825359494642622,0.0,0.0,0.0,0.0,0.0,0.0,0.0,0.0,0.0,0.0,0.0,12700.601807215766,-0.11994033747327981,0.5087822533251354,-1.7357873047129482,
2022-04-25,153.9559783935547,203.20721435546875,0.0,0.0,0.0,-0.0,0.013304667927130476,0.00855073429623876,0.0,0.0,0.0,0.0,0.0,0.0,0.0,0.0,0.0,0.0,0.0,12700.601807215766,-0.11994033747327981,0.5198999230900647,-1.5088093305120776,
2022-04-26,148.60604858398438,194.64144897460935,0.0,0.0,0.0,-0.0,-0.03474973733007225,-0.042152860605998876,0.0,0.0,0.0,0.0,0.0,0.0,0.0,0.0,0.0,0.0,0.0,12700.601807215766,-0.11994033747327981,0.4951504767932333,-1.9093162727571888,
2022-04-27,151.3256378173828,207.23361206054688,0.0,0.0,0.0,-0.0,0.018300663124499073,0.0646941499473741,0.0,0.0,0.0,0.0,0.0,0.0,0.0,0.0,0.0,0.0,0.0,12700.601807215766,-0.11994033747327981,0.4978297304470283,-1.8009313875979585,
2022-04-28,154.378173828125,213.5732421875,0.0,0.0,0.0,-0.0,0.02017196857564829,0.03059170789872101,0.0,0.0,0.0,0.0,0.0,0.0,0.0,0.0,0.0,0.0,0.0,12700.601807215766,-0.11994033747327981,0.5103714552534284,-1.5282462498594547,
2022-04-29,146.1136932373047,206.28509521484372,0.0,0.0,0.0,-0.0,-0.05353399632788425,-0.034124813099282725,0.0,0.0,0.0,0.0,0.0,0.0,0.0,0.0,0.0,0.0,0.0,12700.601807215766,-0.11994033747327981,0.463911798613339,-2.221611011306219,
2022-05-02,144.97714233398438,204.73648071289065,0.0,0.0,0.0,-0.0,-0.007778537918923356,-0.007507156541485482,0.0,0.0,0.0,0.0,0.0,0.0,0.0,0.0,0.0,0.0,0.0,12700.601807215766,-0.11994033747327981,0.45796076355101634,-2.2026290633920342,
2022-05-03,144.60369873046875,201.8618927001953,0.0,0.0,0.0,-0.0,-0.002575879186908825,-0.014040428958659645,0.0,0.0,0.0,0.0,0.0,0.0,0.0,0.0,0.0,0.0,0.0,12700.601807215766,-0.11994033747327981,0.4588678384692222,-2.076934256661435,
2022-05-04,149.21490478515625,207.6304626464844,0.0,0.0,0.0,-0.0,0.03188857612337048,0.028576814916010607,0.0,0.0,0.0,0.0,0.0,0.0,0.0,0.0,0.0,0.0,0.0,12700.601807215766,-0.11994033747327981,0.4833115543982882,-1.6178484104769513,
2022-05-05,145.95941162109375,198.6484832763672,0.0,0.0,0.0,-0.0,-0.021817479753445834,-0.04325944880934984,0.0,0.0,0.0,0.0,0.0,0.0,0.0,0.0,0.0,0.0,0.0,12700.601807215766,-0.11994033747327981,0.47215598648890844,-1.7250030137885985,
2022-05-06,146.06500244140625,196.30621337890625,0.0,0.0,0.0,-0.0,0.0007234259109416552,-0.011791028347305721,0.0,0.0,0.0,0.0,0.0,0.0,0.0,0.0,0.0,0.0,0.0,12700.601807215766,-0.11994033747327981,0.4758035690395259,-1.6045619412190455,
2022-05-09,147.2908935546875,186.8015899658203,0.0,0.0,0.0,-0.0,0.008392777823510666,-0.048417333560096254,0.0,0.0,0.0,0.0,0.0,0.0,0.0,0.0,0.0,0.0,0.0,12700.601807215766,-0.11994033747327981,0.49639755730624,-1.2378994510696588,
2022-05-10,147.76170349121094,187.36297607421875,0.0,0.0,0.0,-0.0,0.00319646330578216,0.003005253373384864,0.0,0.0,0.0,0.0,0.0,0.0,0.0,0.0,0.0,0.0,0.0,12700.601807215766,-0.11994033747327981,0.4988490721313803,-1.1596387818866958,
2022-05-11,144.06788635253906,190.40213012695312,0.0,0.0,0.0,-0.0,-0.02499847424195123,0.016220675591374523,-0.0,0.0,0.0,0.0,0.0,0.0,0.0,0.0,0.0,0.0,0.0,12700.601807215766,-0.11994033747327981,0.4695656209919259,-1.549528288278267,
2022-05-12,145.03395080566406,188.0990295410156,0.0,0.0,0.0,-0.0,0.006705619674054253,-0.012095981197279171,0.0,0.0,0.0,0.0,0.0,0.0,0.0,0.0,0.0,0.0,0.0,12700.601807215766,-0.11994033747327981,0.4792493728592788,-1.3513635869027092,
2022-05-13,145.779052734375,193.1997985839844,0.0,0.0,0.0,-0.0,0.0051374310950773605,0.027117466025291526,0.0,0.0,0.0,0.0,0.0,0.0,0.0,0.0,0.0,0.0,0.0,12700.601807215766,-0.11994033747327981,0.4777767383041214,-1.3245159964430933,
2022-05-16,147.1956024169922,191.8227996826172,0.0,0.0,0.0,-0.0,0.009717100338128004,-0.007127330936469001,0.0,0.0,0.0,0.0,0.0,0.0,0.0,0.0,0.0,0.0,0.0,12700.601807215766,-0.11994033747327981,0.48921050633400087,-1.116128828070227,
2022-05-17,149.95492553710938,197.825439453125,0.0,0.0,0.0,-0.0,0.018745961664671684,0.031292629345622824,0.0,0.0,0.0,0.0,0.0,0.0,0.0,0.0,0.0,0.0,0.0,12700.601807215766,-0.11994033747327981,0.5001858137194339,-0.9235377713735384,
2022-05-18,141.0218505859375,193.9368133544922,0.0,0.0,0.0,-0.0,-0.05957173410059946,-0.01965685560655217,0.0,0.0,0.0,0.0,0.0,0.0,0.0,0.0,0.0,0.0,0.0,12700.601807215766,-0.11994033747327981,0.4436606816750095,-1.6827565822619561,
2022-05-19,137.058837890625,191.39610290527344,0.0,0.0,0.0,-0.0,-0.02810211806784846,-0.013100712573711593,0.0,0.0,0.0,0.0,0.0,0.0,0.0,0.0,0.0,0.0,0.0,12700.601807215766,-0.11994033747327981,0.4184075395497915,-1.9443958612655798,
2022-05-20,140.0474853515625,193.005859375,0.0,0.0,0.0,-0.0,0.021805580048201545,0.00841060212455469,0.0,0.0,0.0,0.0,0.0,0.0,0.0,0.0,0.0,0.0,0.0,12700.601807215766,-0.11994033747327981,0.4379137699074478,-1.602223703570236,
2022-05-23,142.79042053222656,201.2776641845703,0.0,0.0,0.0,-0.0,0.019585751031362397,0.04285779113834387,0.0,0.0,0.0,0.0,0.0,0.0,0.0,0.0,0.0,0.0,0.0,12700.601807215766,-0.11994033747327981,0.44696352996995525,-1.422639180099433,
2022-05-24,142.56118774414062,196.49688720703125,0.0,0.0,0.0,-0.0,-0.0016053793190853316,-0.023752148540213236,0.0,0.0,0.0,0.0,0.0,0.0,0.0,0.0,0.0,0.0,0.0,12700.601807215766,-0.11994033747327981,0.4512837542756274,-1.315655030345578,
2022-05-25,142.35647583007812,197.6702880859375,0.0,0.0,0.0,-0.0,-0.0014359582527462278,0.005971600342299377,-0.0,0.0,0.0,0.0,0.0,0.0,0.0,0.0,0.0,0.0,0.0,12700.601807215766,-0.11994033747327981,0.4483788116676415,-1.3067026189709174,
2022-05-26,146.05746459960938,202.2377166748047,0.0,0.0,0.0,-0.0,0.025998035902131233,0.023106298033427786,0.0,0.0,0.0,0.0,0.0,0.0,0.0,0.0,0.0,0.0,0.0,12700.601807215766,-0.11994033747327981,0.4684124802023901,-1.0058682138894497,
2022-05-27,149.45547485351562,206.43667602539065,0.0,0.0,0.0,-0.0,0.023264885935280866,0.020762493859332043,0.0,0.0,0.0,0.0,0.0,0.0,0.0,0.0,0.0,0.0,0.0,12700.601807215766,-0.11994033747327981,0.48634417507011785,-0.7392795424146477,
2022-05-31,149.2261962890625,205.74815368652344,0.0,0.0,0.0,-0.0,-0.001534092776981577,-0.0033352713874472695,0.0,0.0,0.0,0.0,0.0,0.0,0.0,0.0,0.0,0.0,0.0,12700.601807215766,-0.11994033747327981,0.4856326083504585,-0.7219876219920883,
2022-06-01,147.57223510742188,203.5759429931641,0.0,0.0,0.0,-0.0,-0.011083584670594782,-0.010557619373192106,0.0,0.0,0.0,0.0,0.0,0.0,0.0,0.0,0.0,0.0,0.0,12700.601807215766,-0.11994033747327981,0.4771040208879982,-0.8101648412979487,
2022-06-02,150.71644592285156,208.54095458984372,0.0,0.0,0.0,-0.0,0.021306249194781968,0.02438898979751425,0.0,0.0,0.0,0.0,0.0,0.0,0.0,0.0,0.0,0.0,0.0,12700.601807215766,-0.11994033747327981,0.4922453827591924,-0.5805043988577344,
2022-06-03,151.87911987304688,206.21359252929688,0.0,0.0,0.0,-0.0,0.007714313743773182,-0.01116021582007376,0.0,0.0,0.0,0.0,0.0,0.0,0.0,0.0,0.0,0.0,0.0,12700.601807215766,-0.11994033747327981,0.5026971756745289,-0.4150249572865809,
2022-06-06,153.20559692382812,206.49481201171875,0.0,0.0,0.0,-0.0,0.008733768354004301,0.0013637291265460316,0.0,0.0,0.0,0.0,0.0,0.0,0.0,0.0,0.0,0.0,0.0,12700.601807215766,-0.11994033747327981,0.5110570194072201,-0.2771667200833776,
2022-06-07,151.89547729492188,208.00759887695312,0.0,0.0,0.0,-0.0,-0.008551382294196608,0.007326028438663812,-0.0,0.0,0.0,0.0,0.0,0.0,0.0,0.0,0.0,0.0,0.0,12700.601807215766,-0.11994033747327981,0.5006691757496495,-0.400966688797557,
2022-06-08,146.92539978027344,207.03787231445312,0.0,0.0,0.0,-0.0,-0.03272037853371024,-0.004661976618814068,0.0,0.0,0.0,0.0,0.0,0.0,0.0,0.0,0.0,0.0,0.0,12700.601807215766,-0.11994033747327981,0.4685536380546673,-0.8258319520536619,
2022-06-09,144.55905151367188,199.87159729003903,0.0,0.0,0.0,-0.0,-0.016105780689659066,-0.03461335331697102,0.0,0.0,0.0,0.0,0.0,0.0,0.0,0.0,0.0,0.0,0.0,12700.601807215766,-0.11994033747327981,0.46100205939306726,-0.9032889564770661,
2022-06-10,141.69325256347656,193.47129821777344,0.0,0.0,0.0,-0.0,-0.01982441722042061,-0.03202205395385893,0.0,0.0,0.0,0.0,0.0,0.0,0.0,0.0,0.0,0.0,0.0,12700.601807215766,-0.11994033747327981,0.4490028919928857,-1.0488707766485783,
2022-06-13,141.42306518554688,186.4407501220703,0.0,0.0,0.0,-0.0,-0.0019068471719120295,-0.03633897203599401,0.0,0.0,0.0,0.0,0.0,0.0,0.0,0.0,0.0,0.0,0.0,12700.601807215766,-0.11994033747327981,0.4562206440433576,-0.9241274305109779,
2022-06-14,142.60211181640625,187.6626434326172,0.0,0.0,0.0,-0.0,0.008337017934892499,0.006553788856496601,0.0,0.0,0.0,0.0,0.0,0.0,0.0,0.0,0.0,0.0,0.0,12700.601807215766,-0.11994033747327981,0.46291250018881125,-0.8001707503495203,
2022-06-15,144.0104522705078,190.2227325439453,0.0,0.0,0.0,-0.0,0.009876014009629452,0.013641975112896443,0.0,0.0,0.0,0.0,0.0,0.0,0.0,0.0,0.0,0.0,0.0,12700.601807215766,-0.11994033747327981,0.46939929667836333,-0.6753985696052172,
2022-06-16,140.9890899658203,183.32791137695312,0.0,0.0,0.0,-0.0,-0.020980159822095445,-0.03624604207280713,0.0,0.0,0.0,0.0,0.0,0.0,0.0,0.0,0.0,0.0,0.0,12700.601807215766,-0.11994033747327981,0.4572985700907193,-0.8554035353949737,
2022-06-17,140.0720672607422,184.2588806152344,0.0,0.0,0.0,-0.0,-0.0065042103988360855,0.005078164210178926,-0.0,0.0,0.0,0.0,0.0,0.0,0.0,0.0,0.0,0.0,0.0,12700.601807215766,-0.11994033747327981,0.4495242340506189,-0.9690523637433301,
2022-06-21,142.8805389404297,188.50631713867188,0.0,0.0,0.0,-0.0,0.020050190838260207,0.023051461667711326,0.0,0.0,0.0,0.0,0.0,0.0,0.0,0.0,0.0,0.0,0.0,12700.601807215766,-0.11994033747327981,0.46375711817018717,-0.6959326800827099,
2022-06-22,144.23153686523438,187.9535675048828,0.0,0.0,0.0,-0.0,0.009455436932302996,-0.00293226053205653,0.0,0.0,0.0,0.0,0.0,0.0,0.0,0.0,0.0,0.0,0.0,12700.601807215766,-0.11994033747327981,0.47389215932906237,-0.4835589099901615,
2022-06-23,146.26214599609375,190.688232421875,0.0,0.0,0.0,-0.0,0.014078815042765092,0.014549683484571974,0.0,0.0,0.0,0.0,0.0,0.0,0.0,0.0,0.0,0.0,0.0,12700.601807215766,-0.11994033747327981,0.4843113302001183,-0.24414633864146282,
2022-06-24,150.08595275878906,199.28973388671875,0.0,0.0,0.0,-0.0,0.02614351605915477,0.04510766792265364,0.0,0.0,0.0,0.0,0.0,0.0,0.0,0.0,0.0,0.0,0.0,12700.601807215766,-0.11994033747327981,0.4992409385074359,0.14640842515156358,
2022-06-27,148.86593627929688,197.3987274169922,0.0,0.0,0.0,-0.0,-0.00812878525316052,-0.009488729965395293,0.0,0.0,0.0,0.0,0.0,0.0,0.0,0.0,0.0,0.0,0.0,12700.601807215766,-0.11994033747327981,0.49342960346512355,0.08222363304472366,
2022-06-28,147.3184051513672,192.12339782714844,0.0,0.0,0.0,-0.0,-0.01039546834291405,-0.026724233022535904,0.0,0.0,0.0,0.0,0.0,0.0,0.0,0.0,0.0,0.0,0.0,12700.601807215766,-0.11994033747327981,0.4896583758662434,0.04900938058042735,
2022-06-29,148.30918884277344,193.46163940429688,0.0,0.0,0.0,-0.0,0.006725457626209241,0.006965531488009713,0.0,0.0,0.0,0.0,0.0,0.0,0.0,0.0,0.0,0.0,0.0,12700.601807215766,-0.11994033747327981,0.4946498818769016,0.28112034141645603,
2022-06-30,149.4636688232422,190.9306182861328,0.0,0.0,0.0,-0.0,0.007784278165614111,-0.01308280611059398,0.0,0.0,0.0,0.0,0.0,0.0,0.0,0.0,0.0,0.0,0.0,12700.601807215766,-0.11994033747327981,0.5056509430192135,0.7735720561697245,
2022-07-01,151.46969604492188,193.1513214111328,0.0,0.0,0.0,-0.0,0.013421503951251523,0.011630942930651367,0.0,0.0,0.0,0.0,0.0,0.0,0.0,0.0,0.0,0.0,0.0,12700.601807215766,-0.11994033747327981,0.5161320519287826,1.2206815935240496,
2022-07-05,151.17494201660156,194.4701385498047,0.0,0.0,0.0,-0.0,-0.0019459603869073083,0.006827896019746538,-0.0,0.0,0.0,0.0,0.0,0.0,0.0,0.0,0.0,0.0,0.0,12700.601807215766,-0.11994033747327981,0.512506461432316,1.1171140118563672,
2022-07-06,151.61709594726562,195.03260803222656,0.0,0.0,0.0,-0.0,0.0029247831999532625,0.0028923180011919403,0.0,0.0,0.0,0.0,0.0,0.0,0.0,0.0,0.0,0.0,0.0,12700.601807215766,-0.11994033747327981,0.514714888095914,1.2320922408163326,
2022-07-07,152.45230102539062,196.6617584228516,0.0,0.0,0.0,-0.0,0.0055086471146730265,0.008353220556615026,0.0,0.0,0.0,0.0,0.0,0.0,0.0,0.0,0.0,0.0,0.0,12700.601807215766,-0.11994033747327981,0.5181574397078148,1.372970708091694,
2022-07-08,151.805419921875,197.408447265625,0.0,0.0,0.0,-0.0,-0.004243170481289638,0.003796817687188092,-0.0,0.0,0.0,0.0,0.0,0.0,0.0,0.0,0.0,0.0,0.0,12700.601807215766,-0.11994033747327981,0.5129708877284078,1.1756725313133576,
2022-07-11,151.18316650390625,198.85336303710935,0.0,0.0,0.0,-0.0,-0.004099019773397994,0.007319422200510628,-0.0,0.0,0.0,0.0,0.0,0.0,0.0,0.0,0.0,0.0,0.0,12700.601807215766,-0.11994033747327981,0.5070653724048297,0.9366954442225014,
2022-07-12,146.86807250976562,198.62060546875,0.0,0.0,0.0,-0.0,-0.028542159116829557,-0.0011704985261723477,0.0,0.0,0.0,0.0,0.0,0.0,0.0,0.0,0.0,0.0,0.0,12700.601807215766,-0.11994033747327981,0.47839672730492033,-0.21608853611092213,
2022-07-13,145.68084716796875,197.9709014892578,0.0,0.0,0.0,-0.0,-0.008083617640709084,-0.003271080449880115,0.0,0.0,0.0,0.0,0.0,0.0,0.0,0.0,0.0,0.0,0.0,12700.601807215766,-0.11994033747327981,0.4710880849793102,-0.4962524985933921,
2022-07-14,145.9755859375,199.6776580810547,0.0,0.0,0.0,-0.0,0.0020231813258981823,0.008621249784476426,0.0,0.0,0.0,0.0,0.0,0.0,0.0,0.0,0.0,0.0,0.0,12700.601807215766,-0.11994033747327981,0.4709927160970824,-0.4799100834416664,
2022-07-15,149.50460815429688,203.6826019287109,0.0,0.0,0.0,-0.0,0.024175427652044723,0.02005704537074693,0.0,0.0,0.0,0.0,0.0,0.0,0.0,0.0,0.0,0.0,0.0,12700.601807215766,-0.11994033747327981,0.4899843083045865,0.3405178378535905,
2022-07-18,147.4494171142578,200.93829345703125,0.0,0.0,0.0,-0.0,-0.013746673533420406,-0.013473455492483244,0.0,0.0,0.0,0.0,0.0,0.0,0.0,0.0,0.0,0.0,0.0,12700.601807215766,-0.11994033747327981,0.47948681135314564,-0.08290691374287533,
2022-07-19,152.14114379882812,207.19302368164065,0.0,0.0,0.0,-0.0,0.03181922842688967,0.031127616926571067,0.0,0.0,0.0,0.0,0.0,0.0,0.0,0.0,0.0,0.0,0.0,12700.601807215766,-0.11994033747327981,0.5032526360250735,0.9538196268280023,
2022-07-20,152.99269104003906,206.9118194580078,0.0,0.0,0.0,-0.0,0.005597087151762992,-0.001357208938004173,0.0,0.0,0.0,0.0,0.0,0.0,0.0,0.0,0.0,0.0,0.0,12700.601807215766,-0.11994033747327981,0.5091689723317467,1.2104445929997392,
2022-07-21,153.12368774414062,209.6464691162109,0.0,0.0,0.0,-0.0,0.0008562285113822288,0.013216498049102965,0.0,0.0,0.0,0.0,0.0,0.0,0.0,0.0,0.0,0.0,0.0,12700.601807215766,-0.11994033747327981,0.5067875796792336,1.131526690235352,
2022-07-22,153.91790771484375,207.2318420410156,0.0,0.0,0.0,-0.0,0.005186787115721847,-0.011517613844747587,0.0,0.0,0.0,0.0,0.0,0.0,0.0,0.0,0.0,0.0,0.0,12700.601807215766,-0.11994033747327981,0.5148171731740716,1.449207559496933,
2022-07-25,153.8606414794922,207.7845764160156,0.0,0.0,0.0,-0.0,-0.00037205700234477224,0.0026672270513843355,-0.0,0.0,0.0,0.0,0.0,0.0,0.0,0.0,0.0,0.0,0.0,12700.601807215766,-0.11994033747327981,0.513788302836165,1.3763657521959176,
2022-07-26,148.63665771484375,206.0584716796875,0.0,0.0,0.0,-0.0,-0.03395269715773763,-0.008307184133206191,0.0,0.0,0.0,0.0,0.0,0.0,0.0,0.0,0.0,0.0,0.0,12700.601807215766,-0.11994033747327981,0.48130256146049755,0.0036361539038301345,
2022-07-27,150.57720947265625,204.099609375,0.0,0.0,0.0,-0.0,0.013055674068878753,-0.009506342004382606,0.0,0.0,0.0,0.0,0.0,0.0,0.0,0.0,0.0,0.0,0.0,12700.601807215766,-0.11994033747327981,0.4966287977201904,0.6468035069615903,
2022-07-28,154.13082885742188,204.9529571533203,0.0,0.0,0.0,-0.0,0.02359998167857502,0.00418103582330942,0.0,0.0,0.0,0.0,0.0,0.0,0.0,0.0,0.0,0.0,0.0,12700.601807215766,-0.11994033747327981,0.5189258966907866,1.5544565143564189,
2022-07-29,159.57582092285156,205.68995666503903,-1.0,0.0,0.0,-0.0,0.03532707963613535,0.0035959447570566017,0.0,0.0,0.0,0.0,0.0,0.0,0.0,0.0,0.0,0.0,0.0,12700.601807215766,-0.11994033747327981,0.552758282689602,2.76920983491679,Enter Short Spread
2022-08-01,159.9442901611328,204.9626617431641,-1.0,-1.0,-0.8022105569956678,0.1977894430043322,0.0023090543175672273,-0.0035358796008660986,-0.002551707407014543,0.0,1.0,-0.6044211139913356,0.8022105569956678,0.8022105569956678,0.1977894430043322,1.0,0.001,9.410227761279378e-05,-0.003645809684627337,12654.297830146425,-0.12314886751396947,0.5559380107964689,2.671148629830696,
2022-08-02,158.46229553222656,200.01702880859372,-1.0,-1.0,-0.8022105569956678,0.1977894430043322,-0.009265692619681798,-0.024129433588092608,0.002660489207986721,0.0,1.0,-0.6044211139913356,0.8022105569956678,0.0,0.0,0.0,0.0,9.410227761279378e-05,0.002566386930373927,12686.773654710772,-0.12089852822767366,0.5526513216056019,2.378100859009423,
2022-08-03,158.37217712402344,202.16981506347656,-1.0,-1.0,-0.8022105569956678,0.1977894430043322,-0.0005687056842161864,0.010763014867813725,0.002585032419453892,0.0,1.0,-0.6044211139913356,0.8022105569956678,0.0,0.0,0.0,0.0,9.410227761279378e-05,0.002490930141841098,12718.375521610009,-0.11870874787389896,0.5494429525461202,2.133339677270212,
2022-08-04,159.2729034423828,207.0087890625,-1.0,-1.0,-0.8022105569956678,0.1977894430043322,0.005687402514230833,0.023935195259015885,0.0001716345996810066,0.0,1.0,-0.6044211139913356,0.8022105569956678,0.0,0.0,0.0,0.0,9.410227761279378e-05,7.753232206821283e-05,12719.361606797134,-0.11864041931670322,0.5492824062147212,2.024369215174736,
2022-08-05,161.1069793701172,209.33612060546875,-1.0,-1.0,-0.8022105569956678,0.1977894430043322,0.011515304160935713,0.011242670195351412,-0.0070140170890988065,0.0,1.0,-0.6044211139913356,0.8022105569956678,0.0,0.0,0.0,0.0,9.410227761279378e-05,-0.0071081193667116,12628.950866227653,-0.12490522842119489,0.5579754376703332,2.190448037316918,
2022-08-08,160.55841064453125,206.86334228515625,-1.0,-1.0,-0.8022105569956678,0.1977894430043322,-0.0034049966533460374,-0.011812478005040039,0.00039514081673131494,0.0,1.0,-0.6044211139913356,0.8022105569956678,0.0,0.0,0.0,0.0,9.410227761279378e-05,0.00030103853911852115,12632.75266714702,-0.12464179116956864,0.5574944006999787,2.0575401884760494,
2022-08-09,161.0169219970703,203.8959503173828,-1.0,-1.0,-0.8022105569956678,0.1977894430043322,0.0028557292682360735,-0.01434469701104879,-0.005128125798781741,0.0,1.0,-0.6044211139913356,0.8022105569956678,0.0,0.0,0.0,0.0,9.410227761279378e-05,-0.0052222280763945346,12566.781551486496,-0.12921311138462543,0.5639084365190596,2.1292876221957173,
2022-08-10,165.700439453125,205.6802673339844,-1.0,-1.0,-0.8022105569956678,0.1977894430043322,0.02908711331682201,0.008751115526444364,-0.021603111109641897,0.0,1.0,-0.6044211139913356,0.8022105569956678,0.0,0.0,0.0,0.0,9.410227761279378e-05,-0.02169721338725469,12294.117410572879,-0.14810676032173675,0.5904322982957477,2.690921053450184,
2022-08-11,167.3871612548828,205.0536956787109,-1.0,-1.0,-0.8022105569956678,0.1977894430043322,0.010179344166645787,-0.0030463381995515793,-0.008768510889467646,0.0,1.0,-0.6044211139913356,0.8022105569956678,0.0,0.0,0.0,0.0,9.410227761279378e-05,-0.00886261316708044,12185.159403732301,-0.15565676056465627,0.601312419741828,2.749779074633175,
2022-08-12,169.0205841064453,205.29653930664065,-1.0,-1.0,-0.8022105569956678,0.1977894430043322,0.00975835207023601,0.0011842928610770187,-0.007594012424277427,0.0,1.0,-0.6044211139913356,0.8022105569956678,0.0,0.0,0.0,0.0,9.410227761279378e-05,-0.007688114701890221,12091.478500575591,-0.16214816823720068,0.6107316454145291,2.753065717445468,
2022-08-15,169.83724975585938,210.24122619628903,-1.0,-1.0,-0.8022105569956678,0.1977894430043322,0.00483175261599933,0.024085583256046705,0.0008877911393018506,0.0,1.0,-0.6044211139913356,0.8022105569956678,0.0,0.0,0.0,0.0,9.410227761279378e-05,0.0007936888616890569,12101.075372382853,-0.1614831745705847,0.6096837163593676,2.5481956993445283,
2022-08-16,170.2249755859375,210.9406890869141,-1.0,-1.0,-0.8022105569956678,0.1977894430043322,0.0022829257458860663,0.0033269540103044726,-0.0011733507535878606,0.0,1.0,-0.6044211139913356,0.8022105569956678,0.0,0.0,0.0,0.0,9.410227761279378e-05,-0.0012674530312006545,12085.737827721337,-0.162545955262688,0.6111451228014322,2.4555820127138572,
2022-08-17,169.09478759765625,208.39547729492188,-1.0,-1.0,-0.8022105569956678,0.1977894430043322,-0.006639378178149191,-0.012066006814567265,0.002939650499258209,0.0,1.0,-0.6044211139913356,0.8022105569956678,0.0,0.0,0.0,0.0,9.410227761279378e-05,0.002845548221645415,12120.128377504283,-0.16016293939497595,0.6074766400387253,2.250100690687687,
2022-08-18,171.62738037109375,209.1046600341797,-1.0,-1.0,-0.8022105569956678,0.1977894430043322,0.014977355656068836,0.0034030620456035887,-0.01134190307666808,0.0,1.0,-0.6044211139913356,0.8022105569956678,0.0,0.0,0.0,0.0,9.410227761279378e-05,-0.011436005354280875,11981.522524484571,-0.16976732051677856,0.6215053232727901,2.41116217376888,
2022-08-19,171.9407958984375,206.7440185546875,-1.0,-1.0,-0.8022105569956678,0.1977894430043322,0.001826139434547569,-0.011289282023204672,-0.0036978491362286317,0.0,1.0,-0.6044211139913356,0.8022105569956678,0.0,0.0,0.0,0.0,9.410227761279378e-05,-0.0037919514138414255,11936.089173207878,-0.17291552249956244,0.6261290629176572,2.362318286431819,
2022-08-22,170.26620483398438,202.6542053222656,-1.0,-1.0,-0.8022105569956678,0.1977894430043322,-0.009739346940340288,-0.019782014788205737,0.0039003332473217583,0.0,1.0,-0.6044211139913356,0.8022105569956678,0.0,0.0,0.0,0.0,9.410227761279378e-05,0.0038062309697089645,11981.520685476147,-0.16976744794673493,0.6212682311817894,2.146385219268504,
2022-08-23,169.3340301513672,200.8958740234375,-1.0,-1.0,-0.8022105569956678,0.1977894430043322,-0.005474807425972172,-0.00867651029512051,0.0026758261761399144,0.0,1.0,-0.6044211139913356,0.8022105569956678,0.0,0.0,0.0,0.0,9.410227761279378e-05,0.0025817238985271205,12012.453663770539,-0.16762401672576377,0.6179269582106177,1.9751018605485133,
2022-08-24,167.4944305419922,200.7696075439453,-1.0,-1.0,-0.8022105569956678,0.1977894430043322,-0.010863732515729918,-0.0006285170370271542,0.00859068687782331,0.0,1.0,-0.6044211139913356,0.8022105569956678,0.0,0.0,0.0,0.0,9.410227761279378e-05,0.008496584600210516,12114.518492580875,-0.16055166376469077,0.6071587975240464,1.6851822064061006,
2022-08-25,169.11131286621094,203.8296661376953,-1.0,-1.0,-0.8022105569956678,0.1977894430043322,0.00965334977997001,0.01524164255329441,-0.004729383112776521,0.0,1.0,-0.6044211139913356,0.8022105569956678,0.0,0.0,0.0,0.0,9.410227761279378e-05,-0.004823485390389314,12056.08428962031,-0.1646007305505084,0.6130362909402942,1.720204190914428,
2022-08-26,164.1039581298828,197.0975341796875,-1.0,-1.0,-0.8022105569956678,0.1977894430043322,-0.029609815283555885,-0.03302822442666409,0.017220672298388237,0.0,1.0,-0.6044211139913356,0.8022105569956678,0.0,0.0,0.0,0.0,9.410227761279378e-05,0.017126570020775445,12262.563661382863,-0.15029320646697697,0.59126006162735,1.2606348671416348,
2022-08-29,162.7345733642578,196.5534820556641,-1.0,-1.0,-0.8022105569956678,0.1977894430043322,-0.00834461752922,-0.002760319281962298,0.006148178262737948,0.0,1.0,-0.6044211139913356,0.8022105569956678,0.0,0.0,0.0,0.0,9.410227761279378e-05,0.006054075985125155,12336.802153561308,-0.14514901697385119,0.5835619458638059,1.0791583601832146,
2022-08-30,160.90322875976562,195.6305694580078,-1.0,-1.0,-0.8022105569956678,0.1977894430043322,-0.011253568105610734,-0.004695478238309292,0.008099015112796511,0.0,1.0,-0.6044211139913356,0.8022105569956678,0.0,0.0,0.0,0.0,9.410227761279378e-05,0.008004912835183717,12435.557179465475,-0.13830600936765558,0.5734049998503314,0.862491470851131,
2022-08-31,160.45773315429688,193.03683471679688,-1.0,-1.0,-0.8022105569956678,0.1977894430043322,-0.002768717625510786,-0.013258330476657365,-0.00040126329162069223,0.0,1.0,-0.6044211139913356,0.8022105569956678,0.0,0.0,0.0,0.0,9.410227761279378e-05,-0.000495365569233486,12429.397032604535,-0.13873286290183018,0.5739232204745852,0.8480472258294232,
2022-09-01,162.19009399414062,194.41629028320312,-1.0,-1.0,-0.8022105569956678,0.1977894430043322,0.010796368649792054,0.0071460743149360795,-0.007247542849661477,0.0,1.0,-0.6044211139913356,0.8022105569956678,0.0,0.0,0.0,0.0,9.410227761279378e-05,-0.00734164512727427,12338.144810445156,-0.14505598058218838,0.5829060858803461,0.9834210741927151,
2022-09-02,161.72813415527344,192.11395263671875,-1.0,-1.0,-0.8022105569956678,0.1977894430043322,-0.002848261737143254,-0.01184230829181343,-5.7377926300225274e-05,0.0,1.0,-0.6044211139913356,0.8022105569956678,0.0,0.0,0.0,0.0,9.410227761279378e-05,-0.00015148020391301907,12336.27582575336,-0.14518548767658412,0.5829909728554292,0.9527638037835313,
2022-09-06,161.6539306640625,192.9688873291016,-1.0,-1.0,-0.8022105569956678,0.1977894430043322,-0.0004588162201865087,0.004450143681128171,0.0012482586555340558,0.0,1.0,-0.6044211139913356,0.8022105569956678,0.0,0.0,0.0,0.0,9.410227761279378e-05,0.001154156377921262,12350.513817177449,-0.14419889805524644,0.5814372779931936,0.8938230526101036,
2022-09-07,161.92611694335938,194.6980133056641,-1.0,-1.0,-0.8022105569956678,0.1977894430043322,0.0016837591154064135,0.008960646457029764,0.0004215919338779481,0.0,1.0,-0.6044211139913356,0.8022105569956678,0.0,0.0,0.0,0.0,9.410227761279378e-05,0.0003274896562651543,12354.558482702134,-0.1439186320465392,0.5809201639347281,0.8561402162061178,
2022-09-08,161.7941131591797,194.979736328125,-1.0,-1.0,-0.8022105569956678,0.1977894430043322,-0.0008152099653316869,0.0014469743048617367,0.0009401662821573352,0.0,1.0,-0.6044211139913356,0.8022105569956678,0.0,0.0,0.0,0.0,9.410227761279378e-05,0.0008460640045445415,12365.011229926387,-0.14319433241615265,0.5797481198615329,0.8061948912056828,
2022-09-09,163.9059600830078,199.34158325195312,-1.0,-1.0,-0.8022105569956678,0.1977894430043322,0.013052680858359755,0.022370770450154343,-0.006046296154757669,0.0,1.0,-0.6044211139913356,0.8022105569956678,0.0,0.0,0.0,0.0,9.410227761279378e-05,-0.006140398432370462,12289.085134353905,-0.14845546059423054,0.5872615011638755,0.9204595270139233,
2022-09-12,165.1268310546875,200.7307586669922,-1.0,-1.0,-0.8022105569956678,0.1977894430043322,0.007448606329272023,0.006968819010949812,-0.004596991801673001,0.0,1.0,-0.6044211139913356,0.8022105569956678,0.0,0.0,0.0,0.0,9.410227761279378e-05,-0.004691094079285795,12231.435879840297,-0.15245013614128522,0.5929702620470361,0.9988810624504102,
2022-09-13,158.9728546142578,193.96945190429688,-1.0,-1.0,-0.8022105569956678,0.1977894430043322,-0.03726817986588493,-0.03368346140669043,0.023234694258339062,0.0,1.0,-0.6044211139913356,0.8022105569956678,0.0,0.0,0.0,0.0,9.410227761279378e-05,0.02314059198072627,12514.4785468741,-0.1328373305584104,0.5634378060454068,0.3951922682020018,
2022-09-14,157.52923583984375,193.7168426513672,-1.0,-1.0,-0.8022105569956678,0.1977894430043322,-0.009080913706412064,-0.001302314619388234,0.007027220759265218,0.0,1.0,-0.6044211139913356,0.8022105569956678,0.0,0.0,0.0,0.0,9.410227761279378e-05,0.006933118481652425,12601.242909375675,-0.12682518902830597,0.5546367116415938,0.18975595310213492,
2022-09-15,152.61264038085938,189.7921905517578,0.0,-1.0,-0.8022105569956678,0.1977894430043322,-0.031210685640492564,-0.020259736045112886,0.021030379604098558,0.0,1.0,-0.6044211139913356,0.8022105569956678,0.0,0.0,0.0,0.0,9.410227761279378e-05,0.020936277326485765,12865.066025584778,-0.10854415903130066,0.5279750390690854,-0.39156351725509214,Exit Short Spread
2022-09-16,145.77394104003906,187.78131103515625,0.0,0.0,0.0,-0.0,-0.04481083168310096,-0.010595164694372272,0.0,0.0,0.0,0.0,0.0,0.8022105569956678,0.1977894430043322,1.0,0.001,0.0,-0.001,12852.200959559192,-0.10943561487226938,0.48475539671452506,-1.3155258466725843,
2022-09-19,148.51272583007812,187.61618041992188,0.0,0.0,0.0,-0.0,0.018787890143457275,-0.0008793772624340335,0.0,0.0,0.0,0.0,0.0,0.0,0.0,0.0,0.0,0.0,0.0,12852.200959559192,-0.10943561487226938,0.5035858850822164,-0.9295498924708102,
2022-09-20,144.9242401123047,186.58644104003903,0.0,0.0,0.0,-0.0,-0.024162816335882464,-0.00548854249978914,0.0,0.0,0.0,0.0,0.0,0.0,0.0,0.0,0.0,0.0,0.0,12852.200959559192,-0.10943561487226938,0.4804833163204014,-1.4059244766324965,
2022-09-21,143.39816284179688,181.6805725097656,0.0,0.0,0.0,-0.0,-0.010530172656590953,-0.026292738652004766,0.0,0.0,0.0,0.0,0.0,0.0,0.0,0.0,0.0,0.0,0.0,12852.200959559192,-0.10943561487226938,0.4764666758359333,-1.4736760035398115,
2022-09-22,138.47329711914062,180.48568725585935,0.0,0.0,0.0,-0.0,-0.03434399454677517,-0.006576846590694352,0.0,0.0,0.0,0.0,0.0,0.0,0.0,0.0,0.0,0.0,0.0,12852.200959559192,-0.10943561487226938,0.4431459793436081,-2.102480040183827,
2022-09-23,135.56124877929688,178.70797729492188,0.0,0.0,0.0,-0.0,-0.02102967431575098,-0.009849589670882675,0.0,0.0,0.0,0.0,0.0,0.0,0.0,0.0,0.0,0.0,0.0,12852.200959559192,-0.10943561487226938,0.42433254115353436,-2.3665205574724872,
2022-09-26,133.43296813964844,175.43417358398438,0.0,0.0,0.0,-0.0,-0.015699771570512944,-0.01831929251560349,0.0,0.0,0.0,0.0,0.0,0.0,0.0,0.0,0.0,0.0,0.0,12852.200959559192,-0.10943561487226938,0.4130668295102109,-2.4378904825838177,
2022-09-27,135.92425537109375,172.79183959960938,0.0,0.0,0.0,-0.0,0.01867070234724877,-0.015061683424581251,0.0,0.0,0.0,0.0,0.0,0.0,0.0,0.0,0.0,0.0,0.0,12852.200959559192,-0.10943561487226938,0.4353071652056748,-1.9349012046064282,
2022-09-28,137.86282348632812,174.06443786621094,0.0,0.0,0.0,-0.0,0.014262120546048251,0.007364921107098521,0.0,0.0,0.0,0.0,0.0,0.0,0.0,0.0,0.0,0.0,0.0,12852.200959559192,-0.10943561487226938,0.44765933071049635,-1.6545829851114608,
2022-09-29,136.37796020507812,174.91928100585938,0.0,0.0,0.0,-0.0,-0.0107705851635721,0.004911072876962352,-0.0,0.0,0.0,0.0,0.0,0.0,0.0,0.0,0.0,0.0,0.0,12852.200959559192,-0.10943561487226938,0.43562243437211823,-1.7975765700100677,
2022-09-30,133.2596893310547,172.578125,0.0,0.0,0.0,-0.0,-0.02286491797746748,-0.013384207803718073,0.0,0.0,0.0,0.0,0.0,0.0,0.0,0.0,0.0,0.0,0.0,12852.200959559192,-0.10943561487226938,0.4158142929306723,-2.0383804072693987,
2022-10-03,134.53834533691406,176.46388244628906,0.0,0.0,0.0,-0.0,0.009595219771845853,0.02251593269013119,0.0,0.0,0.0,0.0,0.0,0.0,0.0,0.0,0.0,0.0,0.0,12852.200959559192,-0.10943561487226938,0.4198739186177809,-1.887450406637638,
2022-10-04,139.32296752929688,180.3497314453125,0.0,0.0,0.0,-0.0,0.03556326027647394,0.022020647767432955,0.0,0.0,0.0,0.0,0.0,0.0,0.0,0.0,0.0,0.0,0.0,12852.200959559192,-0.10943561487226938,0.4494490129731692,-1.3710502976644574,
2022-10-05,138.53099060058594,182.31202697753903,0.0,0.0,0.0,-0.0,-0.0056844678429951445,0.01088050154830178,-0.0,0.0,0.0,0.0,0.0,0.0,0.0,0.0,0.0,0.0,0.0,12852.200959559192,-0.10943561487226938,0.44108016857985244,-1.4776617255881754,
2022-10-06,136.60894775390625,180.29144287109372,0.0,0.0,0.0,-0.0,-0.013874461146541117,-0.011083109216345033,0.0,0.0,0.0,0.0,0.0,0.0,0.0,0.0,0.0,0.0,0.0,12852.200959559192,-0.10943561487226938,0.4298564149184323,-1.6214068851146346,
2022-10-07,131.2798614501953,178.5816650390625,0.0,0.0,0.0,-0.0,-0.03900978955866785,-0.009483410886304222,0.0,0.0,0.0,0.0,0.0,0.0,0.0,0.0,0.0,0.0,0.0,12852.200959559192,-0.10943561487226938,0.39241470292780534,-2.118318106700963,
2022-10-10,131.77481079101562,176.97874450683594,0.0,0.0,0.0,-0.0,0.003770184820069078,-0.008975840447427497,0.0,0.0,0.0,0.0,0.0,0.0,0.0,0.0,0.0,0.0,0.0,12852.200959559192,-0.10943561487226938,0.39840083324063147,-1.945986884732745,
2022-10-11,131.5026092529297,174.0255889892578,0.0,0.0,0.0,-0.0,-0.002065656831164997,-0.016686498289991247,0.0,0.0,0.0,0.0,0.0,0.0,0.0,0.0,0.0,0.0,0.0,12852.200959559192,-0.10943561487226938,0.40048190035630027,-1.8492256328742296,
2022-10-12,131.56036376953125,173.15126037597656,0.0,0.0,0.0,-0.0,0.0004391891303880957,-0.005024138222196828,0.0,0.0,0.0,0.0,0.0,0.0,0.0,0.0,0.0,0.0,0.0,12852.200959559192,-0.10943561487226938,0.4021628443306675,-1.7554290266188473,
2022-10-13,135.008544921875,179.38795471191406,0.0,0.0,0.0,-0.0,0.02620987851921952,0.0360187637236673,0.0,0.0,0.0,0.0,0.0,0.0,0.0,0.0,0.0,0.0,0.0,12852.200959559192,-0.10943561487226938,0.41931069999337756,-1.4682273446533676,
2022-10-14,133.3751983642578,177.4061737060547,0.0,0.0,0.0,-0.0,-0.012098097631985771,-0.011047458615836225,0.0,0.0,0.0,0.0,0.0,0.0,0.0,0.0,0.0,0.0,0.0,12852.200959559192,-0.10943561487226938,0.40987779399585933,-1.5442625233541172,
2022-10-17,135.88299560546875,179.9611358642578,0.0,0.0,0.0,-0.0,0.01880257553103659,0.014401765760623686,0.0,0.0,0.0,0.0,0.0,0.0,0.0,0.0,0.0,0.0,0.0,12852.200959559192,-0.10943561487226938,0.4249802775125755,-1.3020954550944506,
2022-10-18,137.75558471679688,181.82632446289065,0.0,0.0,0.0,-0.0,0.013780893650336523,0.010364396677512211,0.0,0.0,0.0,0.0,0.0,0.0,0.0,0.0,0.0,0.0,0.0,12852.200959559192,-0.10943561487226938,0.4361248306723102,-1.125089167694719,
2022-10-19,136.7656707763672,181.0880126953125,0.0,0.0,0.0,-0.0,-0.007186016759064939,-0.004060532872559031,0.0,0.0,0.0,0.0,0.0,0.0,0.0,0.0,0.0,0.0,0.0,12852.200959559192,-0.10943561487226938,0.42991605504951114,-1.1838507239976443,
2022-10-20,132.7977294921875,181.8748779296875,0.0,0.0,0.0,-0.0,-0.029012699324729496,0.004345208844380721,-0.0,0.0,0.0,0.0,0.0,0.0,0.0,0.0,0.0,0.0,0.0,12852.200959559192,-0.10943561487226938,0.3994051512990897,-1.529211341003275,
2022-10-21,136.5676727294922,184.9349365234375,0.0,0.0,0.0,-0.0,0.028388612152638215,0.01682507572559322,0.0,0.0,0.0,0.0,0.0,0.0,0.0,0.0,0.0,0.0,0.0,12852.200959559192,-0.10943561487226938,0.42328447024190696,-1.190130760764888,
2022-10-24,138.2175750732422,185.2652740478516,0.0,0.0,0.0,-0.0,0.0120812071464238,0.0017862364495537797,0.0,0.0,0.0,0.0,0.0,0.0,0.0,0.0,0.0,0.0,0.0,12852.200959559192,-0.10943561487226938,0.4348532685098303,-1.0125491518994314,
2022-10-25,137.7638397216797,188.83045959472656,0.0,0.0,0.0,-0.0,-0.003282761626530184,0.01924367944936156,-0.0,0.0,0.0,0.0,0.0,0.0,0.0,0.0,0.0,0.0,0.0,12852.200959559192,-0.10943561487226938,0.4268655461293467,-1.0770532006799691,
2022-10-26,139.4054718017578,197.5249481201172,0.0,0.0,0.0,-0.0,0.0119162770389869,0.04604388796198977,0.0,0.0,0.0,0.0,0.0,0.0,0.0,0.0,0.0,0.0,0.0,12852.200959559192,-0.10943561487226938,0.42761260697615255,-1.034500223895864,
2022-10-27,137.34312438964844,198.45751953125,0.0,0.0,0.0,-0.0,-0.014793877065615746,0.004721284171990803,-0.0,0.0,0.0,0.0,0.0,0.0,0.0,0.0,0.0,0.0,0.0,12852.200959559192,-0.10943561487226938,0.41154688975777476,-1.1916059590783183,
2022-10-28,137.904052734375,203.3633575439453,0.0,0.0,0.0,-0.0,0.004084138519633296,0.02471983941088629,0.0,0.0,0.0,0.0,0.0,0.0,0.0,0.0,0.0,0.0,0.0,12852.200959559192,-0.10943561487226938,0.40960201041665334,-1.1753214911172207,
2022-10-31,138.39906311035156,201.2455902099609,0.0,0.0,0.0,-0.0,0.003589527400837289,-0.010413711494347111,0.0,0.0,0.0,0.0,0.0,0.0,0.0,0.0,0.0,0.0,0.0,12852.200959559192,-0.10943561487226938,0.4157661313663512,-1.0654066282879409,
2022-11-01,138.0937957763672,201.02218627929688,0.0,0.0,0.0,-0.0,-0.0022057037607325913,-0.0011101059676932312,0.0,0.0,0.0,0.0,0.0,0.0,0.0,0.0,0.0,0.0,0.0,12852.200959559192,-0.10943561487226938,0.41383184624704894,-1.0534648837333385,
2022-11-02,135.7675018310547,195.21290588378903,0.0,0.0,0.0,-0.0,-0.016845752788776758,-0.028898702690639988,0.0,0.0,0.0,0.0,0.0,0.0,0.0,0.0,0.0,0.0,0.0,12852.200959559192,-0.10943561487226938,0.4040727056716975,-1.1307840491300063,
2022-11-03,135.29727172851562,189.1898651123047,0.0,0.0,0.0,-0.0,-0.0034634952856701373,-0.0308537017274354,0.0,0.0,0.0,0.0,0.0,0.0,0.0,0.0,0.0,0.0,0.0,12852.200959559192,-0.10943561487226938,0.40833017467824506,-1.045032353687848,
2022-11-04,136.6831817626953,191.3562469482422,0.0,0.0,0.0,-0.0,0.010243444058211537,0.01145083450771267,0.0,0.0,0.0,0.0,0.0,0.0,0.0,0.0,0.0,0.0,0.0,12852.200959559192,-0.10943561487226938,0.41571428575547653,-0.926369820699628,
2022-11-07,139.5209197998047,194.38717651367188,0.0,0.0,0.0,-0.0,0.020761428000967586,0.015839198425800394,0.0,0.0,0.0,0.0,0.0,0.0,0.0,0.0,0.0,0.0,0.0,12852.200959559192,-0.10943561487226938,0.432388495956185,-0.7010798624969169,
2022-11-08,139.24044799804688,196.01919555664065,0.0,0.0,0.0,-0.0,-0.0020102490878088908,0.008395713504558255,-0.0,0.0,0.0,0.0,0.0,0.0,0.0,0.0,0.0,0.0,0.0,12852.200959559192,-0.10943561487226938,0.4283148553469083,-0.7233843020445152,
2022-11-09,135.29727172851562,188.8143768310547,0.0,0.0,0.0,-0.0,-0.028319186890195636,-0.03675567948907377,0.0,0.0,0.0,0.0,0.0,0.0,0.0,0.0,0.0,0.0,0.0,12852.200959559192,-0.10943561487226938,0.40882000378352723,-0.932011323836883,
2022-11-10,143.48223876953125,200.14735412597656,0.0,0.0,0.0,-0.0,0.06049617214336278,0.06002179222328108,0.0,0.0,0.0,0.0,0.0,0.0,0.0,0.0,0.0,0.0,0.0,12852.200959559192,-0.10943561487226938,0.4531852994217014,-0.357607114397408,
2022-11-11,148.36990356445312,199.59239196777344,0.0,0.0,0.0,-0.0,0.034064598077345964,-0.002772767897065598,0.0,0.0,0.0,0.0,0.0,0.0,0.0,0.0,0.0,0.0,0.0,12852.200959559192,-0.10943561487226938,0.4873671383015541,0.10480572330179726,
2022-11-14,148.03683471679688,201.4033203125,0.0,0.0,0.0,-0.0,-0.0022448545133114672,0.00907313313334579,-0.0,0.0,0.0,0.0,0.0,0.0,0.0,0.0,0.0,0.0,0.0,12852.200959559192,-0.10943561487226938,0.48289281671472994,0.08024313090038514,
2022-11-15,151.1010284423828,204.4507598876953,0.0,0.0,0.0,-0.0,0.020698860060389235,0.015131029470948576,0.0,0.0,0.0,0.0,0.0,0.0,0.0,0.0,0.0,0.0,0.0,12852.200959559192,-0.10943561487226938,0.4996776701316279,0.34270882790066365,
2022-11-16,147.42901611328125,204.59678649902344,0.0,0.0,0.0,-0.0,-0.024301703085374826,0.0007142385355198844,-0.0,0.0,0.0,0.0,0.0,0.0,0.0,0.0,0.0,0.0,0.0,12852.200959559192,-0.10943561487226938,0.47489977116411386,0.0344915048280395,
2022-11-17,146.59634399414062,205.4243927001953,0.0,0.0,0.0,-0.0,-0.005647952764609276,0.004045059628420944,-0.0,0.0,0.0,0.0,0.0,0.0,0.0,0.0,0.0,0.0,0.0,12852.200959559192,-0.10943561487226938,0.4682404883234017,-0.02852183151521576,
2022-11-18,149.01937866210938,205.2393798828125,0.0,0.0,0.0,-0.0,0.016528615939191527,-0.000900637041935104,0.0,0.0,0.0,0.0,0.0,0.0,0.0,0.0,0.0,0.0,0.0,12852.200959559192,-0.10943561487226938,0.48485615054674547,0.25819174570620945,
2022-11-21,150.38490295410156,200.8775787353516,0.0,0.0,0.0,-0.0,0.009163400788889442,-0.021252262357990936,0.0,0.0,0.0,0.0,0.0,0.0,0.0,0.0,0.0,0.0,0.0,12852.200959559192,-0.10943561487226938,0.4992741658911848,0.5178379708650709,
2022-11-22,152.158447265625,204.7817840576172,0.0,0.0,0.0,-0.0,0.011793366732196109,0.01943574463036124,0.0,0.0,0.0,0.0,0.0,0.0,0.0,0.0,0.0,0.0,0.0,12852.200959559192,-0.10943561487226938,0.5062525158865552,0.6656134921350797,
2022-11-23,152.24169921875,206.1448211669922,0.0,0.0,0.0,-0.0,0.0005471398704512964,0.006656046657897541,0.0,0.0,0.0,0.0,0.0,0.0,0.0,0.0,0.0,0.0,0.0,12852.200959559192,-0.10943561487226938,0.5051638585240317,0.6818030064822039,
2022-11-25,151.9752655029297,208.1505279541016,0.0,0.0,0.0,-0.0,-0.0017500705600866917,0.009729600655282278,-0.0,0.0,0.0,0.0,0.0,0.0,0.0,0.0,0.0,0.0,0.0,12852.200959559192,-0.10943561487226938,0.5010249629848276,0.6495701248049688,
2022-11-28,149.8020477294922,205.687255859375,0.0,0.0,0.0,-0.0,-0.014299812316469374,-0.011834090064233527,0.0,0.0,0.0,0.0,0.0,0.0,0.0,0.0,0.0,0.0,0.0,12852.200959559192,-0.10943561487226938,0.489557085284946,0.4977830781128269,
2022-11-29,153.94863891601562,203.54527282714844,0.0,0.0,0.0,-0.0,0.027680470656924694,-0.010413785838491618,0.0,0.0,0.0,0.0,0.0,0.0,0.0,0.0,0.0,0.0,0.0,12852.200959559192,-0.10943561487226938,0.5194424168421319,1.0754935179066876,
2022-11-30,157.97866821289062,211.2758636474609,0.0,0.0,0.0,-0.0,0.026177752042832347,0.03797971189867577,0.0,0.0,0.0,0.0,0.0,0.0,0.0,0.0,0.0,0.0,0.0,12852.200959559192,-0.10943561487226938,0.5360927335648089,1.4273949008983933,
2022-12-01,158.3616943359375,211.2758636474609,0.0,0.0,0.0,-0.0,0.002424543309421434,0.0,0.0,0.0,0.0,0.0,0.0,0.0,0.0,0.0,0.0,0.0,0.0,12852.200959559192,-0.10943561487226938,0.5385143424112986,1.5237759294266753,
2022-12-02,157.695556640625,211.9184417724609,0.0,0.0,0.0,-0.0,-0.004206431979058012,0.0030414175756119377,-0.0,0.0,0.0,0.0,0.0,0.0,0.0,0.0,0.0,0.0,0.0,12852.200959559192,-0.10943561487226938,0.5335502982492977,1.4852423328953281,
2022-12-05,150.84283447265625,208.0434112548828,0.0,0.0,0.0,-0.0,-0.04345539160361711,-0.018285480419579336,0.0,0.0,0.0,0.0,0.0,0.0,0.0,0.0,0.0,0.0,0.0,12852.200959559192,-0.10943561487226938,0.4936725588187838,0.7715612359075498,
2022-12-06,145.7969970703125,203.5647735595703,0.0,0.0,0.0,-0.0,-0.03345095854227287,-0.021527419053062546,0.0,0.0,0.0,0.0,0.0,0.0,0.0,0.0,0.0,0.0,0.0,12852.200959559192,-0.10943561487226938,0.4650149865114397,0.23833878641921016,
2022-12-07,145.43896484375,202.3282623291016,0.0,0.0,0.0,-0.0,-0.002455689991953891,-0.006074288831249497,0.0,0.0,0.0,0.0,0.0,0.0,0.0,0.0,0.0,0.0,0.0,12852.200959559192,-0.10943561487226938,0.46405849290539525,0.26754843579909754,
2022-12-08,149.56887817382812,203.58425903320312,0.0,0.0,0.0,-0.0,0.028396195851057016,0.006207717545948066,0.0,0.0,0.0,0.0,0.0,0.0,0.0,0.0,0.0,0.0,0.0,12852.200959559192,-0.10943561487226938,0.49053317420334563,0.9548514892720967,
2022-12-09,147.9119110107422,203.1947784423828,0.0,0.0,0.0,-0.0,-0.01107828836664948,-0.001913117412269072,0.0,0.0,0.0,0.0,0.0,0.0,0.0,0.0,0.0,0.0,0.0,12852.200959559192,-0.10943561487226938,0.4798652060319937,0.7317460252342,
2022-12-12,151.98358154296875,208.92941284179688,0.0,0.0,0.0,-0.0,0.027527671736530035,0.02822235120101846,0.0,0.0,0.0,0.0,0.0,0.0,0.0,0.0,0.0,0.0,0.0,12852.200959559192,-0.10943561487226938,0.5001588093063214,1.227844432817831,
2022-12-13,153.0826873779297,207.4202880859375,0.0,0.0,0.0,-0.0,0.007231740585414537,-0.007223132135072308,0.0,0.0,0.0,0.0,0.0,0.0,0.0,0.0,0.0,0.0,0.0,12852.200959559192,-0.10943561487226938,0.5091518923521126,1.4457568123345053,
2022-12-14,153.46571350097656,207.69293212890625,0.0,0.0,0.0,-0.0,0.0025020864841578394,0.0013144521468209103,0.0,0.0,0.0,0.0,0.0,0.0,0.0,0.0,0.0,0.0,0.0,12852.200959559192,-0.10943561487226938,0.5113269812046113,1.4664615050125325,
2022-12-15,150.884521484375,202.42562866210935,0.0,0.0,0.0,-0.0,-0.016819340018805806,-0.02536101451698758,0.0,0.0,0.0,0.0,0.0,0.0,0.0,0.0,0.0,0.0,0.0,12852.200959559192,-0.10943561487226938,0.5006981445124161,1.1847459417296937,
2022-12-16,148.37823486328125,201.4325408935547,0.0,0.0,0.0,-0.0,-0.01661062775980826,-0.004905938912568852,0.0,0.0,0.0,0.0,0.0,0.0,0.0,0.0,0.0,0.0,0.0,12852.200959559192,-0.10943561487226938,0.4851605764412088,0.7853757465279562,
2022-12-19,148.56971740722656,199.41714477539065,0.0,0.0,0.0,-0.0,0.0012905029104959276,-0.010005315472980336,0.0,0.0,0.0,0.0,0.0,0.0,0.0,0.0,0.0,0.0,0.0,12852.200959559192,-0.10943561487226938,0.48892953697655006,0.8488563456155189,
2022-12-20,144.57301330566406,199.94287109375,0.0,0.0,0.0,-0.0,-0.026901202824581083,0.0026363145403143218,-0.0,0.0,0.0,0.0,0.0,0.0,0.0,0.0,0.0,0.0,0.0,12852.200959559192,-0.10943561487226938,0.4610107311343121,0.15540281052247337,
2022-12-21,147.11257934570312,201.35459899902344,0.0,0.0,0.0,-0.0,0.01756597570993268,0.007060656364244577,0.0,0.0,0.0,0.0,0.0,0.0,0.0,0.0,0.0,0.0,0.0,12852.200959559192,-0.10943561487226938,0.4766894815142322,0.5207352047859516,
2022-12-22,146.22166442871094,199.6508331298828,0.0,0.0,0.0,-0.0,-0.006056007725203427,-0.008461519516367644,0.0,0.0,0.0,0.0,0.0,0.0,0.0,0.0,0.0,0.0,0.0,12852.200959559192,-0.10943561487226938,0.4727101726304743,0.41307511166630834,
2022-12-23,147.38734436035156,200.40049743652344,0.0,0.0,0.0,-0.0,0.00797200562717526,0.0037548769263233694,0.0,0.0,0.0,0.0,0.0,0.0,0.0,0.0,0.0,0.0,0.0,12852.200959559192,-0.10943561487226938,0.4797265178232608,0.5656366251650131,
2022-12-27,147.32077026367188,200.8483428955078,0.0,0.0,0.0,-0.0,-0.0004516947976002106,0.0022347522322205826,-0.0,0.0,0.0,0.0,0.0,0.0,0.0,0.0,0.0,0.0,0.0,12852.200959559192,-0.10943561487226938,0.47872434522457463,0.5188833123446155,
2022-12-28,144.55633544921875,199.5826416015625,0.0,0.0,0.0,-0.0,-0.018764732287955055,-0.006301776134661985,0.0,0.0,0.0,0.0,0.0,0.0,0.0,0.0,0.0,0.0,0.0,12852.200959559192,-0.10943561487226938,0.4613399754558696,0.0769224411125451,
2022-12-29,146.33822631835938,202.5716552734375,0.0,0.0,0.0,-0.0,0.01232661898631604,0.014976320825746514,0.0,0.0,0.0,0.0,0.0,0.0,0.0,0.0,0.0,0.0,0.0,12852.200959559192,-0.10943561487226938,0.46992612267062484,0.2801523114094549,
2022-12-30,144.74786376953125,202.27957153320312,0.0,0.0,0.0,-0.0,-0.010867717812625965,-0.0014418786272941686,0.0,0.0,0.0,0.0,0.0,0.0,0.0,0.0,0.0,0.0,0.0,12852.200959559192,-0.10943561487226938,0.45935467952370623,0.012058037071296553,
2023-01-03,145.9468994140625,201.9193420410156,0.0,0.0,0.0,-0.0,0.008283615476635697,-0.0017808495907774002,0.0,0.0,0.0,0.0,0.0,0.0,0.0,0.0,0.0,0.0,0.0,12852.200959559192,-0.10943561487226938,0.46804364388972797,0.21172213530184963,
2023-01-04,147.4706573486328,207.00164794921875,0.0,0.0,0.0,-0.0,0.010440495417770368,0.02516998053198294,0.0,0.0,0.0,0.0,0.0,0.0,0.0,0.0,0.0,0.0,0.0,12852.200959559192,-0.10943561487226938,0.4723010296802581,0.2909516795290333,
2023-01-05,144.74786376953125,205.5412139892578,0.0,0.0,0.0,-0.0,-0.018463290447432223,-0.007055180354502366,0.0,0.0,0.0,0.0,0.0,0.0,0.0,0.0,0.0,0.0,0.0,12852.200959559192,-0.10943561487226938,0.45541082410935774,-0.16523308660657027,
2023-01-06,149.00271606445312,212.00607299804688,0.0,0.0,0.0,-0.0,0.029394922896385456,0.03145285990734159,0.0,0.0,0.0,0.0,0.0,0.0,0.0,0.0,0.0,0.0,0.0,12852.200959559192,-0.10943561487226938,0.4767465820368595,0.3623862806456868,
2023-01-09,151.28416442871094,212.8336334228516,0.0,0.0,0.0,-0.0,0.015311454881607345,0.003903475089660935,0.0,0.0,0.0,0.0,0.0,0.0,0.0,0.0,0.0,0.0,0.0,12852.200959559192,-0.10943561487226938,0.49098144974493896,0.712831339644596,
2023-01-10,148.85284423828125,215.2579498291016,0.0,0.0,0.0,-0.0,-0.01607121406005052,0.011390664000146211,-0.0,0.0,0.0,0.0,0.0,0.0,0.0,0.0,0.0,0.0,0.0,12852.200959559192,-0.10943561487226938,0.4719871365839128,0.17940931279226022,
2023-01-11,151.73382568359375,216.2413482666016,0.0,0.0,0.0,-0.0,0.019354560942756782,0.004568465128840682,0.0,0.0,0.0,0.0,0.0,0.0,0.0,0.0,0.0,0.0,0.0,12852.200959559192,-0.10943561487226938,0.4900329649971895,0.6459246512269382,
2023-01-12,152.33331298828125,217.72120666503903,0.0,0.0,0.0,-0.0,0.003950914056155108,0.006843549627765677,0.0,0.0,0.0,0.0,0.0,0.0,0.0,0.0,0.0,0.0,0.0,12852.200959559192,-0.10943561487226938,0.49229452714021704,0.682672574002376,
2023-01-13,151.66720581054688,217.1759796142578,0.0,0.0,0.0,-0.0,-0.004372695405013727,-0.002504244116284249,0.0,0.0,0.0,0.0,0.0,0.0,0.0,0.0,0.0,0.0,0.0,12852.200959559192,-0.10943561487226938,0.4885304531554475,0.5553160355343305,
2023-01-17,149.04432678222656,217.11756896972656,0.0,0.0,0.0,-0.0,-0.017293646403670482,-0.00026895536345683535,0.0,0.0,0.0,0.0,0.0,0.0,0.0,0.0,0.0,0.0,0.0,12852.200959559192,-0.10943561487226938,0.47115184631867857,0.048756794704713946,
2023-01-18,147.1459197998047,213.67095947265625,0.0,0.0,0.0,-0.0,-0.012737197204397477,-0.01587439244748956,0.0,0.0,0.0,0.0,0.0,0.0,0.0,0.0,0.0,0.0,0.0,12852.200959559192,-0.10943561487226938,0.46227815295533703,-0.24061369758222642,
2023-01-19,146.67129516601562,214.5959014892578,0.0,0.0,0.0,-0.0,-0.0032255371704141833,0.004328814822961213,-0.0,0.0,0.0,0.0,0.0,0.0,0.0,0.0,0.0,0.0,0.0,12852.200959559192,-0.10943561487226938,0.45798241273853924,-0.38948542928225466,
2023-01-20,148.31993103027344,218.3930206298828,0.0,0.0,0.0,-0.0,0.011240344352258846,0.017694276145413967,0.0,0.0,0.0,0.0,0.0,0.0,0.0,0.0,0.0,0.0,0.0,12852.200959559192,-0.10943561487226938,0.46483557973235357,-0.20217233777638366,
2023-01-23,150.27667236328125,218.26644897460935,0.0,0.0,0.0,-0.0,0.013192706599953974,-0.000579559066990365,0.0,0.0,0.0,0.0,0.0,0.0,0.0,0.0,0.0,0.0,0.0,12852.200959559192,-0.10943561487226938,0.47808495538259055,0.17324445780517397,
2023-01-24,149.86865234375,217.9840850830078,0.0,0.0,0.0,-0.0,-0.002715125462353196,-0.0012936660349222029,0.0,0.0,0.0,0.0,0.0,0.0,0.0,0.0,0.0,0.0,0.0,12852.200959559192,-0.10943561487226938,0.47568530427902456,0.07672140643262856,
2023-01-25,147.76206970214844,218.9674530029297,0.0,0.0,0.0,-0.0,-0.014056192597033168,0.004511191353934851,-0.0,0.0,0.0,0.0,0.0,0.0,0.0,0.0,0.0,0.0,0.0,12852.200959559192,-0.10943561487226938,0.46041962995799635,-0.4353274460598183,
2023-01-26,149.627197265625,218.7824859619141,0.0,0.0,0.0,-0.0,0.012622505675754292,-0.0008447239006480478,0.0,0.0,0.0,0.0,0.0,0.0,0.0,0.0,0.0,0.0,0.0,12852.200959559192,-0.10943561487226938,0.47317149525558344,-0.06360938132542121,
2023-01-27,151.61721801757812,225.3349609375,0.0,0.0,0.0,-0.0,0.01329985984045634,0.029949723565745545,0.0,0.0,0.0,0.0,0.0,0.0,0.0,0.0,0.0,0.0,0.0,12852.200959559192,-0.10943561487226938,0.4791078376574849,0.10186265964367255,
2023-01-30,147.3540802001953,223.05667114257807,0.0,0.0,0.0,-0.0,-0.028117768371719865,-0.010110680497350089,0.0,0.0,0.0,0.0,0.0,0.0,0.0,0.0,0.0,0.0,0.0,12852.200959559192,-0.10943561487226938,0.4530927268003686,-0.8427983188859861,
2023-01-31,154.2317352294922,224.1373748779297,0.0,0.0,0.0,-0.0,0.04667434400155668,0.004844973834747357,0.0,0.0,0.0,0.0,0.0,0.0,0.0,0.0,0.0,0.0,0.0,12852.200959559192,-0.10943561487226938,0.49751890248463715,0.7204254043390368,
2023-02-01,154.02359008789062,224.80918884277344,0.0,0.0,0.0,-0.0,-0.001349561043917813,0.0029973312804687513,-0.0,0.0,0.0,0.0,0.0,0.0,0.0,0.0,0.0,0.0,0.0,12852.200959559192,-0.10943561487226938,0.49543052670185816,0.623147646502527,
2023-02-02,159.27760314941406,223.50454711914065,0.0,0.0,0.0,-0.0,0.034111742613747165,-0.00580332917150117,0.0,0.0,0.0,0.0,0.0,0.0,0.0,0.0,0.0,0.0,0.0,12852.200959559192,-0.10943561487226938,0.5304083760560852,1.9890646624325565,
2023-02-03,159.58567810058594,224.05946350097656,0.0,0.0,0.0,-0.0,0.0019342013257375168,0.002482796833391143,0.0,0.0,0.0,0.0,0.0,0.0,0.0,0.0,0.0,0.0,0.0,12852.200959559192,-0.10943561487226938,0.5317293206157321,1.9780519345273335,
2023-02-06,157.17098999023438,223.3876800537109,0.0,0.0,0.0,-0.0,-0.015130982548631988,-0.0029982373284702657,0.0,0.0,0.0,0.0,0.0,0.0,0.0,0.0,0.0,0.0,0.0,12852.200959559192,-0.10943561487226938,0.5172230391442116,1.3629374755089412,
2023-02-07,156.7796630859375,225.21810913085935,0.0,0.0,0.0,-0.0,-0.002489816373372644,0.008193957145301578,-0.0,0.0,0.0,0.0,0.0,0.0,0.0,0.0,0.0,0.0,0.0,12852.200959559192,-0.10943561487226938,0.5127180846843715,1.1957410536808553,
2023-02-08,155.17262268066406,224.12765502929688,0.0,0.0,0.0,-0.0,-0.01025031163890533,-0.004841769188857148,0.0,0.0,0.0,0.0,0.0,0.0,0.0,0.0,0.0,0.0,0.0,12852.200959559192,-0.10943561487226938,0.5036115410836459,0.7520572901429706,
2023-02-09,153.8320770263672,223.7374267578125,0.0,0.0,0.0,-0.0,-0.00863906036476314,-0.0017410982657778407,0.0,0.0,0.0,0.0,0.0,0.0,0.0,0.0,0.0,0.0,0.0,12852.200959559192,-0.10943561487226938,0.49536459924792786,0.36223738699847846,
2023-02-10,154.22344970703125,221.6400451660156,0.0,0.0,0.0,-0.0,0.002544155212810262,-0.00937429924975064,0.0,0.0,0.0,0.0,0.0,0.0,0.0,0.0,0.0,0.0,0.0,12852.200959559192,-0.10943561487226938,0.5002277103485548,0.5731828627968201,
2023-02-13,156.04690551757812,223.2789306640625,0.0,0.0,0.0,-0.0,0.011823466625930035,0.0073943564522347405,0.0,0.0,0.0,0.0,0.0,0.0,0.0,0.0,0.0,0.0,0.0,12852.200959559192,-0.10943561487226938,0.51016541383942,1.018796744103427,
2023-02-14,155.51402282714844,223.77647399902344,0.0,0.0,0.0,-0.0,-0.0034148879060575954,0.002228348789924617,-0.0,0.0,0.0,0.0,0.0,0.0,0.0,0.0,0.0,0.0,0.0,12852.200959559192,-0.10943561487226938,0.5061958814278389,0.8101208283780564,
2023-02-15,155.5723114013672,223.3179626464844,0.0,0.0,0.0,-0.0,0.0003748123362710132,-0.0020489703155347483,0.0,0.0,0.0,0.0,0.0,0.0,0.0,0.0,0.0,0.0,0.0,12852.200959559192,-0.10943561487226938,0.5070763267487044,0.8221826221030288,
2023-02-16,154.4981689453125,220.3036193847656,0.0,0.0,0.0,-0.0,-0.006904457781587214,-0.013497988365989921,0.0,0.0,0.0,0.0,0.0,0.0,0.0,0.0,0.0,0.0,0.0,12852.200959559192,-0.10943561487226938,0.5034985913467698,0.641379835004682,
2023-02-17,153.89340209960938,218.089111328125,0.0,0.0,0.0,-0.0,-0.0039143949072768525,-0.010052072965596182,0.0,0.0,0.0,0.0,0.0,0.0,0.0,0.0,0.0,0.0,0.0,12852.200959559192,-0.10943561487226938,0.5020674498553339,0.5730328027643722,
2023-02-21,149.90350341796875,215.22105407714844,0.0,0.0,0.0,-0.0,-0.02592637908581752,-0.013150850280926885,0.0,0.0,0.0,0.0,0.0,0.0,0.0,0.0,0.0,0.0,0.0,12852.200959559192,-0.10943561487226938,0.47906298161368777,-0.46083295123509066,
2023-02-22,148.34951782226562,214.63575744628903,0.0,0.0,0.0,-0.0,-0.010366572897033799,-0.0027195138197287916,0.0,0.0,0.0,0.0,0.0,0.0,0.0,0.0,0.0,0.0,0.0,12852.200959559192,-0.10943561487226938,0.4693137260768534,-0.8794084396049969,
2023-02-23,151.1466522216797,215.7185821533203,0.0,0.0,0.0,-0.0,0.018855028587051015,0.0050449408799102535,0.0,0.0,0.0,0.0,0.0,0.0,0.0,0.0,0.0,0.0,0.0,12852.200959559192,-0.10943561487226938,0.4867524709291815,-0.06937628629917426,
2023-02-24,151.3230743408203,214.17726135253903,0.0,0.0,0.0,-0.0,0.0011672247882927866,-0.007145053455273498,0.0,0.0,0.0,0.0,0.0,0.0,0.0,0.0,0.0,0.0,0.0,12852.200959559192,-0.10943561487226938,0.489686991118234,0.06540188286232519,
2023-02-27,153.07025146484375,214.95767211914065,0.0,0.0,0.0,-0.0,0.011546005998320785,0.003643761068160556,0.0,0.0,0.0,0.0,0.0,0.0,0.0,0.0,0.0,0.0,0.0,12852.200959559192,-0.10943561487226938,0.5002700940332019,0.5750183114597449,
2023-02-28,153.2886199951172,214.5577087402344,0.0,0.0,0.0,-0.0,0.0014265902628609606,-0.0018606611011519059,0.0,0.0,0.0,0.0,0.0,0.0,0.0,0.0,0.0,0.0,0.0,12852.200959559192,-0.10943561487226938,0.5021548512779654,0.7176927053066052,
2023-03-01,153.7842254638672,213.01638793945312,0.0,0.0,0.0,-0.0,0.0032331523942599194,-0.007183712064372183,0.0,0.0,0.0,0.0,0.0,0.0,0.0,0.0,0.0,0.0,0.0,12852.200959559192,-0.10943561487226938,0.5071603646250471,1.0327261937020904,
2023-03-02,155.12818908691406,213.69921875,0.0,0.0,0.0,-0.0,0.00873928141194602,0.003205531823875285,0.0,0.0,0.0,0.0,0.0,0.0,0.0,0.0,0.0,0.0,0.0,12852.200959559192,-0.10943561487226938,0.5150726020150709,1.4963595848890903,
2023-03-03,155.9681854248047,218.2939910888672,0.0,0.0,0.0,-0.0,0.005414852986003638,0.021501119029557536,0.0,0.0,0.0,0.0,0.0,0.0,0.0,0.0,0.0,0.0,0.0,12852.200959559192,-0.10943561487226938,0.5152278148705081,1.4602900453607939,
2023-03-06,156.6653594970703,221.20106506347656,0.0,0.0,0.0,-0.0,0.004469976170888623,0.013317242312116173,0.0,0.0,0.0,0.0,0.0,0.0,0.0,0.0,0.0,0.0,0.0,12852.200959559192,-0.10943561487226938,0.5164260617275673,1.4666283717074249,
2023-03-07,153.94381713867188,217.70867919921875,0.0,0.0,0.0,-0.0,-0.017371691911569842,-0.015788286838743892,0.0,0.0,0.0,0.0,0.0,0.0,0.0,0.0,0.0,0.0,0.0,12852.200959559192,-0.10943561487226938,0.5028254575170352,0.7434832577071802,
2023-03-08,154.80899047851562,216.7526397705078,0.0,0.0,0.0,-0.0,0.00562005903143481,-0.00439137030378145,0.0,0.0,0.0,0.0,0.0,0.0,0.0,0.0,0.0,0.0,0.0,12852.200959559192,-0.10943561487226938,0.5095148838254844,1.0620001137799566,
2023-03-09,153.61622619628906,214.6259765625,0.0,0.0,0.0,-0.0,-0.007704748145050955,-0.00981147546926986,0.0,0.0,0.0,0.0,0.0,0.0,0.0,0.0,0.0,0.0,0.0,12852.200959559192,-0.10943561487226938,0.5042113197628302,0.7678024269611289,
2023-03-10,152.4906463623047,210.85069274902344,0.0,0.0,0.0,-0.0,-0.00732721966848815,-0.017590060038129574,0.0,0.0,0.0,0.0,0.0,0.0,0.0,0.0,0.0,0.0,0.0,12852.200959559192,-0.10943561487226938,0.5012326472899526,0.6148876947354202,
2023-03-13,153.07025146484375,209.2215881347656,0.0,0.0,0.0,-0.0,0.003800922327799494,-0.007726342242550643,0.0,0.0,0.0,0.0,0.0,0.0,0.0,0.0,0.0,0.0,0.0,12852.200959559192,-0.10943561487226938,0.5069387340746085,0.908806444686075,
2023-03-14,155.44740295410156,213.3090362548828,0.0,0.0,0.0,-0.0,0.015529807173563004,0.019536454897208566,0.0,0.0,0.0,0.0,0.0,0.0,0.0,0.0,0.0,0.0,0.0,12852.200959559192,-0.10943561487226938,0.5175788148779201,1.4361739037952532,
2023-03-15,154.8594207763672,211.0750732421875,0.0,0.0,0.0,-0.0,-0.003782515285301935,-0.01047289440671395,0.0,0.0,0.0,0.0,0.0,0.0,0.0,0.0,0.0,0.0,0.0,12852.200959559192,-0.10943561487226938,0.5163848941875206,1.3452748651415063,
2023-03-16,157.84974670410156,212.12863159179688,0.0,0.0,0.0,-0.0,0.019309938735033283,0.004991391609754592,0.0,0.0,0.0,0.0,0.0,0.0,0.0,0.0,0.0,0.0,0.0,12852.200959559192,-0.10943561487226938,0.5342831678743565,2.11506814998034,
2023-03-17,156.90052795410156,212.0701141357422,0.0,0.0,0.0,-0.0,-0.00601343220258288,-0.00027585835827803606,0.0,0.0,0.0,0.0,0.0,0.0,0.0,0.0,0.0,0.0,0.0,12852.200959559192,-0.10943561487226938,0.5283196059597579,1.7495707055134768,
2023-03-20,154.1285858154297,212.8115081787109,0.0,0.0,0.0,-0.0,-0.01766687578949866,0.0034959854951281955,-0.0,0.0,0.0,0.0,0.0,0.0,0.0,0.0,0.0,0.0,0.0,12852.200959559192,-0.10943561487226938,0.509634356821006,0.8458341293999496,
2023-03-21,156.90052795410156,216.51852416992188,0.0,0.0,0.0,-0.0,0.017984607618416026,0.017419245899511937,0.0,0.0,0.0,0.0,0.0,0.0,0.0,0.0,0.0,0.0,0.0,12852.200959559192,-0.10943561487226938,0.5232013207359683,1.4320688142125433,
2023-03-22,155.85060119628906,214.6552734375,0.0,0.0,0.0,-0.0,-0.006691671286916501,-0.00860550264493587,0.0,0.0,0.0,0.0,0.0,0.0,0.0,0.0,0.0,0.0,0.0,12852.200959559192,-0.10943561487226938,0.5186180760423096,1.1768932081822152,
2023-03-23,155.6405792236328,217.14285278320312,0.0,0.0,0.0,-0.0,-0.0013475852582162107,0.011588717602260212,-0.0,0.0,0.0,0.0,0.0,0.0,0.0,0.0,0.0,0.0,0.0,12852.200959559192,-0.10943561487226938,0.5144287488474757,0.951090915281577,
2023-03-24,156.2957763671875,215.6307678222656,0.0,0.0,0.0,-0.0,0.004209680706811492,-0.006963549302021921,0.0,0.0,0.0,0.0,0.0,0.0,0.0,0.0,0.0,0.0,0.0,12852.200959559192,-0.10943561487226938,0.520352500935152,1.1838935643444617,
2023-03-27,157.34576416015625,216.3819580078125,0.0,0.0,0.0,-0.0,0.006717953724494796,0.0034836873843813176,0.0,0.0,0.0,0.0,0.0,0.0,0.0,0.0,0.0,0.0,0.0,12852.200959559192,-0.10943561487226938,0.5261905600442389,1.4067465755524369,
2023-03-28,157.69012451171875,214.9381561279297,0.0,0.0,0.0,-0.0,0.0021885581311993363,-0.006672468874834192,0.0,0.0,0.0,0.0,0.0,0.0,0.0,0.0,0.0,0.0,0.0,12852.200959559192,-0.10943561487226938,0.5300273739106576,1.525042398245947,
2023-03-29,160.8316650390625,217.83551025390625,0.0,0.0,0.0,-0.0,0.01992224013438637,0.013479943152820528,0.0,0.0,0.0,0.0,0.0,0.0,0.0,0.0,0.0,0.0,0.0,12852.200959559192,-0.10943561487226938,0.5464524100810544,2.1733317525912685,
2023-03-30,160.51246643066406,216.9185028076172,0.0,0.0,0.0,-0.0,-0.001984675146656678,-0.004209632512257588,0.0,0.0,0.0,0.0,0.0,0.0,0.0,0.0,0.0,0.0,0.0,12852.200959559192,-0.10943561487226938,0.5455058617566688,2.030682117720213,
2023-03-31,162.94845581054688,219.942626953125,0.0,0.0,0.0,-0.0,0.015176325141917024,0.013941291804829836,0.0,0.0,0.0,0.0,0.0,0.0,0.0,0.0,0.0,0.0,0.0,12852.200959559192,-0.10943561487226938,0.5571546158601997,2.387563437530673,
2023-04-03,162.7216339111328,223.39601135253903,0.0,0.0,0.0,-0.0,-0.0013919855716691965,0.0157012965028831,-0.0,0.0,0.0,0.0,0.0,0.0,0.0,0.0,0.0,0.0,0.0,12852.200959559192,-0.10943561487226938,0.5519204965414393,2.085296593430415,
2023-04-04,160.1092987060547,222.0887908935547,0.0,0.0,0.0,-0.0,-0.01605401287025421,-0.00585158370138239,0.0,0.0,0.0,0.0,0.0,0.0,0.0,0.0,0.0,0.0,0.0,12852.200959559192,-0.10943561487226938,0.5371831999507224,1.4118052130361007,
2023-04-05,159.09291076660156,222.5863037109375,0.0,0.0,0.0,-0.0,-0.006348088135212704,0.00224015275773759,-0.0,0.0,0.0,0.0,0.0,0.0,0.0,0.0,0.0,0.0,0.0,12852.200959559192,-0.10943561487226938,0.5302631727106721,1.0864425021664388,
2023-04-06,158.40414428710938,220.4596405029297,0.0,0.0,0.0,-0.0,-0.004329334828141018,-0.009554330938392419,0.0,0.0,0.0,0.0,0.0,0.0,0.0,0.0,0.0,0.0,0.0,12852.200959559192,-0.10943561487226938,0.5282914378691845,0.9726259437869073,
2023-04-10,159.81527709960938,220.8888702392578,0.0,0.0,0.0,-0.0,0.008908433670411497,0.0019469764867117156,0.0,0.0,0.0,0.0,0.0,0.0,0.0,0.0,0.0,0.0,0.0,12852.200959559192,-0.10943561487226938,0.5366808544399049,1.2771358952235226,
2023-04-11,161.6548614501953,222.85948181152344,0.0,0.0,0.0,-0.0,0.011510691493150427,0.008921280506940521,0.0,0.0,0.0,0.0,0.0,0.0,0.0,0.0,0.0,0.0,0.0,12852.200959559192,-0.10943561487226938,0.5459359645892807,1.5919390363662316,
2023-04-12,159.47091674804688,222.235107421875,0.0,0.0,0.0,-0.0,-0.013509922822960041,-0.002801650549364876,0.0,0.0,0.0,0.0,0.0,0.0,0.0,0.0,0.0,0.0,0.0,12852.200959559192,-0.10943561487226938,0.5330256842685039,1.0334050640716572,
2023-04-13,160.43687438964844,226.9956817626953,0.0,0.0,0.0,-0.0,0.006057265244970633,0.021421342451456882,0.0,0.0,0.0,0.0,0.0,0.0,0.0,0.0,0.0,0.0,0.0,12852.200959559192,-0.10943561487226938,0.5338389016026455,1.033727144914899,
2023-04-14,162.00767517089844,228.2931365966797,0.0,0.0,0.0,-0.0,0.009790771524475383,0.005715768793085552,0.0,0.0,0.0,0.0,0.0,0.0,0.0,0.0,0.0,0.0,0.0,12852.200959559192,-0.10943561487226938,0.5421768119331014,1.3400614659183832,
2023-04-17,162.36045837402344,227.76632690429688,0.0,0.0,0.0,-0.0,0.0021775709252840336,-0.002307601972780793,0.0,0.0,0.0,0.0,0.0,0.0,0.0,0.0,0.0,0.0,0.0,12852.200959559192,-0.10943561487226938,0.544921624866155,1.4262972494890045,
2023-04-18,163.0576171875,227.8834381103516,0.0,0.0,0.0,-0.0,0.0042938953268445434,0.0005141726068398356,0.0,0.0,0.0,0.0,0.0,0.0,0.0,0.0,0.0,0.0,0.0,12852.200959559192,-0.10943561487226938,0.5490795882138713,1.5628627595938198,
2023-04-19,164.66200256347656,226.8786163330078,0.0,0.0,0.0,-0.0,0.009839377047511144,-0.004409367287398935,0.0,0.0,0.0,0.0,0.0,0.0,0.0,0.0,0.0,0.0,0.0,12852.200959559192,-0.10943561487226938,0.5599604315484294,1.9438005710558812,
2023-04-20,163.780029296875,228.8589630126953,0.0,0.0,0.0,-0.0,-0.005356264668660016,0.008728661659240577,-0.0,0.0,0.0,0.0,0.0,0.0,0.0,0.0,0.0,0.0,0.0,12852.200959559192,-0.10943561487226938,0.5524470091034697,1.5738504325467837,
2023-04-21,163.97323608398438,228.3224029541016,0.0,0.0,0.0,-0.0,0.001179672441987245,-0.00234450096046257,0.0,0.0,0.0,0.0,0.0,0.0,0.0,0.0,0.0,0.0,0.0,12852.200959559192,-0.10943561487226938,0.5542047146178537,1.622611885806329,
2023-04-24,164.51080322265625,227.06398010253903,0.0,0.0,0.0,-0.0,0.003278383421039255,-0.005511604797780345,0.0,0.0,0.0,0.0,0.0,0.0,0.0,0.0,0.0,0.0,0.0,12852.200959559192,-0.10943561487226938,0.5588404111798688,1.7696251646266374,
2023-04-25,148.08070373535156,223.97157287597656,1.0,0.0,0.0,-0.0,-0.09987246530592564,-0.013619100771359638,0.0,0.0,0.0,0.0,0.0,0.0,0.0,0.0,0.0,0.0,0.0,12852.200959559192,-0.10943561487226938,0.4570025305015115,-2.571113919942475,Enter Long Spread
2023-04-26,144.95596313476562,222.5668029785156,1.0,1.0,0.8022105569956678,-0.1977894430043322,-0.021101605555376324,-0.006272090156007715,-0.0156873775276516,0.0,1.0,0.6044211139913356,0.1977894430043322,0.8022105569956678,0.1977894430043322,1.0,0.001,2.3201436221655254e-05,-0.016710578963873256,12637.433240564911,-0.12431746135235955,0.4372263921000761,-3.283970767699075,
2023-04-27,149.31552124023438,223.4057464599609,1.0,1.0,0.8022105569956678,-0.1977894430043322,0.030075051837747946,0.0037694007831270415,0.02338097640507857,0.0,1.0,0.6044211139913356,0.1977894430043322,0.0,0.0,0.0,0.0,2.3201436221655254e-05,0.023357774968856913,12932.615562381978,-0.10386346567047067,0.46593043815783663,-2.0281581354575247,
2023-04-28,151.03749084472656,227.0347137451172,1.0,1.0,0.8022105569956678,-0.1977894430043322,0.011532422016072186,0.016243840378594054,0.0060385705482889716,0.0,1.0,0.6044211139913356,0.1977894430043322,0.0,0.0,0.0,0.0,2.3201436221655254e-05,0.006015369112067316,13010.41001857417,-0.09847287364166979,0.47342404045972386,-1.6856161167456893,
2023-05-01,153.0449981689453,226.82009887695312,1.0,1.0,0.8022105569956678,-0.1977894430043322,0.013291450440490626,-0.0009452953895191518,0.010849511309713856,0.0,1.0,0.6044211139913356,0.1977894430043322,0.0,0.0,0.0,0.0,2.3201436221655254e-05,0.010826309873492201,13151.264749016442,-0.08871266161235558,0.4868611125804876,-1.1253823098952611,
2023-05-02,149.3826904296875,221.4254302978516,1.0,1.0,0.8022105569956678,-0.1977894430043322,-0.023929614055174908,-0.023783908947275778,-0.014492382916745792,0.0,1.0,0.6044211139913356,0.1977894430043322,0.0,0.0,0.0,0.0,2.3201436221655254e-05,-0.014515584352967447,12960.366456203887,-0.10194052984251256,0.46857544914042015,-1.7482265281016705,
2023-05-03,147.69430541992188,220.44989013671875,1.0,1.0,0.8022105569956678,-0.1977894430043322,-0.011302413987250626,-0.004405727742385235,-0.008195509383912841,0.0,1.0,0.6044211139913356,0.1977894430043322,0.0,0.0,0.0,0.0,2.3201436221655254e-05,-0.008218710820134496,12853.848952177375,-0.10932142092702024,0.4582973339134191,-2.0242454931646088,
2023-05-04,145.56077575683594,220.07920837402344,1.0,1.0,0.8022105569956678,-0.1977894430043322,-0.01444557836552951,-0.0016814785549016387,-0.011255816759938272,0.0,1.0,0.6044211139913356,0.1977894430043322,0.0,0.0,0.0,0.0,2.3201436221655254e-05,-0.011279018196159927,12708.870155955077,-0.11936740082731412,0.44416132912471684,-2.3741023174598768,
2023-05-05,147.61875915527344,226.10797119140625,1.0,1.0,0.8022105569956678,-0.1977894430043322,0.014138310185124459,0.027393604611376743,0.005923735890621103,0.0,1.0,0.6044211139913356,0.1977894430043322,0.0,0.0,0.0,0.0,2.3201436221655254e-05,0.005900534454399448,12783.859282186779,-0.11417119783422836,0.4515374344170533,-2.01764828282047,
2023-05-08,146.4847412109375,226.5469665527344,1.0,1.0,0.8022105569956678,-0.1977894430043322,-0.007682072053885158,0.0019415297878044857,-0.0065466533965342355,0.0,1.0,0.6044211139913356,0.1977894430043322,0.0,0.0,0.0,0.0,2.3201436221655254e-05,-0.006569854832755891,12699.871182500432,-0.11999096447113156,0.44334747246277706,-2.1750984083788105,
2023-05-09,145.32557678222656,227.5517578125,1.0,1.0,0.8022105569956678,-0.1977894430043322,-0.00791320938364326,0.004435244819452011,-0.007225304709703068,0.0,1.0,0.6044211139913356,0.1977894430043322,0.0,0.0,0.0,0.0,2.3201436221655254e-05,-0.007248506145924724,12607.816088181626,-0.12636971537363184,0.4343116712744701,-2.318812402579983,
2023-05-10,144.11602783203125,225.6104431152344,1.0,1.0,0.8022105569956678,-0.1977894430043322,-0.00832302872609858,-0.008531310484822585,-0.004989418361364407,0.0,1.0,0.6044211139913356,0.1977894430043322,0.0,0.0,0.0,0.0,2.3201436221655254e-05,-0.005012619797586063,12544.617899653682,-0.13074889183412075,0.4280662783821314,-2.34981824317648,
2023-05-11,142.99041748046875,225.7961578369141,1.0,1.0,0.8022105569956678,-0.1977894430043322,-0.007810445295331148,0.0008231654488832785,-0.006428435106386827,0.0,1.0,0.6044211139913356,0.1977894430043322,0.0,0.0,0.0,0.0,2.3201436221655254e-05,-0.006451636542608483,12463.684584399218,-0.13635698404826646,0.4200222993024503,-2.4137584156970693,
2023-05-12,142.89712524414062,226.1577911376953,1.0,1.0,0.8022105569956678,-0.1977894430043322,-0.0006524369812463959,0.0016015919147853719,-0.0008401698068758839,0.0,1.0,0.6044211139913356,0.1977894430043322,0.0,0.0,0.0,0.0,2.3201436221655254e-05,-0.0008633712430975392,12452.92379754601,-0.1371026285925413,0.41897508394239846,-2.292611087704917,
2023-05-15,143.19395446777344,227.5555419921875,1.0,1.0,0.8022105569956678,-0.1977894430043322,0.002077223199036915,0.006180423179147354,0.0004439479213691072,0.0,1.0,0.6044211139913356,0.1977894430043322,0.0,0.0,0.0,0.0,2.3201436221655254e-05,0.00042074648514745194,12458.163321463639,-0.13673956755647843,0.41953102483616367,-2.1513344056707315,
2023-05-16,141.2943115234375,225.26834106445312,1.0,1.0,0.8022105569956678,-0.1977894430043322,-0.01326622308460279,-0.010051176551054475,-0.00865428759835672,0.0,1.0,0.6044211139913356,0.1977894430043322,0.0,0.0,0.0,0.0,2.3201436221655254e-05,-0.008677489034578375,12350.05774585065,-0.14423050049299246,0.4086667307860845,-2.279843444443086,
2023-05-17,145.32257080078125,227.39915466308597,1.0,1.0,0.8022105569956678,-0.1977894430043322,0.02850970597408331,0.009459001600332195,0.0209998964513453,0.0,1.0,0.6044211139913356,0.1977894430043322,0.0,0.0,0.0,0.0,2.3201436221655254e-05,0.020976695015123642,12609.121140604524,-0.12627928469858907,0.4344563897200471,-1.605643323790447,
2023-05-18,145.05120849609375,228.3277130126953,1.0,1.0,0.8022105569956678,-0.1977894430043322,-0.0018673101032564698,0.004083385230631453,-0.0023056263683557225,0.0,1.0,0.6044211139913356,0.1977894430043322,0.0,0.0,0.0,0.0,2.3201436221655254e-05,-0.0023288278045773777,12579.756668701,-0.12831402979381823,0.43158260280002136,-1.6295699979333251,
2023-05-19,144.95790100097656,228.04425048828125,1.0,1.0,0.8022105569956678,-0.1977894430043322,-0.0006432727867944354,-0.0012414722710348824,-0.00027049011160120676,0.0,1.0,0.6044211139913356,0.1977894430043322,0.0,0.0,0.0,0.0,2.3201436221655254e-05,-0.000293691547822862,12576.062100493735,-0.1285700365956235,0.43124540502859343,-1.5827542649935138,
2023-05-22,145.44976806640625,226.06007385253903,1.0,1.0,0.8022105569956678,-0.1977894430043322,0.003393171824600083,-0.008700840435545976,0.004442972642810648,0.0,1.0,0.6044211139913356,0.1977894430043322,0.0,0.0,0.0,0.0,2.3201436221655254e-05,0.004419771206588993,12631.64541765777,-0.12471851553481006,0.43678746048183315,-1.4122293683127776,
2023-05-23,143.99111938476562,219.5112762451172,1.0,1.0,0.8022105569956678,-0.1977894430043322,-0.010028539069066533,-0.028969280137870257,-0.0023151821297428578,0.0,1.0,0.6044211139913356,0.1977894430043322,0.0,0.0,0.0,0.0,2.3201436221655254e-05,-0.002338383565964513,12602.107785602027,-0.12676525937367655,0.43395633242685205,-1.4257984725422808,
2023-05-24,142.23565673828125,217.23385620117188,1.0,1.0,0.8022105569956678,-0.1977894430043322,-0.012191464681884479,-0.010374956963041027,-0.007728064714133757,0.0,1.0,0.6044211139913356,0.1977894430043322,0.0,0.0,0.0,0.0,2.3201436221655254e-05,-0.007751266150355413,12504.425494100362,-0.1335339342600076,0.4242613072697736,-1.5769734057392473,
2023-05-25,145.21231079101562,218.3383636474609,1.0,1.0,0.8022105569956678,-0.1977894430043322,0.02092762195496123,0.005084416700066319,0.015782715317976172,0.0,1.0,0.6044211139913356,0.1977894430043322,0.0,0.0,0.0,0.0,2.3201436221655254e-05,0.015759513881754516,12701.489161258001,-0.11987885026890899,0.44372253968358844,-1.121811930986389,
2023-05-26,145.5006866455078,219.9315643310547,1.0,1.0,0.8022105569956678,-0.1977894430043322,0.0019858912300294573,0.007296934249110043,0.0001498463490040324,0.0,1.0,0.6044211139913356,0.1977894430043322,0.0,0.0,0.0,0.0,2.3201436221655254e-05,0.00012664491278237716,12703.097740245035,-0.11976738740266335,0.4439138943999341,-1.082942614167278,
2023-05-30,143.96568298339844,216.63763427734372,1.0,1.0,0.8022105569956678,-0.1977894430043322,-0.010549803561059501,-0.014977068269985683,-0.005500857799954096,0.0,1.0,0.6044211139913356,0.1977894430043322,0.0,0.0,0.0,0.0,2.3201436221655254e-05,-0.005524059236175751,12632.925075844993,-0.1246298444962648,0.43702865803417223,-1.188688577593692,
2023-05-31,141.6250457763672,216.04139709472656,1.0,1.0,0.8022105569956678,-0.1977894430043322,-0.016258299606727533,-0.002752232706962787,-0.012498217009186866,0.0,1.0,0.6044211139913356,0.1977894430043322,0.0,0.0,0.0,0.0,2.3201436221655254e-05,-0.01252141844540852,12474.742934780843,-0.1355907205079494,0.4213162557373331,-1.460818300470737,
2023-06-01,142.32894897460938,221.387939453125,1.0,1.0,0.8022105569956678,-0.1977894430043322,0.004970188672374309,0.024747767929190756,-0.0009077094110761623,0.0,1.0,0.6044211139913356,0.1977894430043322,0.0,0.0,0.0,0.0,2.3201436221655254e-05,-0.0009309108472978176,12463.130061265603,-0.13639540848273346,0.42024671366405,-1.4296650733533993,
2023-06-02,144.28794860839844,223.62625122070312,1.0,1.0,0.8022105569956678,-0.1977894430043322,0.01376388744456003,0.010110360000220586,0.009041813340309271,0.0,1.0,0.6044211139913356,0.1977894430043322,0.0,0.0,0.0,0.0,2.3201436221655254e-05,0.009018611904087617,12575.530194398325,-0.12860689383325108,0.43143649108657933,-1.1641141118887957,
2023-06-05,142.34591674804688,221.65187072753903,1.0,1.0,0.8022105569956678,-0.1977894430043322,-0.013459418330371342,-0.008828929888090475,-0.00905101835075518,0.0,1.0,0.6044211139913356,0.1977894430043322,0.0,0.0,0.0,0.0,2.3201436221655254e-05,-0.009074219786976834,12461.41706947659,-0.1365141063994647,0.42007216160186256,-1.3440775011611827,
2023-06-06,142.1254119873047,223.06912231445312,1.0,1.0,0.8022105569956678,-0.1977894430043322,-0.0015490768248201947,0.0063940429749687056,-0.0025073599810329127,0.0,1.0,0.6044211139913356,0.1977894430043322,0.0,0.0,0.0,0.0,2.3201436221655254e-05,-0.002530561417254568,12429.882688236255,-0.13869921048615375,0.41695041579049796,-1.3571496050154488,
2023-06-07,145.44131469726562,220.18569946289065,1.0,1.0,0.8022105569956678,-0.1977894430043322,0.023330822149223662,-0.012926140658310437,0.02127288599249845,0.0,1.0,0.6044211139913356,0.1977894430043322,0.0,0.0,0.0,0.0,2.3201436221655254e-05,0.021249684556276793,12694.013774432802,-0.12039684040091236,0.443221023274152,-0.821027174568965,
2023-06-08,145.42434692382812,218.0157928466797,1.0,1.0,0.8022105569956678,-0.1977894430043322,-0.00011666405431509652,-0.009854893489922967,0.0018556047582453967,0.0,1.0,0.6044211139913356,0.1977894430043322,0.0,0.0,0.0,0.0,2.3201436221655254e-05,0.0018324033220237415,12717.274327442889,-0.11878505264920036,0.44554618267616375,-0.7514934281440654,
2023-06-09,144.5847625732422,218.51431274414065,1.0,1.0,0.8022105569956678,-0.1977894430043322,-0.005773341041893754,0.002286622867782473,-0.005083704996323201,0.0,1.0,0.6044211139913356,0.1977894430043322,0.0,0.0,0.0,0.0,2.3201436221655254e-05,-0.005106906432544856,12652.328397375633,-0.12328533493228078,0.43919297557598536,-0.8472011618793471,
2023-06-12,145.44131469726562,221.06539916992188,1.0,1.0,0.8022105569956678,-0.1977894430043322,0.005924221258028828,0.011674688004388534,0.002443342797531515,0.0,1.0,0.6044211139913356,0.1977894430043322,0.0,0.0,0.0,0.0,2.3201436221655254e-05,0.00242014136130986,12682.948820646998,-0.12116356150928353,0.4422379317468632,-0.7613758267746542,
2023-06-13,146.62008666992188,218.35792541503903,1.0,1.0,0.8022105569956678,-0.1977894430043322,0.008104794535925608,-0.012247388171324536,0.008924155823664454,0.0,1.0,0.6044211139913356,0.1977894430043322,0.0,0.0,0.0,0.0,2.3201436221655254e-05,0.0089009543874428,12795.839169597846,-0.11334107845625507,0.4533483638784195,-0.5243177985314796,
2023-06-14,148.30770874023438,218.39703369140625,1.0,1.0,0.8022105569956678,-0.1977894430043322,0.011510169640751577,0.0001791017032832798,0.00919815517248842,0.0,1.0,0.6044211139913356,0.1977894430043322,0.0,0.0,0.0,0.0,2.3201436221655254e-05,0.009174953736266766,12913.240401995618,-0.105206023871243,0.46474864091300194,-0.2884033496516075,
2023-06-15,151.8017120361328,221.06539916992188,0.0,1.0,0.8022105569956678,-0.1977894430043322,0.023559148243725403,0.012217956596819013,0.016482814605006526,0.0,1.0,0.6044211139913356,0.1977894430043322,0.0,0.0,0.0,0.0,2.3201436221655254e-05,0.01645961316878487,13125.78734376799,-0.09047806115840462,0.48504040504422896,0.12060320821458653,Exit Long Spread
2023-06-16,151.4455108642578,223.74354553222656,0.0,0.0,0.0,-0.0,-0.002346489819497033,0.012114724295891,-0.0,0.0,0.0,0.0,0.0,0.8022105569956678,0.1977894430043322,1.0,0.001,0.0,-0.001,13112.66155642422,-0.09138758309724637,0.47972215396288087,0.029092827113151518,
2023-06-20,150.33457946777344,221.35862731933597,0.0,0.0,0.0,-0.0,-0.007335518828815668,-0.010659159830588627,0.0,0.0,0.0,0.0,0.0,0.0,0.0,0.0,0.0,0.0,0.0,13112.66155642422,-0.09138758309724637,0.4750017795030639,-0.05129331487328224,
2023-06-21,147.24765014648438,222.1210174560547,0.0,0.0,0.0,-0.0,-0.020533727717319983,0.003444140153701314,-0.0,0.0,0.0,0.0,0.0,0.0,0.0,0.0,0.0,0.0,0.0,13112.66155642422,-0.09138758309724637,0.4534065909156968,-0.4590699845937843,
2023-06-22,145.33953857421875,223.2352752685547,0.0,0.0,0.0,-0.0,-0.012958519680058789,0.005016444752781846,-0.0,0.0,0.0,0.0,0.0,0.0,0.0,0.0,0.0,0.0,0.0,13112.66155642422,-0.09138758309724637,0.43912963690775575,-0.717168419274269,
2023-06-23,143.5670928955078,224.36911010742188,0.0,0.0,0.0,-0.0,-0.012195206453100349,0.00507910247385035,-0.0,0.0,0.0,0.0,0.0,0.0,0.0,0.0,0.0,0.0,0.0,13112.66155642422,-0.09138758309724637,0.4256103475102857,-0.9549497017046923,
2023-06-26,146.50137329101562,221.1924743652344,0.0,0.0,0.0,-0.0,0.02043839111267287,-0.01415807969584848,0.0,0.0,0.0,0.0,0.0,0.0,0.0,0.0,0.0,0.0,0.0,13112.66155642422,-0.09138758309724637,0.44935837734061,-0.45439848182891956,
2023-06-27,148.129638671875,222.20899963378903,0.0,0.0,0.0,-0.0,0.011114335274010845,0.00459565937526496,0.0,0.0,0.0,0.0,0.0,0.0,0.0,0.0,0.0,0.0,0.0,13112.66155642422,-0.09138758309724637,0.45928091274357397,-0.22730131488545743,
2023-06-28,148.96922302246094,222.8150177001953,0.0,0.0,0.0,-0.0,0.005667902508327272,0.002727243574315308,0.0,0.0,0.0,0.0,0.0,0.0,0.0,0.0,0.0,0.0,0.0,13112.66155642422,-0.09138758309724637,0.4642613114240177,-0.09437979684453497,
2023-06-29,149.29991149902344,229.03143310546875,0.0,0.0,0.0,-0.0,0.0022198442728846857,0.02789944533109434,0.0,0.0,0.0,0.0,0.0,0.0,0.0,0.0,0.0,0.0,0.0,13112.66155642422,-0.09138758309724637,0.4596941417587346,-0.16350683238710395,
2023-06-30,152.0137481689453,232.12013244628903,0.0,0.0,0.0,-0.0,0.01817708157140885,0.013485918936716246,0.0,0.0,0.0,0.0,0.0,0.0,0.0,0.0,0.0,0.0,0.0,13112.66155642422,-0.09138758309724637,0.4744051884035885,0.18610142639833313,
2023-07-03,155.846923828125,232.5990753173828,0.0,0.0,0.0,-0.0,0.025215980168580288,0.0020633405041012853,0.0,0.0,0.0,0.0,0.0,0.0,0.0,0.0,0.0,0.0,0.0,13112.66155642422,-0.09138758309724637,0.49880028727952075,0.7539753446761331,
2023-07-05,152.62432861328125,234.0456695556641,0.0,0.0,0.0,-0.0,-0.020677952029375835,0.006219260486342915,-0.0,0.0,0.0,0.0,0.0,0.0,0.0,0.0,0.0,0.0,0.0,13112.66155642422,-0.09138758309724637,0.4763769083697318,0.26930387764897606,
2023-07-06,152.03915405273438,233.4885406494141,0.0,0.0,0.0,-0.0,-0.0038340844206403712,-0.002380428175867144,0.0,0.0,0.0,0.0,0.0,0.0,0.0,0.0,0.0,0.0,0.0,13112.66155642422,-0.09138758309724637,0.47312306237490853,0.22386484075368202,
2023-07-07,152.4462127685547,231.11338806152344,0.0,0.0,0.0,-0.0,0.0026773282077006133,-0.010172458919330718,0.0,0.0,0.0,0.0,0.0,0.0,0.0,0.0,0.0,0.0,0.0,13112.66155642422,-0.09138758309724637,0.47831773267339206,0.38529225971997555,
2023-07-10,153.77767944335938,232.7847900390625,0.0,0.0,0.0,-0.0,0.008734009527846531,0.007231956536823958,0.0,0.0,0.0,0.0,0.0,0.0,0.0,0.0,0.0,0.0,0.0,13112.66155642422,-0.09138758309724637,0.48523715921443644,0.5866987798674075,
2023-07-11,157.0935821533203,235.1208648681641,0.0,0.0,0.0,-0.0,0.02156296493719867,0.010035341349877713,0.0,0.0,0.0,0.0,0.0,0.0,0.0,0.0,0.0,0.0,0.0,13112.66155642422,-0.09138758309724637,0.5041089960714229,1.0894516785622668,
2023-07-12,158.15362548828125,236.74339294433597,0.0,0.0,0.0,-0.0,0.006747846222809661,0.006900825569358338,0.0,0.0,0.0,0.0,0.0,0.0,0.0,0.0,0.0,0.0,0.0,13112.66155642422,-0.09138758309724637,0.5091385846177616,1.260559074295248,
2023-07-13,157.19534301757812,237.8185577392578,0.0,0.0,0.0,-0.0,-0.006059187500410013,0.004541477510946468,-0.0,0.0,0.0,0.0,0.0,0.0,0.0,0.0,0.0,0.0,0.0,13112.66155642422,-0.09138758309724637,0.5019437743238977,1.1270591365906246,
2023-07-14,157.11053466796875,237.67193603515625,0.0,0.0,0.0,-0.0,-0.0005395093008568885,-0.0006165275977424445,0.0,0.0,0.0,0.0,0.0,0.0,0.0,0.0,0.0,0.0,0.0,13112.66155642422,-0.09138758309724637,0.5015561745974242,1.183194238483998,
2023-07-17,154.9734344482422,238.4832000732422,0.0,0.0,0.0,-0.0,-0.013602526553951444,0.003413377496811032,-0.0,0.0,0.0,0.0,0.0,0.0,0.0,0.0,0.0,0.0,0.0,13112.66155642422,-0.09138758309724637,0.48702013206826367,0.8664002908517419,
2023-07-18,156.52537536621094,235.3358917236328,0.0,0.0,0.0,-0.0,0.010014238398304842,-0.01319719103334227,0.0,0.0,0.0,0.0,0.0,0.0,0.0,0.0,0.0,0.0,0.0,13112.66155642422,-0.09138758309724637,0.5002600621449165,1.361438588802623,
2023-07-19,157.75506591796875,235.97122192382807,0.0,0.0,0.0,-0.0,0.00785617379214587,0.002699674051169998,0.0,0.0,0.0,0.0,0.0,0.0,0.0,0.0,0.0,0.0,0.0,13112.66155642422,-0.09138758309724637,0.5074208142015932,1.7132733675679566,
2023-07-20,158.5352325439453,234.21185302734372,0.0,0.0,0.0,-0.0,0.00494542993872682,-0.007455862126493851,0.0,0.0,0.0,0.0,0.0,0.0,0.0,0.0,0.0,0.0,0.0,13112.66155642422,-0.09138758309724637,0.5141992269028901,2.112866051660286,
2023-07-21,158.84056091308594,233.8501739501953,0.0,0.0,0.0,-0.0,0.0019259338396970804,-0.0015442389976145776,0.0,0.0,0.0,0.0,0.0,0.0,0.0,0.0,0.0,0.0,0.0,13112.66155642422,-0.09138758309724637,0.5165043434429568,2.0795632401343895,
2023-07-24,159.7225341796875,235.3065643310547,0.0,0.0,0.0,-0.0,0.00555256958003425,0.0062278781163940256,0.0,0.0,0.0,0.0,0.0,0.0,0.0,0.0,0.0,0.0,0.0,13112.66155642422,-0.09138758309724637,0.5205107983414365,2.096015199964918,
2023-07-25,156.6271514892578,233.30284118652344,0.0,0.0,0.0,-0.0,-0.019379749428138804,-0.008515372914595809,0.0,0.0,0.0,0.0,0.0,0.0,0.0,0.0,0.0,0.0,0.0,13112.66155642422,-0.09138758309724637,0.5030493019237234,1.4639308977267744,
2023-07-26,156.3727264404297,231.7487335205078,0.0,0.0,0.0,-0.0,-0.0016243993867536277,-0.006661331932829473,0.0,0.0,0.0,0.0,0.0,0.0,0.0,0.0,0.0,0.0,0.0,13112.66155642422,-0.09138758309724637,0.5030714646059458,1.4261128137156702,
2023-07-27,158.1790771484375,229.14874267578125,0.0,0.0,0.0,-0.0,0.011551571358551005,-0.011219007781531176,0.0,0.0,0.0,0.0,0.0,0.0,0.0,0.0,0.0,0.0,0.0,13112.66155642422,-0.09138758309724637,0.5173385678215725,1.8305812197291702,
2023-07-28,159.34091186523438,230.42919921875,0.0,0.0,0.0,-0.0,0.007345059395602593,0.005587883782458558,0.0,0.0,0.0,0.0,0.0,0.0,0.0,0.0,0.0,0.0,0.0,13112.66155642422,-0.09138758309724637,0.5232828950279476,1.9276741542714904,
2023-07-31,158.69638061523438,232.36447143554688,0.0,0.0,0.0,-0.0,-0.004044982813611098,0.008398554624840182,-0.0,0.0,0.0,0.0,0.0,0.0,0.0,0.0,0.0,0.0,0.0,13112.66155642422,-0.09138758309724637,0.517167646223484,1.6690882553085802,
2023-08-01,157.31407165527344,234.3682403564453,0.0,0.0,0.0,-0.0,-0.008710400039383392,0.008623387682803463,-0.0,0.0,0.0,0.0,0.0,0.0,0.0,0.0,0.0,0.0,0.0,13112.66155642422,-0.09138758309724637,0.5063020599736991,1.296662580664968,
2023-08-02,155.49075317382812,232.1983184814453,0.0,0.0,0.0,-0.0,-0.01159030760732449,-0.009258600361976566,0.0,0.0,0.0,0.0,0.0,0.0,0.0,0.0,0.0,0.0,0.0,13112.66155642422,-0.09138758309724637,0.49693745351190444,0.9896867204625965,
2023-08-03,153.92184448242188,233.3712158203125,0.0,0.0,0.0,-0.0,-0.010090044966547418,0.005051274042541909,-0.0,0.0,0.0,0.0,0.0,0.0,0.0,0.0,0.0,0.0,0.0,13112.66155642422,-0.09138758309724637,0.4855538744246153,0.6343003235871947,
2023-08-04,153.44696044921875,233.59605407714844,0.0,0.0,0.0,-0.0,-0.0030852283170070827,0.000963436112056959,-0.0,0.0,0.0,0.0,0.0,0.0,0.0,0.0,0.0,0.0,0.0,13112.66155642422,-0.09138758309724637,0.48222645083910054,0.5153222865589379,
2023-08-07,154.47308349609375,236.0591735839844,0.0,0.0,0.0,-0.0,0.0066871513379671566,0.010544354084091268,0.0,0.0,0.0,0.0,0.0,0.0,0.0,0.0,0.0,0.0,0.0,13112.66155642422,-0.09138758309724637,0.48630518447796045,0.6111239114368205,
2023-08-08,153.11618041992188,233.88926696777344,0.0,0.0,0.0,-0.0,-0.008784074516167695,-0.009192214745422533,0.0,0.0,0.0,0.0,0.0,0.0,0.0,0.0,0.0,0.0,0.0,13112.66155642422,-0.09138758309724637,0.47975917471856233,0.39291309167627947,
2023-08-09,152.11549377441406,234.34866333007807,0.0,0.0,0.0,-0.0,-0.006535472885774829,0.001964161794427044,-0.0,0.0,0.0,0.0,0.0,0.0,0.0,0.0,0.0,0.0,0.0,13112.66155642422,-0.09138758309724637,0.4727184521606824,0.15660005653404718,
2023-08-10,152.9720458984375,235.1811065673828,0.0,0.0,0.0,-0.0,0.005630932804870703,0.0035521569676386644,0.0,0.0,0.0,0.0,0.0,0.0,0.0,0.0,0.0,0.0,0.0,13112.66155642422,-0.09138758309724637,0.47745933843297905,0.27731572975306323,
2023-08-11,151.1407470703125,235.0635528564453,0.0,0.0,0.0,-0.0,-0.0119714606506659,-0.0004998433447876982,0.0,0.0,0.0,0.0,0.0,0.0,0.0,0.0,0.0,0.0,0.0,13112.66155642422,-0.09138758309724637,0.4655389127100471,-0.128226016862449,
2023-08-14,150.19088745117188,237.86422729492188,0.0,0.0,0.0,-0.0,-0.006284603176526127,0.011914541426960135,-0.0,0.0,0.0,0.0,0.0,0.0,0.0,0.0,0.0,0.0,0.0,13112.66155642422,-0.09138758309724637,0.4563142445787305,-0.44086557783420427,
2023-08-15,148.2654571533203,234.85791015625,0.0,0.0,0.0,-0.0,-0.012819887614536785,-0.012638794714366242,0.0,0.0,0.0,0.0,0.0,0.0,0.0,0.0,0.0,0.0,0.0,13112.66155642422,-0.09138758309724637,0.4465474974981598,-0.7725035532707083,
2023-08-16,146.1090087890625,234.3290863037109,0.0,0.0,0.0,-0.0,-0.014544509595568411,-0.0022516757139977583,0.0,0.0,0.0,0.0,0.0,0.0,0.0,0.0,0.0,0.0,0.0,13112.66155642422,-0.09138758309724637,0.4324519686538304,-1.2357756395563015,
2023-08-17,146.1090087890625,232.4488677978516,0.0,0.0,0.0,-0.0,0.0,-0.008023837482225238,0.0,0.0,0.0,0.0,0.0,0.0,0.0,0.0,0.0,0.0,0.0,13112.66155642422,-0.09138758309724637,0.43443826967450194,-1.1676980597028537,
2023-08-18,146.53684997558594,233.23231506347656,0.0,0.0,0.0,-0.0,0.0029282327631221516,0.0033704068901134754,0.0,0.0,0.0,0.0,0.0,0.0,0.0,0.0,0.0,0.0,0.0,13112.66155642422,-0.09138758309724637,0.4365326283361004,-1.1023316069059301,
2023-08-21,144.18356323242188,234.49557495117188,0.0,0.0,0.0,-0.0,-0.016059351238655206,0.005416315862368792,-0.0,0.0,0.0,0.0,0.0,0.0,0.0,0.0,0.0,0.0,0.0,13112.66155642422,-0.09138758309724637,0.4190111092296309,-1.66623505876775,
2023-08-22,142.78872680664062,235.58255004882807,0.0,0.0,0.0,-0.0,-0.009674032147012457,0.004635375733134994,-0.0,0.0,0.0,0.0,0.0,0.0,0.0,0.0,0.0,0.0,0.0,13112.66155642422,-0.09138758309724637,0.4081497428297507,-1.94811739215793,
2023-08-23,144.51734924316406,237.2766876220703,0.0,0.0,0.0,-0.0,0.012106154842771888,0.007191269357136543,0.0,0.0,0.0,0.0,0.0,0.0,0.0,0.0,0.0,0.0,0.0,13112.66155642422,-0.09138758309724637,0.4184165019398074,-1.5828544686806976,
2023-08-24,142.9085235595703,234.50537109375,0.0,0.0,0.0,-0.0,-0.011132405154254177,-0.011679683141625818,0.0,0.0,0.0,0.0,0.0,0.0,0.0,0.0,0.0,0.0,0.0,13112.66155642422,-0.09138758309724637,0.4101183072247241,-1.7930022513415265,
2023-08-25,144.50872802734375,237.54112243652344,0.0,0.0,0.0,-0.0,0.011197403961047847,0.012945338218116165,0.0,0.0,0.0,0.0,0.0,0.0,0.0,0.0,0.0,0.0,0.0,13112.66155642422,-0.09138758309724637,0.41808222224613334,-1.5433963068003829,
2023-08-28,144.48309326171875,238.77496337890625,0.0,0.0,0.0,-0.0,-0.0001773925075317928,0.005194220393197391,-0.0,0.0,0.0,0.0,0.0,0.0,0.0,0.0,0.0,0.0,0.0,13112.66155642422,-0.09138758309724637,0.41662746483195434,-1.5815758379469198,
2023-08-29,146.9732666015625,240.25364685058597,0.0,0.0,0.0,-0.0,0.017235050023001852,0.0061927911149262105,0.0,0.0,0.0,0.0,0.0,0.0,0.0,0.0,0.0,0.0,0.0,13112.66155642422,-0.09138758309724637,0.4321935176669278,-1.107770363479973,
2023-08-30,147.19577026367188,241.12521362304688,0.0,0.0,0.0,-0.0,0.0015139056731492406,0.003627694246834734,0.0,0.0,0.0,0.0,0.0,0.0,0.0,0.0,0.0,0.0,0.0,13112.66155642422,-0.09138758309724637,0.4328134689325749,-1.104580097223609,
2023-08-31,144.96231079101562,240.5866241455078,0.0,0.0,0.0,-0.0,-0.015173394375772142,-0.0022336505977389454,0.0,0.0,0.0,0.0,0.0,0.0,0.0,0.0,0.0,0.0,0.0,13112.66155642422,-0.09138758309724637,0.4180751155916338,-1.5599904594701592,
2023-09-01,143.7642364501953,242.96624755859372,0.0,0.0,0.0,-0.0,-0.00826472987552962,0.009890921498805882,-0.0,0.0,0.0,0.0,0.0,0.0,0.0,0.0,0.0,0.0,0.0,13112.66155642422,-0.09138758309724637,0.40734936353209505,-1.8276769126670518,
2023-09-05,140.31565856933594,240.25364685058597,0.0,0.0,0.0,-0.0,-0.023987731344116803,-0.011164516616052111,0.0,0.0,0.0,0.0,0.0,0.0,0.0,0.0,0.0,0.0,0.0,13112.66155642422,-0.09138758309724637,0.3858373959250816,-2.337722821760159,
2023-09-06,138.8950958251953,241.05667114257807,0.0,0.0,0.0,-0.0,-0.01012405000713923,0.00334240209261627,-0.0,0.0,0.0,0.0,0.0,0.0,0.0,0.0,0.0,0.0,0.0,13112.66155642422,-0.09138758309724637,0.37483903564384446,-2.4946093626215413,
2023-09-07,138.835205078125,242.016357421875,0.0,0.0,0.0,-0.0,-0.0004311941088668281,0.003981164573243934,-0.0,0.0,0.0,0.0,0.0,0.0,0.0,0.0,0.0,0.0,0.0,13112.66155642422,-0.09138758309724637,0.3734281191742437,-2.3866070600495197,
2023-09-08,137.8083038330078,242.1632537841797,0.0,0.0,0.0,-0.0,-0.007396547903965267,0.0006069687349630204,-0.0,0.0,0.0,0.0,0.0,0.0,0.0,0.0,0.0,0.0,0.0,13112.66155642422,-0.09138758309724637,0.36585447507634394,-2.4184909641506125,
2023-09-11,137.67996215820312,242.09469604492188,0.0,0.0,0.0,-0.0,-0.0009313058156510401,-0.00028310545958765143,0.0,0.0,0.0,0.0,0.0,0.0,0.0,0.0,0.0,0.0,0.0,13112.66155642422,-0.09138758309724637,0.36499254642291157,-2.2896287326495224,
2023-09-12,133.983154296875,242.1730499267578,1.0,0.0,0.0,-0.0,-0.026850732694713053,0.00032364972515308565,-0.0,0.0,0.0,0.0,0.0,0.0,0.0,0.0,0.0,0.0,0.0,13112.66155642422,-0.09138758309724637,0.3376949625020933,-2.700405918119586,Enter Long Spread
2023-09-13,135.0699462890625,242.69204711914065,1.0,1.0,0.8022105569956678,-0.1977894430043322,0.0081114077205513,0.0021430840159126774,0.006083177511703563,0.0,1.0,0.6044211139913356,0.1977894430043322,0.8022105569956678,0.1977894430043322,1.0,0.001,2.3201436221655254e-05,0.005059976075481907,13179.01131018562,-0.08679002600583252,0.3452458257606563,-2.366378010230726,
2023-09-14,137.5430450439453,236.4932861328125,1.0,1.0,0.8022105569956678,-0.1977894430043322,0.018309763369492638,-0.02554167332597057,0.019740158811641893,0.0,1.0,0.6044211139913356,0.1977894430043322,0.0,0.0,0.0,0.0,2.3201436221655254e-05,0.019716957375420237,13438.861314438733,-0.06878430387378076,0.3697692442340226,-1.7642313451714264,
2023-09-15,137.3376922607422,236.0721893310547,1.0,1.0,0.8022105569956678,-0.1977894430043322,-0.001493007393703616,-0.0017805867077398396,-0.0008455250397568475,0.0,1.0,0.6044211139913356,0.1977894430043322,0.0,0.0,0.0,0.0,2.3201436221655254e-05,-0.0008687264759785028,13427.186619807875,-0.06959327560385253,0.3687145259955831,-1.71267015398174,
2023-09-18,135.58338928222656,239.58775329589844,1.0,1.0,0.8022105569956678,-0.1977894430043322,-0.01277364538196113,0.014891902238910903,-0.013192614225837333,0.0,1.0,0.6044211139913356,0.1977894430043322,0.0,0.0,0.0,0.0,2.3201436221655254e-05,-0.013215815662058988,13249.73539658043,-0.08188935936421204,0.35221398613209653,-1.9505545548490422,
2023-09-19,135.21539306640625,238.5105743408203,1.0,1.0,0.8022105569956678,-0.1977894430043322,-0.002714168879893508,-0.004495968346711621,-0.0012880798538584793,0.0,1.0,0.6044211139913356,0.1977894430043322,0.0,0.0,0.0,0.0,2.3201436221655254e-05,-0.0013112812900801345,13232.361266456383,-0.08309326066950118,0.350607132439952,-1.9010079046775252,
2023-09-20,134.8988037109375,236.8458251953125,1.0,1.0,0.8022105569956678,-0.1977894430043322,-0.0023413706700780024,-0.0069797708135529435,-0.0004977472878660628,0.0,1.0,0.6044211139913356,0.1977894430043322,0.0,0.0,0.0,0.0,2.3201436221655254e-05,-0.0005209487240877181,13225.467884737956,-0.08357092206546268,0.34998995135552513,-1.8273840170949522,
2023-09-21,133.00762939453125,231.7046813964844,1.0,1.0,0.8022105569956678,-0.1977894430043322,-0.014019207467982242,-0.021706710661201223,-0.00695299802039267,0.0,1.0,0.6044211139913356,0.1977894430043322,0.0,0.0,0.0,0.0,2.3201436221655254e-05,-0.006976199456614326,13133.204382866976,-0.08996411410097527,0.34128239665767457,-1.8914917757030256,
2023-09-22,131.59564208984375,230.2063751220703,1.0,1.0,0.8022105569956678,-0.1977894430043322,-0.010615836934430467,-0.006466448003483505,-0.007237141311319168,0.0,1.0,0.6044211139913356,0.1977894430043322,0.0,0.0,0.0,0.0,2.3201436221655254e-05,-0.007260342747540824,13037.852817673856,-0.09657128654516411,0.33220932538669645,-1.9492589273618401,
2023-09-25,132.0491943359375,228.5220489501953,1.0,1.0,0.8022105569956678,-0.1977894430043322,0.003446559771212554,-0.007316592214189788,0.004212011332517716,0.0,1.0,0.6044211139913356,0.1977894430043322,0.0,0.0,0.0,0.0,2.3201436221655254e-05,0.004188809896296061,13092.46590458298,-0.09278699540964652,0.3374605373356083,-1.7752949969859773,
2023-09-26,129.98684692382812,224.8889617919922,1.0,1.0,0.8022105569956678,-0.1977894430043322,-0.015618023438012774,-0.015898190896209474,-0.009384448959241804,0.0,1.0,0.6044211139913356,0.1977894430043322,0.0,0.0,0.0,0.0,2.3201436221655254e-05,-0.009407650395463459,12969.296562538137,-0.10132173819105061,0.3256705473988921,-1.877101276552674,
2023-09-27,130.4232940673828,224.7420959472656,1.0,1.0,0.8022105569956678,-0.1977894430043322,0.0033576254358291813,-0.000653059374530085,0.0028226908209964124,0.0,1.0,0.6044211139913356,0.1977894430043322,0.0,0.0,0.0,0.0,2.3201436221655254e-05,0.0027994893847747573,13005.603970592958,-0.09880589793678862,0.32918361659080553,-1.740840145286625,
2023-09-28,133.0675048828125,226.85728454589844,1.0,1.0,0.8022105569956678,-0.1977894430043322,0.02027406863426995,0.009411626200768186,0.014402551587651174,0.0,1.0,0.6044211139913356,0.1977894430043322,0.0,0.0,0.0,0.0,2.3201436221655254e-05,0.014379350151429519,13192.616104016937,-0.0858473123888186,0.34694526586886676,-1.4029387917139569,
2023-09-29,133.3841552734375,225.2414703369141,1.0,1.0,0.8022105569956678,-0.1977894430043322,0.002379622214332855,-0.007122602266084299,0.003317733596949432,0.0,1.0,0.6044211139913356,0.1977894430043322,0.0,0.0,0.0,0.0,2.3201436221655254e-05,0.0032945321607277768,13236.079602055757,-0.08283560695966774,0.351084462106406,-1.290802591547896,
2023-10-02,132.70811462402344,226.47537231445312,1.0,1.0,0.8022105569956678,-0.1977894430043322,-0.005068372986492875,0.005478129652116692,-0.005149418529153922,0.0,1.0,0.6044211139913356,0.1977894430043322,0.0,0.0,0.0,0.0,2.3201436221655254e-05,-0.005172619965375578,13167.614392442863,-0.08757974981063965,0.34465622433195886,-1.3409232410701524,
2023-10-03,131.56997680664062,224.0663604736328,1.0,1.0,0.8022105569956678,-0.1977894430043322,-0.00857624886471553,-0.010636970440545235,-0.004776076920007921,0.0,1.0,0.6044211139913356,0.1977894430043322,0.0,0.0,0.0,0.0,2.3201436221655254e-05,-0.004799278356229577,13104.419345686036,-0.091958708569159,0.33867963960768654,-1.3806671575935354,
2023-10-04,131.54429626464844,226.42642211914065,1.0,1.0,0.8022105569956678,-0.1977894430043322,-0.00019518542615482026,0.010532869104131093,-0.002239870122776724,0.0,1.0,0.6044211139913356,0.1977894430043322,0.0,0.0,0.0,0.0,2.3201436221655254e-05,-0.002263071558998379,13074.763106967626,-0.09401367099019231,0.3359010794008004,-1.3733142977006438,
2023-10-05,131.25335693359375,228.63951110839844,1.0,1.0,0.8022105569956678,-0.1977894430043322,-0.0022117213692743887,0.009773987366603842,-0.003707457748736782,0.0,1.0,0.6044211139913356,0.1977894430043322,0.0,0.0,0.0,0.0,2.3201436221655254e-05,-0.0037306591849584373,13025.985621891463,-0.09739359720995944,0.3312887786489418,-1.3938440150670954,
2023-10-06,132.01495361328125,230.16720581054688,1.0,1.0,0.8022105569956678,-0.1977894430043322,0.0058024929607920495,0.006681674111103986,0.0033332565092687077,0.0,1.0,0.6044211139913356,0.1977894430043322,0.0,0.0,0.0,0.0,2.3201436221655254e-05,0.0033100550730470525,13069.102351680644,-0.09440592030743944,0.3354325776485967,-1.2864476645911946,
2023-10-09,132.07484436035156,229.5796356201172,1.0,1.0,0.8022105569956678,-0.1977894430043322,0.000453666387262075,-0.0025527971648285908,0.0008688522945502069,0.0,1.0,0.6044211139913356,0.1977894430043322,0.0,0.0,0.0,0.0,2.3201436221655254e-05,0.0008456508583285516,13080.154249301926,-0.09364010389665012,0.3365163521421759,-1.22837733476999,
2023-10-10,133.11032104492188,231.69488525390625,1.0,1.0,0.8022105569956678,-0.1977894430043322,0.007840074993729518,0.009213576927568301,0.004467042679026262,0.0,1.0,0.6044211139913356,0.1977894430043322,0.0,0.0,0.0,0.0,2.3201436221655254e-05,0.004443841242804607,13138.280378217218,-0.08961238440952213,0.34206459638059883,-1.1068786919105873,
2023-10-11,132.89637756347656,230.7939300537109,1.0,1.0,0.8022105569956678,-0.1977894430043322,-0.0016072644086938537,-0.0038885416016327667,-0.0005202519990514901,0.0,1.0,0.6044211139913356,0.1977894430043322,0.0,0.0,0.0,0.0,2.3201436221655254e-05,-0.0005434534352731454,13131.140334612093,-0.09010713768664491,0.34141664924234116,-1.0810802588597301,
2023-10-12,132.9647979736328,231.87115478515625,1.0,1.0,0.8022105569956678,-0.1977894430043322,0.0005148402944510355,0.004667474275405148,-0.0005101668177940545,0.0,1.0,0.6044211139913356,0.1977894430043322,0.0,0.0,0.0,0.0,2.3201436221655254e-05,-0.0005333682540157098,13124.136601218586,-0.09059244565395841,0.3407832428108062,-1.0571660351377867,
2023-10-13,132.70811462402344,232.74267578125,1.0,1.0,0.8022105569956678,-0.1977894430043322,-0.0019304609454622312,0.003758643445327614,-0.002292056143820873,0.0,1.0,0.6044211139913356,0.1977894430043322,0.0,0.0,0.0,0.0,2.3201436221655254e-05,-0.002315257580042528,13093.750844471102,-0.09269795838750594,0.3379259390682119,-1.0687665051735857,
2023-10-16,134.05160522460938,235.09292602539065,1.0,1.0,0.8022105569956678,-0.1977894430043322,0.01012365072318433,0.010098063177505168,0.006124009194173991,0.0,1.0,0.6044211139913356,0.1977894430043322,0.0,0.0,0.0,0.0,2.3201436221655254e-05,0.006100807757952335,13173.633301203745,-0.0871626830532305,0.34552144239470683,-0.9234929093468444,
2023-10-17,134.50515747070312,236.19949340820312,1.0,1.0,0.8022105569956678,-0.1977894430043322,0.0033834152551459606,0.004706936110416837,0.0017832291648419564,0.0,1.0,0.6044211139913356,0.1977894430043322,0.0,0.0,0.0,0.0,2.3201436221655254e-05,0.0017600277286203012,13196.819261100538,-0.08555606406368499,0.3477413483953513,-0.8627654805028165,
2023-10-18,131.6298828125,232.5468292236328,1.0,1.0,0.8022105569956678,-0.1977894430043322,-0.021376687052534704,-0.015464318453290327,-0.014089925093818035,0.0,1.0,0.6044211139913356,0.1977894430043322,0.0,0.0,0.0,0.0,2.3201436221655254e-05,-0.01411312653003969,13010.570881074562,-0.09846172703618161,0.32997547264068205,-1.1158242232836615,
2023-10-19,130.12379455566406,228.96270751953125,1.0,1.0,0.8022105569956678,-0.1977894430043322,-0.011441841507838224,-0.015412472903059138,-0.006130341618243624,0.0,1.0,0.6044211139913356,0.1977894430043322,0.0,0.0,0.0,0.0,2.3201436221655254e-05,-0.0061535430544652795,12930.509772994696,-0.10400938161411288,0.3222972882888202,-1.206944868255867,
2023-10-20,130.0382080078125,228.5416259765625,1.0,1.0,0.8022105569956678,-0.1977894430043322,-0.0006577317249609749,-0.0018390835238215608,-0.00016388802761955405,0.0,1.0,0.6044211139913356,0.1977894430043322,0.0,0.0,0.0,0.0,2.3201436221655254e-05,-0.0001870894638412093,12928.090610854073,-0.10417701201851337,0.3220931938279563,-1.1840240755072147,
2023-10-23,126.78638458251952,226.7299652099609,1.0,1.0,0.8022105569956678,-0.1977894430043322,-0.02500667669226586,-0.007927049432943867,-0.018492733345903407,0.0,1.0,0.6044211139913356,0.1977894430043322,0.0,0.0,0.0,0.0,2.3201436221655254e-05,-0.018515934782125064,12688.714928246094,-0.12076401204030707,0.2987307834701791,-1.5495156186654875,
2023-10-24,127.77903747558594,229.78530883789065,1.0,1.0,0.8022105569956678,-0.1977894430043322,0.007829333538731387,0.013475693982929693,0.0036154240120300734,0.0,1.0,0.6044211139913356,0.1977894430043322,0.0,0.0,0.0,0.0,2.3201436221655254e-05,0.0035922225758084183,12734.295616469337,-0.11760560067489512,0.3032293074855126,-1.4468578677103257,
2023-10-25,125.73381805419922,231.93966674804688,1.0,1.0,0.8022105569956678,-0.1977894430043322,-0.016005907242629624,0.009375525010939967,-0.014694487634117907,0.0,1.0,0.6044211139913356,0.1977894430043322,0.0,0.0,0.0,0.0,2.3201436221655254e-05,-0.014717689070339561,12546.876213056355,-0.13059240708157083,0.2847931036907203,-1.733024841140436,
2023-10-26,118.27178955078124,226.4851531982422,1.0,1.0,0.8022105569956678,-0.1977894430043322,-0.05934782398957594,-0.02351695001670351,-0.04295804649419407,0.0,1.0,0.6044211139913356,0.1977894430043322,0.0,0.0,0.0,0.0,2.3201436221655254e-05,-0.042981247930415724,12007.595815790744,-0.1679606303853839,0.22947876406779466,-2.5883796579663034,
2023-10-27,115.37938690185548,224.516845703125,1.0,1.0,0.8022105569956678,-0.1977894430043322,-0.02445555833653701,-0.008690668979058125,-0.017899584498090464,0.0,1.0,0.6044211139913356,0.1977894430043322,0.0,0.0,0.0,0.0,2.3201436221655254e-05,-0.01792278593431212,11792.386246398584,-0.18287309389590667,0.20687129956052308,-2.7929779922338813,
2023-10-30,118.7595443725586,228.24786376953125,1.0,1.0,0.8022105569956678,-0.1977894430043322,0.029296025585387797,0.016617987192550032,0.02021471857194568,0.0,1.0,0.6044211139913356,0.1977894430043322,0.0,0.0,0.0,0.0,2.3201436221655254e-05,0.020191517135724025,12030.492415363819,-0.16637406196924465,0.23168281286435288,-2.2679658681377597,
2023-10-31,120.8732452392578,230.2259521484375,1.0,1.0,0.8022105569956678,-0.1977894430043322,0.017798155742904775,0.008666404785735882,0.012563745056590504,0.0,1.0,0.6044211139913356,0.1977894430043322,0.0,0.0,0.0,0.0,2.3201436221655254e-05,0.01254054362036885,12181.361330273206,-0.15591993953029892,0.2471968918927554,-1.9451420074256636,
2023-11-01,119.63240051269533,233.63381958007807,1.0,1.0,0.8022105569956678,-0.1977894430043322,-0.010265668999838051,0.014802273157473289,-0.011162961409307863,0.0,1.0,0.6044211139913356,0.1977894430043322,0.0,0.0,0.0,0.0,2.3201436221655254e-05,-0.011186162845529517,12045.098638752534,-0.16536195654137753,0.23325533274000354,-2.0959537296371322,
2023-11-02,121.50647735595705,238.2069854736328,1.0,1.0,0.8022105569956678,-0.1977894430043322,0.015665294980542033,0.01957407494246488,0.008695319631646877,0.0,1.0,0.6044211139913356,0.1977894430043322,0.0,0.0,0.0,0.0,2.3201436221655254e-05,0.008672118195425222,12149.55515782335,-0.1581238767781059,0.2440197230028387,-1.8554489546995891,
2023-11-03,122.25098419189452,238.5497283935547,1.0,1.0,0.8022105569956678,-0.1977894430043322,0.006127301623241266,0.0014388449576336892,0.004630797705320876,0.0,1.0,0.6044211139913356,0.1977894430043322,0.0,0.0,0.0,0.0,2.3201436221655254e-05,0.004607596269099221,12205.535402839754,-0.15424485149370482,0.24977382884762678,-1.7142520136960013,
2023-11-06,121.7460708618164,238.4420318603516,1.0,1.0,0.8022105569956678,-0.1977894430043322,-0.004130137138900758,-0.000451463658870388,-0.0032239448690413986,0.0,1.0,0.6044211139913356,0.1977894430043322,0.0,0.0,0.0,0.0,2.3201436221655254e-05,-0.003247146305263054,12165.902243652665,-0.1569911421993343,0.24574647512759595,-1.7295632958056195,
2023-11-07,121.3866729736328,239.6954803466797,1.0,1.0,0.8022105569956678,-0.1977894430043322,-0.0029520286415775088,0.005256826896451683,-0.0034078934046464283,0.0,1.0,0.6044211139913356,0.1977894430043322,0.0,0.0,0.0,0.0,2.3201436221655254e-05,-0.0034310948408680835,12124.159879229961,-0.15988358554214044,0.2414973757472232,-1.7444760474195784,
2023-11-08,121.47224426269533,239.36183166503903,1.0,1.0,0.8022105569956678,-0.1977894430043322,0.0007049479730045771,-0.0013919690148437303,0.0008408334822021992,0.0,1.0,0.6044211139913356,0.1977894430043322,0.0,0.0,0.0,0.0,2.3201436221655254e-05,0.0008176320459805439,12134.07298087781,-0.15919667943932547,0.24254551209095876,-1.6714811626489379,
2023-11-09,119.7607421875,237.13414001464844,1.0,1.0,0.8022105569956678,-0.1977894430043322,-0.014089655505944543,-0.009306795636106258,-0.009462084466280243,0.0,1.0,0.6044211139913356,0.1977894430043322,0.0,0.0,0.0,0.0,2.3201436221655254e-05,-0.009485285902501897,12018.977829492362,-0.16717193932261631,0.23066104153127642,-1.8007946519909752,
2023-11-10,119.5703125,240.6768493652344,1.0,1.0,0.8022105569956678,-0.1977894430043322,-0.0015900843967872058,0.014939684983221513,-0.004230494461108354,0.0,1.0,0.6044211139913356,0.1977894430043322,0.0,0.0,0.0,0.0,2.3201436221655254e-05,-0.00425369589733001,11967.852752808949,-0.17071453662750113,0.22541347364378828,-1.818622448145715,
2023-11-13,119.62224578857422,240.10765075683597,1.0,1.0,0.8022105569956678,-0.1977894430043322,0.00043433263230974184,-0.002364991106953762,0.0008161964966411763,0.0,1.0,0.6044211139913356,0.1977894430043322,0.0,0.0,0.0,0.0,2.3201436221655254e-05,0.000792995060419521,11977.343200925756,-0.17005691735136885,0.2264315042031091,-1.7408472928106034,
2023-11-14,123.9510498046875,242.3353271484375,1.0,1.0,0.8022105569956678,-0.1977894430043322,0.03618728262102855,0.009277823445357658,0.027194764616025133,0.0,1.0,0.6044211139913356,0.1977894430043322,0.0,0.0,0.0,0.0,2.3201436221655254e-05,0.027171563179803477,12302.7863384359,-0.14750606644554065,0.2597024541494697,-1.1523630840695422,
2023-11-15,127.4141082763672,243.4834899902344,1.0,1.0,0.8022105569956678,-0.1977894430043322,0.02793892005865639,0.004737909471587809,0.021475788146721877,0.0,1.0,0.6044211139913356,0.1977894430043322,0.0,0.0,0.0,0.0,2.3201436221655254e-05,0.02145258671050022,12566.712929141955,-0.12921786641578814,0.28609280398964265,-0.6848246786017566,
2023-11-16,127.18901824951172,243.9349365234375,1.0,1.0,0.8022105569956678,-0.1977894430043322,-0.0017666020655048298,0.0018541155838582846,-0.0017839113155553089,0.0,1.0,0.6044211139913356,0.1977894430043322,0.0,0.0,0.0,0.0,2.3201436221655254e-05,-0.001807112751776964,12544.003461959783,-0.13079146791340768,0.2838679204803405,-0.6960706392629807,
2023-11-17,128.11538696289062,244.9064483642578,1.0,1.0,0.8022105569956678,-0.1977894430043322,0.007283401712886883,0.00398266789770374,0.0050550920797601305,0.0,1.0,0.6044211139913356,0.1977894430043322,0.0,0.0,0.0,0.0,2.3201436221655254e-05,0.005031890643538475,12607.123515612533,-0.1264177056335174,0.2901449277606305,-0.5627663885039319,
2023-11-20,129.49195861816406,245.30882263183597,1.0,1.0,0.8022105569956678,-0.1977894430043322,0.010744780060432335,0.0016429713070669205,0.008294613617378504,0.0,1.0,0.6044211139913356,0.1977894430043322,0.0,0.0,0.0,0.0,2.3201436221655254e-05,0.008271412181156849,12711.40223062892,-0.1191919464026514,0.3004276416213707,-0.35706816053699475,
2023-11-21,129.6650848388672,247.5266571044922,1.0,1.0,0.8022105569956678,-0.1977894430043322,0.00133696503281433,0.009040989430636026,-0.0007156848000358391,0.0,1.0,0.6044211139913356,0.1977894430043322,0.0,0.0,0.0,0.0,2.3201436221655254e-05,-0.0007388862362574944,12702.009950477175,-0.11984276335023925,0.2995446241744597,-0.34642482879529246,
2023-11-22,130.51351928710938,248.98892211914065,1.0,1.0,0.8022105569956678,-0.1977894430043322,0.006543276081579785,0.005907505202686902,0.0040806429863959135,0.0,1.0,0.6044211139913356,0.1977894430043322,0.0,0.0,0.0,0.0,2.3201436221655254e-05,0.004057441550174258,12753.547613420968,-0.11627157680757005,0.3046143432743791,-0.22281888156539728,
2023-11-24,131.62168884277344,249.55807495117188,1.0,1.0,0.8022105569956678,-0.1977894430043322,0.008490841115289083,0.0022858560420566665,0.0063593241871112965,0.0,1.0,0.6044211139913356,0.1977894430043322,0.0,0.0,0.0,0.0,2.3201436221655254e-05,0.006336122750889641,12834.355656608917,-0.11067216503977273,0.31250639268756886,-0.03597656155942821,
2023-11-27,129.50924682617188,249.40106201171875,1.0,1.0,0.8022105569956678,-0.1977894430043322,-0.016049345933594195,-0.0006291639310161967,-0.012750512757330646,0.0,1.0,0.6044211139913356,0.1977894430043322,0.0,0.0,0.0,0.0,2.3201436221655254e-05,-0.012773714193552301,12670.413265592995,-0.1220321846279252,0.2964820338550851,-0.32592747432844477,
2023-11-28,130.50486755371094,248.2234344482422,1.0,1.0,0.8022105569956678,-0.1977894430043322,0.007687642017371932,-0.004721822569549561,0.007101034240735729,0.0,1.0,0.6044211139913356,0.1977894430043322,0.0,0.0,0.0,0.0,2.3201436221655254e-05,0.0070778328045140735,12760.092332250959,-0.11581807522297727,0.30530722519700726,-0.11261636070606279,
2023-11-29,131.84678649902344,249.4893951416016,0.0,1.0,0.8022105569956678,-0.1977894430043322,0.010282520265079143,0.005100085316978253,0.00724000327504868,0.0,1.0,0.6044211139913356,0.1977894430043322,0.0,0.0,0.0,0.0,2.3201436221655254e-05,0.0072168018388270245,12852.179390057949,-0.10943710948238894,0.314282981470678,0.10653318717693835,Exit Long Spread
2023-11-30,131.25807189941406,251.8936920166016,0.0,0.0,0.0,-0.0,-0.0044651418152973354,0.009636870030629519,-0.0,0.0,0.0,0.0,0.0,0.8022105569956678,0.1977894430043322,1.0,0.001,0.0,-0.001,12839.327210667892,-0.11032767237290642,0.3074431932993775,-0.018412524417042244,
2023-12-01,134.11509704589844,251.66799926757807,0.0,0.0,0.0,-0.0,0.02176647199780435,-0.0008959841241623634,0.0,0.0,0.0,0.0,0.0,0.0,0.0,0.0,0.0,0.0,0.0,12839.327210667892,-0.11032767237290642,0.3291971668487974,0.48835108419215545,
2023-12-04,134.98953247070312,249.6954803466797,0.0,0.0,0.0,-0.0,0.006520037222248254,-0.00783778202488572,0.0,0.0,0.0,0.0,0.0,0.0,0.0,0.0,0.0,0.0,0.0,12839.327210667892,-0.11032767237290642,0.3376361018713887,0.6966500428345694,
2023-12-05,133.4657745361328,249.8623046875,0.0,0.0,0.0,-0.0,-0.011287971049910972,0.000668111175215147,-0.0,0.0,0.0,0.0,0.0,0.0,0.0,0.0,0.0,0.0,0.0,12839.327210667892,-0.11032767237290642,0.32611926665252855,0.45494574015226474,
2023-12-06,134.44410705566406,249.5482482910156,0.0,0.0,0.0,-0.0,0.007330212730053853,-0.0012569178727347419,0.0,0.0,0.0,0.0,0.0,0.0,0.0,0.0,0.0,0.0,0.0,12839.327210667892,-0.11032767237290642,0.33373283891032157,0.6329361231652467,
2023-12-07,135.4916534423828,251.0497131347656,0.0,0.0,0.0,-0.0,0.007791686892494543,0.006016731650221985,0.0,0.0,0.0,0.0,0.0,0.0,0.0,0.0,0.0,0.0,0.0,12839.327210667892,-0.11032767237290642,0.34001531392307704,0.7814986643498201,
2023-12-08,135.31851196289062,250.97122192382807,0.0,0.0,0.0,-0.0,-0.0012778756114730783,-0.0003126520638380148,0.0,0.0,0.0,0.0,0.0,0.0,0.0,0.0,0.0,0.0,0.0,12839.327210667892,-0.11032767237290642,0.33881371927834514,0.7760574518210692,
2023-12-11,134.86830139160156,251.73667907714844,0.0,0.0,0.0,-0.0,-0.003327043467729829,0.0030499797843464016,-0.0,0.0,0.0,0.0,0.0,0.0,0.0,0.0,0.0,0.0,0.0,12839.327210667892,-0.11032767237290642,0.33473028398536275,0.703742138243916,
2023-12-12,134.51333618164062,254.72003173828125,0.0,0.0,0.0,-0.0,-0.002631939501708924,0.011851084522404909,-0.0,0.0,0.0,0.0,0.0,0.0,0.0,0.0,0.0,0.0,0.0,12839.327210667892,-0.11032767237290642,0.329190103055893,0.5855010573588754,
2023-12-13,136.1409912109375,257.4874572753906,0.0,0.0,0.0,-0.0,0.012100324588626421,0.010864577545093956,0.0,0.0,0.0,0.0,0.0,0.0,0.0,0.0,0.0,0.0,0.0,12839.327210667892,-0.11032767237290642,0.33855352942641503,0.818873414880408,
2023-12-14,140.5650177001953,253.90548706054688,0.0,0.0,0.0,-0.0,0.03249591801783791,-0.013911241552293285,0.0,0.0,0.0,0.0,0.0,0.0,0.0,0.0,0.0,0.0,0.0,12839.327210667892,-0.11032767237290642,0.3739865958334845,1.6420232567756317,
2023-12-15,141.06716918945312,253.21853637695312,0.0,0.0,0.0,-0.0,0.003572378800028586,-0.002705536975772138,0.0,0.0,0.0,0.0,0.0,0.0,0.0,0.0,0.0,0.0,0.0,12839.327210667892,-0.11032767237290642,0.3782205779426928,1.6962354671447606,
2023-12-18,139.88108825683594,253.5521697998047,0.0,0.0,0.0,-0.0,-0.008407916168107654,0.0013175710894832715,-0.0,0.0,0.0,0.0,0.0,0.0,0.0,0.0,0.0,0.0,0.0,12839.327210667892,-0.11032767237290642,0.36945247525576663,1.4549280258134694,
2023-12-19,139.92434692382812,255.1419677734375,0.0,0.0,0.0,-0.0,0.0003092531487369765,0.0062701020262931895,0.0,0.0,0.0,0.0,0.0,0.0,0.0,0.0,0.0,0.0,0.0,12839.327210667892,-0.11032767237290642,0.3682205787144741,1.3973013443094915,
2023-12-20,135.88990783691406,252.31565856933597,0.0,0.0,0.0,-0.0,-0.0288330028019379,-0.011077398315792797,0.0,0.0,0.0,0.0,0.0,0.0,0.0,0.0,0.0,0.0,0.0,12839.327210667892,-0.11032767237290642,0.34171017163185824,0.7857412506745234,
2023-12-21,136.0630645751953,254.7003936767578,0.0,0.0,0.0,-0.0,0.0012742428119758564,0.009451395608752966,0.0,0.0,0.0,0.0,0.0,0.0,0.0,0.0,0.0,0.0,0.0,12839.327210667892,-0.11032767237290642,0.3406642528680226,0.755662177676552,
2023-12-22,137.00672912597656,253.61105346679688,0.0,0.0,0.0,-0.0,0.006935493873575949,-0.004276947492053873,0.0,0.0,0.0,0.0,0.0,0.0,0.0,0.0,0.0,0.0,0.0,12839.327210667892,-0.11032767237290642,0.34863257333551223,0.9344452886400388,
2023-12-26,136.8162841796875,254.32742309570312,0.0,0.0,0.0,-0.0,-0.0013900408213814996,0.0028246782587495467,-0.0,0.0,0.0,0.0,0.0,0.0,0.0,0.0,0.0,0.0,0.0,12839.327210667892,-0.11032767237290642,0.346546107248455,0.8904872145092142,
2023-12-27,135.7860107421875,254.10174560546875,0.0,0.0,0.0,-0.0,-0.007530342193381667,-0.000887350201906667,0.0,0.0,0.0,0.0,0.0,0.0,0.0,0.0,0.0,0.0,0.0,12839.327210667892,-0.11032767237290642,0.3392061470986898,0.7277776893578144,
2023-12-28,136.19293212890625,255.5443572998047,0.0,0.0,0.0,-0.0,0.002996784311539713,0.005677299425466353,0.0,0.0,0.0,0.0,0.0,0.0,0.0,0.0,0.0,0.0,0.0,12839.327210667892,-0.11032767237290642,0.3408026389571934,0.7626763901804858,
2023-12-29,136.12364196777344,255.49526977539065,0.0,0.0,0.0,-0.0,-0.00050876473580308,-0.00019209003451581275,0.0,0.0,0.0,0.0,0.0,0.0,0.0,0.0,0.0,0.0,0.0,12839.327210667892,-0.11032767237290642,0.3403411101648761,0.749677022415361,
2024-01-02,137.0846710205078,254.04283142089844,0.0,0.0,0.0,-0.0,0.007059971646673269,-0.005684795478871574,0.0,0.0,0.0,0.0,0.0,0.0,0.0,0.0,0.0,0.0,0.0,12839.327210667892,-0.11032767237290642,0.3487818937290492,0.9293683486820167,
2024-01-03,136.39205932617188,253.16944885253903,0.0,0.0,0.0,-0.0,-0.00505243722131643,-0.0034379343179039568,0.0,0.0,0.0,0.0,0.0,0.0,0.0,0.0,0.0,0.0,0.0,12839.327210667892,-0.11032767237290642,0.3445657519001739,0.8290313715508841,
2024-01-04,135.91587829589844,254.76907348632807,0.0,0.0,0.0,-0.0,-0.003491266519663583,0.006318395213321226,-0.0,0.0,0.0,0.0,0.0,0.0,0.0,0.0,0.0,0.0,0.0,12839.327210667892,-0.11032767237290642,0.3395154423308102,0.7140395754618852,
2024-01-05,137.4136505126953,254.8475646972656,0.0,0.0,0.0,-0.0,0.011019847243573189,0.00030808767274392856,0.0,0.0,0.0,0.0,0.0,0.0,0.0,0.0,0.0,0.0,0.0,12839.327210667892,-0.11032767237290642,0.35039906445749414,0.95240086772514,
2024-01-08,138.45257568359375,257.6444091796875,0.0,0.0,0.0,-0.0,0.0075605674328727,0.010974578021745174,0.0,0.0,0.0,0.0,0.0,0.0,0.0,0.0,0.0,0.0,0.0,12839.327210667892,-0.11032767237290642,0.35524009122612554,1.0506245401608805,
2024-01-09,138.46987915039062,258.419677734375,0.0,0.0,0.0,-0.0,0.0001249775723668467,0.0030090641483579983,0.0,0.0,0.0,0.0,0.0,0.0,0.0,0.0,0.0,0.0,0.0,12839.327210667892,-0.11032767237290642,0.3546242735865208,1.0271502022143695,
2024-01-10,139.5780487060547,259.626708984375,0.0,0.0,0.0,-0.0,0.008002964705851268,0.004670817874947941,0.0,0.0,0.0,0.0,0.0,0.0,0.0,0.0,0.0,0.0,0.0,12839.327210667892,-0.11032767237290642,0.3614464496149643,1.1604632418086522,
2024-01-11,137.8724822998047,259.1066589355469,0.0,0.0,0.0,-0.0,-0.01221944583737411,-0.002003068370209249,0.0,0.0,0.0,0.0,0.0,0.0,0.0,0.0,0.0,0.0,0.0,12839.327210667892,-0.11032767237290642,0.3496460953942264,0.8983619819747642,
2024-01-12,137.05868530273438,259.2440795898437,0.0,0.0,0.0,-0.0,-0.005902533874023619,0.0005303632676263437,-0.0,0.0,0.0,0.0,0.0,0.0,0.0,0.0,0.0,0.0,0.0,12839.327210667892,-0.11032767237290642,0.3435953433857417,0.767971850731104,
2024-01-16,134.4787139892578,260.2940368652344,0.0,0.0,0.0,-0.0,-0.01882384401818782,0.004050072337435262,-0.0,0.0,0.0,0.0,0.0,0.0,0.0,0.0,0.0,0.0,0.0,12839.327210667892,-0.11032767237290642,0.3235955246092521,0.3309493804901183,
2024-01-17,133.8120574951172,261.6581726074219,0.0,0.0,0.0,-0.0,-0.00495733840965995,0.005240749110567489,-0.0,0.0,0.0,0.0,0.0,0.0,0.0,0.0,0.0,0.0,0.0,12839.327210667892,-0.11032767237290642,0.3173370962976516,0.1951448875486092,
2024-01-18,135.5176239013672,263.1400146484375,0.0,0.0,0.0,-0.0,0.012745984466401516,0.005663274440270927,0.0,0.0,0.0,0.0,0.0,0.0,0.0,0.0,0.0,0.0,0.0,12839.327210667892,-0.11032767237290642,0.32861016180505387,0.4405312439387101,
2024-01-19,135.8292999267578,265.8485412597656,0.0,0.0,0.0,-0.0,0.0022998929321360606,0.01029310048092369,0.0,0.0,0.0,0.0,0.0,0.0,0.0,0.0,0.0,0.0,0.0,12839.327210667892,-0.11032767237290642,0.3283825653474488,0.42417637656690654,
2024-01-22,137.3097381591797,266.1429748535156,0.0,0.0,0.0,-0.0,0.010899255412640363,0.00110752382674284,0.0,0.0,0.0,0.0,0.0,0.0,0.0,0.0,0.0,0.0,0.0,12839.327210667892,-0.11032767237290642,0.3389499369525013,0.6411059408285356,
2024-01-23,138.57376098632812,266.2018127441406,0.0,0.0,0.0,-0.0,0.009205631327350527,0.00022107624917544477,0.0,0.0,0.0,0.0,0.0,0.0,0.0,0.0,0.0,0.0,0.0,12839.327210667892,-0.11032767237290642,0.34805895316728597,0.8149098030345855,
2024-01-24,135.5609130859375,266.5845947265625,0.0,0.0,0.0,-0.0,-0.021741835387493524,0.0014379390526155778,-0.0,0.0,0.0,0.0,0.0,0.0,0.0,0.0,0.0,0.0,0.0,12839.327210667892,-0.11032767237290642,0.32572300422101397,0.3002430770669804,
2024-01-25,138.270751953125,267.5265808105469,0.0,0.0,0.0,-0.0,0.019989824540866286,0.0035335353303163064,0.0,0.0,0.0,0.0,0.0,0.0,0.0,0.0,0.0,0.0,0.0,12839.327210667892,-0.11032767237290642,0.3446459784915743,0.7043099378864748,
2024-01-26,137.915771484375,262.9437255859375,0.0,0.0,0.0,-0.0,-0.0025672852988486428,-0.017130466852020243,0.0,0.0,0.0,0.0,0.0,0.0,0.0,0.0,0.0,0.0,0.0,12839.327210667892,-0.11032767237290642,0.3463355980106837,0.7195169055486004,
2024-01-29,136.80764770507812,268.5570983886719,0.0,0.0,0.0,-0.0,-0.008034786503169578,0.02134819072113503,-0.0,0.0,0.0,0.0,0.0,0.0,0.0,0.0,0.0,0.0,0.0,12839.327210667892,-0.11032767237290642,0.3330602405765444,0.3729608996152015,
2024-01-30,125.58733367919922,271.98199462890625,0.0,0.0,0.0,-0.0,-0.08201525436697077,0.012752953695074787,-0.0,0.0,0.0,0.0,0.0,0.0,0.0,0.0,0.0,0.0,0.0,12839.327210667892,-0.11032767237290642,0.24436130473809503,-1.8400240476010177,
2024-01-31,122.8515396118164,268.16455078125,0.0,0.0,0.0,-0.0,-0.021783996739441425,-0.014035649135027417,0.0,0.0,0.0,0.0,0.0,0.0,0.0,0.0,0.0,0.0,0.0,12839.327210667892,-0.11032767237290642,0.22582161575279103,-2.2596277311681527,
2024-02-01,123.29307556152344,271.8838195800781,0.0,0.0,0.0,-0.0,0.00359406118231953,0.013869352932714962,0.0,0.0,0.0,0.0,0.0,0.0,0.0,0.0,0.0,0.0,0.0,12839.327210667892,-0.11032767237290642,0.22601316474745303,-2.203630966824462,
2024-02-02,122.80825805664062,272.0113830566406,0.0,0.0,0.0,-0.0,-0.003932236280705714,0.0004691837740087301,-0.0,0.0,0.0,0.0,0.0,0.0,0.0,0.0,0.0,0.0,0.0,12839.327210667892,-0.11032767237290642,0.22195752417686299,-2.249028471449974,
2024-02-05,120.41008758544922,270.4412536621094,1.0,0.0,0.0,-0.0,-0.019527762294986206,-0.005772292971299331,0.0,0.0,0.0,0.0,0.0,0.0,0.0,0.0,0.0,0.0,0.0,12839.327210667892,-0.11032767237290642,0.20366389012552344,-2.5823728115784284,Enter Long Spread
2024-02-06,126.33189392089844,271.5992736816406,1.0,1.0,0.8022105569956678,-0.1977894430043322,0.04918031748167939,0.004281965136051724,0.038606042380978166,0.0,1.0,0.6044211139913356,0.1977894430043322,0.8022105569956678,0.1977894430043322,1.0,0.001,2.3201436221655254e-05,0.03758284094475651,13321.865603064107,-0.0768912587907461,0.25061961115409814,-1.5176265723266043,
2024-02-07,127.47471618652344,274.1802673339844,1.0,1.0,0.8022105569956678,-0.1977894430043322,0.009046189605457666,0.009502947549738572,0.005377366099320439,0.0,1.0,0.6044211139913356,0.1977894430043322,0.0,0.0,0.0,0.0,2.3201436221655254e-05,0.005354164663098783,13393.193065122583,-0.07194878258836601,0.25729318757951436,-1.3983959558825658,
2024-02-08,128.0634002685547,271.1422424316406,1.0,1.0,0.8022105569956678,-0.1977894430043322,0.004618045834045015,-0.01108039222473689,0.005896229727161017,0.0,1.0,0.6044211139913356,0.1977894430043322,0.0,0.0,0.0,0.0,2.3201436221655254e-05,0.005873028290939362,13471.85166690006,-0.06649831153306685,0.26464778302963965,-1.2749711502995695,
2024-02-09,126.62625122070312,271.7812805175781,1.0,1.0,0.8022105569956678,-0.1977894430043322,-0.011222168432493573,0.0023568370616342538,-0.009468699478602476,0.0,1.0,0.6044211139913356,0.1977894430043322,0.0,0.0,0.0,0.0,2.3201436221655254e-05,-0.00949190091482413,13343.978185738639,-0.07535901706381576,0.252781763469879,-1.6031260134767134,
2024-02-12,127.65650939941406,270.4441833496094,1.0,1.0,0.8022105569956678,-0.1977894430043322,0.008136213216288324,-0.004919754463671655,0.007500031631161863,0.0,1.0,0.6044211139913356,0.1977894430043322,0.0,0.0,0.0,0.0,2.3201436221655254e-05,0.0074768301949402075,13443.748844758393,-0.06844563344311938,0.26210104241634746,-1.3772721777121226,
2024-02-13,125.44882202148438,271.17169189453125,1.0,1.0,0.8022105569956678,-0.1977894430043322,-0.017293966350139134,0.0026900506267550917,-0.014405465993528795,0.0,1.0,0.6044211139913356,0.1977894430043322,0.0,0.0,0.0,0.0,2.3201436221655254e-05,-0.01442866742975045,13249.773463668282,-0.08188672159090049,0.2439934323027928,-1.7660276719956427,
2024-02-14,124.86009979248048,272.8923034667969,1.0,1.0,0.8022105569956678,-0.1977894430043322,-0.004692927518307521,0.006345100258233538,-0.0050197098442844295,0.0,1.0,0.6044211139913356,0.1977894430043322,0.0,0.0,0.0,0.0,2.3201436221655254e-05,-0.005042911280506085,13182.956031604199,-0.08651668539937207,0.23772998122156785,-1.8523836593748793,
2024-02-15,127.24962615966795,276.2547912597656,1.0,1.0,0.8022105569956678,-0.1977894430043322,0.019137629804548473,0.012321665910881352,0.012915313227685033,0.0,1.0,0.6044211139913356,0.1977894430043322,0.0,0.0,0.0,0.0,2.3201436221655254e-05,0.012892111791463379,13352.912174505585,-0.07473995638790443,0.2536673792786377,-1.4428036387893082,
2024-02-16,129.92855834960938,273.8754577636719,1.0,1.0,0.8022105569956678,-0.1977894430043322,0.02105257414729067,-0.008612822551397614,0.018592122608026732,0.0,1.0,0.6044211139913356,0.1977894430043322,0.0,0.0,0.0,0.0,2.3201436221655254e-05,0.018568921171805076,13600.861348088014,-0.05755887557465056,0.2766341465802318,-0.8973427006735607,
2024-02-20,130.12989807128906,270.5227966308594,1.0,1.0,0.8022105569956678,-0.1977894430043322,0.001549618684584475,-0.012241553734637756,0.00366437056277301,0.0,1.0,0.6044211139913356,0.1977894430043322,0.0,0.0,0.0,0.0,2.3201436221655254e-05,0.003641169126551355,13650.384384523177,-0.05412728804880074,0.2812194145528413,-0.7817306334550513,
2024-02-21,129.8059844970703,272.1057434082031,1.0,1.0,0.8022105569956678,-0.1977894430043322,-0.0024891556745960663,0.005851435801559335,-0.0031541791881326666,0.0,1.0,0.6044211139913356,0.1977894430043322,0.0,0.0,0.0,0.0,2.3201436221655254e-05,-0.0031773806243543218,13607.011917664804,-0.05713268567685992,0.27728865651915546,-0.8563827507008233,
2024-02-22,131.08413696289062,278.9781494140625,1.0,1.0,0.8022105569956678,-0.1977894430043322,0.009846637431798477,0.025256379816833263,0.002903631202420138,0.0,1.0,0.6044211139913356,0.1977894430043322,0.0,0.0,0.0,0.0,2.3201436221655254e-05,0.002880429766198483,13646.205959821462,-0.05441682259910807,0.28093736932211244,-0.7576349804332884,
2024-02-23,130.12115478515625,278.8306884765625,1.0,1.0,0.8022105569956678,-0.1977894430043322,-0.007346290711033876,-0.0005285752228614271,-0.005788725364234933,0.0,1.0,0.6044211139913356,0.1977894430043322,0.0,0.0,0.0,0.0,2.3201436221655254e-05,-0.005811926800456588,13566.895209679027,-0.05991248280990502,0.27369431932535737,-0.9080043054767746,
2024-02-26,129.1318817138672,279.3714294433594,1.0,1.0,0.8022105569956678,-0.1977894430043322,-0.0076027074377141846,0.0019393165427783465,-0.006482548507089019,0.0,1.0,0.6044211139913356,0.1977894430043322,0.0,0.0,0.0,0.0,2.3201436221655254e-05,-0.006505749943310674,13478.632381937756,-0.06602845712157157,0.2655848778246701,-1.0657376255647362,
2024-02-27,129.8059844970703,278.407958984375,1.0,1.0,0.8022105569956678,-0.1977894430043322,0.005220266089646319,-0.0034487079115572694,0.004869870584352317,0.0,1.0,0.6044211139913356,0.1977894430043322,0.0,0.0,0.0,0.0,2.3201436221655254e-05,0.004846669148130661,13543.958853662289,-0.061501806059470754,0.2716433331352881,-0.908240117517588,
2024-02-28,129.3682403564453,280.8265991210937,1.0,1.0,0.8022105569956678,-0.1977894430043322,-0.003372295524902258,0.008687395811318943,-0.004423566250064781,0.0,1.0,0.6044211139913356,0.1977894430043322,0.0,0.0,0.0,0.0,2.3201436221655254e-05,-0.0044467676862864364,13483.73201508743,-0.06567508950192369,0.2661326635339356,-1.0064747561230702,
2024-02-29,129.79722595214844,277.8868103027344,1.0,1.0,0.8022105569956678,-0.1977894430043322,0.0033160039475002012,-0.01046834177232503,0.004730660862051121,0.0,1.0,0.6044211139913356,0.1977894430043322,0.0,0.0,0.0,0.0,2.3201436221655254e-05,0.004707459425829465,13547.20613645721,-0.06127679289521237,0.27203781370630686,-0.8515415925045811,
2024-03-01,129.6221466064453,278.3980712890625,1.0,1.0,0.8022105569956678,-0.1977894430043322,-0.0013488681627731314,0.001839817391013021,-0.001445972737170106,0.0,1.0,0.6044211139913356,0.1977894430043322,0.0,0.0,0.0,0.0,2.3201436221655254e-05,-0.0014691741733917612,13527.302931079912,-0.06265594078705428,0.2702348346391399,-0.8634002104037231,
2024-03-04,131.85458374023438,275.81231689453125,1.0,1.0,0.8022105569956678,-0.1977894430043322,0.01722265208712459,-0.009287975245512503,0.015653256774202762,0.0,1.0,0.6044211139913356,0.1977894430043322,0.0,0.0,0.0,0.0,2.3201436221655254e-05,0.015630055337981105,13738.735424466326,-0.04800520127082797,0.28961156065689986,-0.42771421508737156,
2024-03-05,131.0228729248047,274.6816711425781,1.0,1.0,0.8022105569956678,-0.1977894430043322,-0.0063077884123333705,-0.004099330170180493,-0.004249370224617919,0.0,1.0,0.6044211139913356,0.1977894430043322,0.0,0.0,0.0,0.0,2.3201436221655254e-05,-0.004272571660839574,13680.03569283598,-0.052072667269144834,0.2842965838838811,-0.5255625541602149,
2024-03-06,133.55296325683594,275.7139892578125,1.0,1.0,0.8022105569956678,-0.1977894430043322,0.01931029503133619,0.00375823443530221,0.014747583437200755,0.0,1.0,0.6044211139913356,0.1977894430043322,0.0,0.0,0.0,0.0,2.3201436221655254e-05,0.0147243820009791,13881.465764164324,-0.038115023112846536,0.3024979245347541,-0.11595484136871352,
2024-03-07,134.30589294433594,273.5805053710937,0.0,1.0,0.8022105569956678,-0.1977894430043322,0.005637686121962249,-0.007738032779772586,0.006053112517526566,0.0,1.0,0.6044211139913356,0.1977894430043322,0.0,0.0,0.0,0.0,2.3201436221655254e-05,0.0060299110813049105,13965.169768400414,-0.032314942231774,0.31003505291871325,0.059573195877447555,Exit Long Spread
2024-03-08,134.78741455078125,275.3305969238281,0.0,0.0,0.0,-0.0,0.0035852604520107967,0.006396989253165453,0.0,0.0,0.0,0.0,0.0,0.8022105569956678,0.1977894430043322,1.0,0.001,0.0,-0.001,13951.204598632014,-0.03328262728954223,0.3120417119136685,0.11225580672377955,
2024-03-11,135.47901916503906,275.84185791015625,0.0,0.0,0.0,-0.0,0.005131077085815283,0.0018568985504707758,0.0,0.0,0.0,0.0,0.0,0.0,0.0,0.0,0.0,0.0,0.0,13951.204598632014,-0.03328262728954223,0.31670226583399974,0.21980548998730323,
2024-03-12,137.78150939941406,279.14532470703125,0.0,0.0,0.0,-0.0,0.01699517939061934,0.011975944557156337,0.0,0.0,0.0,0.0,0.0,0.0,0.0,0.0,0.0,0.0,0.0,13951.204598632014,-0.03328262728954223,0.33061944858223513,0.5305841352538819,
2024-03-13,135.48777770996094,280.34478759765625,0.0,0.0,0.0,-0.0,-0.016647601695259695,0.0042969119826163915,-0.0,0.0,0.0,0.0,0.0,0.0,0.0,0.0,0.0,0.0,0.0,13951.204598632014,-0.03328262728954223,0.31277456043938723,0.16192410173182717,
2024-03-14,134.7261199951172,281.59344482421875,0.0,0.0,0.0,-0.0,-0.005621597222402075,0.004454005502519065,-0.0,0.0,0.0,0.0,0.0,0.0,0.0,0.0,0.0,0.0,0.0,13951.204598632014,-0.03328262728954223,0.3060413812831406,0.03829379170983963,
2024-03-15,134.2708740234375,278.2801208496094,0.0,0.0,0.0,-0.0,-0.0033790475944545095,-0.011766339151387806,0.0,0.0,0.0,0.0,0.0,0.0,0.0,0.0,0.0,0.0,0.0,13951.204598632014,-0.03328262728954223,0.30557487018806007,0.05309594193886707,
2024-03-18,132.80006408691406,280.2562866210937,0.0,0.0,0.0,-0.0,-0.010954050513342861,0.007101354439012608,-0.0,0.0,0.0,0.0,0.0,0.0,0.0,0.0,0.0,0.0,0.0,13951.204598632014,-0.03328262728954223,0.2928156916754474,-0.22145570740510512,
2024-03-19,134.12203979492188,282.5176696777344,0.0,0.0,0.0,-0.0,0.009954631551552628,0.008068982444265682,0.0,0.0,0.0,0.0,0.0,0.0,0.0,0.0,0.0,0.0,0.0,13951.204598632014,-0.03328262728954223,0.30073963359179734,-0.01534814278879877,
2024-03-20,135.48777770996094,284.4151611328125,0.0,0.0,0.0,-0.0,0.010182800061252717,0.006716363819801341,0.0,0.0,0.0,0.0,0.0,0.0,0.0,0.0,0.0,0.0,0.0,13951.204598632014,-0.03328262728954223,0.30922051786565286,0.2035745140392368,
2024-03-21,135.97804260253906,285.4868469238281,0.0,0.0,0.0,-0.0,0.003618517484489603,0.003768033274833771,0.0,0.0,0.0,0.0,0.0,0.0,0.0,0.0,0.0,0.0,0.0,13951.204598632014,-0.03328262728954223,0.31190522077595495,0.28687118597488365,
2024-03-22,136.80975341796875,278.4964294433594,0.0,0.0,0.0,-0.0,0.006116508220821881,-0.024485952875909156,0.0,0.0,0.0,0.0,0.0,0.0,0.0,0.0,0.0,0.0,0.0,13951.204598632014,-0.03328262728954223,0.32411538778844795,0.6011261479491766,
2024-03-25,137.0723876953125,276.4808959960937,0.0,0.0,0.0,-0.0,0.0019197043396561586,-0.007237196725624839,0.0,0.0,0.0,0.0,0.0,0.0,0.0,0.0,0.0,0.0,0.0,13951.204598632014,-0.03328262728954223,0.32782411091513786,0.7005233723901084,
2024-03-26,125.88387298583984,275.881103515625,0.0,0.0,0.0,-0.0,-0.0816248618528681,-0.0021693812815087865,0.0,0.0,0.0,0.0,0.0,0.0,0.0,0.0,0.0,0.0,0.0,13951.204598632014,-0.03328262728954223,0.24321024024644533,-1.3554232203402323,
2024-03-27,128.98304748535156,274.3277282714844,0.0,0.0,0.0,-0.0,0.024619313228949835,-0.005630596747459582,0.0,0.0,0.0,0.0,0.0,0.0,0.0,0.0,0.0,0.0,0.0,13951.204598632014,-0.03328262728954223,0.268923559929499,-0.6940921489663008,
2024-03-28,130.12115478515625,274.3866577148437,0.0,0.0,0.0,-0.0,0.008823696772507494,0.00021481402456324794,0.0,0.0,0.0,0.0,0.0,0.0,0.0,0.0,0.0,0.0,0.0,13951.204598632014,-0.03328262728954223,0.27765559748595225,-0.45333671226656935,
2024-04-01,129.23690795898438,273.60015869140625,0.0,0.0,0.0,-0.0,-0.00679556546844251,-0.0028663894592674266,0.0,0.0,0.0,0.0,0.0,0.0,0.0,0.0,0.0,0.0,0.0,13951.204598632014,-0.03328262728954223,0.2715445759844204,-0.5823307653612626,
2024-04-02,130.57640075683594,273.7574768066406,0.0,0.0,0.0,-0.0,0.010364630499181127,0.0005749927777338737,0.0,0.0,0.0,0.0,0.0,0.0,0.0,0.0,0.0,0.0,0.0,13951.204598632014,-0.03328262728954223,0.2817141350790042,-0.3025220202689294,
2024-04-03,133.307861328125,272.3023681640625,0.0,0.0,0.0,-0.0,0.020918485694636946,-0.005315320186143779,0.0,0.0,0.0,0.0,0.0,0.0,0.0,0.0,0.0,0.0,0.0,13951.204598632014,-0.03328262728954223,0.3037308502186127,0.28798808779104845,
2024-04-04,131.32054138183594,269.3921203613281,0.0,0.0,0.0,-0.0,-0.01490774757384683,-0.010687559650531364,0.0,0.0,0.0,0.0,0.0,0.0,0.0,0.0,0.0,0.0,0.0,13951.204598632014,-0.03328262728954223,0.29136012457319427,-0.007767244917865185,
2024-04-05,132.51119995117188,272.47930908203125,0.0,0.0,0.0,-0.0,0.009066811306190914,0.011459833036550515,0.0,0.0,0.0,0.0,0.0,0.0,0.0,0.0,0.0,0.0,0.0,13951.204598632014,-0.03328262728954223,0.29757666115783277,0.18853944763514185,
2024-04-08,131.4168243408203,273.0888977050781,0.0,0.0,0.0,-0.0,-0.00825874047442643,0.002237192339853422,-0.0,0.0,0.0,0.0,0.0,0.0,0.0,0.0,0.0,0.0,0.0,13951.204598632014,-0.03328262728954223,0.2887326523120477,-0.021394358808678637,
2024-04-09,131.81956481933594,272.0663757324219,0.0,0.0,0.0,-0.0,0.0030646036421573264,-0.003744282470833027,0.0,0.0,0.0,0.0,0.0,0.0,0.0,0.0,0.0,0.0,0.0,13951.204598632014,-0.03328262728954223,0.2927174757869071,0.1214069730537655,
2024-04-10,128.92176818847656,269.8641052246094,0.0,0.0,0.0,-0.0,-0.021983054145497505,-0.008094607434982803,0.0,0.0,0.0,0.0,0.0,0.0,0.0,0.0,0.0,0.0,0.0,13951.204598632014,-0.03328262728954223,0.2724930852480838,-0.4407292889258358,
2024-04-11,130.45382690429688,271.0438537597656,0.0,0.0,0.0,-0.0,0.011883630959672598,0.004371639326298471,0.0,0.0,0.0,0.0,0.0,0.0,0.0,0.0,0.0,0.0,0.0,13951.204598632014,-0.03328262728954223,0.2832311576589768,-0.10332417546592572,
2024-04-12,126.86439514160156,271.3191223144531,0.0,0.0,0.0,-0.0,-0.027514959490828717,0.0010155867800325513,-0.0,0.0,0.0,0.0,0.0,0.0,0.0,0.0,0.0,0.0,0.0,13951.204598632014,-0.03328262728954223,0.2550803000768185,-0.915382260133219,
2024-04-15,126.8118896484375,266.7178955078125,0.0,0.0,0.0,-0.0,-0.00041387099276712913,-0.01695872656298769,0.0,0.0,0.0,0.0,0.0,0.0,0.0,0.0,0.0,0.0,0.0,13951.204598632014,-0.03328262728954223,0.25888347160200365,-0.7737061780456266,
2024-04-16,125.095947265625,266.78668212890625,0.0,0.0,0.0,-0.0,-0.013531399836163915,0.0002579002843539069,-0.0,0.0,0.0,0.0,0.0,0.0,0.0,0.0,0.0,0.0,0.0,13951.204598632014,-0.03328262728954223,0.24519610949983872,-1.1498848223704956,
2024-04-17,124.5356674194336,268.10418701171875,0.0,0.0,0.0,-0.0,-0.004478800939903604,0.0049384207348697196,-0.0,0.0,0.0,0.0,0.0,0.0,0.0,0.0,0.0,0.0,0.0,13951.204598632014,-0.03328262728954223,0.2394926504141306,-1.2863647506184466,
2024-04-18,124.96463775634766,266.806396484375,0.0,0.0,0.0,-0.0,0.00344455805957411,-0.004840620140285301,0.0,0.0,0.0,0.0,0.0,0.0,0.0,0.0,0.0,0.0,0.0,13951.204598632014,-0.03328262728954223,0.24412766915072992,-1.1197791741993697,
2024-04-19,124.99089813232422,265.2430725097656,0.0,0.0,0.0,-0.0,0.00021014245668249387,-0.005859394659231576,0.0,0.0,0.0,0.0,0.0,0.0,0.0,0.0,0.0,0.0,0.0,13951.204598632014,-0.03328262728954223,0.24578670468254415,-1.034843041470443,
2024-04-22,127.25836944580078,267.7502136230469,0.0,0.0,0.0,-0.0,0.0181410914503235,0.009452239749593971,0.0,0.0,0.0,0.0,0.0,0.0,0.0,0.0,0.0,0.0,0.0,13951.204598632014,-0.03328262728954223,0.2614456533205276,-0.5120211730492377,
2024-04-23,130.3312530517578,269.50030517578125,0.0,0.0,0.0,-0.0,0.02414680951311232,0.00653628443112364,0.0,0.0,0.0,0.0,0.0,0.0,0.0,0.0,0.0,0.0,0.0,13951.204598632014,-0.03328262728954223,0.2836992252630839,0.26752603943788233,
2024-04-24,128.36143493652344,270.3949890136719,0.0,0.0,0.0,-0.0,-0.015113935215923302,0.003319787847019473,-0.0,0.0,0.0,0.0,0.0,0.0,0.0,0.0,0.0,0.0,0.0,13951.204598632014,-0.03328262728954223,0.2676527541093263,-0.256745811185207,
2024-04-25,129.0355682373047,270.5326232910156,0.0,0.0,0.0,-0.0,0.0052518367460960835,0.0005090119378536873,0.0,0.0,0.0,0.0,0.0,0.0,0.0,0.0,0.0,0.0,0.0,13951.204598632014,-0.03328262728954223,0.272765380281756,-0.09222360163908655,
2024-04-26,129.2106475830078,269.9033203125,0.0,0.0,0.0,-0.0,0.0013568301212976142,-0.002326162999715886,0.0,0.0,0.0,0.0,0.0,0.0,0.0,0.0,0.0,0.0,0.0,13951.204598632014,-0.03328262728954223,0.274695487171043,-0.05349968528430181,
2024-04-29,130.05111694335938,267.2684936523437,0.0,0.0,0.0,-0.0,0.006504644749277588,-0.009762112808044177,0.0,0.0,0.0,0.0,0.0,0.0,0.0,0.0,0.0,0.0,0.0,13951.204598632014,-0.03328262728954223,0.2835977960862015,0.24786129602265888,
2024-04-30,129.11431884765625,264.0927429199219,0.0,0.0,0.0,-0.0,-0.0072033068052089755,-0.011882248779209847,0.0,0.0,0.0,0.0,0.0,0.0,0.0,0.0,0.0,0.0,0.0,13951.204598632014,-0.03328262728954223,0.27931559869489697,0.049961866492364684,
2024-05-01,127.74861907958984,262.8244934082031,0.0,0.0,0.0,-0.0,-0.01057744625271051,-0.004802288384362363,0.0,0.0,0.0,0.0,0.0,0.0,0.0,0.0,0.0,0.0,0.0,13951.204598632014,-0.03328262728954223,0.2698686965099031,-0.3985378488703682,
2024-05-02,128.88671875,263.10955810546875,0.0,0.0,0.0,-0.0,0.008908899983498753,0.0010846199818328461,0.0,0.0,0.0,0.0,0.0,0.0,0.0,0.0,0.0,0.0,0.0,13951.204598632014,-0.03328262728954223,0.27847087224853406,-0.05008097926304034,
2024-05-03,128.19512939453125,263.9748229980469,0.0,0.0,0.0,-0.0,-0.005365869828761971,0.0032886106411660343,-0.0,0.0,0.0,0.0,0.0,0.0,0.0,0.0,0.0,0.0,0.0,13951.204598632014,-0.03328262728954223,0.2722810596464964,-0.33224540942604225,
2024-05-06,128.4052276611328,268.08453369140625,0.0,0.0,0.0,-0.0,0.001638894298042759,0.015568570694296069,0.0,0.0,0.0,0.0,0.0,0.0,0.0,0.0,0.0,0.0,0.0,13951.204598632014,-0.03328262728954223,0.2701096689031386,-0.4321983609440878,
2024-05-07,128.77293395996094,271.8107604980469,0.0,0.0,0.0,-0.0,0.002863639631546233,0.01389944714576452,0.0,0.0,0.0,0.0,0.0,0.0,0.0,0.0,0.0,0.0,0.0,13951.204598632014,-0.03328262728954223,0.2695658288618703,-0.473162605320146,
2024-05-08,129.3682403564453,272.5285339355469,0.0,0.0,0.0,-0.0,0.00462291553184202,0.0026407101624115192,0.0,0.0,0.0,0.0,0.0,0.0,0.0,0.0,0.0,0.0,0.0,13951.204598632014,-0.03328262728954223,0.273527868013405,-0.3074823684298591,
2024-05-09,129.6221466064453,273.85577392578125,0.0,0.0,0.0,-0.0,0.0019626629325746325,0.004870095512818029,0.0,0.0,0.0,0.0,0.0,0.0,0.0,0.0,0.0,0.0,0.0,13951.204598632014,-0.03328262728954223,0.2742907729183781,-0.30259520364339487,
2024-05-10,130.45423889160156,276.0187683105469,0.0,0.0,0.0,-0.0,0.006419368193944619,0.00789829753727167,0.0,0.0,0.0,0.0,0.0,0.0,0.0,0.0,0.0,0.0,0.0,13951.204598632014,-0.03328262728954223,0.27874990604061844,-0.13525230643145505,
2024-05-13,133.3134765625,274.6915283203125,0.0,0.0,0.0,-0.0,0.021917552815391872,-0.004808513559995009,0.0,0.0,0.0,0.0,0.0,0.0,0.0,0.0,0.0,0.0,0.0,13951.204598632014,-0.03328262728954223,0.30161914732362183,0.9107713800976985,
2024-05-14,130.95880126953125,273.0692138671875,0.0,0.0,0.0,-0.0,-0.0176626951279365,-0.005905950078057165,0.0,0.0,0.0,0.0,0.0,0.0,0.0,0.0,0.0,0.0,0.0,13951.204598632014,-0.03328262728954223,0.28525906693871317,0.127832344054784,
2024-05-15,130.95880126953125,276.7659912109375,0.0,0.0,0.0,-0.0,0.0,0.013537876684802663,0.0,0.0,0.0,0.0,0.0,0.0,0.0,0.0,0.0,0.0,0.0,13951.204598632014,-0.03328262728954223,0.2819436204361756,-0.030117345773040052,
2024-05-16,132.4813690185547,275.6430969238281,0.0,0.0,0.0,-0.0,0.011626310979204746,-0.004057197498133269,0.0,0.0,0.0,0.0,0.0,0.0,0.0,0.0,0.0,0.0,0.0,13951.204598632014,-0.03328262728954223,0.2945052243945623,0.5514148282206095,
2024-05-17,132.1095733642578,275.8992004394531,0.0,0.0,0.0,-0.0,-0.0028063995492437765,0.0009291127493600282,-0.0,0.0,0.0,0.0,0.0,0.0,0.0,0.0,0.0,0.0,0.0,13951.204598632014,-0.03328262728954223,0.29146590799731387,0.3986152969454774,
2024-05-20,130.6489715576172,274.36260986328125,0.0,0.0,0.0,-0.0,-0.01105598761274773,-0.005569391189696793,0.0,0.0,0.0,0.0,0.0,0.0,0.0,0.0,0.0,0.0,0.0,13951.204598632014,-0.03328262728954223,0.2817253509650941,-0.06866518706959572,
2024-05-21,128.7280731201172,271.8114624023437,0.0,0.0,0.0,-0.0,-0.014702744419636482,-0.009298451644736971,0.0,0.0,0.0,0.0,0.0,0.0,0.0,0.0,0.0,0.0,0.0,13951.204598632014,-0.03328262728954223,0.2692167598273476,-0.6657201692335859,
2024-05-22,127.26746368408205,271.4469909667969,0.0,0.0,0.0,-0.0,-0.011346471679664072,-0.0013408979603932725,0.0,0.0,0.0,0.0,0.0,0.0,0.0,0.0,0.0,0.0,0.0,13951.204598632014,-0.03328262728954223,0.2581362534820537,-1.170457024930889,
2024-05-23,123.1334991455078,270.1172180175781,1.0,0.0,0.0,-0.0,-0.03248249331687836,-0.004898831055310526,0.0,0.0,0.0,0.0,0.0,0.0,0.0,0.0,0.0,0.0,0.0,13951.204598632014,-0.03328262728954223,0.2263252960380684,-2.5053997957193728,Enter Long Spread
2024-05-24,122.74403381347656,270.373291015625,1.0,1.0,0.8022105569956678,-0.1977894430043322,-0.0031629518752731567,0.0009480069427867388,-0.0027248591507914,0.0,1.0,0.6044211139913356,0.1977894430043322,0.8022105569956678,0.1977894430043322,1.0,0.001,2.3201436221655254e-05,-0.003748060587013055,13898.914638534527,-0.03690594257297897,0.2229237058325506,-2.484506620571679,
2024-05-28,121.78797149658205,266.9159851074219,1.0,1.0,0.8022105569956678,-0.1977894430043322,-0.007789073629007159,-0.012787157693040507,-0.003719312296691057,0.0,1.0,0.6044211139913356,0.1977894430043322,0.0,0.0,0.0,0.0,2.3201436221655254e-05,-0.003742513732912712,13846.89775962723,-0.04051033530898618,0.21827721409033063,-2.5050489778769514,
2024-05-29,118.9818344116211,264.8277587890625,1.0,1.0,0.8022105569956678,-0.1977894430043322,-0.023041167781004623,-0.00782353412636172,-0.016936455582251885,0.0,1.0,0.6044211139913356,0.1977894430043322,0.0,0.0,0.0,0.0,2.3201436221655254e-05,-0.01695965701847354,13612.059122854083,-0.05678295093491592,0.19690297001094126,-3.035825434698136,
2024-05-30,121.15060424804688,267.2311706542969,1.0,1.0,0.8022105569956678,-0.1977894430043322,0.0182277391095087,0.009075377431067233,0.012827470896665817,0.0,1.0,0.6044211139913356,0.1977894430043322,0.0,0.0,0.0,0.0,2.3201436221655254e-05,0.012804269460444162,13786.351595774604,-0.04470574567900165,0.21273908342938785,-2.2975346082013406,
2024-05-31,122.98299407958984,268.3737487792969,1.0,1.0,0.8022105569956678,-0.1977894430043322,0.015124892219202435,0.0042756169581656955,0.011287676315010358,0.0,1.0,0.6044211139913356,0.1977894430043322,0.0,0.0,0.0,0.0,2.3201436221655254e-05,0.011264474878788703,13941.647606995355,-0.033944857549351615,0.22669880512718432,-1.72690908304953,
2024-06-03,122.53154754638672,266.3249816894531,1.0,1.0,0.8022105569956678,-0.1977894430043322,-0.003670804541569095,-0.007634007048612612,-0.0014348321538781357,0.0,1.0,0.6044211139913356,0.1977894430043322,0.0,0.0,0.0,0.0,2.3201436221655254e-05,-0.001458033590099791,13921.320216483022,-0.0353533983969333,0.22491067440928125,-1.715202679684994,
2024-06-04,120.06179809570312,268.3343811035156,1.0,1.0,0.8022105569956678,-0.1977894430043322,-0.020156029203406756,0.00754491524345835,-0.017661683997604403,0.0,1.0,0.6044211139913356,0.1977894430043322,0.0,0.0,0.0,0.0,2.3201436221655254e-05,-0.01768488543382606,13675.123263366913,-0.052413063030413154,0.20269548300185258,-2.32802598619333,
2024-06-05,121.77913665771484,270.3831787109375,1.0,1.0,0.8022105569956678,-0.1977894430043322,0.014303788459363309,0.007635240773084195,0.009964480087421755,0.0,1.0,0.6044211139913356,0.1977894430043322,0.0,0.0,0.0,0.0,2.3201436221655254e-05,0.0099412786512001,13811.07147431755,-0.04299283724376146,0.21502257700315486,-1.8438916871963884,
2024-06-06,121.77027130126952,272.8851318359375,1.0,1.0,0.8022105569956678,-0.1977894430043322,-7.279864752407494e-05,0.009253360867078175,-0.0018886169353962963,0.0,1.0,0.6044211139913356,0.1977894430043322,0.0,0.0,0.0,0.0,2.3201436221655254e-05,-0.0019118183716179515,13784.667214141222,-0.04482246111928878,0.2126787994342847,-1.8596969284736091,
2024-06-07,121.8410873413086,274.4906616210937,1.0,1.0,0.8022105569956678,-0.1977894430043322,0.00058155442442831,0.005883537055882737,-0.0006971724184344657,0.0,1.0,0.6044211139913356,0.1977894430043322,0.0,0.0,0.0,0.0,2.3201436221655254e-05,-0.000720373854656121,13774.73710028502,-0.04551054604485316,0.21181381698804702,-1.811747234952145,
2024-06-10,121.87647247314452,270.9151306152344,1.0,1.0,0.8022105569956678,-0.1977894430043322,0.00029042035497273133,-0.01302605700588455,0.002809394834462139,0.0,1.0,0.6044211139913356,0.1977894430043322,0.0,0.0,0.0,0.0,2.3201436221655254e-05,0.0027861933982404837,13813.11618185633,-0.04285115382955329,0.2153369424557927,-1.6327310174726932,
2024-06-11,121.58438873291016,270.5506896972656,1.0,1.0,0.8022105569956678,-0.1977894430043322,-0.002396555580476911,-0.0013452217199575456,-0.0016564715323777262,0.0,1.0,0.6044211139913356,0.1977894430043322,0.0,0.0,0.0,0.0,2.3201436221655254e-05,-0.0016796729685993814,13789.914663993542,-0.044458850873391964,0.21326940566988317,-1.6334061265395043,
2024-06-12,120.76996612548828,266.2658996582031,1.0,1.0,0.8022105569956678,-0.1977894430043322,-0.006698414294050159,-0.015837291133343645,-0.0022410896698562325,0.0,1.0,0.6044211139913356,0.1977894430043322,0.0,0.0,0.0,0.0,2.3201436221655254e-05,-0.0022642911060778877,13758.69028286629,-0.04662247419885068,0.21048447879380938,-1.6496249858796226,
2024-06-13,119.40673828125,267.12286376953125,1.0,1.0,0.8022105569956678,-0.1977894430043322,-0.011287805138752716,0.0032184523531859632,-0.00969177234589001,0.0,1.0,0.6044211139913356,0.1977894430043322,0.0,0.0,0.0,0.0,2.3201436221655254e-05,-0.009714973782111665,13625.02496749205,-0.05588451186646326,0.1983402299068151,-1.9318219177375213,
2024-06-14,120.07949829101562,266.60076904296875,1.0,1.0,0.8022105569956678,-0.1977894430043322,0.005634187981762073,-0.0019545115651835587,0.004906386832890831,0.0,1.0,0.6044211139913356,0.1977894430043322,0.0,0.0,0.0,0.0,2.3201436221655254e-05,0.004883185396669176,13691.55849044256,-0.05127422090204048,0.20444097238796477,-1.682039126672325,
2024-06-17,120.25655364990234,267.1031188964844,1.0,1.0,0.8022105569956678,-0.1977894430043322,0.001474484499074169,0.0018842775859910788,0.0008101568170850442,0.0,1.0,0.6044211139913356,0.1977894430043322,0.0,0.0,0.0,0.0,2.3201436221655254e-05,0.0007869553808633889,13702.33313606902,-0.050527616045215384,0.20545022900636134,-1.5964337816575358,
2024-06-18,118.79593658447266,269.516357421875,1.0,1.0,0.8022105569956678,-0.1977894430043322,-0.012145841711728389,0.009034857156894116,-0.011530521809432637,0.0,1.0,0.6044211139913356,0.1977894430043322,0.0,0.0,0.0,0.0,2.3201436221655254e-05,-0.011553723245654292,13544.020171195121,-0.06149755719882055,0.19101243267338486,-1.965636564260906,
2024-06-20,121.15947723388672,272.6684265136719,1.0,1.0,0.8022105569956678,-0.1977894430043322,0.019895803824345526,0.011695279358732602,0.013647421077660978,0.0,1.0,0.6044211139913356,0.1977894430043322,0.0,0.0,0.0,0.0,2.3201436221655254e-05,0.013624219641439323,13728.546876835568,-0.04871119378406996,0.20784609747632965,-1.4310492362034222,
2024-06-21,120.92046356201172,271.0924072265625,1.0,1.0,0.8022105569956678,-0.1977894430043322,-0.0019727195703692635,-0.005779984530150051,-0.000439316544550146,0.0,1.0,0.6044211139913356,0.1977894430043322,0.0,0.0,0.0,0.0,2.3201436221655254e-05,-0.00046251798077180125,13722.197177055163,-0.049151181961851864,0.20730065106724394,-1.4066143781127554,
2024-06-24,122.6908950805664,272.1561889648437,1.0,1.0,0.8022105569956678,-0.1977894430043322,0.014641289541920788,0.00392405581980082,0.010969260223642809,0.0,1.0,0.6044211139913356,0.1977894430043322,0.0,0.0,0.0,0.0,2.3201436221655254e-05,0.010946058787421154,13872.401154047791,-0.038743134901656484,0.2208701874520953,-0.9642219193904777,
2024-06-25,118.93756866455078,269.4277648925781,1.0,1.0,0.8022105569956678,-0.1977894430043322,-0.030591727393878387,-0.010025214133998706,-0.022558125152540045,0.0,1.0,0.6044211139913356,0.1977894430043322,0.0,0.0,0.0,0.0,2.3201436221655254e-05,-0.0225813265887617,13559.143933017924,-0.060449590108131335,0.19228501094935369,-1.745874571889853,
2024-06-26,122.2925262451172,269.49664306640625,1.0,1.0,0.8022105569956678,-0.1977894430043322,0.02820771954762824,0.00025564616124684747,0.022577966298041225,0.0,1.0,0.6044211139913356,0.1977894430043322,0.0,0.0,0.0,0.0,2.3201436221655254e-05,0.02255476486181957,13864.967236154711,-0.03925825153719409,0.22003919646993508,-0.8971876962034996,
2024-06-27,120.23885345458984,262.59185791015625,1.0,1.0,0.8022105569956678,-0.1977894430043322,-0.016793117728315488,-0.025621043281598865,-0.008404044446668464,0.0,1.0,0.6044211139913356,0.1977894430043322,0.0,0.0,0.0,0.0,2.3201436221655254e-05,-0.008427245882890119,13748.123748097418,-0.04735465848144804,0.2095028188451411,-1.166583502309871,
2024-06-28,121.14178466796876,258.5335998535156,1.0,1.0,0.8022105569956678,-0.1977894430043322,0.007509479568681421,-0.015454622580221566,0.00908094497952371,0.0,1.0,0.6044211139913356,0.1977894430043322,0.0,0.0,0.0,0.0,2.3201436221655254e-05,0.009057743543302054,13872.650727209266,-0.03872584129025147,0.2208244164342228,-0.8076120906306111,
2024-07-01,120.3450698852539,259.2920837402344,1.0,1.0,0.8022105569956678,-0.1977894430043322,-0.006576713269484502,0.00293379230842139,-0.005856181961687023,0.0,1.0,0.6044211139913356,0.1977894430043322,0.0,0.0,0.0,0.0,2.3201436221655254e-05,-0.005879383397908678,13791.088094838726,-0.04437754061980825,0.21350369759710963,-0.992873303415074,
2024-07-02,119.42444610595705,264.20721435546875,1.0,1.0,0.8022105569956678,-0.1977894430043322,-0.007649867004727806,0.018955960954667894,-0.009886093029641108,0.0,1.0,0.6044211139913356,0.1977894430043322,0.0,0.0,0.0,0.0,2.3201436221655254e-05,-0.009909294465862762,13654.428141902315,-0.053847084967998504,0.20119446866677104,-1.3202767449875996,
2024-07-03,119.9909896850586,264.955810546875,1.0,1.0,0.8022105569956678,-0.1977894430043322,0.0047439498157595406,0.00283336771568643,0.0032452364017478805,0.0,1.0,0.6044211139913356,0.1977894430043322,0.0,0.0,0.0,0.0,2.3201436221655254e-05,0.0032220349655262253,13698.423186809792,-0.050798547193030674,0.2052296067616739,-1.16073009701166,
2024-07-05,120.69915008544922,266.30523681640625,1.0,1.0,0.8022105569956678,-0.1977894430043322,0.005901779810711938,0.005093023877249525,0.003727123713328063,0.0,1.0,0.6044211139913356,0.1977894430043322,0.0,0.0,0.0,0.0,2.3201436221655254e-05,0.003703922277106408,13749.161081612649,-0.0472827787865171,0.2098615129993151,-0.9895105529896122,
2024-07-08,119.97325897216795,262.40460205078125,1.0,1.0,0.8022105569956678,-0.1977894430043322,-0.006014053228770577,-0.014647232672762467,-0.0019274689985530947,0.0,1.0,0.6044211139913356,0.1977894430043322,0.0,0.0,0.0,0.0,2.3201436221655254e-05,-0.0019506704347747499,13722.340999587792,-0.049141216102638996,0.20746736794010778,-1.0277144202884163,
2024-07-09,118.8667449951172,261.4590759277344,1.0,1.0,0.8022105569956678,-0.1977894430043322,-0.009223005080719271,-0.003603313797308716,-0.006686094614038164,0.0,1.0,0.6044211139913356,0.1977894430043322,0.0,0.0,0.0,0.0,2.3201436221655254e-05,-0.00670929605025982,13630.27375131894,-0.05552080918579627,0.19909158900473067,-1.2413811399874195,
2024-07-10,120.07949829101562,259.0556335449219,1.0,1.0,0.8022105569956678,-0.1977894430043322,0.010202628968667637,-0.009192422845848314,0.010002820862315636,0.0,1.0,0.6044211139913356,0.1977894430043322,0.0,0.0,0.0,0.0,2.3201436221655254e-05,0.009979619426093982,13766.29869603058,-0.04609526630560545,0.21151944642599751,-0.8366146439188995,
2024-07-11,122.3722152709961,258.61236572265625,1.0,1.0,0.8022105569956678,-0.1977894430043322,0.019093325776761816,-0.001711091228551731,0.015655303287300682,0.0,1.0,0.6044211139913356,0.1977894430043322,0.0,0.0,0.0,0.0,2.3201436221655254e-05,0.015632101851079026,13981.494879359307,-0.03118373035226829,0.23085502246311496,-0.23554567385623243,
2024-07-12,126.0104522705078,261.75457763671875,0.0,1.0,0.8022105569956678,-0.1977894430043322,0.029730907391475547,0.012150277134977738,0.021447251231626694,0.0,1.0,0.6044211139913356,0.1977894430043322,0.0,0.0,0.0,0.0,2.3201436221655254e-05,0.021424049795405038,14281.035121868901,-0.010427762348736658,0.25717487099829217,0.5588741456051469,Exit Long Spread
2024-07-15,127.60383605957033,264.4239807128906,0.0,0.0,0.0,-0.0,0.012644854139893136,0.010198114204049036,0.0,0.0,0.0,0.0,0.0,0.8022105569956678,0.1977894430043322,1.0,0.001,0.0,-0.001,14266.754086747032,-0.01141733458638794,0.2672387797756921,0.8455271082856478,
2024-07-16,130.4188232421875,265.2119140625,0.0,0.0,0.0,-0.0,0.022060364872596994,0.002979810482714562,0.0,0.0,0.0,0.0,0.0,0.0,0.0,0.0,0.0,0.0,0.0,14266.754086747032,-0.01141733458638794,0.28832573896251534,1.4348420680515106,
2024-07-17,130.4630889892578,268.61016845703125,0.0,0.0,0.0,-0.0,0.00033941225637423855,0.012813354960103496,0.0,0.0,0.0,0.0,0.0,0.0,0.0,0.0,0.0,0.0,0.0,14266.754086747032,-0.01141733458638794,0.2855259589521766,1.3128086472841083,
2024-07-18,128.14381408691406,265.1134033203125,0.0,0.0,0.0,-0.0,-0.017777249644416404,-0.013017992419293356,0.0,0.0,0.0,0.0,0.0,0.0,0.0,0.0,0.0,0.0,0.0,14266.754086747032,-0.01141733458638794,0.2708195286317372,0.8750648384413952,
2024-07-19,128.5155792236328,261.4787902832031,0.0,0.0,0.0,-0.0,0.002901155544399403,-0.01370965402574531,0.0,0.0,0.0,0.0,0.0,0.0,0.0,0.0,0.0,0.0,0.0,14266.754086747032,-0.01141733458638794,0.2771200594569918,1.0658950834197776,
2024-07-22,128.5155792236328,263.6950378417969,0.0,0.0,0.0,-0.0,0.0,0.008475821523395322,0.0,0.0,0.0,0.0,0.0,0.0,0.0,0.0,0.0,0.0,0.0,14266.754086747032,-0.01141733458638794,0.2750391053454364,0.9981853266408004,
2024-07-23,113.02433776855467,260.8188781738281,0.0,0.0,0.0,-0.0,-0.12053979407524973,-0.010907143689576348,0.0,0.0,0.0,0.0,0.0,0.0,0.0,0.0,0.0,0.0,0.0,14266.754086747032,-0.01141733458638794,0.14929613313714563,-2.487298561820413,
2024-07-24,113.77677154541016,250.35809326171875,0.0,0.0,0.0,-0.0,0.006657272156694871,-0.04010746839090984,0.0,0.0,0.0,0.0,0.0,0.0,0.0,0.0,0.0,0.0,0.0,14266.754086747032,-0.01141733458638794,0.16602383421331202,-1.9252838788141042,
2024-07-25,112.49320220947266,249.9345550537109,0.0,0.0,0.0,-0.0,-0.011281470888152345,-0.0016917296440865925,0.0,0.0,0.0,0.0,0.0,0.0,0.0,0.0,0.0,0.0,0.0,14266.754086747032,-0.01141733458638794,0.15509570334185652,-2.1094610851546536,
2024-07-26,114.0423355102539,255.5687713623047,0.0,0.0,0.0,-0.0,0.013770905889020968,0.0225427664749398,0.0,0.0,0.0,0.0,0.0,0.0,0.0,0.0,0.0,0.0,0.0,14266.754086747032,-0.01141733458638794,0.16327632932911995,-1.8112739192392429,
2024-07-29,113.84758758544922,257.6766967773437,0.0,0.0,0.0,-0.0,-0.0017076809584206654,0.00824797726186488,-0.0,0.0,0.0,0.0,0.0,0.0,0.0,0.0,0.0,0.0,0.0,14266.754086747032,-0.01141733458638794,0.15954194492620588,-1.8218820118559236,
2024-07-30,114.21936798095705,259.1541748046875,0.0,0.0,0.0,-0.0,0.003265597483379068,0.005733844176916358,0.0,0.0,0.0,0.0,0.0,0.0,0.0,0.0,0.0,0.0,0.0,14266.754086747032,-0.01141733458638794,0.16139254855187857,-1.7032762232756185,
2024-07-31,115.40555572509766,261.6856384277344,0.0,0.0,0.0,-0.0,0.010385171666668525,0.009768176125098949,0.0,0.0,0.0,0.0,0.0,0.0,0.0,0.0,0.0,0.0,0.0,14266.754086747032,-0.01141733458638794,0.16932745380704173,-1.4488019836299622,
2024-08-01,115.59146118164062,261.94171142578125,0.0,0.0,0.0,-0.0,0.0016108882746148634,0.0009785519739846649,0.0,0.0,0.0,0.0,0.0,0.0,0.0,0.0,0.0,0.0,0.0,14266.754086747032,-0.01141733458638794,0.17069589656904305,-1.3646648178101828,
2024-08-02,113.3607177734375,262.5819396972656,0.0,0.0,0.0,-0.0,-0.019298513795043437,0.0024441631231602035,-0.0,0.0,0.0,0.0,0.0,0.0,0.0,0.0,0.0,0.0,0.0,14266.754086747032,-0.01141733458638794,0.15060684877674335,-1.782268730711106,
2024-08-05,111.55487823486328,252.59405517578125,0.0,0.0,0.0,-0.0,-0.015930029149809788,-0.038037210529404786,0.0,0.0,0.0,0.0,0.0,0.0,0.0,0.0,0.0,0.0,0.0,14266.754086747032,-0.01141733458638794,0.14410987511924533,-1.8554555457699984,
2024-08-06,110.20935821533205,254.3867645263672,0.0,0.0,0.0,-0.0,-0.01206150767067693,0.007097195337152362,-0.0,0.0,0.0,0.0,0.0,0.0,0.0,0.0,0.0,0.0,0.0,14266.754086747032,-0.01141733458638794,0.13023136481389863,-2.0791445476492316,
2024-08-07,109.16478729248048,252.67282104492188,0.0,0.0,0.0,-0.0,-0.009478060119092913,-0.006737549748849658,0.0,0.0,0.0,0.0,0.0,0.0,0.0,0.0,0.0,0.0,0.0,14266.754086747032,-0.01141733458638794,0.12237490353800573,-2.149539217631875,
2024-08-08,111.72306060791016,255.9331817626953,0.0,0.0,0.0,-0.0,0.023434968169501413,0.01290348801382879,0.0,0.0,0.0,0.0,0.0,0.0,0.0,0.0,0.0,0.0,0.0,14266.754086747032,-0.01141733458638794,0.14237841360776815,-1.6479333616725835,
2024-08-09,111.3778305053711,256.3773498535156,0.0,0.0,0.0,-0.0,-0.0030900523191952356,0.0017354845814097075,-0.0,0.0,0.0,0.0,0.0,0.0,0.0,0.0,0.0,0.0,0.0,14266.754086747032,-0.01141733458638794,0.1388560547834059,-1.6715005971443524,
2024-08-12,110.52802276611328,256.5056457519531,0.0,0.0,0.0,-0.0,-0.0076299541425960404,0.0005004182253651734,-0.0,0.0,0.0,0.0,0.0,0.0,0.0,0.0,0.0,0.0,0.0,14266.754086747032,-0.01141733458638794,0.13107349360962206,-1.7839856917578711,
2024-08-13,111.9709243774414,256.7425842285156,0.0,0.0,0.0,-0.0,0.013054622485932255,0.0009237164190594171,0.0,0.0,0.0,0.0,0.0,0.0,0.0,0.0,0.0,0.0,0.0,14266.754086747032,-0.01141733458638794,0.1438159966667667,-1.4567419528230907,
2024-08-14,111.9089584350586,257.7393493652344,0.0,0.0,0.0,-0.0,-0.0005534110102899392,0.0038823522000213107,-0.0,0.0,0.0,0.0,0.0,0.0,0.0,0.0,0.0,0.0,0.0,14266.754086747032,-0.01141733458638794,0.14230707042133606,-1.45710131192914,
2024-08-15,113.7944793701172,263.3256530761719,0.0,0.0,0.0,-0.0,0.016848704173694884,0.021674236878053588,0.0,0.0,0.0,0.0,0.0,0.0,0.0,0.0,0.0,0.0,0.0,14266.754086747032,-0.01141733458638794,0.15372859590503696,-1.1573807654133925,
2024-08-16,114.76819610595705,263.8981018066406,0.0,0.0,0.0,-0.0,0.008556801184289586,0.002173919342006281,0.0,0.0,0.0,0.0,0.0,0.0,0.0,0.0,0.0,0.0,0.0,14266.754086747032,-0.01141733458638794,0.1617135851139917,-0.9363427312728344,
2024-08-19,115.60193634033205,263.0,0.0,0.0,0.0,-0.0,0.007264558149936207,-0.0034032143486150135,0.0,0.0,0.0,0.0,0.0,0.0,0.0,0.0,0.0,0.0,0.0,14266.754086747032,-0.01141733458638794,0.16979239578810157,-0.7121973495537983,
2024-08-20,115.53917694091795,264.54949951171875,0.0,0.0,0.0,-0.0,-0.0005428922853794038,0.005891633124405882,-0.0,0.0,0.0,0.0,0.0,0.0,0.0,0.0,0.0,0.0,0.0,14266.754086747032,-0.01141733458638794,0.16780100380311724,-0.7369056938678883,
2024-08-21,114.66062927246094,264.7074584960937,0.0,0.0,0.0,-0.0,-0.007603894122478194,0.0005970866876199299,-0.0,0.0,0.0,0.0,0.0,0.0,0.0,0.0,0.0,0.0,0.0,14266.754086747032,-0.01141733458638794,0.160020881598828,-0.9002399811714417,
2024-08-22,113.7103500366211,264.4508056640625,0.0,0.0,0.0,-0.0,-0.008287755281560116,-0.0009695715923130344,0.0,0.0,0.0,0.0,0.0,0.0,0.0,0.0,0.0,0.0,0.0,14266.754086747032,-0.01141733458638794,0.15193776112782587,-1.064508742417884,
2024-08-23,114.72337341308594,263.95733642578125,0.0,0.0,0.0,-0.0,0.008908805365022587,-0.0018660152577040234,0.0,0.0,0.0,0.0,0.0,0.0,0.0,0.0,0.0,0.0,0.0,14266.754086747032,-0.01141733458638794,0.16126762336682177,-0.8169671660572401,
2024-08-26,115.87985229492188,264.7173156738281,0.0,0.0,0.0,-0.0,0.010080586435266214,0.0028791745603198304,0.0,0.0,0.0,0.0,0.0,0.0,0.0,0.0,0.0,0.0,0.0,14266.754086747032,-0.01141733458638794,0.1705888831705462,-0.5723475025731614,
2024-08-27,114.66062927246094,267.1946105957031,0.0,0.0,0.0,-0.0,-0.010521440943486282,0.009358265497552143,-0.0,0.0,0.0,0.0,0.0,0.0,0.0,0.0,0.0,0.0,0.0,14266.754086747032,-0.01141733458638794,0.15771509792048155,-0.8565547769927762,
2024-08-28,114.02410888671876,265.6845092773437,0.0,0.0,0.0,-0.0,-0.005551342163225392,-0.005651690784453711,0.0,0.0,0.0,0.0,0.0,0.0,0.0,0.0,0.0,0.0,0.0,14266.754086747032,-0.01141733458638794,0.15354569795662898,-0.9268737265054132,
2024-08-29,113.83586883544922,270.74774169921875,0.0,0.0,0.0,-0.0,-0.0016508793895206875,0.019057311378999575,-0.0,0.0,0.0,0.0,0.0,0.0,0.0,0.0,0.0,0.0,0.0,14266.754086747032,-0.01141733458638794,0.14723898033894556,-1.0480356117770453,
2024-08-30,115.24333953857422,272.77105712890625,0.0,0.0,0.0,-0.0,0.012364035321410949,0.0074730648425325175,0.0,0.0,0.0,0.0,0.0,0.0,0.0,0.0,0.0,0.0,0.0,14266.754086747032,-0.01141733458638794,0.15769153035873207,-0.7722966937510581,
2024-09-03,114.3020248413086,274.91278076171875,0.0,0.0,0.0,-0.0,-0.008168061608025079,0.007851726115503332,-0.0,0.0,0.0,0.0,0.0,0.0,0.0,0.0,0.0,0.0,0.0,14266.754086747032,-0.01141733458638794,0.1475616014062242,-0.9834118942372657,
2024-09-04,115.57503509521484,276.8373413085937,0.0,0.0,0.0,-0.0,0.011137250242711172,0.007000622312074434,0.0,0.0,0.0,0.0,0.0,0.0,0.0,0.0,0.0,0.0,0.0,14266.754086747032,-0.01141733458638794,0.15691726068991985,-0.7371331158993513,
2024-09-05,114.2123794555664,274.9917297363281,0.0,0.0,0.0,-0.0,-0.011790224753346012,-0.006666772493701401,0.0,0.0,0.0,0.0,0.0,0.0,0.0,0.0,0.0,0.0,0.0,14266.754086747032,-0.01141733458638794,0.14670621327804567,-0.9488817525894042,
2024-09-06,114.33789825439452,275.7319641113281,0.0,0.0,0.0,-0.0,0.00109899469240049,0.002691842317257276,0.0,0.0,0.0,0.0,0.0,0.0,0.0,0.0,0.0,0.0,0.0,14266.754086747032,-0.01141733458638794,0.14714180760166196,-0.9090890941560089,
2024-09-09,115.53917694091795,281.8907165527344,0.0,0.0,0.0,-0.0,0.01050639118667962,0.022336011935560895,0.0,0.0,0.0,0.0,0.0,0.0,0.0,0.0,0.0,0.0,0.0,14266.754086747032,-0.01141733458638794,0.15214692533755958,-0.7664428388377201,
2024-09-10,116.3908462524414,281.6242370605469,0.0,0.0,0.0,-0.0,0.0073712599836068815,-0.0009453290815898407,0.0,0.0,0.0,0.0,0.0,0.0,0.0,0.0,0.0,0.0,0.0,14266.754086747032,-0.01141733458638794,0.15972433669939923,-0.5717750595965819,
2024-09-11,115.1985092163086,280.26220703125,0.0,0.0,0.0,-0.0,-0.010244250940033006,-0.0048363381060986255,0.0,0.0,0.0,0.0,0.0,0.0,0.0,0.0,0.0,0.0,0.0,14266.754086747032,-0.01141733458638794,0.15062257097148035,-0.7623145261955891,
2024-09-12,115.1268081665039,281.65380859375,0.0,0.0,0.0,-0.0,-0.0006224130007624895,0.004965355754673162,-0.0,0.0,0.0,0.0,0.0,0.0,0.0,0.0,0.0,0.0,0.0,14266.754086747032,-0.01141733458638794,0.14877875766861526,-0.7811335764058984,
2024-09-13,114.0689468383789,283.60809326171875,0.0,0.0,0.0,-0.0,-0.009188662006463844,0.006938605509104079,-0.0,0.0,0.0,0.0,0.0,0.0,0.0,0.0,0.0,0.0,0.0,14266.754086747032,-0.01141733458638794,0.13784277580410653,-1.0075240044074,
2024-09-16,115.56607818603516,286.69732666015625,0.0,0.0,0.0,-0.0,0.013124793286445335,0.010892613687109032,0.0,0.0,0.0,0.0,0.0,0.0,0.0,0.0,0.0,0.0,0.0,14266.754086747032,-0.01141733458638794,0.14821107264912792,-0.7431437159819894,
2024-09-17,117.12594604492188,287.7632141113281,0.0,0.0,0.0,-0.0,0.013497627360648856,0.003717814405836295,0.0,0.0,0.0,0.0,0.0,0.0,0.0,0.0,0.0,0.0,0.0,14266.754086747032,-0.01141733458638794,0.16070347059904377,-0.43688696743065497,
2024-09-18,117.12594604492188,284.72332763671875,0.0,0.0,0.0,-0.0,0.0,-0.010563846682061784,0.0,0.0,0.0,0.0,0.0,0.0,0.0,0.0,0.0,0.0,0.0,14266.754086747032,-0.01141733458638794,0.16332190016092007,-0.35637415491092045,
2024-09-19,118.45277404785156,281.5255126953125,0.0,0.0,0.0,-0.0,0.011328215888397608,-0.011231306433332922,0.0,0.0,0.0,0.0,0.0,0.0,0.0,0.0,0.0,0.0,0.0,14266.754086747032,-0.01141733458638794,0.17737124089313006,-0.022789885725999198,
2024-09-20,115.28816986083984,281.0616149902344,0.0,0.0,0.0,-0.0,-0.026716167793025325,-0.0016477998765965785,0.0,0.0,0.0,0.0,0.0,0.0,0.0,0.0,0.0,0.0,0.0,14266.754086747032,-0.01141733458638794,0.15069831914723908,-0.6216647946756947,
2024-09-23,115.41368103027344,284.87139892578125,0.0,0.0,0.0,-0.0,0.001088673448325972,0.013554977742795904,0.0,0.0,0.0,0.0,0.0,0.0,0.0,0.0,0.0,0.0,0.0,14266.754086747032,-0.01141733458638794,0.1484667939107842,-0.6509974246460146,
2024-09-24,116.11295318603516,269.2278137207031,0.0,0.0,0.0,-0.0,0.006058832449666873,-0.05491455184363314,0.0,0.0,0.0,0.0,0.0,0.0,0.0,0.0,0.0,0.0,0.0,14266.754086747032,-0.01141733458638794,0.1684327851354448,-0.16286169089682037,
2024-09-25,117.89693450927734,266.1188049316406,0.0,0.0,0.0,-0.0,0.015364188699807713,-0.011547873698843691,0.0,0.0,0.0,0.0,0.0,0.0,0.0,0.0,0.0,0.0,0.0,14266.754086747032,-0.01141733458638794,0.18654389908169122,0.2790141840034503,
2024-09-26,119.52855682373048,268.1520080566406,0.0,0.0,0.0,-0.0,0.013839395580932168,0.007640208385582881,0.0,0.0,0.0,0.0,0.0,0.0,0.0,0.0,0.0,0.0,0.0,14266.754086747032,-0.01141733458638794,0.19841182875679908,0.5636999844814182,
2024-09-27,120.36227416992188,271.586669921875,0.0,0.0,0.0,-0.0,0.0069750473723269035,0.012808637496792175,0.0,0.0,0.0,0.0,0.0,0.0,0.0,0.0,0.0,0.0,0.0,14266.754086747032,-0.01141733458638794,0.20222467673777955,0.656485747268675,
2024-09-30,122.22697448730467,271.3695678710937,0.0,0.0,0.0,-0.0,0.015492398513094807,-0.000799384045040763,0.0,0.0,0.0,0.0,0.0,0.0,0.0,0.0,0.0,0.0,0.0,14266.754086747032,-0.01141733458638794,0.21779546465502486,1.0224402561908041,
2024-10-01,119.47476196289062,273.9850158691406,0.0,0.0,0.0,-0.0,-0.02251722695385794,0.009637956159068484,-0.0,0.0,0.0,0.0,0.0,0.0,0.0,0.0,0.0,0.0,0.0,14266.754086747032,-0.01141733458638794,0.1926559408241375,0.43081181232434473,
2024-10-02,119.24166107177734,273.392822265625,0.0,0.0,0.0,-0.0,-0.0019510471273060936,-0.0021614087238933655,0.0,0.0,0.0,0.0,0.0,0.0,0.0,0.0,0.0,0.0,0.0,14266.754086747032,-0.01141733458638794,0.19123647192872495,0.4006159342249601,
2024-10-03,117.18872833251952,273.254638671875,0.0,0.0,0.0,-0.0,-0.017216572805221708,-0.0005054397280984668,0.0,0.0,0.0,0.0,0.0,0.0,0.0,0.0,0.0,0.0,0.0,14266.754086747032,-0.01141733458638794,0.17399462106579278,0.0026609448779966786,
2024-10-04,117.66384887695312,274.31072998046875,0.0,0.0,0.0,-0.0,0.004054319482719171,0.003864861411783327,0.0,0.0,0.0,0.0,0.0,0.0,0.0,0.0,0.0,0.0,0.0,14266.754086747032,-0.01141733458638794,0.1770896777056541,0.10050576779989419,
2024-10-07,117.61903381347656,270.224609375,0.0,0.0,0.0,-0.0,-0.0003808736829901127,-0.014895956150748013,0.0,0.0,0.0,0.0,0.0,0.0,0.0,0.0,0.0,0.0,0.0,14266.754086747032,-0.01141733458638794,0.18040904047964368,0.2212374552221688,
2024-10-08,117.40389251708984,271.3793640136719,0.0,0.0,0.0,-0.0,-0.0018291367426797045,0.004273314119475291,-0.0,0.0,0.0,0.0,0.0,0.0,0.0,0.0,0.0,0.0,0.0,14266.754086747032,-0.01141733458638794,0.17752686443685683,0.19596601952131112,
2024-10-09,119.2327117919922,273.32379150390625,0.0,0.0,0.0,-0.0,0.015577160481592633,0.007164979169663077,0.0,0.0,0.0,0.0,0.0,0.0,0.0,0.0,0.0,0.0,0.0,14266.754086747032,-0.01141733458638794,0.19122367978787724,0.6629791933683548,
2024-10-10,119.0892562866211,273.856689453125,0.0,0.0,0.0,-0.0,-0.0012031556039870939,0.0019496947056332203,-0.0,0.0,0.0,0.0,0.0,0.0,0.0,0.0,0.0,0.0,0.0,14266.754086747032,-0.01141733458638794,0.18953955982301918,0.7345930443722491,
2024-10-11,120.6670913696289,274.2218933105469,0.0,0.0,0.0,-0.0,0.013249180759096424,0.0013335582860918294,0.0,0.0,0.0,0.0,0.0,0.0,0.0,0.0,0.0,0.0,0.0,14266.754086747032,-0.01141733458638794,0.20237316070081213,1.3061213545905135,
2024-10-14,120.64019775390624,277.0248718261719,0.0,0.0,0.0,-0.0,-0.00022287448398250476,0.010221570866519869,-0.0,0.0,0.0,0.0,0.0,0.0,0.0,0.0,0.0,0.0,0.0,14266.754086747032,-0.01141733458638794,0.19964286965207512,1.4408330249923664,
2024-10-15,119.94989013671876,275.65301513671875,0.0,0.0,0.0,-0.0,-0.005722036518836182,-0.004952106575881521,0.0,0.0,0.0,0.0,0.0,0.0,0.0,0.0,0.0,0.0,0.0,14266.754086747032,-0.01141733458638794,0.19512840199023862,1.5886154011647826,
2024-10-16,121.77873992919922,283.7758483886719,0.0,0.0,0.0,-0.0,0.015246781721900193,0.02946760168004814,0.0,0.0,0.0,0.0,0.0,0.0,0.0,0.0,0.0,0.0,0.0,14266.754086747032,-0.01141733458638794,0.20309970912301645,1.889075199501635,
2024-10-17,121.39324951171876,286.6085205078125,0.0,0.0,0.0,-0.0,-0.003165498490989238,0.00998207611826385,-0.0,0.0,0.0,0.0,0.0,0.0,0.0,0.0,0.0,0.0,0.0,14266.754086747032,-0.01141733458638794,0.19748025633725597,1.5582901615529048,
2024-10-18,121.8593978881836,286.8354797363281,0.0,0.0,0.0,-0.0,0.003839985982250438,0.0007918788601033455,0.0,0.0,0.0,0.0,0.0,0.0,0.0,0.0,0.0,0.0,0.0,14266.754086747032,-0.01141733458638794,0.2011177235504873,1.657515251996467,
2024-10-21,117.7355728149414,283.1145935058594,0.0,0.0,0.0,-0.0,-0.03384084563610068,-0.01297219658422022,0.0,0.0,0.0,0.0,0.0,0.0,0.0,0.0,0.0,0.0,0.0,14266.754086747032,-0.01141733458638794,0.16991031407605806,0.20332513451331297,
2024-10-22,117.7355728149414,281.0813903808594,0.0,0.0,0.0,-0.0,0.0,-0.007181555354750402,0.0,0.0,0.0,0.0,0.0,0.0,0.0,0.0,0.0,0.0,0.0,14266.754086747032,-0.01141733458638794,0.17168735483199837,0.2764192640693876,
2024-10-23,117.80728912353516,280.0648193359375,0.0,0.0,0.0,-0.0,0.0006091303323123576,-0.0036166430070110334,0.0,0.0,0.0,0.0,0.0,0.0,0.0,0.0,0.0,0.0,0.0,14266.754086747032,-0.01141733458638794,0.17318961941058086,0.3368181790929043,
2024-10-24,124.0289077758789,279.5318603515625,-1.0,0.0,0.0,-0.0,0.05281183107286025,-0.0019029844078192193,0.0,0.0,0.0,0.0,0.0,0.0,0.0,0.0,0.0,0.0,0.0,14266.754086747032,-0.01141733458638794,0.22512377697149866,2.550158419094093,Enter Short Spread
2024-10-25,123.20413970947266,278.0612487792969,-1.0,-1.0,-0.8022105569956678,0.1977894430043322,-0.006649805123629782,-0.005260980163105833,0.0042939775360221494,0.0,1.0,-0.6044211139913356,0.8022105569956678,0.8022105569956678,0.1977894430043322,1.0,0.001,9.410227761279378e-05,0.0031998752584093556,14312.405920167024,-0.00825399337443855,0.21975231118286898,2.1855799589742877,
2024-10-28,121.33049011230467,280.4891967773437,-1.0,-1.0,-0.8022105569956678,0.1977894430043322,-0.015207683780644299,0.008731702129317398,0.013926802976922075,0.0,1.0,-0.6044211139913356,0.8022105569956678,0.0,0.0,0.0,0.0,9.410227761279378e-05,0.01383270069930928,14510.385147547717,0.0,0.20228429994590935,1.3987278214329704,
2024-10-29,120.4071044921875,278.20928955078125,-1.0,-1.0,-0.8022105569956678,0.1977894430043322,-0.007610499382821878,-0.008128324558511535,0.004497526161922293,0.0,1.0,-0.6044211139913356,0.8022105569956678,0.0,0.0,0.0,0.0,9.410227761279378e-05,0.0044034238843095,14574.280524076961,0.0,0.19665696557147516,1.12680080826505,
2024-10-30,119.94989013671876,286.3814697265625,-1.0,-1.0,-0.8022105569956678,0.1977894430043322,-0.003797237359016492,0.029374217478419506,0.008856094010566092,0.0,1.0,-0.6044211139913356,0.8022105569956678,0.0,0.0,0.0,0.0,9.410227761279378e-05,0.008761991732953297,14701.980249542665,0.0,0.18571445624605087,0.6482871804523632,
2024-10-31,120.18297576904295,286.0754699707031,-1.0,-1.0,-0.8022105569956678,0.1977894430043322,0.0019431917116266018,-0.0010685040346763985,-0.001770187723199868,0.0,1.0,-0.6044211139913356,0.8022105569956678,0.0,0.0,0.0,0.0,9.410227761279378e-05,-0.0018642900008126618,14674.571494771299,-0.001864290000812563,0.1879193488201203,0.7174644832278724,
2024-11-01,120.17401885986328,286.953857421875,-1.0,-1.0,-0.8022105569956678,0.1977894430043322,-7.452727079149124e-05,0.0030704745543608247,0.0006670940152790118,0.0,1.0,-0.6044211139913356,0.8022105569956678,0.0,0.0,0.0,0.0,9.410227761279378e-05,0.0005729917376662181,14682.979902991596,-0.0012923664859133543,0.18708893618025968,0.6554769469691508,
2024-11-04,119.2327117919922,288.0494689941406,-1.0,-1.0,-0.8022105569956678,0.1977894430043322,-0.007832866677852768,0.0038180757774406437,0.0070387834218813925,0.0,1.0,-0.6044211139913356,0.8022105569956678,0.0,0.0,0.0,0.0,9.410227761279378e-05,0.006944681144268599,14784.948516665578,0.0,0.17828565634032945,0.24401047426885727,
2024-11-05,119.9857406616211,289.4707336425781,-1.0,-1.0,-0.8022105569956678,0.1977894430043322,0.006315623106371904,0.004934099178868445,-0.004090546801620792,0.0,1.0,-0.6044211139913356,0.8022105569956678,0.0,0.0,0.0,0.0,9.410227761279378e-05,-0.004184649079233585,14723.078695468796,-0.00418464907923366,0.18336788147551752,0.44509647835860233,
2024-11-06,120.05747985839844,303.3969421386719,0.0,-1.0,-0.8022105569956678,0.1977894430043322,0.00059789768668983,0.04810921063021523,0.009035854137662499,0.0,1.0,-0.6044211139913356,0.8022105569956678,0.0,0.0,0.0,0.0,9.410227761279378e-05,0.008941751860049705,14854.728811779663,0.0,0.17238050160515117,-0.08428764016123574,Exit Short Spread
2024-11-07,120.26366424560548,301.8178100585937,0.0,0.0,0.0,-0.0,0.0017173806034429528,-0.005204838483033991,0.0,0.0,0.0,0.0,0.0,0.8022105569956678,0.1977894430043322,1.0,0.001,0.0,-0.001,14839.874082967883,-0.001000000000000112,0.17538304213879807,0.031064990691932692,
2024-11-08,118.73068237304688,303.8608093261719,0.0,0.0,0.0,-0.0,-0.012746841551641963,0.00676898181449781,-0.0,0.0,0.0,0.0,0.0,0.0,0.0,0.0,0.0,0.0,0.0,14839.874082967883,-0.001000000000000112,0.16089095582611868,-0.6694682017765003,
2024-11-11,117.9865951538086,306.8711242675781,0.0,0.0,0.0,-0.0,-0.00626701712115485,0.009906887788793117,-0.0,0.0,0.0,0.0,0.0,0.0,0.0,0.0,0.0,0.0,0.0,14839.874082967883,-0.001000000000000112,0.15217364057405458,-1.0729047421770015,
2024-11-12,116.66875457763672,306.396484375,0.0,0.0,0.0,-0.0,-0.011169409325304525,-0.0015467075754063142,0.0,0.0,0.0,0.0,0.0,0.0,0.0,0.0,0.0,0.0,0.0,14839.874082967883,-0.001000000000000112,0.14132302950453557,-1.5363129229393917,
2024-11-13,119.8423080444336,306.03057861328125,0.0,0.0,0.0,-0.0,0.02720140005167404,-0.0011942231075696697,0.0,0.0,0.0,0.0,0.0,0.0,0.0,0.0,0.0,0.0,0.0,14839.874082967883,-0.001000000000000112,0.1684556646930444,-0.26967118805405527,
2024-11-14,118.90997314453124,304.8143005371094,0.0,0.0,0.0,-0.0,-0.007779680774811837,-0.003974367795803957,0.0,0.0,0.0,0.0,0.0,0.0,0.0,0.0,0.0,0.0,0.0,14839.874082967883,-0.001000000000000112,0.16162741907853717,-0.5903344235573597,
2024-11-15,120.19196319580078,306.1888427734375,0.0,0.0,0.0,-0.0,0.010781181909033988,0.0045094414333777255,0.0,0.0,0.0,0.0,0.0,0.0,0.0,0.0,0.0,0.0,0.0,14839.874082967883,-0.001000000000000112,0.17124157007140806,-0.15736737392779154,
2024-11-18,122.63317108154295,308.68072509765625,0.0,0.0,0.0,-0.0,0.020310907824721003,0.008138383821067574,0.0,0.0,0.0,0.0,0.0,0.0,0.0,0.0,0.0,0.0,0.0,14839.874082967883,-0.001000000000000112,0.18935052009991638,0.6744812354362864,
2024-11-19,120.88166046142578,308.3741760253906,0.0,0.0,0.0,-0.0,-0.014282519196641585,-0.0009930943118287017,0.0,0.0,0.0,0.0,0.0,0.0,0.0,0.0,0.0,0.0,0.0,14839.874082967883,-0.001000000000000112,0.1752099985857407,0.004126900048787033,
2024-11-20,119.8743133544922,303.9638977050781,0.0,0.0,0.0,-0.0,-0.008333332807378468,-0.014301710918716348,0.0,0.0,0.0,0.0,0.0,0.0,0.0,0.0,0.0,0.0,0.0,14839.874082967883,-0.001000000000000112,0.17039337337660299,-0.23426212184262135,
2024-11-21,119.22087860107422,306.4459228515625,0.0,0.0,0.0,-0.0,-0.005450998926564421,0.008165526120778255,-0.0,0.0,0.0,0.0,0.0,0.0,0.0,0.0,0.0,0.0,0.0,14839.874082967883,-0.001000000000000112,0.16292238315812302,-0.5995564676543549,
2024-11-22,122.35186004638672,306.4657287597656,0.0,0.0,0.0,-0.0,0.026262022911180738,6.463100575415659e-05,0.0,0.0,0.0,0.0,0.0,0.0,0.0,0.0,0.0,0.0,0.0,14839.874082967883,-0.001000000000000112,0.18882954563993115,0.6108712050194782,
2024-11-25,124.8202896118164,309.69921875,0.0,0.0,0.0,-0.0,0.020174842985581476,0.010550902390684902,0.0,0.0,0.0,0.0,0.0,0.0,0.0,0.0,0.0,0.0,0.0,14839.874082967883,-0.001000000000000112,0.20621581738451322,1.3975584925721687,
2024-11-26,122.47888946533205,308.344482421875,0.0,0.0,0.0,-0.0,-0.01875816947521891,-0.004374361464626664,0.0,0.0,0.0,0.0,0.0,0.0,0.0,0.0,0.0,0.0,0.0,14839.874082967883,-0.001000000000000112,0.18836037068735756,0.5187622765935006,
2024-11-27,123.13229370117188,311.1923828125,0.0,0.0,0.0,-0.0,0.005334831485590552,0.009236099729290848,0.0,0.0,0.0,0.0,0.0,0.0,0.0,0.0,0.0,0.0,0.0,14839.874082967883,-0.001000000000000112,0.19141426294219932,0.6423872175909218,
2024-11-29,123.16861724853516,311.5681457519531,0.0,0.0,0.0,-0.0,0.0002949961076128549,0.001207494014014987,0.0,0.0,0.0,0.0,0.0,0.0,0.0,0.0,0.0,0.0,0.0,14839.874082967883,-0.001000000000000112,0.191411680829086,0.6164528006166063,
2024-12-02,121.62582397460938,313.12066650390625,0.0,0.0,0.0,-0.0,-0.012525863392723324,0.004982925158174334,-0.0,0.0,0.0,0.0,0.0,0.0,0.0,0.0,0.0,0.0,0.0,14839.874082967883,-0.001000000000000112,0.1775811905861202,-0.09728314830564092,
2024-12-03,117.71441650390624,309.5212707519531,0.0,0.0,0.0,-0.0,-0.03215935023403982,-0.011495235342149579,0.0,0.0,0.0,0.0,0.0,0.0,0.0,0.0,0.0,0.0,0.0,14839.874082967883,-0.001000000000000112,0.1477439969761818,-1.5979380340732183,
2024-12-04,116.87042236328124,306.4459228515625,0.0,0.0,0.0,-0.0,-0.007169845170128308,-0.009935820865943579,0.0,0.0,0.0,0.0,0.0,0.0,0.0,0.0,0.0,0.0,0.0,14839.874082967883,-0.001000000000000112,0.14301030771224266,-1.7876158387901482,
2024-12-05,115.79047393798828,305.6350402832031,0.0,0.0,0.0,-0.0,-0.009240562354913329,-0.0026460869859644687,0.0,0.0,0.0,0.0,0.0,0.0,0.0,0.0,0.0,0.0,0.0,14839.874082967883,-0.001000000000000112,0.13438005856194457,-2.1497622419089044,
2024-12-06,113.99358367919922,307.5435791015625,1.0,0.0,0.0,-0.0,-0.015518463632434809,0.006244502647965167,-0.0,0.0,0.0,0.0,0.0,0.0,0.0,0.0,0.0,0.0,0.0,14839.874082967883,-0.001000000000000112,0.11720509369720133,-2.8013037707182713,Enter Long Spread
2024-12-09,116.64353942871094,304.8637390136719,1.0,1.0,0.8022105569956678,-0.1977894430043322,0.02324653426958867,-0.008713692204920465,0.020372091532348015,0.0,1.0,0.6044211139913356,0.1977894430043322,0.8022105569956678,0.1977894430043322,1.0,0.001,2.3201436221655254e-05,0.019348890096126357,15127.009175639581,0.0,0.142343367052989,-1.6631170266770492,
2024-12-10,118.17725372314452,308.8982849121094,1.0,1.0,0.8022105569956678,-0.1977894430043322,0.013148729041876583,0.013233931695158407,0.007930517269726168,0.0,1.0,0.6044211139913356,0.1977894430043322,0.0,0.0,0.0,0.0,2.3201436221655254e-05,0.007907315833504514,15246.623214807683,0.0,0.1521649048531326,-1.2182858159751193,
2024-12-11,117.17897033691406,310.2925720214844,1.0,1.0,0.8022105569956678,-0.1977894430043322,-0.008447339524145225,0.004513741828549467,-0.0076693154269302155,0.0,1.0,0.6044211139913356,0.1977894430043322,0.0,0.0,0.0,0.0,2.3201436221655254e-05,-0.007692516863151871,15129.338308621655,-0.007692516863151755,0.14257130048495026,-1.6204897086770866,
2024-12-12,117.05191040039062,310.7276611328125,1.0,1.0,0.8022105569956678,-0.1977894430043322,-0.0010843237157496244,0.001402189902560691,-0.0011471942917888962,0.0,1.0,0.6044211139913356,0.1977894430043322,0.0,0.0,0.0,0.0,2.3201436221655254e-05,-0.0011703957280105514,15111.630995697617,-0.008853909302288021,0.14114091295548126,-1.6367797844704106,
2024-12-13,116.85226440429688,311.23193359375,1.0,1.0,0.8022105569956678,-0.1977894430043322,-0.001705619288150273,0.0016228759908245571,-0.0016892535374598778,0.0,1.0,0.6044211139913356,0.1977894430043322,0.0,0.0,0.0,0.0,2.3201436221655254e-05,-0.001712454973681533,15085.753008038593,-0.010551202354948441,0.13903403273392012,-1.6619670147545105,
2024-12-16,116.66168975830078,312.369140625,1.0,1.0,0.8022105569956678,-0.1977894430043322,-0.0016309024644719505,0.0036538892976656356,-0.0020310279034144274,0.0,1.0,0.6044211139913356,0.1977894430043322,0.0,0.0,0.0,0.0,2.3201436221655254e-05,-0.0020542293396360826,15054.763411598977,-0.012583757105138593,0.13650255418713142,-1.7360547281481595,
2024-12-17,115.5454330444336,314.75225830078125,1.0,1.0,0.8022105569956678,-0.1977894430043322,-0.00956832286742837,0.0076291712779725795,-0.009184779154648944,0.0,1.0,0.6044211139913356,0.1977894430043322,0.0,0.0,0.0,0.0,2.3201436221655254e-05,-0.009207980590870598,14916.139442304826,-0.021675866704824687,0.12501428549753957,-2.151312707250438,
2024-12-18,112.36912536621094,306.3272399902344,1.0,1.0,0.8022105569956678,-0.1977894430043322,-0.027489686044113837,-0.026767141738807898,-0.01675825829774777,0.0,1.0,0.6044211139913356,0.1977894430043322,0.0,0.0,0.0,0.0,2.3201436221655254e-05,-0.016781459733969425,14665.824848867514,-0.038093573754488186,0.10382920870528967,-2.789239904183769,
2024-12-19,111.30731964111328,311.37042236328125,1.0,1.0,0.8022105569956678,-0.1977894430043322,-0.009449265727015654,0.016463382013325534,-0.010836583880452501,0.0,1.0,0.6044211139913356,0.1977894430043322,0.0,0.0,0.0,0.0,2.3201436221655254e-05,-0.010859785316674156,14506.557139516866,-0.04853967103824386,0.0903089289711052,-2.999565294354817,
2024-12-20,114.05712127685548,314.1688842773437,1.0,1.0,0.8022105569956678,-0.1977894430043322,0.024704589461037596,0.008987565012830379,0.01804063699403533,0.0,1.0,0.6044211139913356,0.1977894430043322,0.0,0.0,0.0,0.0,2.3201436221655254e-05,0.018017435557813672,14767.928097943854,-0.03139679587535915,0.11250725948986173,-2.08437513852383,
2024-12-23,114.12064361572266,313.6842956542969,1.0,1.0,0.8022105569956678,-0.1977894430043322,0.0005569344391305187,-0.0015424462679093365,0.0007518582748188619,0.0,1.0,0.6044211139913356,0.1977894430043322,0.0,0.0,0.0,0.0,2.3201436221655254e-05,0.0007286568385972066,14778.688849744332,-0.03069101652678663,0.11344463114107639,-1.9524493188096799,
2024-12-24,114.58348083496094,317.0760803222656,1.0,1.0,0.8022105569956678,-0.1977894430043322,0.004055683569370583,0.010812733423246401,0.0011148676540447214,0.0,1.0,0.6044211139913356,0.1977894430043322,0.0,0.0,0.0,0.0,2.3201436221655254e-05,0.0010916662178230663,14794.822245105317,-0.029632854654896512,0.1148404834404122,-1.8331485663523772,
2024-12-26,114.6742172241211,317.33319091796875,1.0,1.0,0.8022105569956678,-0.1977894430043322,0.0007918801951116716,0.0008108798224129021,0.00047487118397587243,0.0,1.0,0.6044211139913356,0.1977894430043322,0.0,0.0,0.0,0.0,2.3201436221655254e-05,0.0004516697477542172,14801.504618736832,-0.029194569171129503,0.1154322043801086,-1.733355444587031,
2024-12-27,114.44734191894533,315.1083374023437,1.0,1.0,0.8022105569956678,-0.1977894430043322,-0.0019784334322715535,-0.007011096157918728,-0.00020039938175685505,0.0,1.0,0.6044211139913356,0.1977894430043322,0.0,0.0,0.0,0.0,2.3201436221655254e-05,-0.0002236008179785103,14798.19499019677,-0.029411642059560816,0.11518652398926554,-1.6674634750247397,
2024-12-30,113.73040771484376,311.7956237792969,1.0,1.0,0.8022105569956678,-0.1977894430043322,-0.006264315029782974,-0.010512935488650732,-0.0029459519945978277,0.0,1.0,0.6044211139913356,0.1977894430043322,0.0,0.0,0.0,0.0,2.3201436221655254e-05,-0.002969153430819483,14754.25687877169,-0.032293467812453125,0.11150824924511205,-1.7096716004233008,
2024-12-31,114.43826293945312,312.5174865722656,1.0,1.0,0.8022105569956678,-0.1977894430043322,0.006223975090146272,0.0023151793608229276,0.004535020487561109,0.0,1.0,0.6044211139913356,0.1977894430043322,0.0,0.0,0.0,0.0,2.3201436221655254e-05,0.004511819051339454,14820.825416045687,-0.027927351044423787,0.11714277489746738,-1.4739449062128611,
2025-01-02,112.41451263427734,310.8957824707031,1.0,1.0,0.8022105569956678,-0.1977894430043322,-0.01768421027367839,-0.00518916275485759,-0.013160098562733943,0.0,1.0,0.6044211139913356,0.1977894430043322,0.0,0.0,0.0,0.0,2.3201436221655254e-05,-0.013183299998955598,14625.43802835381,-0.04074247639638473,0.10058307852100867,-1.8904084588196086,
2025-01-03,112.3418960571289,311.40008544921875,1.0,1.0,0.8022105569956678,-0.1977894430043322,-0.0006459715515975128,0.0016220965575921564,-0.0008390387728357939,0.0,1.0,0.6044211139913356,0.1977894430043322,0.0,0.0,0.0,0.0,2.3201436221655254e-05,-0.0008622402090574492,14612.827387610685,-0.04156958680407663,0.09953728539341578,-1.8313075938888226,
2025-01-06,112.72305297851562,309.5509033203125,1.0,1.0,0.8022105569956678,-0.1977894430043322,0.0033928296990188844,-0.005938283948248357,0.003896293677166993,0.0,1.0,0.6044211139913356,0.1977894430043322,0.0,0.0,0.0,0.0,2.3201436221655254e-05,0.0038730922409453378,14669.424215983912,-0.037857497407241536,0.10439285358990702,-1.6196455924708721,
2025-01-07,113.4218521118164,308.1961975097656,1.0,1.0,0.8022105569956678,-0.1977894430043322,0.006199256627958505,-0.004376358770127986,0.0058387066760044164,0.0,1.0,0.6044211139913356,0.1977894430043322,0.0,0.0,0.0,0.0,2.3201436221655254e-05,0.005815505239782761,14754.734329376564,-0.03226215264199561,0.11165435728684403,-1.3592653555167709,
2025-01-08,115.0372314453125,309.1158447265625,1.0,1.0,0.8022105569956678,-0.1977894430043322,0.014242223199666837,0.002983966785533587,0.01083506467740724,0.0,1.0,0.6044211139913356,0.1977894430043322,0.0,0.0,0.0,0.0,2.3201436221655254e-05,0.010811863241185585,14914.260499105809,-0.021799103383041585,0.1250614948277069,-0.9448527284249163,
2025-01-10,111.87906646728516,304.2803039550781,1.0,1.0,0.8022105569956678,-0.1977894430043322,-0.027453416066681835,-0.01564313461757938,-0.018929373311433836,0.0,1.0,0.6044211139913356,0.1977894430043322,0.0,0.0,0.0,0.0,2.3201436221655254e-05,-0.018952574747655493,14631.5968621905,-0.04033852899439816,0.10111157799113957,-1.5706787072736312,
2025-01-13,113.4490737915039,303.4991760253906,1.0,1.0,0.8022105569956678,-0.1977894430043322,0.014033074942378487,-0.002567132737591904,0.011765232620173885,0.0,1.0,0.6044211139913356,0.1977894430043322,0.0,0.0,0.0,0.0,2.3201436221655254e-05,0.01174203118395223,14803.401528817358,-0.029070154075812926,0.11568085548242313,-1.1183741731963588,
2025-01-14,114.20230865478516,305.6448974609375,1.0,1.0,0.8022105569956678,-0.1977894430043322,0.0066394095439292755,0.007069941551892001,0.003927844626735955,0.0,1.0,0.6044211139913356,0.1977894430043322,0.0,0.0,0.0,0.0,2.3201436221655254e-05,0.0039046431905142994,14861.203529793303,-0.025279019464457986,0.12056132112427553,-0.9484581236193136,
2025-01-15,115.68157196044922,312.7547912597656,1.0,1.0,0.8022105569956678,-0.1977894430043322,0.012953007019635976,0.023261941743152326,0.005790072475413647,0.0,1.0,0.6044211139913356,0.1977894430043322,0.0,0.0,0.0,0.0,2.3201436221655254e-05,0.0057668710391919915,14946.906174036807,-0.019657929270514685,0.1277614862275498,-0.7152802738816044,
2025-01-16,117.92314910888672,313.7139587402344,1.0,1.0,0.8022105569956678,-0.1977894430043322,0.019377132506497086,0.003066835448324312,0.01493795258590588,0.0,1.0,0.6044211139913356,0.1977894430043322,0.0,0.0,0.0,0.0,2.3201436221655254e-05,0.014914751149684225,15169.835560080248,-0.005036371244018012,0.1461982844980081,-0.15797336612072224,
2025-01-17,117.7325668334961,316.0575866699219,1.0,1.0,0.8022105569956678,-0.1977894430043322,-0.0016161565971635206,0.007470588618685214,-0.002774101445807023,0.0,1.0,0.6044211139913356,0.1977894430043322,0.0,0.0,0.0,0.0,2.3201436221655254e-05,-0.002797302882028678,15127.400935348132,-0.007819585870251,0.14274575165042314,-0.2467301152876185,
2025-01-21,120.5821762084961,320.0228881835937,0.0,1.0,0.8022105569956678,-0.1977894430043322,0.024204087718821876,0.012546136150223264,0.016935281409478923,0.0,1.0,0.6044211139913356,0.1977894430043322,0.0,0.0,0.0,0.0,2.3201436221655254e-05,0.016912079973257266,15383.236749754265,0.0,0.1635874874805756,0.372481723663473,Exit Long Spread
2025-01-22,120.29177856445312,319.9537048339844,0.0,0.0,0.0,-0.0,-0.0024082965921998767,-0.0002161825049513677,0.0,0.0,0.0,0.0,0.0,0.8022105569956678,0.1977894430043322,1.0,0.001,0.0,-0.001,15367.85351300451,-0.001000000000000112,0.16122959303041484,0.30959440604908917,
2025-01-23,121.25373840332033,324.55181884765625,0.0,0.0,0.0,-0.0,0.00799688765389539,0.01437118540651916,0.0,0.0,0.0,0.0,0.0,0.0,0.0,0.0,0.0,0.0,0.0,15367.85351300451,-0.001000000000000112,0.16567659924513212,0.49032618892481133,
2025-01-24,120.72737884521484,326.5196533203125,0.0,0.0,0.0,-0.0,-0.004340975915766654,0.006063236618556678,-0.0,0.0,0.0,0.0,0.0,0.0,0.0,0.0,0.0,0.0,0.0,15367.85351300451,-0.001000000000000112,0.15983576326889515,0.3548301127476261,
2025-01-27,123.65866088867188,330.811279296875,0.0,0.0,0.0,-0.0,0.024280176307109658,0.013143545673045542,0.0,0.0,0.0,0.0,0.0,0.0,0.0,0.0,0.0,0.0,0.0,15367.85351300451,-0.001000000000000112,0.18060636015598552,1.0505905480397337,
2025-01-28,122.89634704589844,330.7519836425781,0.0,0.0,0.0,-0.0,-0.006164661959745299,-0.00017924314558714904,0.0,0.0,0.0,0.0,0.0,0.0,0.0,0.0,0.0,0.0,0.0,15367.85351300451,-0.001000000000000112,0.17446681556141486,0.875182601512304,
2025-01-29,121.40802764892578,332.1363525390625,0.0,0.0,0.0,-0.0,-0.012110363186114914,0.004185519558305595,-0.0,0.0,0.0,0.0,0.0,0.0,0.0,0.0,0.0,0.0,0.0,15367.85351300451,-0.001000000000000112,0.16125271513994854,0.45602785111223354,
2025-01-30,104.2740478515625,339.2264099121094,1.0,0.0,0.0,-0.0,-0.14112723951755002,0.02134682734619675,-0.0,0.0,0.0,0.0,0.0,0.0,0.0,0.0,0.0,0.0,0.0,15367.85351300451,-0.001000000000000112,0.0039104330436672274,-4.065148178303177,Enter Long Spread
2025-01-31,103.66600799560548,337.9903564453125,1.0,1.0,0.8022105569956678,-0.1977894430043322,-0.00583117149937995,-0.0036437418511050534,-0.0039571336652732105,0.0,1.0,0.6044211139913356,0.1977894430043322,0.8022105569956678,0.1977894430043322,1.0,0.001,2.3201436221655254e-05,-0.004980335101494866,15291.316452719062,-0.005975354766393437,-0.0010377807146875195,-3.665591842952768,
2025-02-03,100.99787902832033,341.9655456542969,1.0,1.0,0.8022105569956678,-0.1977894430043322,-0.02573774199348222,0.011761250382383626,-0.02297333950256831,0.0,1.0,0.6044211139913356,0.1977894430043322,0.0,0.0,0.0,0.0,2.3201436221655254e-05,-0.022996540938789965,14939.669067906114,-0.02883448321467441,-0.029995414691490696,-3.78812964636504,
2025-02-04,101.43350219726562,341.30303955078125,1.0,1.0,0.8022105569956678,-0.1977894430043322,0.004313191258433768,-0.0019373475250205052,0.003843274449736626,0.0,1.0,0.6044211139913356,0.1977894430043322,0.0,0.0,0.0,0.0,2.3201436221655254e-05,0.0038200730135149706,14996.739694543267,-0.02512456003234642,-0.025213371551688235,-3.2851411829118238,
2025-02-05,101.55147552490234,345.54522705078125,1.0,1.0,0.8022105569956678,-0.1977894430043322,0.0011630607746075938,0.012429386815844046,-0.0015253818633734133,0.0,1.0,0.6044211139913356,0.1977894430043322,0.0,0.0,0.0,0.0,2.3201436221655254e-05,-0.0015485832995950684,14973.515993903922,-0.02663423585786573,-0.027096631785822556,-3.0105515700618692,
2025-02-06,102.9762954711914,343.6070861816406,1.0,1.0,0.8022105569956678,-0.1977894430043322,0.01403051938856037,-0.0056089354371425815,0.012364818989595223,0.0,1.0,0.6044211139913356,0.1977894430043322,0.0,0.0,0.0,0.0,2.3201436221655254e-05,0.012341617553373568,15158.313401730005,-0.014621327857276434,-0.011776822145074695,-2.5269492005987373,
2025-02-07,102.64958190917967,344.1410217285156,1.0,1.0,0.8022105569956678,-0.1977894430043322,-0.0031727065002365995,0.0015539130837154413,-0.0028525262520437997,0.0,1.0,0.6044211139913356,0.1977894430043322,0.0,0.0,0.0,0.0,2.3201436221655254e-05,-0.002875727688265455,15114.722220173244,-0.017455008588183607,-0.015337400837623694,-2.416549565172605,
2025-02-10,103.60247802734376,347.3153076171875,1.0,1.0,0.8022105569956678,-0.1977894430043322,0.009283000480286185,0.009223793992150009,0.005622551909787376,0.0,1.0,0.6044211139913356,0.1977894430043322,0.0,0.0,0.0,0.0,2.3201436221655254e-05,0.00559935047356572,15199.354847194583,-0.011953394825222285,-0.00836097572439276,-2.1633609205702293,
2025-02-11,103.9382553100586,347.3944702148437,1.0,1.0,0.8022105569956678,-0.1977894430043322,0.003241015940045555,0.0002279271771787883,0.00255489561307604,0.0,1.0,0.6044211139913356,0.1977894430043322,0.0,0.0,0.0,0.0,2.3201436221655254e-05,0.002531694176854385,15237.834965353168,-0.009451962988440643,-0.0051813908567934774,-2.00058760697379,
2025-02-12,103.6932373046875,348.1571655273437,1.0,1.0,0.8022105569956678,-0.1977894430043322,-0.0023573419107352223,0.002195473382257118,-0.002325326024647607,0.0,1.0,0.6044211139913356,0.1977894430043322,0.0,0.0,0.0,0.0,2.3201436221655254e-05,-0.002348527460869262,15202.048491492844,-0.011778292254672307,-0.008082228415884574,-1.9446749611551248,
2025-02-13,104.94561004638672,352.2579345703125,1.0,1.0,0.8022105569956678,-0.1977894430043322,0.012077670388660922,0.011778499623173122,0.0073591718098036125,0.0,1.0,0.6044211139913356,0.1977894430043322,0.0,0.0,0.0,0.0,2.3201436221655254e-05,0.007335970373581957,15313.570268844192,-0.004528727084121997,0.0010360043512238626,-1.7234960473131091,
2025-02-14,105.4719696044922,350.4551696777344,1.0,1.0,0.8022105569956678,-0.1977894430043322,0.005015546223160916,-0.005117741051815172,0.005035759281398364,0.0,1.0,0.6044211139913356,0.1977894430043322,0.0,0.0,0.0,0.0,2.3201436221655254e-05,0.005012557845176708,15390.330425632952,0.0,0.007304061800369466,-1.5633654079436154,
2025-02-18,106.24519348144533,353.3475341796875,1.0,1.0,0.8022105569956678,-0.1977894430043322,0.007331084077149885,0.00825316546082866,0.004248684041392587,0.0,1.0,0.6044211139913356,0.1977894430043322,0.0,0.0,0.0,0.0,2.3201436221655254e-05,0.004225482605170932,15455.361999134297,0.0,0.01258189169181545,-1.4314571049571938,
2025-02-19,105.85858917236328,351.8617553710937,1.0,1.0,0.8022105569956678,-0.1977894430043322,-0.003638793402447549,-0.004204865365887156,-0.002087400503542581,0.0,1.0,0.6044211139913356,0.1977894430043322,0.0,0.0,0.0,0.0,2.3201436221655254e-05,-0.002110601939764236,15422.741882119166,-0.0021106019397642006,0.009975380343993479,-1.4165702665155344,
2025-02-20,107.3313980102539,347.1666564941406,1.0,1.0,0.8022105569956678,-0.1977894430043322,0.013912983815536517,-0.013343589649296606,0.013800363660546008,0.0,1.0,0.6044211139913356,0.1977894430043322,0.0,0.0,0.0,0.0,2.3201436221655254e-05,0.013777162224324353,15635.223498973004,0.0,0.027104549781090226,-1.1249919184835022,
2025-02-21,107.0828628540039,345.22528076171875,1.0,1.0,0.8022105569956678,-0.1977894430043322,-0.0023155866862579755,-0.005592057002325124,-0.0007515382456164011,0.0,1.0,0.6044211139913356,0.1977894430043322,0.0,0.0,0.0,0.0,2.3201436221655254e-05,-0.0007747396818380564,15623.110270893943,-0.0007747396818380548,0.026168899977580207,-1.1009514202908606,
2025-02-24,106.92637634277344,346.5426330566406,1.0,1.0,0.8022105569956678,-0.1977894430043322,-0.0014613590546586064,0.0038159206997101514,-0.0019270664909527158,0.0,1.0,0.6044211139913356,0.1977894430043322,0.0,0.0,0.0,0.0,2.3201436221655254e-05,-0.001950267927174371,15592.641020009909,-0.0027234966590591325,0.023767426299411643,-1.0999895179170303,
2025-02-25,108.72135925292967,348.7514953613281,1.0,1.0,0.8022105569956678,-0.1977894430043322,0.016787091936998566,0.0063739987348871985,0.012206072713633446,0.0,1.0,0.6044211139913356,0.1977894430043322,0.0,0.0,0.0,0.0,2.3201436221655254e-05,0.012182871277411791,15782.604158431579,0.0,0.03884861506317305,-0.8502061296635733,
2025-02-26,107.5983428955078,347.3053283691406,1.0,1.0,0.8022105569956678,-0.1977894430043322,-0.010329307554086786,-0.004146697609681005,-0.007466106555817318,0.0,1.0,0.6044211139913356,0.1977894430043322,0.0,0.0,0.0,0.0,2.3201436221655254e-05,-0.007489307992038973,15664.403374972651,-0.007489307992038841,0.029490106829263896,-0.9587441570470967,
2025-02-27,108.2795181274414,352.3668518066406,1.0,1.0,0.8022105569956678,-0.1977894430043322,0.006330722329014993,0.0145736993476826,0.002196048409253287,0.0,1.0,0.6044211139913356,0.1977894430043322,0.0,0.0,0.0,0.0,2.3201436221655254e-05,0.002172846973031632,15698.439726430304,-0.005332734139207984,0.03223357990857978,-0.8882043764572276,
2025-02-28,109.5682373046875,359.2707824707031,1.0,1.0,0.8022105569956678,-0.1977894430043322,0.011901781606834527,0.019593019685776314,0.0056724424016369075,0.0,1.0,0.6044211139913356,0.1977894430043322,0.0,0.0,0.0,0.0,2.3201436221655254e-05,0.005649240965415252,15787.123995225955,0.0,0.03928104055713533,-0.7537164166100662,
2025-03-03,109.77995300292967,358.3892517089844,1.0,1.0,0.8022105569956678,-0.1977894430043322,0.0019322725586379264,-0.002453666718057246,0.0020353988190151854,0.0,1.0,0.6044211139913356,0.1977894430043322,0.0,0.0,0.0,0.0,2.3201436221655254e-05,0.0020121973827935302,15818.890804810988,0.0,0.04181715716575707,-0.6879609293924145,
2025-03-04,107.5063018798828,348.89019775390625,1.0,1.0,0.8022105569956678,-0.1977894430043322,-0.020710986485722005,-0.02650485166556127,-0.011372192156796988,0.0,1.0,0.6044211139913356,0.1977894430043322,0.0,0.0,0.0,0.0,2.3201436221655254e-05,-0.011395393593018643,15638.628317885185,-0.011395393593018555,0.027511772549533076,-0.8823584451479672,
2025-03-05,109.55902862548828,349.3358764648437,1.0,1.0,0.8022105569956678,-0.1977894430043322,0.019094013185375847,0.001277418264561847,0.015064759105691735,0.0,1.0,0.6044211139913356,0.1977894430043322,0.0,0.0,0.0,0.0,2.3201436221655254e-05,0.01504155766947008,15873.85764760006,0.0,0.04611102924076915,-0.5672491132186802,
2025-03-06,110.92138671875,340.896728515625,1.0,1.0,0.8022105569956678,-0.1977894430043322,0.012434923076205306,-0.02415769039990945,0.014753562695630135,0.0,1.0,0.6044211139913356,0.1977894430043322,0.0,0.0,0.0,0.0,2.3201436221655254e-05,0.01473036125940848,16107.685305329633,0.0,0.06449860988620659,-0.2597981208450923,
2025-03-07,111.95236206054688,342.0456848144531,1.0,1.0,0.8022105569956678,-0.1977894430043322,0.009294648870654676,0.003370394030564716,0.006789637089596521,0.0,1.0,0.6044211139913356,0.1977894430043322,0.0,0.0,0.0,0.0,2.3201436221655254e-05,0.006766435653374865,16216.676921472957,0.0,0.07292073729332293,-0.11466875579031628,
2025-03-10,111.03184509277344,338.2421569824219,1.0,1.0,0.8022105569956678,-0.1977894430043322,-0.008222398802765762,-0.011119940992953992,-0.004396688188169823,0.0,1.0,0.6044211139913356,0.1977894430043322,0.0,0.0,0.0,0.0,2.3201436221655254e-05,-0.004419889624391478,16145.000999405629,-0.004419889624391549,0.06742138861355818,-0.18382478964904667,
2025-03-11,107.1104736328125,328.9906921386719,1.0,1.0,0.8022105569956678,-0.1977894430043322,-0.03531753846551333,-0.02735160195963038,-0.022922244087263878,0.0,1.0,0.6044211139913356,0.1977894430043322,0.0,0.0,0.0,0.0,2.3201436221655254e-05,-0.022945445523485535,15774.546758497148,-0.027263918811280763,0.03830273221210878,-0.626044771900608,
2025-03-12,106.09791564941406,329.6839904785156,1.0,1.0,0.8022105569956678,-0.1977894430043322,-0.009453398431133908,0.0021073494065646514,-0.008000427486281837,0.0,1.0,0.6044211139913356,0.1977894430043322,0.0,0.0,0.0,0.0,2.3201436221655254e-05,-0.008023628922503492,15647.977648886286,-0.03506879216626935,0.028285334856725353,-0.760949707233148,
2025-03-13,106.0703125,325.4346618652344,1.0,1.0,0.8022105569956678,-0.1977894430043322,-0.00026016674545492613,-0.012889096031365121,0.0023406186150899096,0.0,1.0,0.6044211139913356,0.1977894430043322,0.0,0.0,0.0,0.0,2.3201436221655254e-05,0.0023174171788682544,15684.240541104362,-0.032832644008809364,0.03122366975210711,-0.6873824005299769,
2025-03-14,107.47868347167967,328.6539001464844,1.0,1.0,0.8022105569956678,-0.1977894430043322,0.013277711156735483,0.009892118629278412,0.00869496342885461,0.0,1.0,0.6044211139913356,0.1977894430043322,0.0,0.0,0.0,0.0,2.3201436221655254e-05,0.008671761992632955,15820.250542112022,-0.02444559889060971,0.04198703246794677,-0.48867397147085667,
2025-03-17,108.6753387451172,331.3778076171875,1.0,1.0,0.8022105569956678,-0.1977894430043322,0.011133884736807875,0.00828807286172184,0.007292426561340925,0.0,1.0,0.6044211139913356,0.1977894430043322,0.0,0.0,0.0,0.0,2.3201436221655254e-05,0.00726922512511927,15935.251504838423,-0.017354074327144753,0.05102434334583372,-0.3189992078974368,
2025-03-18,109.4117431640625,331.59576416015625,1.0,1.0,0.8022105569956678,-0.1977894430043322,0.006776187012146551,0.0006577282423829711,0.005305837054611747,0.0,1.0,0.6044211139913356,0.1977894430043322,0.0,0.0,0.0,0.0,2.3201436221655254e-05,0.005282635618390092,16019.43163202589,-0.012163113959919203,0.05761556196887074,-0.19194817134517578,
2025-03-19,108.13224792480467,336.6473693847656,1.0,1.0,0.8022105569956678,-0.1977894430043322,-0.011694313629015407,0.015234227244740994,-0.012394471171353222,0.0,1.0,0.6044211139913356,0.1977894430043322,0.0,0.0,0.0,0.0,2.3201436221655254e-05,-0.012417672607574877,15820.507574659963,-0.02442974900045125,0.04212457240110168,-0.43475991682986104,
2025-03-20,107.6811981201172,336.2808837890625,1.0,1.0,0.8022105569956678,-0.1977894430043322,-0.004171279274626127,-0.001088633475357037,-0.003130924061555572,0.0,1.0,0.6044211139913356,0.1977894430043322,0.0,0.0,0.0,0.0,2.3201436221655254e-05,-0.0031541254977772272,15770.60770833095,-0.027506820004001842,0.03821312387301501,-0.48540314051448447,
2025-03-21,105.95063018798828,332.477294921875,1.0,1.0,0.8022105569956678,-0.1977894430043322,-0.01607121728157679,-0.011310749586269542,-0.010655353306422385,0.0,1.0,0.6044211139913356,0.1977894430043322,0.0,0.0,0.0,0.0,2.3201436221655254e-05,-0.01067855474264404,15602.200410592775,-0.03789164166343706,0.024815983053731117,-0.6860477634359531,
2025-03-24,106.5949935913086,340.6094665527344,1.0,1.0,0.8022105569956678,-0.1977894430043322,0.006081732616191271,0.02445932926869565,4.1032997218646075e-05,0.0,1.0,0.6044211139913356,0.1977894430043322,0.0,0.0,0.0,0.0,2.3201436221655254e-05,1.783156099699082e-05,15602.478622181081,-0.03787448576955976,0.024921284895497164,-0.6606879548684652,
2025-03-25,101.2100067138672,341.3523254394531,1.0,1.0,0.8022105569956678,-0.1977894430043322,-0.05051819692477999,0.002180969584425041,-0.040957603652757406,0.0,1.0,0.6044211139913356,0.1977894430043322,0.0,0.0,0.0,0.0,2.3201436221655254e-05,-0.04098080508897906,14963.076486860517,-0.0773031639393712,-0.02745477332238777,-1.481819891283116,
2025-03-26,102.18575286865234,340.91650390625,1.0,1.0,0.8022105569956678,-0.1977894430043322,0.009640807134255969,-0.0012767498584990156,0.007986484904427668,0.0,1.0,0.6044211139913356,0.1977894430043322,0.0,0.0,0.0,0.0,2.3201436221655254e-05,0.007963283468206014,15082.231706481834,-0.0699554674786036,-0.017545151370118806,-1.2715281781500447,
2025-03-27,102.18575286865234,346.5426330566406,1.0,1.0,0.8022105569956678,-0.1977894430043322,0.0,0.016502953321197333,-0.003264109945326115,0.0,1.0,0.6044211139913356,0.1977894430043322,0.0,0.0,0.0,0.0,2.3201436221655254e-05,-0.00328731138154777,15032.651714533975,-0.07301281345570754,-0.021580836134159842,-1.291138263649772,
2025-03-28,100.9430694580078,339.59912109375,1.0,1.0,0.8022105569956678,-0.1977894430043322,-0.012161024171753798,-0.02003653028675334,-0.005792687809304019,0.0,1.0,0.6044211139913356,0.1977894430043322,0.0,0.0,0.0,0.0,2.3201436221655254e-05,-0.005815889245525675,14945.223477095684,-0.07840406826467061,-0.028826130797881433,-1.3587981512475005,
2025-03-31,101.24683380126952,347.136962890625,1.0,1.0,0.8022105569956678,-0.1977894430043322,0.003009263983081878,0.022196293596396188,-0.0019761292111767125,0.0,1.0,0.6044211139913356,0.1977894430043322,0.0,0.0,0.0,0.0,2.3201436221655254e-05,-0.0019993306473983677,14915.343033765708,-0.08024664325550668,-0.031234152465369203,-1.348286813869877,
2025-04-01,100.57485961914062,343.0659484863281,1.0,1.0,0.8022105569956678,-0.1977894430043322,-0.006636989591673248,-0.011727401111069735,-0.0030047069834637763,0.0,1.0,0.6044211139913356,0.1977894430043322,0.0,0.0,0.0,0.0,2.3201436221655254e-05,-0.0030279084196854315,14870.180741011272,-0.08303157218842727,-0.034984720942359715,-1.3575618776162162,
2025-04-02,101.4401397705078,343.0461120605469,1.0,1.0,0.8022105569956678,-0.1977894430043322,0.008603344361044485,-5.78210279066349e-05,0.006913130060802625,0.0,1.0,0.6044211139913356,0.1977894430043322,0.0,0.0,0.0,0.0,2.3201436221655254e-05,0.0068899286245809694,14972.635224951458,-0.07671372516981134,-0.026403917936677956,-1.1796332764340223,
2025-04-03,92.16141510009766,336.17193603515625,1.0,1.0,0.8022105569956678,-0.1977894430043322,-0.09146995155371218,-0.020038635576133168,-0.06941473021510003,0.0,1.0,0.6044211139913356,0.1977894430043322,0.0,0.0,0.0,0.0,2.3201436221655254e-05,-0.06943793165132169,13932.966403561106,-0.14082481441607353,-0.1173404253715562,-2.4425779853083354,
2025-04-04,89.94297790527344,310.16094970703125,1.0,1.0,0.8022105569956678,-0.1977894430043322,-0.02407121453609129,-0.07737405636800332,-0.004006410908546828,0.0,1.0,0.6044211139913356,0.1977894430043322,0.0,0.0,0.0,0.0,2.3201436221655254e-05,-0.004029612344768484,13876.821950142074,-0.14428695735022112,-0.12185062784253042,-2.3544626348539968,
2025-04-07,87.96387481689453,309.358642578125,1.0,1.0,0.8022105569956678,-0.1977894430043322,-0.022003975568423706,-0.0025867444939928763,-0.017140190744202873,0.0,1.0,0.6044211139913356,0.1977894430043322,0.0,0.0,0.0,0.0,2.3201436221655254e-05,-0.01716339218042453,13638.648612793862,-0.15897389589512356,-0.14346169934907782,-2.493664857984757,
2025-04-08,84.61322021484375,305.34698486328125,1.0,1.0,0.8022105569956678,-0.1977894430043322,-0.03809125745114683,-0.012967660064097442,-0.027992342595402526,0.0,1.0,0.6044211139913356,0.1977894430043322,0.0,0.0,0.0,0.0,2.3201436221655254e-05,-0.028015544031624182,13256.554452050284,-0.18253569974641914,-0.17907923478648513,-2.748776737389755,
2025-04-09,91.73797607421876,329.2779235839844,1.0,1.0,0.8022105569956678,-0.1977894430043322,0.08420381402911215,0.0783729327847078,0.05204784983135036,0.0,1.0,0.6044211139913356,0.1977894430043322,0.0,0.0,0.0,0.0,2.3201436221655254e-05,0.0520246483951287,13946.222036349078,-0.1400074069501568,-0.11683677207195431,-1.849176849109441,
2025-04-10,88.88438415527344,321.53204345703125,1.0,1.0,0.8022105569956678,-0.1977894430043322,-0.031105895737624345,-0.023523836771818907,-0.020300711373105906,0.0,1.0,0.6044211139913356,0.1977894430043322,0.0,0.0,0.0,0.0,2.3201436221655254e-05,-0.020323912809327563,13662.780235662796,-0.1574858214279693,-0.1425674893961726,-2.0690042456330895,
2025-04-11,89.3630599975586,330.2387084960937,1.0,1.0,0.8022105569956678,-0.1977894430043322,0.005385376147163834,0.02707868536351965,-0.001035672496692632,0.0,1.0,0.6044211139913356,0.1977894430043322,0.0,0.0,0.0,0.0,2.3201436221655254e-05,-0.0010588739329142872,13648.313073820118,-0.15837793772976982,-0.14378416728758237,-1.9875361272558771,
2025-04-14,90.82667541503906,332.0018310546875,1.0,1.0,0.8022105569956678,-0.1977894430043322,0.016378304609538485,0.0053389336659626085,0.01208286414743476,0.0,1.0,0.6044211139913356,0.1977894430043322,0.0,0.0,0.0,0.0,2.3201436221655254e-05,0.012059662711213105,13812.907126067428,-0.1482282595284753,-0.1288513824797406,-1.739590645128711,
2025-04-15,88.82915496826172,332.6258850097656,1.0,1.0,0.8022105569956678,-0.1977894430043322,-0.02199266281243406,0.001879670220780616,-0.018014525210580667,0.0,1.0,0.6044211139913356,0.1977894430043322,0.0,0.0,0.0,0.0,2.3201436221655254e-05,-0.018037726646802324,13563.753683129755,-0.16359228534857173,-0.1515524972767328,-1.9337381192499463,
2025-04-16,86.71199035644531,328.1883239746094,1.0,1.0,0.8022105569956678,-0.1977894430043322,-0.023834118568085705,-0.013340997304001068,-0.016481273106124152,0.0,1.0,0.6044211139913356,0.1977894430043322,0.0,0.0,0.0,0.0,2.3201436221655254e-05,-0.01650447454234581,13339.891055767892,-0.17739675518205789,-0.1723638088761128,-2.0984778088699607,
2025-04-17,88.76472473144531,326.4846496582031,1.0,1.0,0.8022105569956678,-0.1977894430043322,0.02367301646014419,-0.005191148471625828,0.02001749808501555,0.0,1.0,0.6044211139913356,0.1977894430043322,0.0,0.0,0.0,0.0,2.3201436221655254e-05,0.019994296648793892,13606.612794799506,-0.16094938188090757,-0.14768341315797495,-1.7501273099224492,
2025-04-21,88.59903717041016,317.0648498535156,1.0,1.0,0.8022105569956678,-0.1977894430043322,-0.0018665924052199134,-0.028852198149435515,0.004209260068352125,0.0,1.0,0.6044211139913356,0.1977894430043322,0.0,0.0,0.0,0.0,2.3201436221655254e-05,0.00418605863213047,13663.570873743234,-0.15743706679813563,-0.1423334408908512,-1.6437977931430614,
2025-04-22,89.14212799072266,328.2576599121094,1.0,1.0,0.8022105569956678,-0.1977894430043322,0.006129759844544669,0.035301327358629786,-0.002064871816435123,0.0,1.0,0.6044211139913356,0.1977894430043322,0.0,0.0,0.0,0.0,2.3201436221655254e-05,-0.002088073252656778,13635.040336865988,-0.15919639992263468,-0.14477602446230442,-1.6323942466811139,
2025-04-23,89.48271942138672,331.1995544433594,1.0,1.0,0.8022105569956678,-0.1977894430043322,0.0038207684552864496,0.008962150440107619,0.001292442046996903,0.0,1.0,0.6044211139913356,0.1977894430043322,0.0,0.0,0.0,0.0,2.3201436221655254e-05,0.001269240610775248,13652.346483791098,-0.15812921784773037,-0.14316236136620963,-1.589836913542976,
2025-04-24,91.05679321289062,332.5267944335937,1.0,1.0,0.8022105569956678,-0.1977894430043322,0.017590813083042,0.00400737251130967,0.013318919984430992,0.0,1.0,0.6044211139913356,0.1977894430043322,0.0,0.0,0.0,0.0,2.3201436221655254e-05,0.013295718548209337,13833.864240162222,-0.14693594087427286,-0.12671054120153546,-1.3673640572473937,
2025-04-25,90.1270751953125,331.991943359375,0.0,1.0,0.8022105569956678,-0.1977894430043322,-0.010210309245181182,-0.0016084450431422814,-0.00787268441748862,0.0,1.0,0.6044211139913356,0.1977894430043322,0.0,0.0,0.0,0.0,2.3201436221655254e-05,-0.007895885853710274,13724.633627206174,-0.1536716373110325,-0.13657644292153592,-1.4787094805023107,Time Exit Long Spread
2025-04-28,89.37226104736328,334.30975341796875,0.0,0.0,0.0,-0.0,-0.008374998814878576,0.006981525018770585,-0.0,0.0,0.0,0.0,0.0,0.8022105569956678,0.1977894430043322,1.0,0.001,0.0,-0.001,13710.908993578969,-0.15451796567372145,-0.14670206168961797,-1.551334687470857,
2025-04-29,89.04087829589844,338.2817077636719,0.0,0.0,0.0,-0.0,-0.0037078926680530477,0.011881060319341774,-0.0,0.0,0.0,0.0,0.0,0.0,0.0,0.0,0.0,0.0,0.0,13710.908993578969,-0.15451796567372145,-0.15332892144557575,-1.5733995289062177,
2025-04-30,87.72454833984375,342.2239990234375,0.0,0.0,0.0,-0.0,-0.014783434095071435,0.011653870632933439,-0.0,0.0,0.0,0.0,0.0,0.0,0.0,0.0,0.0,0.0,0.0,13710.908993578969,-0.15451796567372145,-0.17107943198780595,-1.7279655788819523,
2025-05-01,87.08019256591797,339.2029113769531,0.0,0.0,0.0,-0.0,-0.007345216203673788,-0.00882780767890412,0.0,0.0,0.0,0.0,0.0,0.0,0.0,0.0,0.0,0.0,0.0,13710.908993578969,-0.15451796567372145,-0.17626554841075137,-1.7173440069502228,
2025-05-02,88.73711395263672,344.3040771484375,0.0,0.0,0.0,-0.0,0.01902753471134666,0.015038685106731009,0.0,0.0,0.0,0.0,0.0,0.0,0.0,0.0,0.0,0.0,0.0,13710.908993578969,-0.15451796567372145,-0.1610970397524052,-1.4748896298391447,
2025-05-05,87.96387481689453,345.3341979980469,0.0,0.0,0.0,-0.0,-0.008713818844220067,0.002991892684341524,-0.0,0.0,0.0,0.0,0.0,0.0,0.0,0.0,0.0,0.0,0.0,13710.908993578969,-0.15451796567372145,-0.17058561226497138,-1.5280383109169673,
2025-05-06,86.35298919677734,344.40313720703125,0.0,0.0,0.0,-0.0,-0.018313036157972862,-0.0026961152310229775,0.0,0.0,0.0,0.0,0.0,0.0,0.0,0.0,0.0,0.0,0.0,13710.908993578969,-0.15451796567372145,-0.18840276797953281,-1.6662103711136507,
2025-05-07,86.4910659790039,346.5327453613281,0.0,0.0,0.0,-0.0,0.0015989809213428074,0.006183474899697838,0.0,0.0,0.0,0.0,0.0,0.0,0.0,0.0,0.0,0.0,0.0,13710.908993578969,-0.15451796567372145,-0.18832493972296427,-1.597282087917239,
2025-05-08,89.2433853149414,347.93927001953125,0.0,0.0,0.0,-0.0,0.03182200733432561,0.0040588506484042775,0.0,0.0,0.0,0.0,0.0,0.0,0.0,0.0,0.0,0.0,0.0,13710.908993578969,-0.15451796567372145,-0.15799746766214007,-1.2106705761074785,
2025-05-09,88.26765441894531,349.1972351074219,0.0,0.0,0.0,-0.0,-0.01093336937581113,0.003615473148000925,-0.0,0.0,0.0,0.0,0.0,0.0,0.0,0.0,0.0,0.0,0.0,13710.908993578969,-0.15451796567372145,-0.16988085287917665,-1.297614990734336,
2025-05-12,93.16475677490234,352.4758605957031,0.0,0.0,0.0,-0.0,0.0554801460194454,0.009389036219810354,0.0,0.0,0.0,0.0,0.0,0.0,0.0,0.0,0.0,0.0,0.0,13710.908993578969,-0.15451796567372145,-0.11818919362442548,-0.700553151351912,
2025-05-13,91.87603759765624,353.3489990234375,0.0,0.0,0.0,-0.0,-0.013832689762286576,0.0024771580846947305,-0.0,0.0,0.0,0.0,0.0,0.0,0.0,0.0,0.0,0.0,0.0,13710.908993578969,-0.15451796567372145,-0.13272844834138797,-0.8344309467280024,
2025-05-14,91.72876739501952,353.6664428710937,0.0,0.0,0.0,-0.0,-0.0016029228783422944,0.0008983861523126357,-0.0,0.0,0.0,0.0,0.0,0.0,0.0,0.0,0.0,0.0,0.0,13710.908993578969,-0.15451796567372145,-0.134554059904602,-0.826900705546989,
2025-05-15,92.37312316894533,359.4606628417969,0.0,0.0,0.0,-0.0,0.007024576828237095,0.016383290208890733,0.0,0.0,0.0,0.0,0.0,0.0,0.0,0.0,0.0,0.0,0.0,13710.908993578969,-0.15451796567372145,-0.13156069892577782,-0.7677139759246696,
2025-05-16,93.2660140991211,362.2585754394531,0.0,0.0,0.0,-0.0,0.00966613338971678,0.00778364056733416,0.0,0.0,0.0,0.0,0.0,0.0,0.0,0.0,0.0,0.0,0.0,13710.908993578969,-0.15451796567372145,-0.12385265302773862,-0.6576156710801342,
2025-05-19,92.73269653320312,365.0168151855469,0.0,0.0,0.0,-0.0,-0.0057182412164753504,0.007614008150801599,-0.0,0.0,0.0,0.0,0.0,0.0,0.0,0.0,0.0,0.0,0.0,13710.908993578969,-0.15451796567372145,-0.13145747101205663,-0.7160891367182157,
2025-05-20,91.27307891845705,363.9651489257813,0.0,0.0,0.0,-0.0,-0.015740053609068272,-0.00288114469255607,0.0,0.0,0.0,0.0,0.0,0.0,0.0,0.0,0.0,0.0,0.0,13710.908993578969,-0.15451796567372145,-0.14661132723517434,-0.8558527732195883,
2025-05-21,89.68245697021484,355.49200439453125,0.0,0.0,0.0,-0.0,-0.017427065757946614,-0.023280098537615368,0.0,0.0,0.0,0.0,0.0,0.0,0.0,0.0,0.0,0.0,0.0,13710.908993578969,-0.15451796567372145,-0.1583843276870358,-0.9556381558846896,
2025-05-22,90.73039245605467,355.16461181640625,0.0,0.0,0.0,-0.0,0.01168495513217116,-0.0009209562355210199,0.0,0.0,0.0,0.0,0.0,0.0,0.0,0.0,0.0,0.0,0.0,13710.908993578969,-0.15451796567372145,-0.14653994297708262,-0.7941810332493023,
2025-05-23,89.23335266113281,350.76934814453125,0.0,0.0,0.0,-0.0,-0.016499871260305166,-0.01237528606635796,0.0,0.0,0.0,0.0,0.0,0.0,0.0,0.0,0.0,0.0,0.0,13710.908993578969,-0.15451796567372145,-0.1601072211813055,-0.9168260676922004,
2025-05-27,91.27307891845705,356.48419189453125,0.0,0.0,0.0,-0.0,0.022858339359613344,0.016292312256557917,0.0,0.0,0.0,0.0,0.0,0.0,0.0,0.0,0.0,0.0,0.0,13710.908993578969,-0.15451796567372145,-0.14149080741326636,-0.6784869868962121,
2025-05-28,90.51519012451172,356.9108581542969,0.0,0.0,0.0,-0.0,-0.008303530492517086,0.0011968728753388724,-0.0,0.0,0.0,0.0,0.0,0.0,0.0,0.0,0.0,0.0,0.0,13710.908993578969,-0.15451796567372145,-0.15012392341242897,-0.7507716303745015,
2025-05-29,91.78768157958984,359.5599060058594,0.0,0.0,0.0,-0.0,0.014058319419400167,0.007422155395500063,0.0,0.0,0.0,0.0,0.0,0.0,0.0,0.0,0.0,0.0,0.0,13710.908993578969,-0.15451796567372145,-0.13798672132232892,-0.5839192653049131,
2025-05-30,91.2637176513672,362.3280334472656,0.0,0.0,0.0,-0.0,-0.005708434064415346,0.007698654369325375,-0.0,0.0,0.0,0.0,0.0,0.0,0.0,0.0,0.0,0.0,0.0,13710.908993578969,-0.15451796567372145,-0.14560238722020857,-0.6479611111614878,
2025-06-02,91.09530639648438,362.45703125,0.0,0.0,0.0,-0.0,-0.0018453253846854034,0.0003560249023710771,-0.0,0.0,0.0,0.0,0.0,0.0,0.0,0.0,0.0,0.0,0.0,13710.908993578969,-0.15451796567372145,-0.14753718159887308,-0.6461603018528295,
2025-06-03,91.76896667480467,362.9927673339844,0.0,0.0,0.0,-0.0,0.007395115126878737,0.0014780678474819453,0.0,0.0,0.0,0.0,0.0,0.0,0.0,0.0,0.0,0.0,0.0,13710.908993578969,-0.15451796567372145,-0.14053343300424648,-0.5342358810520851,
2025-06-04,92.20872497558594,365.1159973144531,0.0,0.0,0.0,-0.0,0.0047920153916476416,0.005849234947745474,0.0,0.0,0.0,0.0,0.0,0.0,0.0,0.0,0.0,0.0,0.0,13710.908993578969,-0.15451796567372145,-0.1371908225534353,-0.4651099704423971,
2025-06-05,90.63683319091795,363.8956604003906,0.0,0.0,0.0,-0.0,-0.017047104653970302,-0.0033423266113741246,0.0,0.0,0.0,0.0,0.0,0.0,0.0,0.0,0.0,0.0,0.0,13710.908993578969,-0.15451796567372145,-0.1535594525041002,-0.6580658647879905,
2025-06-06,91.9280242919922,367.318603515625,0.0,0.0,0.0,-0.0,0.014245765828495793,0.00940638619176748,0.0,0.0,0.0,0.0,0.0,0.0,0.0,0.0,0.0,0.0,0.0,13710.908993578969,-0.15451796567372145,-0.14172256084583723,-0.46998244248165055,
2025-06-09,92.9198226928711,363.78656005859375,0.0,0.0,0.0,-0.0,0.010788858006222757,-0.009615748898165966,0.0,0.0,0.0,0.0,0.0,0.0,0.0,0.0,0.0,0.0,0.0,13710.908993578969,-0.15451796567372145,-0.12860919913988078,-0.25645082271465386,
2025-06-10,95.8671417236328,367.7948913574219,0.0,0.0,0.0,-0.0,0.031718948071000064,0.01101836004656831,0.0,0.0,0.0,0.0,0.0,0.0,0.0,0.0,0.0,0.0,0.0,13710.908993578969,-0.15451796567372145,-0.10008468642087553,0.2012656460402769,
2025-06-11,94.65078735351562,370.3843994140625,0.0,0.0,0.0,-0.0,-0.012687917343188304,0.007040630844771911,-0.0,0.0,0.0,0.0,0.0,0.0,0.0,0.0,0.0,0.0,0.0,13710.908993578969,-0.15451796567372145,-0.11458360679095048,0.024332539856853803,
2025-06-12,94.42623138427734,368.4893798828125,0.0,0.0,0.0,-0.0,-0.002372468053536414,-0.005116358934792786,0.0,0.0,0.0,0.0,0.0,0.0,0.0,0.0,0.0,0.0,0.0,13710.908993578969,-0.15451796567372145,-0.11569418894828343,0.05675131624290518,
2025-06-13,93.56542205810548,350.08477783203125,0.0,0.0,0.0,-0.0,-0.009116209696738875,-0.0499460854384306,0.0,0.0,0.0,0.0,0.0,0.0,0.0,0.0,0.0,0.0,0.0,13710.908993578969,-0.15451796567372145,-0.11221955272640316,0.17258017952125584,
2025-06-16,94.58528137207033,352.69415283203125,0.0,0.0,0.0,-0.0,0.010899959531326608,0.007453551725839391,0.0,0.0,0.0,0.0,0.0,0.0,0.0,0.0,0.0,0.0,0.0,13710.908993578969,-0.15451796567372145,-0.10320946901392114,0.4138356317948466,
2025-06-17,93.25666046142578,355.03564453125,0.0,0.0,0.0,-0.0,-0.014046804020364956,0.006638873030406778,-0.0,0.0,0.0,0.0,0.0,0.0,0.0,0.0,0.0,0.0,0.0,13710.908993578969,-0.15451796567372145,-0.11898730441556982,0.15875414399609972,
2025-06-18,92.82625579833984,337.71246337890625,0.0,0.0,0.0,-0.0,-0.004615269954514112,-0.048792794242435544,0.0,0.0,0.0,0.0,0.0,0.0,0.0,0.0,0.0,0.0,0.0,13710.908993578969,-0.15451796567372145,-0.11127972239670791,0.4139775698152405,
2025-06-20,92.88239288330078,335.91668701171875,0.0,0.0,0.0,-0.0,0.0006047543820240087,-0.005317471405171914,0.0,0.0,0.0,0.0,0.0,0.0,0.0,0.0,0.0,0.0,0.0,13710.908993578969,-0.15451796567372145,-0.109360600717469,0.5177836980278547,
2025-06-23,93.93968963623048,341.0560607910156,0.0,0.0,0.0,-0.0,0.011383177372035425,0.015299548900104432,0.0,0.0,0.0,0.0,0.0,0.0,0.0,0.0,0.0,0.0,0.0,13710.908993578969,-0.15451796567372145,-0.10178534707672515,0.7954381185354422,
2025-06-24,94.14552307128906,348.87432861328125,0.0,0.0,0.0,-0.0,0.002191123218052482,0.02292370293649859,0.0,0.0,0.0,0.0,0.0,0.0,0.0,0.0,0.0,0.0,0.0,13710.908993578969,-0.15451796567372145,-0.10518477774662527,0.7988502121908748,
2025-06-25,92.97595977783205,342.5542297363281,0.0,0.0,0.0,-0.0,-0.01242293053671173,-0.01811568911382644,0.0,0.0,0.0,0.0,0.0,0.0,0.0,0.0,0.0,0.0,0.0,13710.908993578969,-0.15451796567372145,-0.11317804236429119,0.6584157802684588,
2025-06-26,94.12681579589844,343.31817626953125,0.0,0.0,0.0,-0.0,0.012377995568062738,0.002230147716439479,0.0,0.0,0.0,0.0,0.0,0.0,0.0,0.0,0.0,0.0,0.0,13710.908993578969,-0.15451796567372145,-0.10142527084686015,1.1594384154395156,
2025-06-27,94.66949462890624,345.8779296875,0.0,0.0,0.0,-0.0,0.005765400947850274,0.007455921634510698,0.0,0.0,0.0,0.0,0.0,0.0,0.0,0.0,0.0,0.0,0.0,13710.908993578969,-0.15451796567372145,-0.09750790564112477,1.4585888750417901,
2025-06-30,94.44493865966795,352.2675170898437,0.0,0.0,0.0,-0.0,-0.0023719992392323697,0.018473533156962763,-0.0,0.0,0.0,0.0,0.0,0.0,0.0,0.0,0.0,0.0,0.0,13710.908993578969,-0.15451796567372145,-0.1043959140299402,1.4540302163737255,
2025-07-01,97.747802734375,352.6842346191406,-1.0,0.0,0.0,-0.0,0.03497131896722294,0.0011829575793407265,0.0,0.0,0.0,0.0,0.0,0.0,0.0,0.0,0.0,0.0,0.0,13710.908993578969,-0.15451796567372145,-0.070313691185804,2.73681227425437,Enter Short Spread
2025-07-02,98.74894714355467,351.4440002441406,-1.0,-1.0,-0.8022105569956678,0.1977894430043322,0.010242116765532217,-0.003516557456386793,-0.008911872135883743,0.0,1.0,-0.6044211139913356,0.8022105569956678,0.8022105569956678,0.1977894430043322,1.0,0.001,9.410227761279378e-05,-0.010005974413496538,13573.71798900344,-0.16297783727626103,-0.05925511477209988,2.9214277465228435,
2025-07-03,97.42967224121094,356.04766845703125,-1.0,-1.0,-0.8022105569956678,0.1977894430043322,-0.013359888287475696,0.013099293798421785,0.013308345448635725,0.0,1.0,-0.6044211139913356,0.8022105569956678,0.0,0.0,0.0,0.0,9.410227761279378e-05,0.01321424317102293,13753.084399245019,-0.15191722287849407,-0.07591378201573629,2.154492984889779,
2025-07-07,94.36073303222656,353.8450622558594,-1.0,-1.0,-0.8022105569956678,0.1977894430043322,-0.031499020148466395,-0.006186267728467643,0.024045268049829698,0.0,1.0,-0.6044211139913356,0.8022105569956678,0.0,0.0,0.0,0.0,9.410227761279378e-05,0.023951165772216905,14082.486803570626,-0.13160465169509483,-0.10638957058219423,1.00762852227244,
2025-07-08,95.7922821044922,351.7714538574219,-1.0,-1.0,-0.8022105569956678,0.1977894430043322,0.015171025343526434,-0.0058602157261081755,-0.013329445495377897,0.0,1.0,-0.6044211139913356,0.8022105569956678,0.0,0.0,0.0,0.0,9.410227761279378e-05,-0.013423547772990692,13893.449869200385,-0.1432615981389086,-0.08988335562344041,1.575455906038106,
2025-07-09,95.57708740234376,354.956298828125,-1.0,-1.0,-0.8022105569956678,0.1977894430043322,-0.0022464722357663502,0.009053733427710098,0.003592876635305911,0.0,1.0,-0.6044211139913356,0.8022105569956678,0.0,0.0,0.0,0.0,9.410227761279378e-05,0.003498774357693117,13942.059915342637,-0.1402640637872261,-0.09435455843116447,1.3624103182833938,
2025-07-10,96.29753112792967,353.0910339355469,-1.0,-1.0,-0.8022105569956678,0.1977894430043322,0.007537828837084204,-0.005254914192919569,-0.007086292421188447,0.0,1.0,-0.6044211139913356,0.8022105569956678,0.0,0.0,0.0,0.0,9.410227761279378e-05,-0.0071803946988012405,13841.950422236143,-0.14643730714597714,-0.08554595276981636,1.6100467882004375,
2025-07-11,94.7537078857422,345.2032775878906,-1.0,-1.0,-0.8022105569956678,0.1977894430043322,-0.016031805012077904,-0.022339157864586512,0.00844243363716254,0.0,1.0,-0.6044211139913356,0.8022105569956678,0.0,0.0,0.0,0.0,9.410227761279378e-05,0.008348331359549746,13957.50761102343,-0.13931148294988216,-0.09613736252836547,1.2029972396761863,
2025-07-14,93.67770385742188,347.7531433105469,-1.0,-1.0,-0.8022105569956678,0.1977894430043322,-0.011355798652415983,0.007386562898456406,0.010570725723487436,0.0,1.0,-0.6044211139913356,0.8022105569956678,0.0,0.0,0.0,0.0,9.410227761279378e-05,0.010476623445874642,14103.735162507051,-0.1302943734525599,-0.10937263520175478,0.7183420427892365,
2025-07-15,93.12567138671876,344.3004150390625,-1.0,-1.0,-0.8022105569956678,0.1977894430043322,-0.005892890709013443,-0.009928675952760702,0.0027635518515252235,0.0,1.0,-0.6044211139913356,0.8022105569956678,0.0,0.0,0.0,0.0,9.410227761279378e-05,0.0026694495739124297,14141.384372327178,-0.12797273813834364,-0.11282275402691644,0.5728961569042348,
2025-07-16,93.21923065185548,347.1578674316406,-1.0,-1.0,-0.8022105569956678,0.1977894430043322,0.0010046560067009658,0.008299299878142596,0.0008355682454991212,0.0,1.0,-0.6044211139913356,0.8022105569956678,0.0,0.0,0.0,0.0,9.410227761279378e-05,0.0007414659678863275,14151.86972757806,-0.127326159600604,-0.113856396084554,0.5171840795178814,
2025-07-17,93.09759521484376,347.068603515625,-1.0,-1.0,-0.8022105569956678,0.1977894430043322,-0.001304832019757729,-0.0002571277346413714,0.0009958928699399473,0.0,1.0,-0.6044211139913356,0.8022105569956678,0.0,0.0,0.0,0.0,9.410227761279378e-05,0.0009017905923271536,14164.631750562228,-0.12653919054116192,-0.11509867572404708,0.45728463905075295,
2025-07-18,92.83561706542967,346.3145446777344,-1.0,-1.0,-0.8022105569956678,0.1977894430043322,-0.0028140162891373555,-0.0021726506813131152,0.001827706206603856,0.0,1.0,-0.6044211139913356,0.8022105569956678,0.0,0.0,0.0,0.0,9.410227761279378e-05,0.0017336039289910623,14189.187611817715,-0.1250249554500643,-0.11738039701069902,0.36103974391231786,
2025-07-21,92.53620910644533,348.189697265625,-1.0,-1.0,-0.8022105569956678,0.1977894430043322,-0.00322514104444771,0.005414593804125456,0.00365819168626867,0.0,1.0,-0.6044211139913356,0.8022105569956678,0.0,0.0,0.0,0.0,9.410227761279378e-05,0.003564089408655876,14239.759145102425,-0.12190646616094569,-0.12194214679377535,0.18715715292926183,
2025-07-22,94.63207244873048,349.1024780273437,-1.0,-1.0,-0.8022105569956678,0.1977894430043322,0.022649116086809418,0.0026215042228039387,-0.017650854171397026,0.0,1.0,-0.6044211139913356,0.8022105569956678,0.0,0.0,0.0,0.0,9.410227761279378e-05,-0.017744956449009818,13987.075239228196,-0.13748819767707676,-0.10019121430926603,0.937509735182702,
2025-07-23,96.8682861328125,352.5056457519531,-1.0,-1.0,-0.8022105569956678,0.1977894430043322,0.02363061091464047,0.00974833448287038,-0.01702860789639478,0.0,1.0,-0.6044211139913356,0.8022105569956678,0.0,0.0,0.0,0.0,9.410227761279378e-05,-0.01712271017400757,13747.578603724853,-0.15225673728991307,-0.07922735049542351,1.6085616989010179,
2025-07-24,95.93263244628906,351.19598388671875,-1.0,-1.0,-0.8022105569956678,0.1977894430043322,-0.009659030048705497,-0.0037152933038580027,0.00701373008224213,0.0,1.0,-0.6044211139913356,0.8022105569956678,0.0,0.0,0.0,0.0,9.410227761279378e-05,0.0069196278046293365,13842.706730877515,-0.14639066943807721,-0.08801559959267324,1.259671099639602,
2025-07-25,96.89635467529295,354.2419128417969,-1.0,-1.0,-0.8022105569956678,0.1977894430043322,0.010045822828258721,0.008673017616456002,-0.00634343380301163,0.0,1.0,-0.6044211139913356,0.8022105569956678,0.0,0.0,0.0,0.0,9.410227761279378e-05,-0.006437536080624424,13753.593806843986,-0.15188581030232728,-0.0801490611869522,1.4714570154787188,
2025-07-28,95.04375457763672,352.6842346191406,-1.0,-1.0,-0.8022105569956678,0.1977894430043322,-0.019119399319659003,-0.004397216044144114,0.014468061065505263,0.0,1.0,-0.6044211139913356,0.8022105569956678,0.0,0.0,0.0,0.0,9.410227761279378e-05,0.01437395878789247,13951.287397408974,-0.13969505189218623,-0.09836705130781964,0.8272257229354639,
2025-07-29,84.99482727050781,348.5369873046875,0.0,-1.0,-0.8022105569956678,0.1977894430043322,-0.10572948587505993,-0.011759094701048078,0.08249148496354192,0.0,1.0,-0.6044211139913356,0.8022105569956678,0.0,0.0,0.0,0.0,9.410227761279378e-05,0.08239738268592912,15100.836964054663,-0.06880817585634824,-0.20719756142587853,-2.785852561620788,Exit Short Spread
2025-07-30,81.5703353881836,348.15997314453125,1.0,0.0,0.0,-0.0,-0.04029059170183735,-0.0010817048803680729,0.0,0.0,0.0,0.0,0.0,0.8022105569956678,0.1977894430043322,1.0,0.001,0.0,-0.001,15085.736127090608,-0.06973936768049194,-0.24805545679679786,-3.6476261815173965,Enter Long Spread
2025-07-31,80.61597442626953,342.7626037597656,1.0,1.0,0.8022105569956678,-0.1977894430043322,-0.011699853351985978,-0.015502555724649647,-0.006319504012342227,0.0,1.0,0.6044211139913356,0.1977894430043322,0.8022105569956678,0.1977894430043322,1.0,0.001,2.3201436221655254e-05,-0.007342705448563883,14974.966010234622,-0.07656999749400883,-0.25597211423298494,-3.478170254754253,
2025-08-01,79.06278228759766,336.6905212402344,1.0,1.0,0.8022105569956678,-0.1977894430043322,-0.019266555415669018,-0.0177151254335407,-0.011951969359139848,0.0,1.0,0.6044211139913356,0.1977894430043322,0.0,0.0,0.0,0.0,2.3201436221655254e-05,-0.011975170795361503,14795.638234607331,-0.087628229491579,-0.2710197758347366,-3.5042570259269046,
2025-08-04,79.54931640625,339.4685974121094,1.0,1.0,0.8022105569956678,-0.1977894430043322,0.006153769252421837,0.008251126766627204,0.0033046328922788047,0.0,1.0,0.6044211139913356,0.1977894430043322,0.0,0.0,0.0,0.0,2.3201436221655254e-05,0.0032814314560571495,14844.189107322814,-0.0846343440642141,-0.2669108775677733,-3.1376614566984986,
2025-08-05,81.19608306884766,334.7855834960937,1.0,1.0,0.8022105569956678,-0.1977894430043322,0.020701204447663546,-0.013795131425162643,0.019335256111195846,0.0,1.0,0.6044211139913356,0.1977894430043322,0.0,0.0,0.0,0.0,2.3201436221655254e-05,0.01931205467497419,15130.860898969087,-0.06695675246918875,-0.24299608681207374,-2.4400177508437615,
2025-08-06,80.70018005371094,337.0774841308594,1.0,1.0,0.8022105569956678,-0.1977894430043322,-0.00610747460214589,0.00684587613012444,-0.0062535226290783156,0.0,1.0,0.6044211139913356,0.1977894430043322,0.0,0.0,0.0,0.0,2.3201436221655254e-05,-0.006276724065299971,15035.888660235822,-0.07281320747493103,-0.2508044255870938,-2.459165466185471,
2025-08-07,80.92473602294922,329.4874267578125,1.0,1.0,0.8022105569956678,-0.1977894430043322,0.002782595640912211,-0.022517248200714213,0.006685901578599468,0.0,1.0,0.6044211139913356,0.1977894430043322,0.0,0.0,0.0,0.0,2.3201436221655254e-05,0.006662700142377812,15136.068277753151,-0.06663563990036347,-0.24241048278463007,-2.1551219918942364,
2025-08-08,81.09315490722656,334.1406555175781,1.0,1.0,0.8022105569956678,-0.1977894430043322,0.002081179285275514,0.014122629217004912,-0.0011237629729393937,0.0,1.0,0.6044211139913356,0.1977894430043322,0.0,0.0,0.0,0.0,2.3201436221655254e-05,-0.001146964409161049,15118.707746143938,-0.06770617560217695,-0.24378911986386242,-2.066665592116253,
2025-08-11,80.75631713867188,333.267578125,1.0,1.0,0.8022105569956678,-0.1977894430043322,-0.004153713947127158,-0.0026129038120960013,-0.0028153483895071866,0.0,1.0,0.6044211139913356,0.1977894430043322,0.0,0.0,0.0,0.0,2.3201436221655254e-05,-0.0028385498257288417,15075.792540905875,-0.07035253807494957,-0.2473064154602913,-2.023714293578335,
2025-08-12,81.80425262451172,334.6888732910156,1.0,1.0,0.8022105569956678,-0.1977894430043322,0.012976514073077094,0.0042647267820410395,0.009566378647639743,0.0,1.0,0.6044211139913356,0.1977894430043322,0.0,0.0,0.0,0.0,2.3201436221655254e-05,0.009543177211418088,15219.663500726314,-0.061480747601653785,-0.2354626311220398,-1.7291604742627478,
2025-08-13,82.50598907470703,340.4634704589844,1.0,1.0,0.8022105569956678,-0.1977894430043322,0.008578239244068975,0.01725362755919191,0.003468968697289905,0.0,1.0,0.6044211139913356,0.1977894430043322,0.0,0.0,0.0,0.0,2.3201436221655254e-05,0.0034457672610682497,15272.106918941592,-0.058246828687857355,-0.23113867152274814,-1.585910029555081,
2025-08-14,82.85218811035156,343.38555908203125,1.0,1.0,0.8022105569956678,-0.1977894430043322,0.004196047335800701,0.00858267883807784,0.0016685502035643834,0.0,1.0,0.6044211139913356,0.1977894430043322,0.0,0.0,0.0,0.0,2.3201436221655254e-05,0.0016453487673427282,15297.234861235398,-0.05669731626829788,-0.22905848060367928,-1.492345427826365,
2025-08-15,82.78668975830078,342.3717956542969,1.0,1.0,0.8022105569956678,-0.1977894430043322,-0.0007905446258528182,-0.002952259933249546,-5.025739683388645e-05,0.0,1.0,0.6044211139913356,0.1977894430043322,0.0,0.0,0.0,0.0,2.3201436221655254e-05,-7.34588330555417e-05,15296.111144213515,-0.056766610182662935,-0.22912036529591484,-1.4436624319370799,
2025-08-18,82.47209167480469,340.6523132324219,1.0,1.0,0.8022105569956678,-0.1977894430043322,-0.0038001046353535184,-0.005022266564303157,-0.0020551327497959626,0.0,1.0,0.6044211139913356,0.1977894430043322,0.0,0.0,0.0,0.0,2.3201436221655254e-05,-0.002078334186017618,15264.320713509373,-0.058726964382113556,-0.23168632121140043,-1.4410713862178817,
2025-08-19,83.70187377929688,340.3641052246094,1.0,1.0,0.8022105569956678,-0.1977894430043322,0.014911494052331387,-0.0008460474114434513,0.012129497195623005,0.0,1.0,0.6044211139913356,0.1977894430043322,0.0,0.0,0.0,0.0,2.3201436221655254e-05,0.01210629575940135,15449.115094633473,-0.04733163462257395,-0.21667622454449953,-1.1593523531187966,
2025-08-20,82.88201904296875,341.8350830078125,1.0,1.0,0.8022105569956678,-0.1977894430043322,-0.00979493886229954,0.0043217770635137764,-0.008712405238645115,0.0,1.0,0.6044211139913356,0.1977894430043322,0.0,0.0,0.0,0.0,2.3201436221655254e-05,-0.00873560667486677,15314.15770169201,-0.055653770754099274,-0.22758271144708342,-1.3012246431576184,
2025-08-21,82.12889862060547,341.5965270996094,1.0,1.0,0.8022105569956678,-0.1977894430043322,-0.00908665632255945,-0.0006978684168519322,-0.007151380624289164,0.0,1.0,0.6044211139913356,0.1977894430043322,0.0,0.0,0.0,0.0,2.3201436221655254e-05,-0.00717458206051082,15204.285020573616,-0.06242906026935802,-0.23653877985614336,-1.3967934578631676,
2025-08-22,84.67427062988281,347.9078674316406,1.0,1.0,0.8022105569956678,-0.1977894430043322,0.030992404038384658,0.018476008481757455,0.021208074279717215,0.0,1.0,0.6044211139913356,0.1977894430043322,0.0,0.0,0.0,0.0,2.3201436221655254e-05,0.02118487284349556,15526.385865410732,-0.04256673912940767,-0.21053073315264892,-0.959818439054498,
2025-08-25,83.64468383789062,346.6953125,1.0,1.0,0.8022105569956678,-0.1977894430043322,-0.012159381879917053,-0.003485275974332125,-0.009065033716931757,0.0,1.0,0.6044211139913356,0.1977894430043322,0.0,0.0,0.0,0.0,2.3201436221655254e-05,-0.009088235153153412,15385.278419587283,-0.051268117747650055,-0.2219038300916536,-1.1058006444388115,
2025-08-26,83.37775421142578,349.0408935546875,1.0,1.0,0.8022105569956678,-0.1977894430043322,-0.0031912324157046257,0.0067655401446695684,-0.003898192750542682,0.0,1.0,0.6044211139913356,0.1977894430043322,0.0,0.0,0.0,0.0,2.3201436221655254e-05,-0.003921394186764337,15324.946678230965,-0.05498846943551228,-0.2267626292206273,-1.1475788632457482,
2025-08-27,83.75907897949219,348.2159729003906,1.0,1.0,0.8022105569956678,-0.1977894430043322,0.00457345933184361,-0.00236339256955187,0.004136331457927539,0.0,1.0,0.6044211139913356,0.1977894430043322,0.0,0.0,0.0,0.0,2.3201436221655254e-05,0.004113130021705883,15387.980176494239,-0.05110151413828923,-0.2216161992160255,-1.0394778530315227,
2025-08-28,83.19661712646484,347.7289428710937,1.0,1.0,0.8022105569956678,-0.1977894430043322,-0.006715234454345631,-0.0013986435637639572,-0.00511039504053864,0.0,1.0,0.6044211139913356,0.1977894430043322,0.0,0.0,0.0,0.0,2.3201436221655254e-05,-0.005133596476760296,15308.98449567573,-0.05597277606211215,-0.2280089976320192,-1.103762335830896,
2025-08-29,83.35868835449219,349.63726806640625,1.0,1.0,0.8022105569956678,-0.1977894430043322,0.0019480506975539935,0.005487967666873095,0.00047728476708397416,0.0,1.0,0.6044211139913356,0.1977894430043322,0.0,0.0,0.0,0.0,2.3201436221655254e-05,0.0004540833308623189,15315.936050347647,-0.055544109035841616,-0.22741223133469068,-1.0623199957243603,
2025-09-02,81.25183868408203,347.93768310546875,1.0,1.0,0.8022105569956678,-0.1977894430043322,-0.025274506017303744,-0.00486099485428626,-0.01931402208525539,0.0,1.0,0.6044211139913356,0.1977894430043322,0.0,0.0,0.0,0.0,2.3201436221655254e-05,-0.019337223521477046,15019.768371501428,-0.07380726370559121,-0.2518101960291519,-1.3809970681666006,
2025-09-03,81.30903625488281,348.7327880859375,1.0,1.0,0.8022105569956678,-0.1977894430043322,0.0007039541717102082,0.002285193639769423,0.00011273229102003342,0.0,1.0,0.6044211139913356,0.1977894430043322,0.0,0.0,0.0,0.0,2.3201436221655254e-05,8.953085479837816e-05,15021.1131042026,-0.07372434087820279,-0.25166927383779436,-1.3320570235832399,
2025-09-04,80.5368423461914,348.8520812988281,1.0,1.0,0.8022105569956678,-0.1977894430043322,-0.00949702449148182,0.0003420762743457928,-0.007686272382880981,0.0,1.0,0.6044211139913356,0.1977894430043322,0.0,0.0,0.0,0.0,2.3201436221655254e-05,-0.007709473819102637,14905.308225991974,-0.08086543882147423,-0.26129600901121264,-1.417693156910098,
2025-09-05,81.07070922851562,341.1294250488281,1.0,1.0,0.8022105569956678,-0.1977894430043322,0.0066288529171452115,-0.022137337467637908,0.009696267438228453,0.0,1.0,0.6044211139913356,0.1977894430043322,0.0,0.0,0.0,0.0,2.3201436221655254e-05,0.009673066002006799,15049.48825624225,-0.07197458954646874,-0.24916962714021818,-1.2016867445844939,
2025-09-08,80.38430786132812,340.2149963378906,1.0,1.0,0.8022105569956678,-0.1977894430043322,-0.008466699918126097,-0.0026805917161986104,-0.00626188331476616,0.0,1.0,0.6044211139913356,0.1977894430043322,0.0,0.0,0.0,0.0,2.3201436221655254e-05,-0.006285084750987816,14954.90094709277,-0.07780730790223944,-0.25701057106883773,-1.2674995209373106,
2025-09-09,80.46057891845703,341.89471435546875,1.0,1.0,0.8022105569956678,-0.1977894430043322,0.0009488301779059238,0.00493722509489225,-0.00021536941599353972,0.0,1.0,0.6044211139913356,0.1977894430043322,0.0,0.0,0.0,0.0,2.3201436221655254e-05,-0.00023857085221519497,14951.333143629028,-0.07802731619869985,-0.2572764956707656,-1.2275475358449712,
2025-09-10,79.93624877929688,336.0604858398437,1.0,1.0,0.8022105569956678,-0.1977894430043322,-0.006516609079976199,-0.01706440102949114,-0.0018525342249451275,0.0,1.0,0.6044211139913356,0.1977894430043322,0.0,0.0,0.0,0.0,2.3201436221655254e-05,-0.0018757356611667827,14923.288394869538,-0.07975669324032764,-0.25957079683617335,-1.216463908209597,
2025-09-11,80.69890594482422,341.3977355957031,1.0,1.0,0.8022105569956678,-0.1977894430043322,0.009540817553661096,0.015881812890084834,0.00451248963848761,0.0,1.0,0.6044211139913356,0.1977894430043322,0.0,0.0,0.0,0.0,2.3201436221655254e-05,0.004489288202265954,14990.28333739964,-0.07562545582007707,-0.2539601848810036,-1.1008070460945025,
2025-09-12,80.41291046142578,337.36248779296875,1.0,1.0,0.8022105569956678,-0.1977894430043322,-0.0035439821649376757,-0.011819784907750708,-0.0005051912331823409,0.0,1.0,0.6044211139913356,0.1977894430043322,0.0,0.0,0.0,0.0,2.3201436221655254e-05,-0.0005283926694039962,14982.362581571868,-0.0761138885530055,-0.2545788688513624,-1.0728927601300022,
2025-09-15,80.09830474853516,336.9848022460937,1.0,1.0,0.8022105569956678,-0.1977894430043322,-0.00391237813785561,-0.001119524430074903,-0.0029171209316925647,0.0,1.0,0.6044211139913356,0.1977894430043322,0.0,0.0,0.0,0.0,2.3201436221655254e-05,-0.00294032236791422,14938.309605749071,-0.0788304115518984,-0.2582227408066853,-1.0859403577411035,
2025-09-16,81.22322845458984,337.9588623046875,1.0,1.0,0.8022105569956678,-0.1977894430043322,0.014044288572477637,0.002890516284715039,0.010694762952386439,0.0,1.0,0.6044211139913356,0.1977894430043322,0.0,0.0,0.0,0.0,2.3201436221655254e-05,0.010671561516164784,15097.724695654337,-0.06900009362195436,-0.24498780423552113,-0.874195339426866,
2025-09-17,80.25084686279297,344.0912780761719,1.0,1.0,0.8022105569956678,-0.1977894430043322,-0.011971718070040938,0.018145450394952745,-0.013192817147843086,0.0,1.0,0.6044211139913356,0.1977894430043322,0.0,0.0,0.0,0.0,2.3201436221655254e-05,-0.01321601858406474,14898.192885499477,-0.08130420568640906,-0.2614655157657897,-1.0649224589381059,
2025-09-18,81.08023834228516,336.1200866699219,1.0,1.0,0.8022105569956678,-0.1977894430043322,0.010334987254529748,-0.023165921120748112,0.012872810517154502,0.0,1.0,0.6044211139913356,0.1977894430043322,0.0,0.0,0.0,0.0,2.3201436221655254e-05,0.012849609080932847,15089.628840090481,-0.06949932386518232,-0.24540468550572903,-0.815246311379768,
2025-09-19,80.13643646240234,339.5292053222656,1.0,1.0,0.8022105569956678,-0.1977894430043322,-0.011640344172380135,0.010142561505678716,-0.011344098572991717,0.0,1.0,0.6044211139913356,0.1977894430043322,0.0,0.0,0.0,0.0,2.3201436221655254e-05,-0.011367300009213372,14918.100502037494,-0.08007660420958262,-0.25960141674335735,-0.9784077950156886,
2025-09-22,80.29851531982422,342.2624206542969,1.0,1.0,0.8022105569956678,-0.1977894430043322,0.002022536371428574,0.008050015401287913,3.0291966670681e-05,0.0,1.0,0.6044211139913356,0.1977894430043322,0.0,0.0,0.0,0.0,2.3201436221655254e-05,7.090530449025746e-06,14918.206279283346,-0.08007008146473404,-0.2595577525761432,-0.9459860569881066,
2025-09-23,80.4701156616211,336.6369323730469,1.0,1.0,0.8022105569956678,-0.1977894430043322,0.002137030069776502,-0.016436184464820425,0.004965251853005189,0.0,1.0,0.6044211139913356,0.1977894430043322,0.0,0.0,0.0,0.0,2.3201436221655254e-05,0.004942050416783533,14991.932806843542,-0.07552374142742502,-0.25333689792139746,-0.8306599854224737,
2025-09-24,79.98391723632812,336.6170654296875,1.0,1.0,0.8022105569956678,-0.1977894430043322,-0.00604197497785941,-5.9015935118367224e-05,-0.004835263383407043,0.0,1.0,0.6044211139913356,0.1977894430043322,0.0,0.0,0.0,0.0,2.3201436221655254e-05,-0.004858464819628699,14919.095028723255,-0.08001527680628195,-0.2593826483524544,-0.8853451265527951,
2025-09-25,78.72552490234375,332.8899230957031,1.0,1.0,0.8022105569956678,-0.1977894430043322,-0.0157330670647976,-0.011072351097906274,-0.01043123833689819,0.0,1.0,0.6044211139913356,0.1977894430043322,0.0,0.0,0.0,0.0,2.3201436221655254e-05,-0.010454439773119845,14763.124248276015,-0.08963320168710098,-0.2724956184778371,-1.0420641810492501,
2025-09-26,79.81231689453125,335.3150329589844,1.0,1.0,0.8022105569956678,-0.1977894430043322,0.013804823702803226,0.007285020347654214,0.00963347519501502,0.0,1.0,0.6044211139913356,0.1977894430043322,0.0,0.0,0.0,0.0,2.3201436221655254e-05,0.009610273758793366,14905.001913837028,-0.08088432753439789,-0.2605748644532384,-0.8472447994987634,
2025-09-29,80.555908203125,338.0880432128906,1.0,1.0,0.8022105569956678,-0.1977894430043322,0.009316748811795339,0.00826986559306886,0.005838302144325284,0.0,1.0,0.6044211139913356,0.1977894430043322,0.0,0.0,0.0,0.0,2.3201436221655254e-05,0.005815100708103628,14991.676001020467,-0.07553957733661398,-0.2533318450236153,-0.714986626976822,
2025-09-30,79.63117980957031,339.3006286621094,1.0,1.0,0.8022105569956678,-0.1977894430043322,-0.011479336701448961,0.003586596667824793,-0.009918236046420443,0.0,1.0,0.6044211139913356,0.1977894430043322,0.0,0.0,0.0,0.0,2.3201436221655254e-05,-0.009941437482642097,14842.637191296295,-0.084730042833699,-0.26576029111431243,-0.8755876796375371,
2025-10-01,80.4415054321289,345.7113037109375,1.0,1.0,0.8022105569956678,-0.1977894430043322,0.010175984137072991,0.018893790660235332,0.004426289571652003,0.0,1.0,0.6044211139913356,0.1977894430043322,0.0,0.0,0.0,0.0,2.3201436221655254e-05,0.004403088135430348,14907.990631011791,-0.08070002854458413,-0.2602506415978525,-0.7652475085727858,
2025-10-02,81.57597351074219,343.8428039550781,1.0,1.0,0.8022105569956678,-0.1977894430043322,0.014103018989002791,-0.005404797979708831,0.01238260270044596,0.0,1.0,0.6044211139913356,0.1977894430043322,0.0,0.0,0.0,0.0,2.3201436221655254e-05,0.012359401264224305,15092.244469263762,-0.06933803131517668,-0.24490994796472232,-0.4965824601994049,
2025-10-03,82.7294921875,347.7091064453125,1.0,1.0,0.8022105569956678,-0.1977894430043322,0.014140421831507988,0.011244389720424408,0.00911957409388134,0.0,1.0,0.6044211139913356,0.1977894430043322,0.0,0.0,0.0,0.0,2.3201436221655254e-05,0.009096372657659686,15229.529149196687,-0.06087238322970845,-0.233625464779331,-0.28336009773253845,
2025-10-06,82.57695770263672,347.1524963378906,1.0,1.0,0.8022105569956678,-0.1977894430043322,-0.001843773977453833,-0.0016007924357006598,-0.0011624751052045756,0.0,1.0,0.6044211139913356,0.1977894430043322,0.0,0.0,0.0,0.0,2.3201436221655254e-05,-0.0011856765414262308,15211.471853747518,-0.06198588481431844,-0.23507594014359623,-0.2785702513733905,
2025-10-07,81.96682739257812,350.2733764648437,1.0,1.0,0.8022105569956678,-0.1977894430043322,-0.0073886266463787376,0.008989940040400768,-0.0077053495306577315,0.0,1.0,0.6044211139913356,0.1977894430043322,0.0,0.0,0.0,0.0,2.3201436221655254e-05,-0.007728550966879387,15093.909218244578,-0.06923537471118335,-0.244698613382198,-0.4204606647624838,
2025-10-08,82.22422790527344,349.2198181152344,1.0,1.0,0.8022105569956678,-0.1977894430043322,0.00314030103254459,-0.0030078173803628205,0.0031140971647723786,0.0,1.0,0.6044211139913356,0.1977894430043322,0.0,0.0,0.0,0.0,2.3201436221655254e-05,0.0030908957285507234,15140.562917774383,-0.06635847830659203,-0.2408205212797363,-0.3222426285589429,
2025-10-09,81.29949951171875,344.9261474609375,1.0,1.0,0.8022105569956678,-0.1977894430043322,-0.011246422339410977,-0.012295037198834069,-0.006590170169832465,0.0,1.0,0.6044211139913356,0.1977894430043322,0.0,0.0,0.0,0.0,2.3201436221655254e-05,-0.006613371606054121,15040.432748874297,-0.07253299663639245,-0.2490804636807249,-0.44998264060912996,
2025-10-10,79.00199890136719,341.5567932128906,1.0,1.0,0.8022105569956678,-0.1977894430043322,-0.028259714071430353,-0.009768335259154104,-0.020738167375792784,0.0,1.0,0.6044211139913356,0.1977894430043322,0.0,0.0,0.0,0.0,2.3201436221655254e-05,-0.02076136881201444,14728.172777482618,-0.09178848115419813,-0.27532689206850147,-0.9364800208914864,
2025-10-13,79.29752349853516,341.2089233398437,1.0,1.0,0.8022105569956678,-0.1977894430043322,0.00374072303584283,-0.0010184832506906494,0.0032022927450133473,0.0,1.0,0.6044211139913356,0.1977894430043322,0.0,0.0,0.0,0.0,2.3201436221655254e-05,0.003179091308791692,14774.994983553896,-0.08890119380809092,-0.2713419075039789,-0.8364539406691874,
2025-10-14,80.12691497802734,346.25799560546875,1.0,1.0,0.8022105569956678,-0.1977894430043322,0.010459235583914595,0.014797597367042448,0.005463700662491338,0.0,1.0,0.6044211139913356,0.1977894430043322,0.0,0.0,0.0,0.0,2.3201436221655254e-05,0.005440499226269682,14855.37833233006,-0.08394436145794848,-0.26455869002582766,-0.6737394418710586,
2025-10-15,80.1650390625,343.5843505859375,1.0,1.0,0.8022105569956678,-0.1977894430043322,0.00047579623504923063,-0.007721540162144436,0.0019089278905414138,0.0,1.0,0.6044211139913356,0.1977894430043322,0.0,0.0,0.0,0.0,2.3201436221655254e-05,0.0018857264543197586,14883.391512240263,-0.08221693110672101,-0.26217183043137227,-0.6062376197124834,
2025-10-16,81.6427001953125,333.3570251464844,0.0,1.0,0.8022105569956678,-0.1977894430043322,0.018432737638416796,-0.029766563645904687,0.02067444877154584,0.0,1.0,0.6044211139913356,0.1977894430043322,0.0,0.0,0.0,0.0,2.3201436221655254e-05,0.020651247335324183,15190.752111548001,-0.06326356595083305,-0.23645635865851133,0.06082808270818797,Exit Long Spread
2025-10-17,82.37675476074219,339.8075256347656,0.0,0.0,0.0,-0.0,0.008991061830067038,0.019350126146124413,0.0,0.0,0.0,0.0,0.0,0.8022105569956678,0.1977894430043322,1.0,0.001,0.0,-0.001,15175.561359436451,-0.06420030238488228,-0.23223078460204993,0.2763331121883955,
2025-10-20,82.85342407226562,342.3121643066406,0.0,0.0,0.0,-0.0,0.005786454114487638,0.007370756922455701,0.0,0.0,0.0,0.0,0.0,0.0,0.0,0.0,0.0,0.0,0.0,15175.561359436451,-0.06420030238488228,-0.22827164382136345,0.6225719479838471,
2025-10-21,83.94974517822266,345.0950622558594,0.0,0.0,0.0,-0.0,0.013232055503231921,0.008129708024999793,0.0,0.0,0.0,0.0,0.0,0.0,0.0,0.0,0.0,0.0,0.0,15175.561359436451,-0.06420030238488228,-0.21712268790163236,1.7515811763952918,
2025-10-22,83.01548767089844,343.2563781738281,0.0,0.0,0.0,-0.0,-0.011128771211167066,-0.005328050972424614,0.0,0.0,0.0,0.0,0.0,0.0,0.0,0.0,0.0,0.0,0.0,15175.561359436451,-0.06420030238488228,-0.22699667469072637,1.208728323122118,
2025-10-23,82.96781921386719,343.85272216796875,0.0,0.0,0.0,-0.0,-0.0005742116124188845,0.001737313658418449,-0.0,0.0,0.0,0.0,0.0,0.0,0.0,0.0,0.0,0.0,0.0,15175.561359436451,-0.06420030238488228,-0.22799902384871018,1.1117665609723568,
2025-10-24,83.1489486694336,345.2640686035156,0.0,0.0,0.0,-0.0,0.002183129040664644,0.004104508542635443,0.0,0.0,0.0,0.0,0.0,0.0,0.0,0.0,0.0,0.0,0.0,15175.561359436451,-0.06420030238488228,-0.22682819242608998,1.1462772913149175,
2025-10-27,85.05559539794922,345.7013854980469,0.0,0.0,0.0,-0.0,0.02293049712625561,0.0012666157133003342,0.0,0.0,0.0,0.0,0.0,0.0,0.0,0.0,0.0,0.0,0.0,15175.561359436451,-0.06420030238488228,-0.20446874150207406,2.4077378562664458,
2025-10-28,91.86233520507812,344.7869567871094,-1.0,0.0,0.0,-0.0,0.0800269491417025,-0.0026451404284079105,0.0,0.0,0.0,0.0,0.0,0.0,0.0,0.0,0.0,0.0,0.0,15175.561359436451,-0.06420030238488228,-0.12682970971802843,5.218461502948427,Enter Short Spread
2025-10-29,92.85379791259766,339.20123291015625,0.0,-1.0,-0.8022105569956678,0.1977894430043322,0.010792918613555136,-0.01620050807316953,-0.011862482720768364,0.0,1.0,-0.6044211139913356,0.8022105569956678,0.8022105569956678,0.1977894430043322,1.0,0.001,9.410227761279378e-05,-0.012956584998381157,14978.937908784765,-0.07632507070849193,-0.11206758541100337,4.623706994625252,Stop Short Spread
2025-10-30,90.62301635742188,342.9283752441406,-1.0,0.0,0.0,-0.0,-0.024024666791503724,0.010987997602507571,-0.0,0.0,0.0,0.0,0.0,0.8022105569956678,0.1977894430043322,1.0,0.001,0.0,-0.001,14963.95897087598,-0.0772487456377835,-0.13907992720612383,3.2456710790655583,Enter Short Spread
2025-10-31,91.9195327758789,338.6645202636719,-1.0,-1.0,-0.8022105569956678,0.1977894430043322,0.014306701217530637,-0.012433660461701912,-0.013936233529710861,0.0,1.0,-0.6044211139913356,0.8022105569956678,0.8022105569956678,0.1977894430043322,1.0,0.001,9.410227761279378e-05,-0.015030335807323656,14739.045642536701,-0.09111800685747662,-0.1217897957340277,3.369626279257486,
2025-11-03,89.69828796386719,334.8478698730469,-1.0,-1.0,-0.8022105569956678,0.1977894430043322,-0.024165101202457406,-0.011269708405396317,0.01715646994715546,0.0,1.0,-0.6044211139913356,0.8022105569956678,0.0,0.0,0.0,0.0,9.410227761279378e-05,0.017062367669542666,14990.528658387833,-0.0756103281222521,-0.14345727914394946,2.53043177047008,
2025-11-04,88.89749145507812,338.2271728515625,-1.0,-1.0,-0.8022105569956678,0.1977894430043322,-0.008927667706563613,0.010092054579283527,0.009157971137560441,0.0,1.0,-0.6044211139913356,0.8022105569956678,0.0,0.0,0.0,0.0,9.410227761279378e-05,0.009063868859947647,15126.400844288748,-0.06723178136086216,-0.1549008171080588,2.0881969945706373,
2025-11-05,88.57337188720703,337.9687805175781,-1.0,-1.0,-0.8022105569956678,0.1977894430043322,-0.003645992283537902,-0.0007639608958851518,0.0027737501005046326,0.0,1.0,-0.6044211139913356,0.8022105569956678,0.0,0.0,0.0,0.0,9.410227761279378e-05,0.0026796478228918387,15166.934271379336,-0.06473229103452316,-0.1583650414576161,1.8994675688057985,
2025-11-06,89.23116302490234,334.90753173828125,-1.0,-1.0,-0.8022105569956678,0.1977894430043322,0.00742651119269766,-0.009057785676560903,-0.007749160064248151,0.0,1.0,-0.6044211139913356,0.8022105569956678,0.0,0.0,0.0,0.0,9.410227761279378e-05,-0.007843262341860944,15047.976026967144,-0.07206784103581065,-0.14872254831459375,2.0394242686024815,
2025-11-07,91.47146606445312,333.9732360839844,-1.0,-1.0,-0.8022105569956678,0.1977894430043322,0.02510673360746818,-0.002789712281021428,-0.02069266238979447,0.0,1.0,-0.6044211139913356,0.8022105569956678,0.0,0.0,0.0,0.0,9.410227761279378e-05,-0.020786764667407264,14735.177290573793,-0.09135654845151842,-0.12323703063112634,2.4937097331957396,
2025-11-10,88.71636199951172,332.8103942871094,-1.0,-1.0,-0.8022105569956678,0.1977894430043322,-0.030119819693281036,-0.0034818412712046554,0.023473765887095,0.0,1.0,-0.6044211139913356,0.8022105569956678,0.0,0.0,0.0,0.0,9.410227761279378e-05,0.023379663609482206,15079.68077885349,-0.07011277021335605,-0.15295980600750703,1.7117305414215234,
2025-11-11,90.59441375732422,336.8555908203125,-1.0,-1.0,-0.8022105569956678,0.1977894430043322,0.021169170099905932,0.012154658035450128,-0.014578068694241763,0.0,1.0,-0.6044211139913356,0.8022105569956678,0.0,0.0,0.0,0.0,9.410227761279378e-05,-0.014672170971854557,14858.429124265162,-0.08375623463332993,-0.13499032173289938,2.0181270912819254,
2025-11-12,91.69073486328124,337.4830017089844,-1.0,-1.0,-0.8022105569956678,0.1977894430043322,0.012101420611802194,0.0018625515080334942,-0.00933949434409187,0.0,1.0,-0.6044211139913356,0.8022105569956678,0.0,0.0,0.0,0.0,9.410227761279378e-05,-0.009433596621704664,14718.260697474656,-0.09239970872295089,-0.12342033312107548,2.153180070359136,
2025-11-13,91.49054718017578,334.69451904296875,-1.0,-1.0,-0.8022105569956678,0.1977894430043322,-0.0021832923839464335,-0.00826258700999749,0.00011720771692783354,0.0,1.0,-0.6044211139913356,0.8022105569956678,0.0,0.0,0.0,0.0,9.410227761279378e-05,2.3105439315039753e-05,14718.600769354025,-0.09237873821949849,-0.12356036304128848,2.03733871485595,
2025-11-14,91.50007629394533,328.6595153808594,-1.0,-1.0,-0.8022105569956678,0.1977894430043322,0.00010415407999242454,-0.018031378820800414,-0.0036499698760903204,0.0,1.0,-0.6044211139913356,0.8022105569956678,0.0,0.0,0.0,0.0,9.410227761279378e-05,-0.0037440721537031142,14663.493266072013,-0.0957769377118397,-0.11896990855763834,2.019866532332645,
2025-11-17,91.35458374023438,324.4071350097656,-1.0,-1.0,-0.8022105569956678,0.1977894430043322,-0.0015900812283866639,-0.012938558514473453,-0.001283530333964243,0.0,1.0,-0.6044211139913356,0.8022105569956678,0.0,0.0,0.0,0.0,9.410227761279378e-05,-0.0013776326115770368,14643.292359549032,-0.097022624890588,-0.11735036502073415,1.9551996649958459,
2025-11-18,90.03553009033203,319.85595703125,-1.0,-1.0,-0.8022105569956678,0.1977894430043322,-0.014438833782583482,-0.014029216645862652,0.00880815394492188,0.0,1.0,-0.6044211139913356,0.8022105569956678,0.0,0.0,0.0,0.0,9.410227761279378e-05,0.008714051667309085,14770.894765749654,-0.08915403338947347,-0.12841097957768155,1.6699490713929308,
2025-11-19,89.628173828125,322.7838439941406,-1.0,-1.0,-0.8022105569956678,0.1977894430043322,-0.0045243945562194465,0.009153767183409212,0.005440035589610813,0.0,1.0,-0.6044211139913356,0.8022105569956678,0.0,0.0,0.0,0.0,9.410227761279378e-05,0.005345933311998019,14849.858984125893,-0.08428471159447115,-0.1351922850183629,1.4848102378584205,
2025-11-20,88.13453674316406,322.4352722167969,-1.0,-1.0,-0.8022105569956678,0.1977894430043322,-0.016664816666076443,-0.0010798922679354783,0.013155100569744227,0.0,1.0,-0.6044211139913356,0.8022105569956678,0.0,0.0,0.0,0.0,9.410227761279378e-05,0.013060998292131433,15043.812966955955,-0.07232455577652785,-0.1517311247115809,1.1435815392940418,
2025-11-21,91.81044006347656,326.6279602050781,-1.0,-1.0,-0.8022105569956678,0.1977894430043322,0.041707864546047135,0.013003192732159219,-0.030886595000812582,0.0,1.0,-0.6044211139913356,0.8022105569956678,0.0,0.0,0.0,0.0,9.410227761279378e-05,-0.030980697278425375,14577.745151513442,-0.10106458788664407,-0.11405492476045898,1.753519879592182,
2025-11-24,90.74354553222656,327.9424743652344,-1.0,-1.0,-0.8022105569956678,0.1977894430043322,-0.011620623215751524,0.004024499798887193,0.010118190196137765,0.0,1.0,-0.6044211139913356,0.8022105569956678,0.0,0.0,0.0,0.0,9.410227761279378e-05,0.01002408791852497,14723.873750566063,-0.09205358028254429,-0.1267338664096238,1.4701424783103714,
2025-11-25,91.6940460205078,333.15093994140625,-1.0,-1.0,-0.8022105569956678,0.1977894430043322,0.010474579571542852,0.015882253697857784,-0.005261476199830048,0.0,1.0,-0.6044211139913356,0.8022105569956678,0.0,0.0,0.0,0.0,9.410227761279378e-05,-0.005355578477442841,14645.018889202946,-0.09691615858665448,-0.12019885157060362,1.5224891452592217,
2025-11-26,92.79003143310548,332.4140014648437,-1.0,-1.0,-0.8022105569956678,0.1977894430043322,0.011952634442072396,-0.002212025806357265,-0.010026044885491112,0.0,1.0,-0.6044211139913356,0.8022105569956678,0.0,0.0,0.0,0.0,9.410227761279378e-05,-0.010120147163103907,14496.809142837774,-0.10605549996237873,-0.10777109443700605,1.6635438437052552,
2025-11-28,92.90641784667967,333.0613098144531,-1.0,-1.0,-0.8022105569956678,0.1977894430043322,0.0012542986760177843,0.0019472956817612186,-0.0006210571112668625,0.0,1.0,-0.6044211139913356,0.8022105569956678,0.0,0.0,0.0,0.0,9.410227761279378e-05,-0.0007151593888796563,14486.441613670479,-0.10669481276471793,-0.10699723138219142,1.6089161253783255,
2025-12-01,92.35358428955078,329.02801513671875,-1.0,-1.0,-0.8022105569956678,0.1977894430043322,-0.005950434533394833,-0.012109766457056526,0.0023783174389471694,0.0,1.0,-0.6044211139913356,0.8022105569956678,0.0,0.0,0.0,0.0,9.410227761279378e-05,0.0022842151613343756,14519.531763238212,-0.10465431151233628,-0.10996148496803593,1.4988811686713104,
2025-12-02,92.70274353027344,328.2611694335937,-1.0,-1.0,-0.8022105569956678,0.1977894430043322,0.0037806788270171587,-0.0023306395438893457,-0.0034938763648729074,0.0,1.0,-0.6044211139913356,0.8022105569956678,0.0,0.0,0.0,0.0,9.410227761279378e-05,-0.0035879786424857013,14467.43599337282,-0.10786679272027178,-0.10561263222228279,1.510031570013824,
2025-12-03,95.25357055664062,328.2511901855469,-1.0,-1.0,-0.8022105569956678,0.1977894430043322,0.027516197786899177,-3.0400330517377228e-05,-0.02207979721747153,0.0,1.0,-0.6044211139913356,0.8022105569956678,0.0,0.0,0.0,0.0,9.410227761279378e-05,-0.02217389949508432,14146.636521704206,-0.1276488647947196,-0.07846070520548976,1.8608983183031307,
2025-12-04,91.90743255615234,325.7515869140625,-1.0,-1.0,-0.8022105569956678,0.1977894430043322,-0.03512874090634288,-0.007614910002524122,0.02667449800110646,0.0,1.0,-0.6044211139913356,0.8022105569956678,0.0,0.0,0.0,0.0,9.410227761279378e-05,0.026580395723493667,14522.659718607529,-0.10446142641112455,-0.1123366189118673,1.2766405105511371,
2025-12-05,92.01412200927734,329.8744812011719,-1.0,-1.0,-0.8022105569956678,0.1977894430043322,0.0011608359645975952,0.01265655933150378,0.0015720989547889758,0.0,1.0,-0.6044211139913356,0.8022105569956678,0.0,0.0,0.0,0.0,9.410227761279378e-05,0.001477996677176182,14544.12416141539,-0.10313782337507715,-0.11427741817526971,1.2036831342578314,
2025-12-08,92.67365264892578,325.4926147460937,-1.0,-1.0,-0.8022105569956678,0.1977894430043322,0.007167711056156545,-0.01328343568475654,-0.008377336824015215,0.0,1.0,-0.6044211139913356,0.8022105569956678,0.0,0.0,0.0,0.0,9.410227761279378e-05,-0.008471439101628009,14420.914499295443,-0.11073553668690872,-0.10383822175157009,1.3201253878723762,
2025-12-09,94.0509033203125,325.1540222167969,-1.0,-1.0,-0.8022105569956678,0.1977894430043322,0.01486129694924343,-0.0010402464263619127,-0.012127639064587959,0.0,1.0,-0.6044211139913356,0.8022105569956678,0.0,0.0,0.0,0.0,9.410227761279378e-05,-0.012221741342200753,14244.66581236706,-0.12160389694233231,-0.08882965985355429,1.4971599582490644,
2025-12-10,96.6405258178711,324.38720703125,-1.0,-1.0,-0.8022105569956678,0.1977894430043322,0.027534265021772475,-0.0023583137010545485,-0.022554727632943496,0.0,1.0,-0.6044211139913356,0.8022105569956678,0.0,0.0,0.0,0.0,9.410227761279378e-05,-0.02264882991055629,13922.040799250044,-0.1414985408745809,-0.061085503094757465,1.83860216243349,
2025-12-11,97.45523834228516,344.2051696777344,-1.0,-1.0,-0.8022105569956678,0.1977894430043322,0.008430340351722299,0.06109353950131324,0.0053207491199097155,0.0,1.0,-0.6044211139913356,0.8022105569956678,0.0,0.0,0.0,0.0,9.410227761279378e-05,0.005226646842296922,13994.806389831776,-0.13701145693413552,-0.06731124636884944,1.6748922534178217,
2025-12-12,97.88198852539062,346.3960876464844,-1.0,-1.0,-0.8022105569956678,0.1977894430043322,0.004378935297522091,0.006365151257900159,-0.00225386840213479,0.0,1.0,-0.6044211139913356,0.8022105569956678,0.0,0.0,0.0,0.0,9.410227761279378e-05,-0.0023479706797475837,13961.946994759706,-0.13903772873021225,-0.0645062603818416,1.6467262317058997,
2025-12-15,97.05757904052734,345.4599914550781,-1.0,-1.0,-0.8022105569956678,0.1977894430043322,-0.00842248402676693,-0.0027023867323858752,0.006222102035818914,0.0,1.0,-0.6044211139913356,0.8022105569956678,0.0,0.0,0.0,0.0,9.410227761279378e-05,0.006127999758206121,14047.50580256768,-0.13376175214004637,-0.07229722367015201,1.477066939208864,
2025-12-16,97.09637451171876,343.68731689453125,-1.0,-1.0,-0.8022105569956678,0.1977894430043322,0.00039971604046717957,-0.005131345465159032,-0.00133558238887989,0.0,1.0,-0.6044211139913356,0.8022105569956678,0.0,0.0,0.0,0.0,9.410227761279378e-05,-0.0014296846664926838,14027.422298919284,-0.13500019968054122,-0.07062916879513437,1.4491875619078312,
2025-12-17,97.92078399658205,342.9902038574219,-1.0,-1.0,-0.8022105569956678,0.1977894430043322,0.008490630973701174,-0.002028335067491893,-0.007212457065882864,0.0,1.0,-0.6044211139913356,0.8022105569956678,0.0,0.0,0.0,0.0,9.410227761279378e-05,-0.007306559343495657,13924.930105455955,-0.1413203720536873,-0.06167377540542218,1.522331189920878,
2025-12-18,99.00707244873048,344.5836181640625,-1.0,-1.0,-0.8022105569956678,0.1977894430043322,0.011093543248043902,0.004645655440652208,-0.007980495906072183,0.0,1.0,-0.6044211139913356,0.8022105569956678,0.0,0.0,0.0,0.0,9.410227761279378e-05,-0.008074598183684977,13812.491890118501,-0.14825386501786986,-0.051784073800532626,1.6048181294888038,
2025-12-19,98.85188293457033,347.81024169921875,-1.0,-1.0,-0.8022105569956678,0.1977894430043322,-0.0015674588726024563,0.009363833232547858,0.0031094994147093146,0.0,1.0,-0.6044211139913356,0.8022105569956678,0.0,0.0,0.0,0.0,9.410227761279378e-05,0.0030153971370965207,13854.142038620133,-0.14568551216091163,-0.05565072506001245,1.5000996052742688,
2025-12-22,97.69771575927734,350.6385192871094,-1.0,-1.0,-0.8022105569956678,0.1977894430043322,-0.011675722717967019,0.008131668504277378,0.010974746209064188,0.0,1.0,-0.6044211139913356,0.8022105569956678,0.0,0.0,0.0,0.0,9.410227761279378e-05,0.010880643931451394,14004.884025118114,-0.1363900204132541,-0.06939194434976748,1.261552568115398,
2025-12-23,97.17396545410156,351.9232177734375,-1.0,-1.0,-0.8022105569956678,0.1977894430043322,-0.005360926825211276,0.0036638829325998934,0.005025269458937768,0.0,1.0,-0.6044211139913356,0.8022105569956678,0.0,0.0,0.0,0.0,9.410227761279378e-05,0.004931167181324974,14073.944449601038,-0.13213141522445127,-0.07566899222386736,1.134345187760101,
2025-12-24,97.62982177734376,353.6759948730469,-1.0,-1.0,-0.8022105569956678,0.1977894430043322,0.004691136366741233,0.0049805668142581805,-0.002778175581668131,0.0,1.0,-0.6044211139913356,0.8022105569956678,0.0,0.0,0.0,0.0,9.410227761279378e-05,-0.002872277859280925,14033.5201705657,-0.13462417494526746,-0.0722137632810187,1.151417805262473,
2025-12-26,97.513427734375,353.5365295410156,-1.0,-1.0,-0.8022105569956678,0.1977894430043322,-0.0011921976384861033,-0.0003943307831262288,0.0008783990656648579,0.0,1.0,-0.6044211139913356,0.8022105569956678,0.0,0.0,0.0,0.0,9.410227761279378e-05,0.0007842967880520641,14044.526615360539,-0.13394546346521918,-0.07330942854586198,1.102929475992125,
2025-12-29,96.67931365966795,353.1481628417969,-1.0,-1.0,-0.8022105569956678,0.1977894430043322,-0.00855383811324073,-0.0010985192950865308,0.006644703717768942,0.0,1.0,-0.6044211139913356,0.8022105569956678,0.0,0.0,0.0,0.0,9.410227761279378e-05,0.006550601440156148,14136.526711633433,-0.1282722853709406,-0.081629065830233,0.9479593955404622,
2025-12-30,96.6405258178711,352.1622314453125,-1.0,-1.0,-0.8022105569956678,0.1977894430043322,-0.0004012010463106952,-0.0027918349866258296,-0.00023034777213658264,0.0,1.0,-0.6044211139913356,0.8022105569956678,0.0,0.0,0.0,0.0,9.410227761279378e-05,-0.00032445004974937644,14131.940114838559,-0.12855511747131998,-0.08134104238421203,0.9216917850903089,
2025-12-31,96.20407104492188,349.26422119140625,-1.0,-1.0,-0.8022105569956678,0.1977894430043322,-0.004516270676876877,-0.008229190966937305,0.0019953529175137895,0.0,1.0,-0.6044211139913356,0.8022105569956678,0.0,0.0,0.0,0.0,9.410227761279378e-05,0.0019012506399009956,14158.808475024938,-0.12689828233077383,-0.08383019534008107,0.8548265672692982,
