Date,portfolio,strategy_return,drawdown
2014-01-02,9990.0,-0.001,0.0
2014-01-03,9982.271974638972,-0.0007735761122149576,-0.0007735761122149576
2014-01-06,9887.428882331473,-0.009501152898704679,-0.010267379145998734
2014-01-07,9941.351810962384,0.005453685611561676,-0.004869688592353927
2014-01-08,9953.528473364053,0.0012248497622064924,-0.003650803467061814
2014-01-09,9952.324291640325,-0.00012098038669905442,-0.0037713421781456757
2014-01-10,9954.035283003319,0.00017191877121924826,-0.003600071771439506
2014-01-13,9792.925053432016,-0.016185418776483607,-0.019727221878677037
2014-01-14,9911.519598487226,0.01211022696570585,-0.007855896047324729
2014-01-15,9942.409203696528,0.0031165357544182815,-0.004763843473820972
2014-01-16,9870.359791890241,-0.007246675361088473,-0.011975996807783607
2014-01-17,10077.593460717411,0.020995553677530365,0.0
2014-01-21,10007.160649773306,-0.006989050631845073,-0.006989050631845073
2014-01-22,10051.422584151995,0.004423026263667529,-0.002596937122680276
2014-01-23,9893.533611991264,-0.01570812199356464,-0.018264266111112204
2014-01-24,9657.492238727249,-0.02385814639351158,-0.041686660969974865
2014-01-27,9487.731185735238,-0.017578171309447943,-0.05853205701157371
2014-01-28,9625.79707191957,0.014552044475281134,-0.044831773633154604
2014-01-29,9515.805413250668,-0.011426758516421387,-0.055746250298407074
2014-01-30,9622.54245858297,0.01121681672721797,-0.04515472904401596
2014-01-31,9472.774206941169,-0.015564311852759083,-0.060016238612307204
2014-02-03,9350.642890928993,-0.012892877349771958,-0.0721353339586559
2014-02-04,9387.876712697389,0.003981953134422067,-0.06844062034339315
2014-02-05,9405.776669775529,0.001906709858463529,-0.06666440689045783
2014-02-06,9529.999224891028,0.01320704918655724,-0.0543377978046955
2014-02-07,9623.060790525558,0.009765117859765082,-0.04510329494473331
2014-02-10,9564.317843243396,-0.006104393244610651,-0.050932359940373706
2014-02-11,9673.683040052474,0.0114347095738081,-0.04008004711039248
2014-02-12,9718.113097364094,0.004592879167909736,-0.035671250755904826
2014-02-13,9741.021438576743,0.0023572828370213017,-0.03339805514606542
2014-02-14,9818.044507464228,0.007907083397071357,-0.025755052956334068
2014-02-18,9783.146630837573,-0.0035544630705355296,-0.02921797064225662
2014-02-19,9670.455405278197,-0.011518914088863852,-0.04040032543744132
2014-02-20,9717.424390158652,0.004856956876593488,-0.03573959119929804
2014-02-21,9736.582466853251,0.0019715179584007814,-0.03383853448677254
2014-02-24,9792.866402635198,0.005780666468296891,-0.028253477300119623
2014-02-25,9789.35414180182,-0.0003586550340800576,-0.02860199908233574
2014-02-26,9754.539456741311,-0.0035563822246296173,-0.03205666166583998
2014-02-27,9775.431968525547,0.00214182451943401,-0.02998349689037305
2014-02-28,9778.442257766497,0.0003079443701969886,-0.029684785769242383
2014-03-03,9677.045439940746,-0.010369424408598116,-0.03974639603572083
2014-03-04,9827.392229400224,0.015536435205619759,-0.024827478136767
2014-03-05,9771.35457555806,-0.005702189607790231,-0.030388096756738037
2014-03-06,9833.105267133324,0.006319563075699364,-0.024260573175243216
2014-03-07,9889.125809776193,0.005697136471234154,-0.018701652500258903
2014-03-10,9913.08502799167,0.0024227842456803206,-0.016324178323624317
2014-03-11,9930.183449165654,0.001724833502961154,-0.01462750131034396
2014-03-12,9915.959620198544,-0.0014323833028788702,-0.016038932424583097
2014-03-13,9726.368321640353,-0.019119813494601012,-0.0348520845225736
2014-03-14,9685.731047063753,-0.0041780522012707655,-0.03888452289538602
2014-03-17,9788.93688404084,0.010655451454887777,-0.028643403586556482
2014-03-18,9868.933551539862,0.00817215070917876,-0.02070533108831074
2014-03-19,9787.894673777333,-0.008211513162927675,-0.028746822152464047
2014-03-20,9740.66197437546,-0.0048256239953637925,-0.033433724793058395
2014-03-21,9773.325014390843,0.003353266964946311,-0.030192570032975707
2014-03-24,9737.371009777318,-0.0036787894151256717,-0.033760287341048634
2014-03-25,9699.260046154111,-0.003913886364701469,-0.037542039777457625
2014-03-26,9593.85448409642,-0.010867381795736653,-0.04800143789354194
2014-03-27,9610.500032613014,0.0017350219918581544,-0.046349699452069903
2014-03-28,9541.296034099129,-0.007200873864943835,-0.05321681497758146
2014-03-31,9628.602346629763,0.00915036198631869,-0.044553406112066485
2014-04-01,9600.391216400472,-0.002929929933098263,-0.047352797686975534
2014-04-02,9630.160727475188,0.0031008643714289796,-0.04439876791878161
2014-04-03,9664.863601581561,0.0036035612580551657,-0.04095520034070399
2014-04-04,9478.902379229174,-0.01924095672927617,-0.05940813983238591
2014-04-07,9345.74522095207,-0.014047740228751215,-0.07262132994529835
2014-04-08,9330.097433719717,-0.0016743220430697203,-0.07417406049484365
2014-04-09,9463.109291733923,0.014256213180956712,-0.060975288532798544
2014-04-10,9268.088413258878,-0.02060854127991485,-0.08032721806193055
2014-04-11,9139.16552341209,-0.013910407853074847,-0.09312024155006104
2014-04-14,9229.570741785457,0.00989206488729999,-0.08414932813449538
2014-04-15,9283.309321478919,0.005822435430303141,-0.07881684673375866
2014-04-16,9479.973380482745,0.02118469310817872,-0.059301864335388976
2014-04-17,9479.694125416081,-2.9457368228347214e-05,-0.05932957482676293
2014-04-21,9550.231405791243,0.0074408814716968585,-0.052330157689118195
2014-04-22,9574.119650988436,0.0025013263220730053,-0.049959726167911334
2014-04-23,9559.767435462592,-0.0014990637310827726,-0.05138389708548097
2014-04-24,9543.68687578008,-0.001682107832755464,-0.05297957166247136
2014-04-25,9246.257159167184,-0.031165074932174464,-0.08249353427391037
2014-04-28,9344.507200842738,0.010625925710723294,-0.07274417872999672
2014-04-29,9360.634171832997,0.0017258235927952725,-0.07114389875709226
2014-04-30,9383.134045311224,0.0024036697797604756,-0.06891123541678856
2014-05-01,9442.937846707955,0.006373542262951615,-0.06297690182515814
2014-05-02,9427.037284611903,-0.0016838575403306244,-0.06455471523448386
2014-05-05,9458.696004591126,0.0033582894628942928,-0.061413219191541746
2014-05-06,9390.867590717364,-0.007171011082377388,-0.06814383539849211
2014-05-07,9537.08768569487,0.015570456463686266,-0.0536344095571466
2014-05-08,9594.687749576613,0.006039586274134701,-0.047918752926794594
2014-05-09,9630.141717796258,0.0036951664447035792,-0.04440065424997808
2014-05-12,9735.49579525004,0.010940033962230533,-0.03394636495318759
2014-05-13,9792.33402864555,0.005838247439153621,-0.02830630479229057
2014-05-14,9728.617862894203,-0.006506739411151319,-0.034628862454465836
2014-05-15,9629.350217435622,-0.010203674032382093,-0.04447919486225038
2014-05-16,9725.523733462425,0.009987539538510504,-0.03493589304106759
2014-05-19,9740.940194131563,0.0015851548041669883,-0.0334061170355926
2014-05-20,9643.442373509926,-0.010009077017059775,-0.0430808296544023
2014-05-21,9752.196821518544,0.011277554611345053,-0.03228912145218665
2014-05-22,9731.718215668787,-0.0020998966924632434,-0.03432121432530999
2014-05-23,9845.404507635576,0.011682036968944098,-0.023040119050933172
2014-05-27,9922.088342279,0.007788794719805647,-0.015430779088735136
2014-05-28,9917.975686880567,-0.0004144949386217789,-0.015838878047525595
2014-05-29,9969.562397579328,0.005201334660156487,-0.010719926692735693
2014-05-30,9964.372066447402,-0.000520617748797636,-0.011234963457431357
2014-06-02,9944.458783843309,-0.001998448318800361,-0.01321095928239846
2014-06-03,9862.697504684727,-0.008221792752705515,-0.021324134265819583
2014-06-04,9842.64593960278,-0.0020330710814584485,-0.023313851866565094
2014-06-05,9892.426920853817,0.005057682817862785,-0.018374083116705964
2014-06-06,9908.647821828763,0.0016397291690628535,-0.01676448246768447
2014-06-09,9894.221400238759,-0.0014559425109672564,-0.018196016855952624
2014-06-10,9903.67851758552,0.0009558222890113655,-0.017257586725423435
2014-06-11,9847.969239783928,-0.0056251096703786585,-0.022785620577825627
2014-06-12,9748.421087011042,-0.010108495502883064,-0.032663787737567285
2014-06-13,9744.39446825887,-0.00041305342847131055,-0.033063349276526766
2014-06-16,9727.92886701287,-0.0016897510973754581,-0.034697231543179274
2014-06-17,9761.931760335105,0.003495388770526242,-0.03132312308615748
2014-06-18,9829.743723546679,0.006946572141295793,-0.024594139279070393
2014-06-19,9788.064117559916,-0.004240151845151474,-0.028730008239177818
2014-06-20,9775.608138155923,-0.0012725682274236094,-0.029966015570942695
2014-06-23,9773.190979488649,-0.0002472642758499788,-0.03020587032165245
2014-06-24,9699.306573340997,-0.0075599061046403015,-0.03753742288285211
2014-06-25,9761.43989961486,0.006405955498369309,-0.03137193044499387
2014-06-26,9770.444299635968,0.0009224458802912228,-0.03047842347269858
2014-06-27,9781.132357952254,0.001093917327452898,-0.029417847020795862
2014-06-30,9811.122109734015,0.003066081787286956,-0.02644196275848054
2014-07-01,9900.737690682368,0.009134080683741885,-0.017549405096011217
2014-07-02,9948.424470074995,0.0048164875065324075,-0.012817444079870732
2014-07-03,10002.483791728464,0.005433958092166291,-0.007453135441683134
2014-07-07,9976.336147620661,-0.0026141151190293144,-0.010047767206670222
2014-07-08,9926.099334589475,-0.00503559746662785,-0.015032768162206778
2014-07-09,9950.435564535816,0.00245174152766503,-0.012617883096520899
2014-07-10,9892.751825527834,-0.005797106934049334,-0.01834184281297835
2014-07-11,9947.435166680723,0.005527616796348056,-0.01291561269503938
2014-07-14,10083.941874907621,0.013722804515894804,0.0
2014-07-15,10142.125041747368,0.0057698832025723235,0.0
2014-07-16,10173.584474707503,0.0031018581244699472,0.0
2014-07-17,9973.278025777521,-0.019688876563414004,-0.019688876563414004
2014-07-18,10083.246913615785,0.011026353376896836,-0.008879619697099383
2014-07-21,10072.777822227363,-0.0010382658957092117,-0.009908666186510207
2014-07-22,10139.640252797974,0.006637933621753023,-0.0033365056331834397
2014-07-23,10131.416509681228,-0.0008110488056493059,-0.004144848369923904
2014-07-24,10154.098067541825,0.002238735110625667,-0.0019153924768721131
2014-07-25,9947.819930708258,-0.020314767048877247,-0.02219124877377454
2014-07-28,9890.74475898731,-0.005737455253362667,-0.027801382730281432
2014-07-29,9688.175685373828,-0.02048066940858173,-0.0477126612100629
2014-07-30,9724.894076916798,0.0037900212315931103,-0.044103471977471775
2014-07-31,9544.944758098442,-0.018503987539102207,-0.06179136942067165
2014-08-01,9560.149351433658,0.0015929472323363836,-0.060296852579236226
2014-08-04,9575.44251438179,0.0015996782462230907,-0.05879362989639991
2014-08-05,9505.858616550391,-0.0072669119705838225,-0.06563329373409554
2014-08-06,9471.032223974766,-0.003663676684080963,-0.06905651125022338
2014-08-07,9400.277555091816,-0.007470639652544242,-0.07601125459155533
2014-08-08,9476.108365643353,0.008066869313923863,-0.06855755813480902
2014-08-11,9485.202135250407,0.0009596523442074734,-0.06766369721197862
2014-08-12,9495.511727685047,0.001086913308502524,-0.06665032847647834
2014-08-13,9540.576226974812,0.004745873690869651,-0.06222076882601302
2014-08-14,9571.272068645669,0.0032173991319379702,-0.05920355874168437
2014-08-15,9556.811508825636,-0.0015108294609452733,-0.060624941721889924
2014-08-18,9688.677313469476,0.013798096208349708,-0.04766335429204449
2014-08-19,9736.211423360943,0.004906150587282276,-0.042991047298413965
2014-08-20,9789.639837165445,0.005487597945573297,-0.03773936693567348
2014-08-21,9760.165526141504,-0.003010765616937694,-0.04063650816423625
2014-08-22,9736.30953997553,-0.002444219424565963,-0.042981403046200684
2014-08-25,9741.135822265525,0.0004956993479079408,-0.042507009551754904
2014-08-26,9733.580568311785,-0.0007756029780912055,-0.04324964396664799
2014-08-27,9740.697491902742,0.0007311722074943017,-0.04255009469680615
2014-08-28,9686.157991410691,-0.0055991370779544525,-0.04791098796187321
2014-08-29,9633.455925946979,-0.005440966945867154,-0.053091272805895984
2014-09-02,9714.282391516379,0.008390183771090909,-0.04514653457028761
2014-09-03,9719.133003739269,0.0004993278996219264,-0.04466974959494785
2014-09-04,9729.264254214391,0.0010424026990087931,-0.04367391076348104
2014-09-05,9747.375224205869,0.0018614943040151655,-0.041893715195586156
2014-09-08,9761.113256074455,0.0014094083332782947,-0.04054335221361649
2014-09-09,9692.210416089163,-0.007058912050058708,-0.04731607230618484
2014-09-10,9746.859385080275,0.005638442279420008,-0.04194441896935208
2014-09-11,9718.790655926936,-0.0028797716314964417,-0.04470340025300101
2014-09-12,9703.535678238626,-0.001569637440333893,-0.04620286956258757
2014-09-15,9695.951297187537,-0.0007816100545802174,-0.04694836698976712
2014-09-16,9773.187387065645,0.007965808357609072,-0.03935654032630109
2014-09-17,9803.530359759918,0.003104716147613207,-0.03637401506495319
2014-09-18,9836.054682736827,0.003317613327379565,-0.03317707665472347
2014-09-19,9822.36237869033,-0.0013920524527510914,-0.03452294487654217
2014-09-22,9704.338118303125,-0.012015873151173806,-0.046123994701274484
2014-09-23,9631.600128290338,-0.007495409694721733,-0.053273686158953004
2014-09-24,9713.425176787327,0.008495478155976288,-0.04523079344002856
2014-09-25,9552.837208526962,-0.01653257891398907,-0.06101559069212792
2014-09-26,9627.677192480656,0.007834320037076736,-0.05365928631978467
2014-09-29,9597.810787158942,-0.00310214029039535,-0.056594967976133614
2014-09-30,9700.153522604816,0.01066313326188939,-0.046535314399726135
2014-10-01,9556.178417961568,-0.014842559378852593,-0.06068717061138729
2014-10-02,9560.441895184813,0.00044614876750648236,-0.060268097350252514
2014-10-03,9693.46320498886,0.013913719811533554,-0.04719293095882471
2014-10-06,9677.568437816455,-0.0016397408063842933,-0.04875528759054293
2014-10-07,9487.44668307475,-0.019645612011254587,-0.06744307213829659
2014-10-08,9669.794044242604,0.019219856222555176,-0.049519462065446995
2014-10-09,9484.656141475723,-0.019146002688352204,-0.06771736499996839
2014-10-10,9385.597226885522,-0.010444122919440746,-0.07745423943556884
2014-10-13,9314.908058268345,-0.0075316644117950915,-0.08440254450866436
2014-10-14,9335.219238220105,0.002180502461720968,-0.08240608200302002
2014-10-15,9311.160356539753,-0.0025772165673250136,-0.08477092025055855
2014-10-16,9333.193019531125,0.0023662639400146013,-0.08260524668229474
2014-10-17,9481.817987798127,0.015924343143443265,-0.06799633783246917
2014-10-20,9564.33262905,0.008702407213264207,-0.05988566244003379
2014-10-21,9820.193319417649,0.026751546635937373,-0.034736149895684965
2014-10-22,9682.470355806356,-0.014024465622175852,-0.04827345957780205
2014-10-23,9828.914537379707,0.015124671307207516,-0.033878908479570535
2014-10-24,9816.162606000347,-0.0012973895877173014,-0.035132343924183296
2014-10-27,9896.494372365301,0.008183622214636976,-0.027236231539736422
2014-10-28,10003.575740276841,0.010820131238648667,-0.016710799900793938
2014-10-29,9943.165002544334,-0.006038914414300711,-0.022648799224699312
2014-10-30,10476.007501583139,0.05358882195985459,0.0
2014-10-31,10664.593483910867,0.01800170363559106,0.0
2014-11-03,10703.122789369005,0.003612824578477003,0.0
2014-11-04,10806.689802082601,0.009676336033112243,0.0
2014-11-05,10978.4843745657,0.01589705780672923,0.0
2014-11-06,11028.223137117762,0.004530567321960666,0.0
2014-11-07,11083.38094699902,0.005001513770211297,0.0
2014-11-10,11068.45893335827,-0.001346341311564303,-0.001346341311564303
2014-11-11,11043.2378367041,-0.0022786457271082305,-0.0036219192037957315
2014-11-12,11097.811312032238,0.004941800234234961,0.0
2014-11-13,11066.413190306961,-0.00282921747743492,-0.00282921747743492
2014-11-14,10971.374411965693,-0.008588038121015829,-0.011392958170901801
2014-11-17,10975.357500140002,0.0003630436830197592,-0.011034050629376901
2014-11-18,10951.915538028365,-0.0021358723040537653,-0.013146355610289873
2014-11-19,10935.511012678031,-0.0014978681394476334,-0.014624532242518917
2014-11-20,11029.857636703917,0.008627545975355533,-0.006123160091453861
2014-11-21,11119.706531868891,0.008145970521503898,0.0
2014-11-24,11124.344650737818,0.00041710802849270756,0.0
2014-11-25,11177.51162282439,0.004779335210820301,0.0
2014-11-26,11170.559102394043,-0.0006220096802359576,-0.0006220096802359576
2014-11-28,11337.729367364747,0.01496525495620693,0.0
2014-12-01,11330.364721224938,-0.0006495697596211603,-0.0006495697596211603
2014-12-02,11403.506251217217,0.00645535530337038,0.0
2014-12-03,11464.045453133975,0.005308823495431048,0.0
2014-12-04,11430.231628624471,-0.002949554295448076,-0.002949554295448076
2014-12-05,11507.868462261466,0.00679223625202563,0.0
2014-12-08,11463.938825256912,-0.0038173565459681535,-0.0038173565459681535
2014-12-09,11478.681205867226,0.0012859786531513873,-0.0025362869318462655
2014-12-10,11425.066935613151,-0.004670769166990163,-0.007195209688036552
2014-12-11,11485.248377088665,0.005267491369168376,-0.0019656190237993254
2014-12-12,11309.598302656737,-0.015293537298011084,-0.0172290950539562
2014-12-15,11345.018018111505,0.003131827895819006,-0.01415122571864702
2014-12-16,11224.416045352737,-0.010630390587854088,-0.02463118324981506
2014-12-17,11289.964354184462,0.005839796793603691,-0.01893522756117627
2014-12-18,11523.830057481497,0.02071447667683346,0.0
2014-12-19,11468.618026783082,-0.004791118093812052,-0.004791118093812052
2014-12-22,11578.102343068702,0.009546426259025909,0.0
2014-12-23,11624.357873310513,0.003995087352937743,0.0
2014-12-24,11676.34109511708,0.004471922008347784,0.0
2014-12-26,11629.506762880847,-0.00401104522852791,-0.00401104522852791
2014-12-29,11628.227005567966,-0.00011004398887881628,-0.004120647825990309
2014-12-30,11592.793476472578,-0.0030471996357158693,-0.007155291025151889
2014-12-31,11491.11680336331,-0.008770679242722679,-0.01586321350540454
2015-01-02,11516.099313507479,0.002174071552110357,-0.013723629714501362
2015-01-05,11273.144659921629,-0.02109695713555393,-0.03453106002222428
2015-01-06,11199.86060230675,-0.0065007644118521,-0.04080734614798043
2015-01-07,11328.07927585057,0.011448238339449635,-0.029826280033233177
2015-01-08,11504.611685458174,0.01558361354196558,-0.01470746771270004
2015-01-09,11375.125824315903,-0.011255126612047417,-0.025797059913498344
2015-01-12,11365.49770177759,-0.0008464189923712562,-0.026621643784411453
2015-01-13,11406.144796610657,0.0035763585458039593,-0.023140493781859228
2015-01-14,11250.530714183507,-0.013643004293035998,-0.0364677922188863
2015-01-15,11191.223233756315,-0.005271527355809491,-0.04154707861040796
2015-01-16,11282.822808596931,0.008184947518902419,-0.0337021917494954
2015-01-20,11376.013943905104,0.008259558524411625,-0.025720998450239785
2015-01-21,11404.409140771615,0.0024960585497282306,-0.0232891410186008
2015-01-22,11539.313974457142,0.011829182206663624,-0.011735450304482975
2015-01-23,10992.899635275367,-0.0473524111044461,-0.05853215954161539
2015-01-26,10924.01857785662,-0.006265958910214531,-0.06443135834521607
2015-01-27,10723.37756027373,-0.01836696048737929,-0.0816149106197206
2015-01-28,10540.980928833567,-0.01700925202110537,-0.09723595405741525
2015-01-29,10633.94073830292,0.008818895518070136,-0.08927457225877733
2015-01-30,10712.830574582384,0.0074186830847484675,-0.08251818893314333
2015-02-02,10786.678060432194,0.006893368221935869,-0.07619364897253078
2015-02-03,10909.86342714926,0.011420139363288895,-0.0656436516991058
2015-02-04,11024.00763399522,0.010462478069332315,-0.05586796889606627
2015-02-05,11227.542318942456,0.01846285776504608,-0.03843659349437023
2015-02-06,11088.572426876606,-0.012377587909990662,-0.05033842908942365
2015-02-09,11033.514508797965,-0.004965284615465082,-0.05505376907736437
2015-02-10,11043.57623350552,0.0009119238207855318,-0.05419205010002459
2015-02-11,11078.938385014548,0.003202056178300383,-0.05116351991056178
2015-02-12,11216.004844068611,0.012371804435654221,-0.039424700537480595
2015-02-13,11205.677184067565,-0.000920796678017477,-0.040309195082211424
2015-02-17,11269.718825453157,0.005715106756479571,-0.03482445967889447
2015-02-18,11235.256560588234,-0.0030579525007393693,-0.037775920636071825
2015-02-19,11225.2990645686,-0.0008862722418429003,-0.038628713128044945
2015-02-20,11327.270657942328,0.009084087006250963,-0.029895532712788775
2015-02-23,11317.99717541786,-0.0008186864077416312,-0.030689744054246182
2015-02-24,11333.183849973775,0.0013418164292264834,-0.029389107627800448
2015-02-25,11327.500537232972,-0.0005014753855613341,-0.02987584509928287
2015-02-26,11339.380939246912,0.0010488105451762486,-0.02885836865549274
2015-02-27,11277.214369847594,-0.005482360080536042,-0.03418251676772255
2015-03-02,11446.450245881735,0.015006886495537053,-0.019688603421450512
2015-03-03,11356.737589442091,-0.007837596330086849,-0.027371888425616886
2015-03-04,11267.359943520398,-0.00787001066263815,-0.03502648203448888
2015-03-05,11291.030114979942,0.0021007735244276127,-0.03299929121617318
2015-03-06,11176.756907652496,-0.010120706982779004,-0.04278602204191395
2015-03-09,11220.70849683734,0.003932409870590625,-0.03902186434672428
2015-03-10,11024.796642739157,-0.01745984704561243,-0.05580039560940819
2015-03-11,10977.022892643978,-0.0043332998914444865,-0.05989189565261588
2015-03-12,11134.720181074092,0.014366125494353454,-0.04638618464730271
2015-03-13,10973.906783447113,-0.014442518088628398,-0.0601587694250999
2015-03-16,11151.452106868332,0.016178861997353966,-0.04495320785620527
2015-03-17,11015.330620851255,-0.012206615310057956,-0.056611096651009385
2015-03-18,11120.656572650498,0.009561760370575545,-0.047590638020926335
2015-03-19,11093.340143419427,-0.0024563683855007845,-0.04993010626774663
2015-03-20,11165.097540070998,0.006468511352204054,-0.0437845683747522
2015-03-23,11116.479381159963,-0.004354476862969303,-0.04794838634777854
2015-03-24,11087.297582008869,-0.002625093624565311,-0.05044761096903416
2015-03-25,10872.259645190305,-0.01939498198077605,-0.06886416244409255
2015-03-26,10818.4695268004,-0.0049474644779754495,-0.07347092392457033
2015-03-27,10811.40627121213,-0.0006528886152308289,-0.07407584421002023
2015-03-30,10856.366421190545,0.0041585848177894125,-0.07022531007332766
2015-03-31,10817.048011031147,-0.003621691515740655,-0.07359266717938551
2015-04-01,10776.058382870217,-0.0037893543709087707,-0.07710315285525127
2015-04-02,10782.59591403048,0.0006066718393671344,-0.07654325732744782
2015-04-06,10792.886731933711,0.0009543915013860982,-0.07566191806034339
2015-04-07,10839.635713064847,0.00433146222065095,-0.07165818257931289
2015-04-08,10903.007284595556,0.005846282403598524,-0.06623083414760156
2015-04-09,10899.035862723182,-0.0003642501347298488,-0.06657095969206994
2015-04-10,10894.411495693214,-0.00042429138578981007,-0.06696700559311874
2015-04-13,10795.789359144735,-0.009052543736526308,-0.0754133275826091
2015-04-14,10808.495108254614,0.0011769171004727408,-0.07432516571697201
2015-04-15,10825.682973816027,0.0015902181931215509,-0.07285314075458027
2015-04-16,10798.940034830557,-0.00247032349369114,-0.07514349342307614
2015-04-17,10657.813028279359,-0.01306859803795668,-0.08723007135031868
2015-04-20,10780.094631098931,0.011473423533994387,-0.07675747536982713
2015-04-21,10845.085765291919,0.006028809246766631,-0.07119142230032871
2015-04-22,11114.316270810734,0.02482511538824772,-0.04813364218534
2015-04-23,11091.856948453187,-0.0020207560960390225,-0.050057131930508536
2015-04-24,11063.955558534453,-0.002515484111307864,-0.05244669812178748
2015-04-27,10995.771515630116,-0.006162718436783843,-0.05828620232510773
2015-04-28,11132.702119780228,0.01245302377877433,-0.046559018009862396
2015-04-29,11208.721729004777,0.006828495760205389,-0.04004845030673665
2015-04-30,11054.997873165092,-0.013714664308410396,-0.05321386356311808
2015-05-01,11071.96096365811,0.0015344272959287864,-0.05176108907196242
2015-05-04,11057.125129083812,-0.0013399464307175535,-0.05303167841612799
2015-05-05,11025.781738539697,-0.002834678108296962,-0.05571602878657256
2015-05-06,10954.804739305633,-0.006437366611926509,-0.061794730895039285
2015-05-07,11058.850003090116,0.009497683095269549,-0.05288395457076811
2015-05-08,11358.575500728877,0.027102772671210085,-0.027214483698244307
2015-05-11,11326.01085963428,-0.0028669652363104703,-0.030003425955867802
2015-05-12,11267.89217948919,-0.005131434259190382,-0.034980899607215066
2015-05-13,11248.200713489143,-0.0017475731650939963,-0.03666734109086467
2015-05-14,11470.855751415833,0.01979472482738287,-0.017598436190527145
2015-05-15,11505.114237518163,0.002986567597461187,-0.014664427512358635
2015-05-18,11533.332822197537,0.002452699216784371,-0.012247695725448482
2015-05-19,11556.526630383545,0.0020110239202815183,-0.010261302214239043
2015-05-20,11515.74300738988,-0.0035290554245287487,-0.01375414493452587
2015-05-21,11482.802016538386,-0.0028605180603938907,-0.01657531901492937
2015-05-22,11474.41487453544,-0.0007304090056474699,-0.01729362125829681
2015-05-26,11329.845678190737,-0.012599265228376733,-0.029674999565681093
2015-05-27,11436.835431030824,0.00944317829906871,-0.020512047578535975
2015-05-28,11390.331004354372,-0.004066197066216026,-0.024494838617066028
2015-05-29,11277.140147884424,-0.009937451021105215,-0.034188873379144336
2015-06-01,11329.548731125533,0.00464732924782707,-0.029700431082522294
2015-06-02,11320.629289964958,-0.0007872724123663133,-0.030464321164861974
2015-06-03,11371.349545721618,0.004480338897910885,-0.02612047275006446
2015-06-04,11278.514657670627,-0.008163928799983067,-0.03407115587029408
2015-06-05,11313.799378495225,0.0031284900446177932,-0.03104925709762507
2015-06-08,11188.248155198238,-0.011097176032273337,-0.041801874058214894
2015-06-09,11230.565518063244,0.0037823046359000134,-0.03817767684435458
2015-06-10,11426.456918699096,0.017442701377840653,-0.021400897283009646
2015-06-11,11454.57969161347,0.00246119799991118,-0.01899237112868768
2015-06-12,11378.880876556877,-0.006608606958491525,-0.025475464971179917
2015-06-15,11304.371355729778,-0.006548053506791329,-0.03185670377022953
2015-06-16,11364.24016980945,0.005296076375740144,-0.026729342930736033
2015-06-17,11344.00144251906,-0.0017809133728233784,-0.02846265365928724
2015-06-18,11461.931959581754,0.010395848207553238,-0.018362698878760075
2015-06-19,11359.676649262368,-0.008921297969659014,-0.027120177740194484
2015-06-22,11423.9504791139,0.005658068608467515,-0.021615556958054838
2015-06-23,11421.872865640416,-0.00018186471284886707,-0.021793490563844498
2015-06-24,11302.163220654564,-0.010480736950414404,-0.032045815672427924
2015-06-25,11257.552148219465,-0.003947126896342468,-0.03586645366781449
2015-06-26,11290.091884202993,0.0028904805907272735,-0.03307964436527233
2015-06-29,11001.742666803522,-0.025540023974731985,-0.05777481342983959
2015-06-30,11020.896668385774,0.0017409970549526754,-0.05613440215491872
2015-07-01,11086.396502692714,0.005943240035525488,-0.05052478234565061
2015-07-02,11135.144352443134,0.004397086983004783,-0.04634985722541707
2015-07-06,11096.968491730988,-0.0034284118376759487,-0.04961936266390676
2015-07-07,11107.297734675034,0.0009308166416570618,-0.04873473255076577
2015-07-08,10910.95923046325,-0.017676532033426118,-0.06554980352311779
2015-07-09,10953.309770054388,0.003881468044798053,-0.061922764946037545
2015-07-10,11139.508477421114,0.01699930991413945,-0.045976099303956186
2015-07-13,11280.367116994326,0.01264496004098592,-0.033912505201509235
2015-07-14,11338.922727149311,0.005190931247864183,-0.028897611436589088
2015-07-15,11296.844630851585,-0.0037109430331486726,-0.03250131707990245
2015-07-16,11362.238009693428,0.005788641074451428,-0.026900814464473566
2015-07-17,11396.621943976072,0.003026158601264095,-0.02395606199428213
2015-07-20,11562.482749643792,0.014553505984761461,-0.009751200701125784
2015-07-21,11518.966378092358,-0.0037635836950998813,-0.013478084936259238
2015-07-22,11477.615771684494,-0.0035897844520588196,-0.01701948596857039
2015-07-23,11401.07961679876,-0.006668297354451513,-0.023574292329763602
2015-07-24,11611.355722634176,0.01844352578027686,-0.0055655596178224576
2015-07-27,11544.072152259869,-0.005794635181415653,-0.011327944411672397
2015-07-28,11867.364549019532,0.028005056837450137,0.0
2015-07-29,12031.320170717823,0.013815672470585572,0.0
2015-07-30,12090.840245142237,0.0049470942157516795,0.0
2015-07-31,12044.138285571524,-0.0038625900784254874,-0.0038625900784254874
2015-08-03,12103.098219502934,0.004895321901280614,0.0
2015-08-04,12051.851380829215,-0.004234191753574201,-0.004234191753574201
2015-08-05,12040.451453163823,-0.0009459067578219127,-0.005176093360802603
2015-08-06,11886.786618952785,-0.012762381444647586,-0.01787241552758645
2015-08-07,11929.763005671515,0.0036154755777484393,-0.014321557231693482
2015-08-10,12010.299235313689,0.006750865847367393,-0.00766737429592268
2015-08-11,11894.891459930757,-0.009609067444681152,-0.01720276542387078
2015-08-12,11913.79402840187,0.0015891333296136345,-0.015640969582153663
2015-08-13,11936.812541741241,0.0019320892475140905,-0.01373910008379009
2015-08-14,12008.528124215003,0.006007934046294405,-0.007813709644654443
2015-08-17,12034.554141527362,0.0021672945296167256,-0.005663349725206657
2015-08-18,12032.940870940642,-0.0001340532077672707,-0.005796643742776553
2015-08-19,12003.697065212677,-0.0024303124266643605,-0.008212868514119953
2015-08-20,11898.55688792052,-0.008758982896765799,-0.016899915036037272
2015-08-21,11548.930925869667,-0.029383896328284642,-0.04578722601294616
2015-08-24,11105.61552945754,-0.03838583841722509,-0.08241548337086535
2015-08-25,10925.064046283313,-0.016257674569709057,-0.09733327383242552
2015-08-26,11375.77920887737,0.04125515060457596,-0.06009362209864266
2015-08-27,11660.223375853777,0.025004367767127,-0.03659185735892878
2015-08-28,11639.839344706328,-0.0017481681517063086,-0.038276056790988444
2015-08-31,11483.396399906316,-0.01344030103569771,-0.05120191610095581
2015-09-01,11144.819689130396,-0.029484021885605394,-0.07917629957165573
2015-09-02,11281.873315216078,0.012297518480209435,-0.06785245309862342
2015-09-03,11356.333449562597,0.0065999796546281075,-0.06170029825396284
2015-09-04,11168.209427777336,-0.016565559880817537,-0.07724375814939
2015-09-08,11427.10072947454,0.02318109302761595,-0.055853259865237814
2015-09-09,11297.296562802712,-0.011359326372000544,-0.06657813082948894
2015-09-10,11343.306425058094,0.004072643574470014,-0.06277663625174179
2015-09-11,11410.098215833226,0.0058882118028289465,-0.05725806657943233
2015-09-14,11332.805984452838,-0.006774019812829768,-0.06364421911480866
2015-09-15,11556.694757116184,0.01975581095895329,-0.045145751317317684
2015-09-16,11578.31564449517,0.001870853893209512,-0.04335935852872197
2015-09-17,11602.972038482787,0.002129532027341119,-0.04132216164405267
2015-09-18,11379.136401204545,-0.01929123301649449,-0.05981623921152657
2015-09-21,11537.269783901287,0.013896782420149467,-0.04675071005289133
2015-09-22,11430.894173273085,-0.00922017189687585,-0.05553983236677851
2015-09-23,11447.28958111713,0.0014343066776332236,-0.05418518684158358
2015-09-24,11378.7282434251,-0.005989307530502752,-0.05984996262449438
2015-09-25,11483.864883218954,0.009239753120442451,-0.05116320838296984
2015-09-28,11088.711341467459,-0.03440945585566069,-0.08381216607834285
2015-09-29,11254.636125502253,0.014963396460172973,-0.07010288428738587
2015-09-30,11386.01153053672,0.011673003335645804,-0.05924819215386523
2015-10-01,11410.641284369694,0.0021631590453705662,-0.05721319637127409
2015-10-02,11513.496989895051,0.009014016211888798,-0.04871490083900987
2015-10-05,11765.431094970772,0.02188163207901428,-0.02789923029692054
2015-10-06,11746.620417701226,-0.0015988090124116061,-0.029453433768494075
2015-10-07,11892.106149610327,0.012385326735327551,-0.017432897433866557
2015-10-08,12012.212077805994,0.010099634722786632,-0.007509328607321786
2015-10-09,12034.760655876235,0.0018771378597204347,-0.00564628679263135
2015-10-12,12164.27809701781,0.010761945737436385,0.0
2015-10-13,12108.869447958416,-0.00455502978618838,-0.00455502978618838
2015-10-14,12013.293119736674,-0.007893084373608139,-0.012412160925369786
2015-10-15,12165.372386441657,0.012659248816224267,0.0
2015-10-16,12233.41071438219,0.005592786293690644,0.0
2015-10-19,12339.788558393822,0.008695681563815283,0.0
2015-10-20,12290.002442819463,-0.004034600377369801,-0.004034600377369801
2015-10-21,12250.445927104014,-0.003218592990480662,-0.007240207631356466
2015-10-22,12397.714571111264,0.012021492514114884,0.0
2015-10-23,12476.00354374959,0.006314790697049322,0.0
2015-10-26,12546.173719532402,0.00562441133787317,0.0
2015-10-27,12329.452398628033,-0.01727389766387255,-0.01727389766387255
2015-10-28,12429.20722710808,0.008090775263558836,-0.009322881624237667
2015-10-29,12438.87102674723,0.0007775073230795737,-0.008552622909893115
2015-10-30,12330.88524485237,-0.008681316950924223,-0.017159691830574753
2015-11-02,12193.459547119468,-0.011144836319863738,-0.02811328619368747
2015-11-03,12434.272076872556,0.01974931961044457,-0.00891918485758203
2015-11-04,12451.118258735001,0.0013548185015010983,-0.007576450232744225
2015-11-05,12546.10939580825,0.007629124958845157,-5.126959469192727e-06
2015-11-06,12537.976191176349,-0.0006482650816529434,-0.0006533887174933195
2015-11-09,12423.240509772473,-0.009151052742038313,-0.009798462264916763
2015-11-10,12584.911252141283,0.013013572605443446,0.0
2015-11-11,12580.735159516396,-0.00033183329951380625,-0.00033183329951380625
2015-11-12,12425.816181806365,-0.012313984496593267,-0.01264173160600146
2015-11-13,12365.57102936614,-0.004848385937692767,-0.017428825549947624
2015-11-16,12507.532226754658,0.011480359220887193,-0.006148555507172082
2015-11-17,12501.108419560684,-0.0005135950943411238,-0.006658992733567404
2015-11-18,12678.21735578841,0.01416745861915758,0.0
2015-11-19,12671.242283134678,-0.0005501619398052826,-0.0005501619398052826
2015-11-20,12674.909799948695,0.00028943624721766703,-0.0002608849293946891
2015-11-23,12641.512432801344,-0.002634919512207179,-0.002895117030811023
2015-11-24,12602.450353729766,-0.003089984626382436,-0.005976155790076598
2015-11-25,12585.954077079768,-0.0013089737461345896,-0.007277306905179248
2015-11-27,12646.895124192226,0.0048419886755695085,-0.0024705548672333544
2015-11-30,12510.979715361984,-0.010746938872786993,-0.013190942837880248
2015-12-01,12663.537999489201,0.01219395184054961,-0.0011578407190272477
2015-12-02,12528.549600049271,-0.010659611827703697,-0.011805110414107811
2015-12-03,12408.142521252033,-0.009610615964418145,-0.021302271995918387
2015-12-04,12651.252621238644,0.01959278752401694,-0.002126855360896296
2015-12-07,12531.893326386922,-0.009434583153556164,-0.011541372520694537
2015-12-08,12421.946647385805,-0.008773349416373977,-0.020213465443199907
2015-12-09,12277.024434866937,-0.011666626546763204,-0.03164426903742146
2015-12-10,12298.529340611756,0.0017516382620974547,-0.029948060087745865
2015-12-11,11961.366051798788,-0.02741492738482154,-0.056541963579945564
2015-12-14,12052.034223844425,0.007580085054917474,-0.04939047141813624
2015-12-15,12265.186084179773,0.01768596540438261,-0.03257802418256084
2015-12-16,12461.196205644526,0.015981014892026524,-0.017117639180148636
2015-12-17,12327.815610630769,-0.010703675057563089,-0.0276380925901748
2015-12-18,12008.226540893964,-0.02592422533163219,-0.05284582178176289
2015-12-21,12029.471040713346,0.0017691621445543593,-0.05117015246460266
2015-12-22,12105.454175297658,0.0063164152710579735,-0.04517694912599446
2015-12-23,12174.85600309325,0.005733104003417866,-0.03970284927047296
2015-12-24,12152.447537371412,-0.0018405528341479682,-0.041470326912872446
2015-12-28,12159.837016576073,0.0006080650981572511,-0.04088747847312013
2015-12-29,12259.005996954762,0.008155453090654241,-0.033065481295148524
2015-12-30,12147.926845970767,-0.009061024279748864,-0.04182689844606047
2015-12-31,12030.605368560027,-0.009657736574998688,-0.05108068185411785
2016-01-04,11789.883771216508,-0.02000910095285857,-0.07006770428701647
2016-01-05,11890.196427859844,0.008508366883839713,-0.06215549913795926
2016-01-06,11728.978824219266,-0.013558867981594447,-0.07487160891241207
2016-01-07,11500.225840648665,-0.019503231014301736,-0.09291460164168253
2016-01-08,11354.927596399233,-0.012634381816734486,-0.1043750649049262
2016-01-11,11464.115659630555,0.009615918930733436,-0.09576280813670868
2016-01-12,11609.634047594009,0.012693381005905113,-0.08428498094067827
2016-01-13,11335.243811956869,-0.023634701534283487,-0.10592763210660605
2016-01-14,11427.048745576067,0.008099070045794576,-0.09868647737302805
2016-01-15,11189.629995966661,-0.020776908797323634,-0.11741298623044316
2016-01-19,11165.108950068256,-0.0021914081079753567,-0.11934709456841153
2016-01-20,11015.671045927615,-0.013384365957282207,-0.1311340753360517
2016-01-21,11115.29512557072,0.009043850277276944,-0.12327618200236312
2016-01-22,11262.272747615803,0.013223006711442276,-0.11168325707289906
2016-01-25,11149.691003158518,-0.009996361034775969,-0.12056319194843457
2016-01-26,11239.693685887654,0.00807221318542739,-0.11346419055073065
2016-01-27,11147.656870250416,-0.008188551948955514,-0.12072363508101536
2016-01-28,11009.373379782644,-0.012404713571405823,-0.13163080653794224
2016-01-29,11595.090449979052,0.05320167188370628,-0.08543211363345515
2016-02-01,11629.967991028263,0.003007957652393589,-0.08268113216102546
2016-02-02,11571.249200801885,-0.005048921052205446,-0.08731260270444285
2016-02-03,11693.843041101367,0.010594693638694253,-0.07764295934219922
2016-02-04,11676.649814679167,-0.0014702802459182207,-0.07899908267876199
2016-02-05,11435.392732895507,-0.02066149842743137,-0.0980283416836576
2016-02-08,11188.207583769363,-0.021615798853596102,-0.11752517962146813
2016-02-09,11251.329061039523,0.0056417863896027765,-0.11254644519068935
2016-02-10,11346.218186217488,0.00843359257054721,-0.10506202348414395
2016-02-11,11139.48572636789,-0.01822038466532583,-0.12136813766787113
2016-02-12,11428.726873769698,0.025965395037686134,-0.0985541142697196
2016-02-16,11558.038603627461,0.011314622467227586,-0.08835459439804583
2016-02-17,11643.093698607767,0.007358955779366516,-0.08164583617175836
2016-02-18,11567.393284707221,-0.006501743940237947,-0.08761673979142093
2016-02-19,11589.413349578375,0.0019036324199563914,-0.0858798974378624
2016-02-22,11763.511869999422,0.015022203037341919,-0.07214779965665818
2016-02-23,11625.794441020229,-0.011707169636170911,-0.08301032276337206
2016-02-24,11593.069293683338,-0.0028148740718676457,-0.08559153322999569
2016-02-25,11767.357785108637,0.01503385229658405,-0.0718444514018296
2016-02-26,11703.3081894485,-0.0054429887175854175,-0.0768963915810138
2016-02-29,11626.215230787297,-0.006587279204585017,-0.08297713278442953
2016-03-01,11926.237806168414,0.02580569595741089,-0.059312719487071286
2016-03-02,11916.105185623215,-0.000849607454578627,-0.06011193441302243
2016-03-03,11924.044731609716,0.0006662870008968813,-0.0594856992126237
2016-03-04,11963.30299441365,0.00329236124885246,-0.05638918637471979
2016-03-07,11829.527096318823,-0.01118218757455991,-0.06694081949006081
2016-03-08,11673.182777692717,-0.013216447061079828,-0.07927254675412487
2016-03-09,11624.096923848927,-0.004205010302553602,-0.08314421518086779
2016-03-10,11597.789942205301,-0.002263141972745575,-0.08521918999044653
2016-03-11,11776.310085481127,0.015392600156188152,-0.07113833475141562
2016-03-14,11787.651355873906,0.0009630580640671571,-0.07024378703429501
2016-03-15,11832.949729538535,0.003842866767692188,-0.06667085778143389
2016-03-16,11888.099876320346,0.004660726872196541,-0.062320865567691675
2016-03-17,12066.007653007277,0.014965198689262493,-0.04828831101413655
2016-03-18,12188.699337425162,0.010168374490240328,-0.038610950153789014
2016-03-21,12196.020740812166,0.000600671423941268,-0.038033471224256266
2016-03-22,12106.639642510167,-0.007328709929370514,-0.045083444875417156
2016-03-23,12194.979202752467,0.007296786131480548,-0.038115622999262966
2016-03-24,12244.446486978375,0.004056364787792477,-0.03421386908246937
2016-03-28,12219.876188939475,-0.0020066483254289613,-0.03615186220479749
2016-03-29,12392.921603435156,0.01416097936019245,-0.022502828619119675
2016-03-30,12502.529557844937,0.008844399885447496,-0.01385745274853345
2016-03-31,12461.567606930048,-0.003276293067364655,-0.017088344739526695
2016-04-01,12536.795910849498,0.006036825084318798,-0.011154679003380963
2016-04-04,12555.248288158138,0.0014718575176511095,-0.009699239583878083
2016-04-05,12426.760288500835,-0.010233807942969242,-0.01983378737175301
2016-04-06,12579.356156905676,0.012279617926326925,-0.007797720776383299
2016-04-07,12486.428953867013,-0.007387278162694355,-0.015127395006667377
2016-04-08,12544.271326878574,0.004632419182879932,-0.01056505225860338
2016-04-11,12501.792159112461,-0.003386340000083754,-0.013915615399620829
2016-04-12,12636.693048544883,0.010790524087707976,-0.003275248095077732
2016-04-13,12762.028536344891,0.009918377167073889,0.0
2016-04-14,12795.317906815768,0.0026084701484621053,0.0
2016-04-15,12796.034843605823,5.60311822868087e-05,0.0
2016-04-18,12954.911618840575,0.012416094296128222,0.0
2016-04-19,12924.567468251304,-0.0023422892785421867,-0.0023422892785421867
2016-04-20,12926.823359916172,0.00017454291375007536,-0.0021681551947875244
2016-04-21,12832.958283682547,-0.007261263933155071,-0.009413675580825176
2016-04-22,12705.854684847836,-0.009904465987108035,-0.019224904138329335
2016-04-25,12593.524796166606,-0.008840797527393973,-0.02789573818075275
2016-04-26,12689.119279340184,0.007590764676357775,-0.02051672348839828
2016-04-27,12722.107388818677,0.0025997162413156083,-0.017970344906354074
2016-04-28,12543.009912948139,-0.014077657922298648,-0.0317950224603154
2016-04-29,12510.81271998757,-0.002566943116845577,-0.03428034956310644
2016-05-02,12606.971407263565,0.007686046416662373,-0.026857783504365518
2016-05-03,12470.678473162938,-0.010810917999076408,-0.0373783442083393
2016-05-04,12394.23280439186,-0.0061300328555169425,-0.04327924658577431
2016-05-05,12370.924730771338,-0.0018805579972859254,-0.045078415449776865
2016-05-06,12402.464383993678,0.0025494984335237003,-0.04264384436582824
2016-05-09,12478.288376540222,0.006113623083199515,-0.036790929673899964
2016-05-10,12617.806347732912,0.01118085806183089,-0.02602142577471578
2016-05-11,12393.953905086231,-0.017740995263166415,-0.04330077504647212
2016-05-12,12454.502009213482,0.004885293635181531,-0.03862701841202354
2016-05-13,12298.261845646284,-0.012544874411808293,-0.05068732172895052
2016-05-16,12438.952279560837,0.011439863265259698,-0.03982731449355226
2016-05-17,12316.894770847492,-0.009812523271265028,-0.0492490313145173
2016-05-18,12386.720116652245,0.005669070581817426,-0.04385915696730802
2016-05-19,12335.562240983429,-0.004130058254891988,-0.04780807434891454
2016-05-20,12419.714046865553,0.0068218865292204445,-0.04131232907808302
2016-05-23,12355.561221236472,-0.005165402793252838,-0.04626433705132005
2016-05-24,12601.54321270229,0.019908605288040615,-0.027276790188547007
2016-05-25,12588.696855899938,-0.00101942727057458,-0.028268410755349693
2016-05-26,12590.954773082536,0.00017936067636270536,-0.02809412032025982
2016-05-27,12679.229698038693,0.007010979433019093,-0.021280108186994773
2016-05-31,12618.649423655186,-0.0047779144180090105,-0.025956348069280266
2016-06-01,12634.049310690156,0.0012204069166150688,-0.024767618459379026
2016-06-02,12709.564012005743,0.005977078247723089,-0.018938578205197287
2016-06-03,12712.27744385898,0.0002134952741630336,-0.018729126227980397
2016-06-06,12766.999708353196,0.0043046782715281395,-0.014505070819170629
2016-06-07,12811.96804924425,0.003522232467948694,-0.011033928582611097
2016-06-08,12951.20344528885,0.010867604064374259,-0.00028623688534723524
2016-06-09,12929.827172094814,-0.001650524083289806,-0.001936288527764285
2016-06-10,12807.037431137704,-0.009496626623294424,-0.011414526941875502
2016-06-13,12597.480459754806,-0.01636264221992534,-0.027590397341341166
2016-06-14,12617.80489455662,0.001613372996826179,-0.02602153794655715
2016-06-15,12589.281504844701,-0.002260566711110301,-0.02822328123521367
2016-06-16,12622.463011650096,0.0026356950388808364,-0.025661974158665224
2016-06-17,12539.288925453631,-0.006589370562599228,-0.032082248464165186
2016-06-20,12627.570160839423,0.007040370144641095,-0.025267749223784275
2016-06-21,12656.236405761789,0.002270131510436313,-0.02305497882705876
2016-06-22,12545.207747432407,-0.008772644155006115,-0.031625369856813856
2016-06-23,12767.645871506695,0.01773092391553366,-0.014455192968011898
2016-06-24,12329.019746201815,-0.03435450275792451,-0.0483130947592505
2016-06-27,12138.364100127998,-0.015463974427695426,-0.06302995672506606
2016-06-28,12353.677074562991,0.017738220130727678,-0.04640977584155781
2016-06-29,12584.785625415521,0.01870767298332554,-0.028570321767905527
2016-06-30,12419.79779705773,-0.013110102410055391,-0.04130586433369554
2016-07-01,12481.559225328005,0.004972820755979379,-0.03653845023721858
2016-07-05,12503.722114981692,0.001775650722284361,-0.03482767904048911
2016-07-06,12409.668787920124,-0.0075220263371716944,-0.042087730658655675
2016-07-07,12457.847960008894,0.0038823898455428996,-0.038368741791244054
2016-07-08,12720.37859112554,0.021073513817105427,-0.018103792184421375
2016-07-11,12755.01699166469,0.0027230636486963444,-0.015430026314125822
2016-07-12,12857.938391963908,0.008069091586979216,-0.007485441022664907
2016-07-13,12882.049386912171,0.0018751835802333083,-0.005624294018528042
2016-07-14,12981.505614436363,0.0077205283520520585,0.0
2016-07-15,12971.840906455081,-0.0007444982322030169,-0.0007444982322030169
2016-07-18,12966.014369904802,-0.0004491680550430255,-0.0011933318824229877
2016-07-19,12990.268790461521,0.0018706149680827178,0.0
2016-07-20,13046.598726230186,0.004336317952868374,0.0
2016-07-21,12957.78317887782,-0.006807563351649781,-0.006807563351649781
2016-07-22,13085.297172646107,0.009840725995179822,0.0
2016-07-25,12982.493743372695,-0.007856407685437605,-0.007856407685437605
2016-07-26,12955.077852659411,-0.002111758438341549,-0.009951575288554393
2016-07-27,12877.27369496159,-0.006005688162024403,-0.015897497392674875
2016-07-28,12934.405407881686,0.00443663109703496,-0.011531397626937334
2016-07-29,12796.747542948395,-0.01064276714640544,-0.022051438793526668
2016-08-01,12811.406388196414,0.0011455133578919252,-0.020931185653333295
2016-08-02,12784.703931948341,-0.0020842720493726707,-0.022971831417488597
2016-08-03,12867.373450172669,0.006466283354262137,-0.016654090434338298
2016-08-04,12914.908379043267,0.0036942215950031,-0.013021392739862692
2016-08-05,13024.983611533971,0.008523113696208728,-0.004609261854458868
2016-08-08,13016.314567725842,-0.0006655704196397716,-0.005271764485751951
2016-08-09,13062.255661913172,0.0035295009158153867,-0.001760870267516923
2016-08-10,13039.203501839631,-0.0017647916768890326,-0.00352255437521376
2016-08-11,13132.659520462366,0.007167310381309022,0.0
2016-08-12,13112.473994049504,-0.0015370478752921857,-0.0015370478752921857
2016-08-15,13191.282517361306,0.006010194822698267,0.0
2016-08-16,13179.983618962826,-0.000856542825431017,-0.000856542825431017
2016-08-17,13218.138170453387,0.002894886108634198,0.0
2016-08-18,13178.635465069769,-0.002988522655325121,-0.002988522655325121
2016-08-19,13201.262307809207,0.0017169336536708713,-0.0012767200967759296
2016-08-22,13216.99788078836,0.0011919748742394987,-8.626704081338143e-05
2016-08-23,13172.63435273632,-0.0033565510452659986,-0.0034425285263534056
2016-08-24,13136.049240934295,-0.0027773572713210015,-0.00621032466603999
2016-08-25,13122.613430729058,-0.001022819719902479,-0.0072267923434070624
2016-08-26,13125.806704803897,0.00024334132005754405,-0.006985209600538056
2016-08-29,13162.36233445404,0.002785019654202525,-0.004219643892361735
2016-08-30,13203.617723431069,0.0031343453347305594,-0.0010985243787794419
2016-08-31,13170.354866722035,-0.0025192229437244196,-0.0036149798946846223
2016-09-01,13221.882335189417,0.003912382694985617,0.0
2016-09-02,13291.14587954661,0.005238553982049199,0.0
2016-09-06,13335.322866055576,0.0033237906580312337,0.0
2016-09-07,13399.762771756563,0.00483227188034685,0.0
2016-09-08,13346.633366638393,-0.003964951172878539,-0.003964951172878539
2016-09-09,13126.90055270183,-0.016463538624340468,-0.02036321267044061
2016-09-12,13326.24575817857,0.015186007136750002,-0.005486441426631017
2016-09-13,13138.299141886777,-0.014103493189478788,-0.019512556626814948
2016-09-14,13101.406907400016,-0.0028079916653094283,-0.022265757195747415
2016-09-15,13160.8682448998,0.004538545968387542,-0.017828265389913778
2016-09-16,13154.89944148167,-0.0004535265688450085,-0.018273706366727982
2016-09-19,13209.076943959322,0.0041184277172665595,-0.014230537588259429
2016-09-20,13270.599068031783,0.0046575642138715345,-0.00963925301700308
2016-09-21,13407.319949601544,0.010302540289919282,0.0
2016-09-22,13420.760225786444,0.0010024580777829861,0.0
2016-09-23,13321.087130689448,-0.007426784580018442,-0.007426784580018442
2016-09-26,13234.418552110365,-0.0065061190373429945,-0.013884584072819117
2016-09-27,13327.857823730792,0.007060323145479552,-0.006922290577634382
2016-09-28,13362.835439586595,0.002624398933302352,-0.004316058496340092
2016-09-29,13211.632501893202,-0.011315183695629671,-0.015582405197242633
2016-09-30,13343.683624553169,0.00999506477651746,-0.005743087570045491
2016-10-03,13349.033315800918,0.00040091562407140735,-0.00534447443951136
2016-10-04,13302.540299397348,-0.003482875149359188,-0.008808735451658722
2016-10-05,13393.178040785011,0.006813566382638081,-0.0020551879727674915
2016-10-06,13392.010238402603,-8.719382202282411e-05,-0.00214220259509601
2016-10-07,13331.011948781634,-0.004554826985276095,-0.006687272218183993
2016-10-10,13366.217691091057,0.002640890462380918,-0.004064042109223398
2016-10-11,13248.314676674949,-0.00882097068452603,-0.012849163997443402
2016-10-12,13269.771978612134,0.0016196250210573915,-0.011250349803895832
2016-10-13,13211.727600410599,-0.004374180528127325,-0.015575319270976329
2016-10-14,13271.494440168693,0.004523771725072345,-0.011122006734831102
2016-10-17,13223.437712629151,-0.003621048688690953,-0.01470278209561926
2016-10-18,13176.094154274782,-0.003580276126619708,-0.018230418202507148
2016-10-19,13285.353436956952,0.008292236030107647,-0.010089353103062249
2016-10-20,13222.787328073871,-0.004709404923246896,-0.014751243177133166
2016-10-21,13196.40676674753,-0.001995083235614925,-0.016716896454780916
2016-10-24,13339.463519018453,0.010840583713393803,-0.006057533656833258
2016-10-25,13202.436433300958,-0.010272308591880885,-0.01626761739368543
2016-10-26,13216.864622386936,0.001092842912659986,-0.015192552431399942
2016-10-27,13204.838177668678,-0.0009099317471926716,-0.01608865999281439
2016-10-28,13212.642835217728,0.0005910453005208982,-0.015507123819173962
2016-10-31,13242.528777548518,0.002261920094527081,-0.013280279599621747
2016-11-01,13112.352771614165,-0.009830147105668652,-0.022979879603221676
2016-11-02,13019.571181714837,-0.007075891833857928,-0.02989316829465205
2016-11-03,13056.347296067417,0.0028246793876154364,-0.02715292752334919
2016-11-04,13001.373001232663,-0.00421054170727464,-0.03124914069681206
2016-11-07,13349.163450793454,0.026750286260367684,-0.005334777895474541
2016-11-08,13499.85018141945,0.011288102897342167,0.0
2016-11-09,13609.377380260587,0.008113215877898039,0.0
2016-11-10,13515.134015823684,-0.006924884350227201,-0.006924884350227201
2016-11-11,13564.482376221411,0.003651340810971515,-0.003298828652094854
2016-11-14,13172.199030802341,-0.02891989053019406,-0.032123317418792485
2016-11-15,13203.936690421771,0.002409442762382641,-0.029791273951068287
2016-11-16,13339.269193238086,0.010249405612076767,-0.01984721118941657
2016-11-17,13466.561650371914,0.009542685981504428,-0.010493920911901267
2016-11-18,13475.03633537867,0.0006293132001160551,-0.009871211674735925
2016-11-21,13587.552783026695,0.008349992151977625,-0.0016036440627730242
2016-11-22,13421.20793593664,-0.012242443488267418,-0.013826455029226636
2016-11-23,13443.204389176219,0.0016389324526209226,-0.012210183202457814
2016-11-25,13525.490173330974,0.006120994799499346,-0.006163926870841552
2016-11-28,13398.443633741548,-0.009393119063435651,-0.015499147435281135
2016-11-29,13435.96947682284,0.0028007613501310757,-0.012741795498246833
2016-11-30,13247.888679867303,-0.013998304869624612,-0.026561736829900595
2016-12-01,13100.051652032173,-0.01115928971080482,-0.037424616424198365
2016-12-02,13122.643617053403,0.0017245706827213603,-0.035764587137774195
2016-12-05,13280.652550718562,0.012040937655261708,-0.024154288646504596
2016-12-06,13261.110917933722,-0.0014714361896157602,-0.025590183341671402
2016-12-07,13573.928685989142,0.02358910727700647,-0.0026047256447500056
2016-12-08,13590.10476468355,0.0011917020538869671,-0.0014161276477636653
2016-12-09,13609.802235949526,0.0014493980441683263,0.0
2016-12-12,13578.54941292385,-0.0022963465951858497,-0.0022963465951858497
2016-12-13,13644.823929584983,0.004880824500889114,0.0
2016-12-14,13485.705935348322,-0.011661417916258965,-0.011661417916258965
2016-12-15,13520.95565808811,0.0026138581775978498,-0.009078041031243989
2016-12-16,13337.290118082794,-0.01358376912474002,-0.0225384961425108
2016-12-19,13375.770278059546,0.0028851558027205293,-0.019718367412720483
2016-12-20,13428.226003370006,0.003921697533674218,-0.015873999351896817
2016-12-21,13333.146356266581,-0.007080581387263196,-0.022842183594807497
2016-12-22,13321.496179606864,-0.0008737755026773097,-0.023696000157031993
2016-12-23,13327.23064148958,0.000430466803833518,-0.023275733694649747
2016-12-27,13354.1342474268,0.002018694405532928,-0.021304025882510902
2016-12-28,13300.562060371842,-0.004011655571403372,-0.02523021703978945
2016-12-29,13291.754912382457,-0.0006621635949976001,-0.02587567410356939
2016-12-30,13245.203963391577,-0.003502242502794961,-0.029287293720730356
2017-01-03,13405.150820164872,0.012075831917377267,-0.01756513023963957
2017-01-04,13466.80525737931,0.004599309477495206,-0.013046608232128887
2017-01-05,13556.840075008327,0.006685684979344408,-0.006448148765473505
2017-01-06,13672.461683246656,0.00852865473064579,0.0
2017-01-09,13596.784325229051,-0.005535020669345525,-0.005535020669345525
2017-01-10,13511.376010858588,-0.006281508357236065,-0.011781760747989645
2017-01-11,13570.350317954326,0.00436478912646221,-0.007468396522730902
2017-01-12,13516.397679671507,-0.003975773433898544,-0.011414477304140469
2017-01-13,13515.28190727426,-8.254953898878536e-05,-0.0114960845832901
2017-01-17,13514.651542671105,-4.6640877155224025e-05,-0.011542189272976455
2017-01-18,13591.993461746184,0.0057228200690842,-0.0058854230763047966
2017-01-19,13568.618308451023,-0.0017197737300970184,-0.007595075210404589
2017-01-20,13615.105751738349,0.003426100007424715,-0.004194996690214725
2017-01-23,13617.437382424894,0.00017125321896593881,-0.004024461877935703
2017-01-24,13800.94655756441,0.013476043251453351,0.0
2017-01-25,13912.349493922964,0.00807212287170933,0.0
2017-01-26,13848.192532111834,-0.004611511652949374,-0.004611511652949374
2017-01-27,13958.235342719276,0.007946366311146313,0.0
2017-01-30,13895.96772894165,-0.004460994692291442,-0.004460994692291442
2017-01-31,13388.632124967138,-0.0365095554243311,-0.04080768118365674
2017-02-01,13164.705029919198,-0.01672516601829399,-0.056850331959332534
2017-02-02,13138.608291945933,-0.001982326069133733,-0.05871996213338426
2017-02-03,13585.345002458856,0.03400182885327174,-0.026714719382842422
2017-02-06,13515.39197835449,-0.005149153303924625,-0.03172631450119345
2017-02-07,13491.29284389461,-0.0017830880893781043,-0.03345283177706471
2017-02-08,13452.264591961002,-0.0028928474376174185,-0.03624890527599478
2017-02-09,13513.340879663068,0.004540223490590911,-0.031873259916646135
2017-02-10,13589.238278782614,0.0056164792848352185,-0.02643579613587288
2017-02-13,13700.204549294904,0.008165746176189037,-0.018485917960894827
2017-02-14,13763.891969228887,0.0046486473763824865,-0.01392320509854128
2017-02-15,13844.640882145377,0.005866720917093504,-0.008138167740032398
2017-02-16,13781.15415226626,-0.0045856537861515,-0.012686502706474534
2017-02-17,13768.811954351419,-0.0008955852157571664,-0.013570726077968165
2017-02-21,13854.90022873408,0.006252411222411602,-0.007403164615582658
2017-02-22,13732.399139897247,-0.008841715697293528,-0.016179423636084933
2017-02-23,13739.475844995144,0.0005153291151680506,-0.015672432248983292
2017-02-24,13820.442013066939,0.005892959017158361,-0.009871830232767276
2017-02-27,13809.795400591047,-0.0007703525303912606,-0.010634577973759107
2017-02-28,13752.792425654665,-0.00412772045369636,-0.01471840186243678
2017-03-01,13908.895124922823,0.011350618437093729,-0.003534846388887458
2017-03-02,13817.501018946268,-0.006570910568790556,-0.01008252979818225
2017-03-03,13840.515699502415,0.0016656181551635285,-0.008433705287700599
2017-03-06,13863.42251984887,0.0016550554071679269,-0.006792608130071542
2017-03-07,13850.136388355659,-0.0009583586934747146,-0.007744457068493471
2017-03-08,13845.649171267294,-0.0003239836029439447,-0.008065931594333442
2017-03-09,13868.557268004273,0.001654533958907356,-0.006424742993159205
2017-03-10,13969.994132876865,0.0073141613011624695,0.0
2017-03-13,14045.489361881453,0.005404098834008719,0.0
2017-03-14,13958.626729953727,-0.006184379176098043,-0.006184379176098043
2017-03-15,14041.157856246893,0.005912553425908573,-0.0003083912224742802
2017-03-16,14055.452335055637,0.0010180413150462364,0.0
2017-03-17,14092.536321196289,0.0026384057415327344,0.0
2017-03-20,13939.752137457857,-0.010841496538038453,-0.010841496538038453
2017-03-21,13803.683770565474,-0.009761175489394147,-0.0204968462771572
2017-03-22,13846.80856268858,0.0031241509759201147,-0.017436730543537005
2017-03-23,13832.146626310725,-0.0010588675586491458,-0.018477134913884696
2017-03-24,13830.879897367682,-9.157862313524667e-05,-0.018567021426445063
2017-03-27,13794.33355586453,-0.0026423728478841557,-0.02116033328104594
2017-03-28,13884.864353569319,0.006562897536017687,-0.014736308844179757
2017-03-29,13881.935190805245,-0.000210960848409103,-0.014944160908372695
2017-03-30,13899.608162547487,0.0012730913593335114,-0.013690094831164124
2017-03-31,13920.591355961158,0.0015096248159145453,-0.012201136922138867
2017-04-03,13918.228750498904,-0.00016972019376482184,-0.012368786336581117
2017-04-04,13876.72106217196,-0.0029822536380899045,-0.015314153116619988
2017-04-05,13905.701754236628,0.00208843947607118,-0.0132576963224601
2017-04-06,13907.54461073031,0.00013252524225326745,-0.013126928059623677
2017-04-07,13786.027069643009,-0.008737526607935142,-0.021749757784357504
2017-04-10,13872.988482657733,0.006307938652333922,-0.01557901526983041
2017-04-11,13836.524998472149,-0.0026283799075568215,-0.01816644760667241
2017-04-12,13740.158556364948,-0.0069646419254719705,-0.025004566729506128
2017-04-13,13731.762454061285,-0.0006110629851336924,-0.025600350349452072
2017-04-17,13878.740514631714,0.01070351027860661,-0.015170853683946772
2017-04-18,13830.494053003522,-0.0034762852996155225,-0.018594400767918184
2017-04-19,13851.438847977937,0.0015143923922129598,-0.017108167594765855
2017-04-20,14037.829655489377,0.013456422076949082,-0.0038819602419352117
2017-04-21,14050.562421901785,0.0009070324063540358,-0.0029784488993206404
2017-04-24,14179.031697472758,0.00914335467245908,0.0
2017-04-25,14223.787170171514,0.0031564548026741246,0.0
2017-04-26,14210.729312595071,-0.0009180295950874662,-0.0009180295950874662
2017-04-27,14254.538207457474,0.003082804119249216,0.0
2017-04-28,14146.68542143365,-0.007566206947861587,-0.007566206947861587
2017-05-01,14101.587322958381,-0.003187891518881214,-0.010729978219783609
2017-05-02,14240.268904361888,0.009834466023390442,-0.001001035802627448
2017-05-03,14253.819997479815,0.0009516037378884956,-5.0384654150525954e-05
2017-05-04,14254.576778717768,5.309322259483551e-05,0.0
2017-05-05,14225.650674568027,-0.0020292502961524184,-0.0020292502961524184
2017-05-08,14214.68462999645,-0.0007708641820638462,-0.0027985502018464947
2017-05-09,14168.521801085524,-0.003247545064314128,-0.006037006848265358
2017-05-10,14116.88339031809,-0.0036445870283714488,-0.009659591479787455
2017-05-11,14096.576549141355,-0.0014384790619338395,-0.01108417542163087
2017-05-12,14153.844175808681,0.0040625201776962605,-0.0070666849302380985
2017-05-15,14262.162310780417,0.007652912779474441,0.0
2017-05-16,14212.515955275037,-0.0034809837683486,-0.0034809837683486
2017-05-17,14011.735315524804,-0.014127030033391996,-0.017558837839499408
2017-05-18,14024.206732108134,0.0008900693813072014,-0.016684397042124433
2017-05-19,14107.930042404518,0.005969914155978584,-0.010814087304231501
2017-05-22,14204.17156153124,0.006821802974458224,-0.004066055902711363
2017-05-23,14277.644684901032,0.005172644039922458,0.0
2017-05-24,14393.569504300129,0.008119323737036943,0.0
2017-05-25,14480.131409311007,0.006013928996905005,0.0
2017-05-26,14442.06822115913,-0.0026286493593146165,-0.0026286493593146165
2017-05-30,14496.959414593068,0.0038007848040433334,0.0
2017-05-31,14499.362813352804,0.00016578640327269412,0.0
2017-06-01,14605.484642986976,0.007319068499785475,0.0
2017-06-02,14675.590768308408,0.0047999862404493054,0.0
2017-06-05,14727.663747028962,0.003548271380870327,0.0
2017-06-06,14629.363452262314,-0.006674534159328505,-0.006674534159328505
2017-06-07,14617.095354125862,-0.0008385941176787259,-0.007507531051922922
2017-06-08,14620.837592577203,0.00025601792700102877,-0.00725343518745869
2017-06-09,14493.87907233872,-0.008683395833829599,-0.01587384657240054
2017-06-12,14497.667609005437,0.00026138873160252984,-0.015616607085419343
2017-06-13,14692.88571449462,0.01346548360426758,-0.0023614086478147556
2017-06-14,14690.55590983159,-0.00015856685393877967,-0.002519601060613441
2017-06-15,14630.394180029838,-0.004095265704784468,-0.006604548329584681
2017-06-16,14648.035085135782,0.001205771005816203,-0.005406740896650608
2017-06-19,14720.516530976729,0.004948202637396593,-0.00048529190881851925
2017-06-20,14615.119190786776,-0.007159894149649126,-0.007641711419768771
2017-06-21,14607.509353160336,-0.0005206825566799189,-0.008158415070609215
2017-06-22,14546.363542265059,-0.004185916258342082,-0.012310180886664912
2017-06-23,14761.720146867567,0.014804841359614018,0.0
2017-06-26,14767.89147127825,0.0004180626884457972,0.0
2017-06-27,14666.566207656831,-0.006861186907994532,-0.006861186907994532
2017-06-28,14811.860853978345,0.009906521012782221,0.0
2017-06-29,14627.91905552608,-0.012418547558989634,-0.012418547558989634
2017-06-30,14611.856607003907,-0.0010980679111772806,-0.013502979061588927
2017-07-03,14573.03892287827,-0.002656588082518563,-0.016123695290854
2017-07-05,14629.449658846801,0.003870897227892023,-0.01231521123036683
2017-07-06,14490.516292343764,-0.009496827956137155,-0.0216950837442057
2017-07-07,14612.546305408017,0.008421370957550245,-0.013456415134820432
2017-07-10,14713.062060603595,0.006878729626908164,-0.006670248549372038
2017-07-11,14735.258914472703,0.0015086495100529174,-0.005171662106525088
2017-07-12,14833.419570560738,0.006661617326019664,0.0
2017-07-13,14842.701490410145,0.0006257437676628896,0.0
2017-07-14,15001.364949432565,0.010689661792695482,0.0
2017-07-17,14971.770132031459,-0.0019728083078350833,-0.0019728083078350833
2017-07-18,15030.651049404054,0.00393279597892171,0.0
2017-07-19,15154.81966733533,0.008261027251790232,0.0
2017-07-20,15119.913635854533,-0.0023032957334381265,-0.0023032957334381265
2017-07-21,15263.474011949827,0.009494788102153207,0.0
2017-07-24,15306.565988929666,0.002823208985457848,0.0
2017-07-25,15328.525674259821,0.0014346578681356803,0.0
2017-07-26,15358.579794457335,0.0019606660703175294,0.0
2017-07-27,14999.254612147999,-0.023395729756146455,-0.023395729756146455
2017-07-28,15060.272250394755,0.0040680447011904874,-0.019422859929420944
2017-07-31,15131.985039751053,0.004761719321137559,-0.014753626815681042
2017-08-01,15247.092754288991,0.007606914376108387,-0.0072589420154965945
2017-08-02,15343.3993176402,0.006316388632457093,-0.0009884036818699204
2017-08-03,15293.29234055349,-0.0032657024724047634,-0.004250878321927054
2017-08-04,15349.456734341093,0.003672485462052677,-0.0005940041487126901
2017-08-07,15394.959155699002,0.0029644320411750247,0.0
2017-08-08,15377.082940541957,-0.0011611732760218318,-0.0011611732760218318
2017-08-09,15376.127735687716,-6.2118729406202e-05,-0.0012232198748195477
2017-08-10,15203.287687352968,-0.011240804661994952,-0.012450274561143004
2017-08-11,15286.955783215024,0.0055032896556748145,-0.007015502372670901
2017-08-14,15573.260221164359,0.01872867574220982,0.0
2017-08-15,15670.153846477016,0.006221794533489922,0.0
2017-08-16,15780.832750601163,0.007063038768380103,0.0
2017-08-17,15573.94810824998,-0.0131098685107921,-0.0131098685107921
2017-08-18,15629.089591958598,0.003540623310501978,-0.009615662306337036
2017-08-21,15721.449173490782,0.005909466510429562,-0.0037630192302822163
2017-08-22,15841.901642954017,0.007661664528123779,0.0
2017-08-23,15702.649730195773,-0.00879010082859455,-0.00879010082859455
2017-08-24,15695.594814094144,-0.0004492818869966664,-0.009235433482503996
2017-08-25,15710.367971581862,0.0009412295400523796,-0.008302896605260623
2017-08-28,15771.325217112448,0.0038800647852965664,-0.004455047596698014
2017-08-29,15829.645829108358,0.0036978891242842593,-0.0007736327444697322
2017-08-30,15830.23712599984,3.7353766336067906e-05,-0.0007363078762305797
2017-08-31,15777.868964005762,-0.0033081097634392043,-0.004041981852395571
2017-09-01,15814.792487152128,0.0023402097729801064,-0.0017112311648486145
2017-09-05,15706.786701659377,-0.006829415281958018,-0.0085289597385384
2017-09-06,15716.655019934155,0.000628283713417721,-0.007906034631616876
2017-09-07,15891.198695965366,0.011105650395063726,0.0
2017-09-08,15899.582911778645,0.0005276012196240298,0.0
2017-09-11,16121.336226860338,0.013947115236426333,0.0
2017-09-12,16178.075143956237,0.0035194921994967654,0.0
2017-09-13,16137.924015291035,-0.0024818235981677317,-0.0024818235981677317
2017-09-14,16178.385562412903,0.0025072337113205556,0.0
2017-09-15,16133.924043358606,-0.0027482049357010485,-0.0027482049357010485
2017-09-18,16073.55792049019,-0.003741564836067579,-0.006479487184818833
2017-09-19,16094.051682698457,0.0012749984981321738,-0.005212750023115942
2017-09-20,16099.49180454541,0.0003380206522389795,-0.004876491388039694
2017-09-21,16100.38124684644,5.524660727362907e-05,-0.00482151419037069
2017-09-22,16145.693913265603,0.0028143846859549626,-0.0020206991001161523
2017-09-25,15939.317985420159,-0.012782103324520566,-0.01477697363995123
2017-09-26,15969.588573739333,0.0018991144004318894,-0.012905922402953851
2017-09-27,16041.69723081532,0.004515373501516651,-0.008448823961468066
2017-09-28,16159.13128938691,0.007320550742349496,-0.0011901232636416514
2017-09-29,16246.30532750065,0.005394723054883199,0.0
2017-10-02,16302.591642426749,0.0034645609442549574,0.0
2017-10-03,16258.354916895896,-0.00271347810833511,-0.00271347810833511
2017-10-04,16194.100619595327,-0.003952078646886625,-0.006654832876331063
2017-10-05,16237.416784744208,0.002674811412278544,-0.003997821886976949
2017-10-06,16256.016763360833,0.0011455010894405593,-0.0028569003068633636
2017-10-09,16252.409062119526,-0.00022193021167626892,-0.003078196486049789
2017-10-10,16332.52988931743,0.004929781602940775,0.0
2017-10-11,16480.60420722108,0.009066220536997127,0.0
2017-10-12,16484.956115132605,0.0002640624006744474,0.0
2017-10-13,16470.883616699553,-0.0008536570152063438,-0.0008536570152063438
2017-10-16,16436.360997566444,-0.002095978572643653,-0.00294784634103773
2017-10-17,16330.197654301424,-0.006459054001110021,-0.00938786004344394
2017-10-18,16379.668343696918,0.003029399303226654,-0.006386900316891819
2017-10-19,16375.59941496723,-0.00024841337713987777,-0.006633727102554388
2017-10-20,16443.15966747363,0.004125665924915589,-0.002535429719501048
2017-10-23,16436.990740384637,-0.00037516676926718784,-0.0029096452797916506
2017-10-24,16519.828827937014,0.005039735609806417,0.0
2017-10-25,16558.235210388397,0.00232486564185419,0.0
2017-10-26,16629.050695786333,0.0042767531985237195,0.0
2017-10-27,16697.171362303736,0.0040964855879996875,0.0
2017-10-30,16584.561619700697,-0.00674424069559898,-0.00674424069559898
2017-10-31,16548.82350736705,-0.0021549024419911245,-0.008884609956845813
2017-11-01,16646.326441429304,0.005891834789273576,-0.0030451218216051013
2017-11-02,16606.186319103443,-0.0024113501839037044,-0.005449129150444265
2017-11-03,16565.547979791805,-0.0024471807391976963,-0.007882974885739635
2017-11-06,16534.631771640925,-0.0018662955302531925,-0.009734558455198439
2017-11-07,16552.041124185303,0.0010529023436880447,-0.008691905650922704
2017-11-08,16543.18069438218,-0.0005353073821317,-0.009222560191794682
2017-11-09,16481.28124780087,-0.0037416895653160642,-0.012929741799875605
2017-11-10,16539.06068906052,0.003505761499419835,-0.009469308891455364
2017-11-13,16580.195322796204,0.002487120309250246,-0.0070057398926636205
2017-11-14,16593.931385040636,0.0008284620281611144,-0.0061830818539826415
2017-11-15,16369.166188347894,-0.013545023869109607,-0.01964435573179546
2017-11-16,16502.93414936609,0.008171947152287862,-0.011632941216388581
2017-11-17,16350.003412969243,-0.0092668815746757,-0.02079202170244676
2017-11-20,16376.211790368125,0.0016029585277084202,-0.019222391923234605
2017-11-21,16554.89690614064,0.010911260678590606,-0.008520871773784466
2017-11-22,16488.11822957496,-0.004033771816537746,-0.012520272337908867
2017-11-24,16560.97159487352,0.004418537293593872,-0.008157056334566093
2017-11-27,16675.099114352022,0.0068913540986828,-0.001321915399487672
2017-11-28,16801.585263396668,0.007585331168183718,0.0
2017-11-29,16684.72624688766,-0.006955237537233483,-0.006955237537233483
2017-11-30,17069.59631623844,0.02306720911423832,0.0
2017-12-01,16834.612580689973,-0.013766215157936967,-0.013766215157936967
2017-12-04,16712.493283679054,-0.007254060432076437,-0.020920414633336715
2017-12-05,16637.7543989587,-0.004472036784202826,-0.025298894553758444
2017-12-06,16632.859212214156,-0.0002942216014950594,-0.02558567267398182
2017-12-07,16865.50065238314,0.013986858014053638,-0.011956677830813223
2017-12-08,16967.970798649523,0.006075725137273391,-0.00595359818159491
2017-12-11,16864.628179822943,-0.00609045242079298,-0.01200779049593037
2017-12-12,16972.0513841773,0.0063697345241728875,-0.005714542409438583
2017-12-13,16971.11189516711,-5.535506515530475e-05,-0.0057695811457264545
2017-12-14,16850.16226551099,-0.007126794661613367,-0.012855257187230684
2017-12-15,16996.875333200227,0.008706923136849065,-0.004260263786615259
2017-12-18,17015.69802451946,0.0011074206846988233,-0.003157561006156051
2017-12-19,16894.76879555952,-0.00710692143135605,-0.0102420418995266
2017-12-20,16856.55424230601,-0.0022619163195387593,-0.012480791577347383
2017-12-21,16897.111483287725,0.0024060220374058083,-0.010104798599520959
2017-12-22,16926.426579769268,0.0017349176224905616,-0.008387411970192438
2017-12-26,16933.72965871831,0.00043146017351181065,-0.0079595706309048
2017-12-27,17074.092412773196,0.008288945015879623,0.0
2017-12-28,17103.182575176546,0.0017037603932370526,0.0
2017-12-29,17077.891439606115,-0.00147873855987124,-0.00147873855987124
2018-01-02,17368.76480305147,0.017032159062141394,0.0
2018-01-03,17623.54581688612,0.014668919564728489,0.0
2018-01-04,17708.0654694887,0.004795836971785761,0.0
2018-01-05,17987.98315231478,0.01580735531548494,0.0
2018-01-08,18116.762349145196,0.007159179310985975,0.0
2018-01-09,18092.099048277832,-0.0013613525635570722,-0.0013613525635570722
2018-01-10,18116.89759074309,0.0013706835452915733,0.0
2018-01-11,18396.085086054427,0.01541033689200666,0.0
2018-01-12,18453.5395361639,0.0031231889742142638,0.0
2018-01-16,18415.806300140423,-0.002044769565726301,-0.002044769565726301
2018-01-17,18625.109872039873,0.011365430787456443,0.0
2018-01-18,18707.499774595482,0.004423592833634471,0.0
2018-01-19,18641.664573672373,-0.003519187583394423,-0.003519187583394423
2018-01-22,18781.44282844112,0.007498163815593761,0.0
2018-01-23,18768.3582709094,-0.0006966747789953764,-0.0006966747789953764
2018-01-24,18738.43273300086,-0.001594467532886168,-0.0022900314865654803
2018-01-25,18779.089508486682,0.002169699892468513,-0.00012530027516699516
2018-01-26,18959.068751017814,0.009584023892627691,0.0
2018-01-29,18708.447850855566,-0.01321905118091804,-0.01321905118091804
2018-01-30,18451.097229011506,-0.013755851040966549,-0.026793062922936928
2018-01-31,18471.526810947966,0.0011072285665665316,-0.025715500401024438
2018-02-01,18186.42171880452,-0.0154348416923753,-0.040753427415669674
2018-02-02,17573.76905267687,-0.033687367179777494,-0.07306791892226105
2018-02-05,16969.88157354531,-0.03436300302578377,-0.10492008882903148
2018-02-06,17282.253144372633,0.018407410179826167,-0.08844398576038504
2018-02-07,17209.055054361146,-0.004235448317994384,-0.09230483414765389
2018-02-08,16527.433423925675,-0.03960831250073393,-0.12825710793213918
2018-02-09,16599.587095072773,0.004365691229628377,-0.12445134763374766
2018-02-12,16795.36108229453,0.011793907047234153,-0.1141252082124089
2018-02-13,16852.018731695258,0.003373410617557804,-0.11113678878396593
2018-02-14,17030.75976227194,0.010606505571970848,-0.10170905618148318
2018-02-15,17278.3193588204,0.014536027752377612,-0.0886514740924278
2018-02-16,17183.507415392665,-0.005487335976304686,-0.09365234964559255
2018-02-20,17105.94534038699,-0.0045137510713439966,-0.09774337732339
2018-02-21,16958.080593640185,-0.00864405584166672,-0.10554253395332014
2018-02-22,16974.21403872757,0.0009513721201108716,-0.10469157205749824
2018-02-23,17240.97899930447,0.015715894707599487,-0.09062099907312748
2018-02-26,17530.365613563677,0.016784813337507254,-0.07535724228952101
2018-02-27,17286.376198812923,-0.013918101888415468,-0.08822651440172102
2018-02-28,17176.24448922991,-0.006371011964356965,-0.09403543418725102
2018-03-01,17049.954414411855,-0.0073526011403274305,-0.10069663028694209
2018-03-02,17026.443266010236,-0.0013789566722680613,-0.10193673066900111
2018-03-05,17154.018472365606,0.007492769004202371,-0.09520775004074522
2018-03-06,17295.901691175357,0.00827113594626927,-0.08772409033820139
2018-03-07,17337.27528640087,0.002392103977245652,-0.08554183150635386
2018-03-08,17349.338468647547,0.0006957945840624369,-0.08490555646536424
2018-03-09,17649.317448074064,0.017290513985222855,-0.06908310319162891
2018-03-12,17543.698691000383,-0.00598429697830638,-0.07465398636425358
2018-03-13,17469.714906980873,-0.00421711437950445,-0.07855627634437401
2018-03-14,17380.71443560552,-0.005094557744602213,-0.08325062460293886
2018-03-15,17510.63734757993,0.007475119187750678,-0.07639781375654986
2018-03-16,17680.181325967547,0.009682341940057793,-0.06745518157275576
2018-03-19,17423.039624936086,-0.014544064695410586,-0.08101817374333153
2018-03-20,17558.016608081314,0.007747039899516084,-0.07389878486839097
2018-03-21,17379.64902846499,-0.010158754465138475,-0.08330681972277942
2018-03-22,16903.376935788336,-0.027404010972638226,-0.10842788969363903
2018-03-23,16471.920406464447,-0.02552487180300611,-0.1311851535123446
2018-03-26,16922.941140306804,0.02738118705729975,-0.10739597168250681
2018-03-27,16537.12365352937,-0.022798488961147667,-0.12774599476877913
2018-03-28,16526.80160964727,-0.0006241740763602843,-0.12829043310684585
2018-03-29,16880.37167701277,0.02139373822694801,-0.10964130682280748
2018-04-02,16720.81660279671,-0.009452106699364804,-0.11805707219142525
2018-04-03,16889.363694232496,0.010080075359931717,-0.1091670210159561
2018-04-04,16993.849298280777,0.006186473684852922,-0.10365590623387211
2018-04-05,17164.652702803098,0.010050895563702644,-0.09464684535828705
2018-04-06,16738.014409648757,-0.024855632126169924,-0.11714997031432894
2018-04-09,16799.699358171896,0.0036853205531703903,-0.11389638495456123
2018-04-10,17057.356120354612,0.015336986495379401,-0.10030622577710246
2018-04-11,16973.539697464745,-0.004913799201849867,-0.10472714032678831
2018-04-12,17143.07049826004,0.009987946168978468,-0.09578520319782491
2018-04-13,17127.45898909559,-0.0009106600340956783,-0.09660863547551057
2018-04-16,17342.261526777977,0.012541413050187078,-0.08527883122703694
2018-04-17,17536.05614521025,0.01117470279946109,-0.07505709402162342
2018-04-18,17674.973057900635,0.007921787632296784,-0.0677298927484633
2018-04-19,17559.727586564186,-0.006520262914060604,-0.07380853895466277
2018-04-20,17520.265248912765,-0.0022473206065916074,-0.07588998811071912
2018-04-23,17575.154290983268,0.003132888759997954,-0.07299485424146956
2018-04-24,17229.02066092088,-0.019694485996061384,-0.09125174410288783
2018-04-25,17247.50321565027,0.0010727571284021575,-0.09027687793345107
2018-04-26,18047.630000203968,0.0463908760908458,-0.048074025300684387
2018-04-27,17986.716245812106,-0.003375166400861107,-0.05128693386659655
2018-04-30,18041.021607033697,0.0030191926352447496,-0.04842258636436625
2018-05-01,18042.304093803265,7.10872586653366e-05,-0.048354941334622925
2018-05-02,17865.804796807388,-0.00978252534034696,-0.057664433236032986
2018-05-03,17867.070337471676,7.08359169194761e-05,-0.05759768203211535
2018-05-04,18040.527861557966,0.009708224169381996,-0.04844862907153791
2018-05-07,18187.41109939442,0.008141848119058714,-0.04070124233195627
2018-05-08,18200.571007609895,0.0007235723734155819,-0.04000712025305564
2018-05-09,18295.330840204526,0.005206420862016392,-0.035008993296553936
2018-05-10,18451.979117132287,0.00856219973806227,-0.02674654755172534
2018-05-11,18608.327848347297,0.008473277051882278,-0.018499901407430075
2018-05-14,18600.153601035643,-0.0004392789818769005,-0.018931053771451878
2018-05-15,18549.952153437895,-0.0026989802705152943,-0.021578939501337935
2018-05-16,18569.224761053003,0.0010389572682287795,-0.020562401829144816
2018-05-17,18513.955574071733,-0.0029763863431278015,-0.02347758652028653
2018-05-18,18497.409873467655,-0.0008936880364588395,-0.02435029291854718
2018-05-21,18659.34423891078,0.008754434623595708,-0.015809031342372437
2018-05-22,18569.157418816198,-0.00483333277632092,-0.02056595380934434
2018-05-23,18674.00540029697,0.005646351049538145,-0.015035725354682339
2018-05-24,18694.242072285822,0.001083681382491708,-0.013968337907829698
2018-05-25,18629.55012451001,-0.0034605279810577816,-0.017380528064708578
2018-05-29,18389.509295709315,-0.012884950371661708,-0.030041531194823223
2018-05-30,18635.9637318855,0.013401903890588596,-0.017042241018033644
2018-05-31,18612.00044180078,-0.001285862670129423,-0.018306189706622678
2018-06-01,18686.461927167555,0.004000724457299043,-0.014378703270202742
2018-06-04,18878.345560652317,0.010268590931373112,-0.0042577613608349996
2018-06-05,18915.28111802257,0.00195650393471114,-0.002309587752979403
2018-06-06,19180.874913429943,0.014041229086165341,0.0
2018-06-07,18907.233850017874,-0.014266349405181344,-0.014266349405181344
2018-06-08,19013.89462150948,0.00564126790506192,-0.008705561799141281
2018-06-11,18950.171834177596,-0.0033513800618100165,-0.0120277662147108
2018-06-12,19121.06869240548,0.00901822208913483,-0.003118013192536351
2018-06-13,19022.40310911849,-0.005160045438578176,-0.008261969541363046
2018-06-14,19070.71773374499,0.002539880179667664,-0.005743073774378438
2018-06-15,19056.892592370867,-0.0007249408001912538,-0.006463851186072178
2018-06-18,19159.61471867226,0.005390287309616992,-0.0011084058914746509
2018-06-19,18950.280824639387,-0.010925788284712357,-0.012022083968083241
2018-06-20,18922.17381982274,-0.0014831972716785602,-0.013487450117620425
2018-06-21,18818.902911517478,-0.005457666190397004,-0.018871506307515773
2018-06-22,18909.045512616893,0.004790002983874553,-0.014171897895164487
2018-06-25,18305.108952802984,-0.03193902936089166,-0.045658290593082906
2018-06-26,18421.65654307585,0.006366943271048919,-0.039582051068093316
2018-06-27,18213.13881023824,-0.011319162983525755,-0.05045317836435703
2018-06-28,18235.88977254557,0.0012491510960506158,-0.04926705091135952
2018-06-29,18228.108883842415,-0.0004266799591469139,-0.04967270960723624
2018-07-02,18213.476918559038,-0.0008027143888934551,-0.05043555099739272
2018-07-03,18108.79810421459,-0.005747327367120247,-0.05589300874198977
2018-07-05,18309.857940394584,0.011102881318953983,-0.04541070086565735
2018-07-06,18370.236832072842,0.0032976166103970694,-0.04226283133672459
2018-07-09,18644.971567291286,0.01495542696209462,-0.027939463061897762
2018-07-10,18749.823605085025,0.0056236094228043765,-0.022472974266836365
2018-07-11,18821.090543588514,0.0038009391450575247,-0.018757453529375634
2018-07-12,19050.701114425272,0.012199642220783735,-0.006786645530623137
2018-07-13,19030.14734176128,-0.0010788984899053888,-0.007858221918914055
2018-07-16,19033.14663238916,0.0001576073255773469,-0.007701853106677037
2018-07-17,19166.503323736248,0.007006549884933433,-0.0007492666397419523
2018-07-18,19344.292191291283,0.009276019968381899,0.0
2018-07-19,19309.883430329788,-0.001778755232873519,-0.001778755232873519
2018-07-20,19347.7327865399,0.0019601027808724414,0.0
2018-07-23,19293.376739705785,-0.0028094272044075774,-0.0028094272044075774
2018-07-24,19278.486014793412,-0.0007718050143978861,-0.0035790638888014703
2018-07-25,19950.209681882654,0.03484317526665692,0.0
2018-07-26,19863.782403457924,-0.00433214887476685,-0.00433214887476685
2018-07-27,19685.040946798283,-0.008998359578713755,-0.013291526220156946
2018-07-30,19292.765042670075,-0.019927614333563826,-0.032954272145301
2018-07-31,19382.125000183434,0.004631785921599185,-0.028475123357480925
2018-08-01,19493.908441722004,0.00576734705495463,-0.022872002221361654
2018-08-02,19514.567297473823,0.0010597595558416995,-0.0218364814884352
2018-08-03,19628.94636140053,0.005861214454983665,-0.016103255334397493
2018-08-06,19640.1868065427,0.0005726463833166662,-0.015539830422007683
2018-08-07,19719.33694878503,0.0040300096441017175,-0.011572446444374385
2018-08-08,19788.127454247995,0.003488479640143538,-0.00812433704803861
2018-08-09,19741.55189087307,-0.0023537125219459387,-0.010458927216142055
2018-08-10,19627.160741843618,-0.005794435496347061,-0.016192759133374257
2018-08-13,19610.764400718548,-0.0008353903725929479,-0.01701462223088135
2018-08-14,19707.353645156512,0.004925317670657625,-0.012173106979757042
2018-08-15,19687.918823520704,-0.0009861710499412535,-0.013147273264006998
2018-08-16,19834.30047978322,0.007435100559620267,-0.0058099240031894706
2018-08-17,19986.814489141398,0.00768940702061216,0.0
2018-08-20,19992.011002074163,0.0002599970563388343,0.0
2018-08-21,19933.396438162516,-0.002931899342470623,-0.002931899342470623
2018-08-22,19972.932534612235,0.0019834099307847186,-0.0009543045699579311
2018-08-23,20053.825743657944,0.004050141805942875,0.0
2018-08-24,20307.46999607725,0.012648172755740594,0.0
2018-08-27,20481.391912153522,0.008564430532699063,0.0
2018-08-28,20401.55452149354,-0.0038980451622824264,-0.0038980451622824264
2018-08-29,20612.727908592056,0.010350847866815283,0.0
2018-08-30,20551.148757861887,-0.0029874333471651138,-0.0029874333471651138
2018-08-31,20566.843235666674,0.0007636788575520193,-0.0022260359292985976
2018-09-04,20733.08883666413,0.008083185109767133,0.0
2018-09-05,20271.06823676432,-0.02228421454900531,-0.02228421454900531
2018-09-06,20388.882104021704,0.0058119219905594655,-0.01660180667502542
2018-09-07,20227.837769187227,-0.007898634854664799,-0.024369309920836524
2018-09-10,20385.15861639662,0.007777442601850426,-0.016781398228142175
2018-09-11,20446.464661254653,0.0030073862073716207,-0.013824480166342301
2018-09-12,20560.258832244803,0.005565469281630264,-0.008335950604412501
2018-09-13,20459.346526496247,-0.004908124288313664,-0.013203161011098419
2018-09-14,20517.333967404258,0.0028342762967974444,-0.010406306120597564
2018-09-17,20289.824239215726,-0.0110886594013615,-0.021379573537761543
2018-09-18,20378.21389289285,0.004356353837027704,-0.017116356687949086
2018-09-19,20359.12719028309,-0.0009366229400712411,-0.018036948055696
2018-09-20,20577.696376616757,0.010735685488422408,-0.007494901568770529
2018-09-21,20618.448175490885,0.0019803868289376414,-0.005529357544183933
2018-09-24,20466.067001331277,-0.007390525846690199,-0.012879018531028241
2018-09-25,20450.57095114803,-0.0007571581868777155,-0.013626425263586261
2018-09-26,20446.027235990834,-0.00022218035711818462,-0.013845578096673195
2018-09-27,20517.84472670967,0.0035125401081543828,-0.010381671136903803
2018-09-28,20525.498643422994,0.0003730370716452658,-0.010012506813458333
2018-10-01,20630.42552906158,0.005112026141796511,-0.004951664868237171
2018-10-02,20499.552821358448,-0.006343674662394938,-0.01126392777967078
2018-10-03,20515.39279017427,0.0007726982609748134,-0.01049993313610309
2018-10-04,20245.167082253203,-0.013171851530451417,-0.02353348110620601
2018-10-05,20110.32971766485,-0.006660224834921347,-0.030036967665811654
2018-10-08,19871.365010439396,-0.011882684698876211,-0.041562732548604764
2018-10-09,19862.858248557754,-0.0004280914711783934,-0.0419730313684602
2018-10-10,19157.225407228183,-0.03552524176024896,-0.07600717104193422
2018-10-11,18829.21619803138,-0.017121958019716277,-0.09182773746987316
2018-10-12,19525.722534369997,0.036990723831161754,-0.05823378811549973
2018-10-15,19268.26004400841,-0.013185811173358153,-0.0706517395548576
2018-10-16,19785.098220111617,0.026823292550689937,-0.045723559283462833
2018-10-17,19880.956598166278,0.004844978629280794,-0.04110011032176508
2018-10-18,19403.137587843878,-0.02403400500187558,-0.06414631506658974
2018-10-19,19574.828409264825,0.0088486112436017,-0.05586530962772185
2018-10-22,19579.965002530967,0.00026240808648481107,-0.05561756105023741
2018-10-23,19360.0065210586,-0.011233854679716493,-0.06622661613147529
2018-10-24,18554.8086862611,-0.04159078324284937,-0.10506298253789303
2018-10-25,19134.191997807422,0.031225507163289867,-0.07711812028843668
2018-10-26,18734.698951283408,-0.02087849053515256,-0.09638650087905831
2018-10-29,18405.762483591596,-0.01755760626563352,-0.11225179091293525
2018-10-30,18366.72758532467,-0.002120797674191821,-0.11413452525003509
2018-10-31,18813.334009346403,0.024316058587300127,-0.09259376846554856
2018-11-01,19146.513403347697,0.01770974745017395,-0.07652383327035928
2018-11-02,18963.28505625239,-0.009569802252522464,-0.08536131757087939
2018-11-05,19011.282516203843,0.0025310730608687493,-0.08304630024135462
2018-11-06,19205.56363100918,0.010219253469077927,-0.07367571796411221
2018-11-07,19716.558556606207,0.026606609179226526,-0.04902936981875583
2018-11-08,19779.202586046253,0.0031772293963063802,-0.04600791797751991
2018-11-09,19547.0407756482,-0.011737672911133257,-0.057205564996110736
2018-11-12,19053.809342555942,-0.025233048764431443,-0.08099514294939847
2018-11-13,19147.16712397723,0.0048996911716112646,-0.0764923029646396
2018-11-14,19131.210354937335,-0.0008333749288641501,-0.07726193112596202
2018-11-15,19427.616644964954,0.015493337040806798,-0.06296563922451326
2018-11-16,19302.892589048715,-0.006419936021774597,-0.06898133987089627
2018-11-19,18862.296936944014,-0.022825369310435217,-0.09023218462324978
2018-11-20,18576.28723458848,-0.01516303678770703,-0.10402702747607928
2018-11-21,18689.239355521975,0.00608044651264783,-0.09857911173986955
2018-11-23,18539.52432132067,-0.008010761238234632,-0.10580017925087881
2018-11-26,18936.435936048667,0.021408942745717807,-0.08665630648522982
2018-11-27,18982.376409461678,0.0024260359007448606,-0.08444050189504393
2018-11-28,19609.19701538766,0.03302118725311698,-0.05420764026675051
2018-11-29,19379.320977685842,-0.011722868484692728,-0.06529503971373052
2018-11-30,19737.611551710484,0.01848829349785741,-0.048013940074054795
2018-12-03,20044.75463115213,0.015561309362936981,-0.033199790486343694
2018-12-04,18972.58217991716,-0.053488928698018245,-0.08491289795824886
2018-12-06,19269.545345372862,0.015652227126471185,-0.07058974679658714
2018-12-07,18747.971184663293,-0.027067279033379688,-0.09574635345652793
2018-12-10,18768.575508600898,0.0010990161940540588,-0.09475256405544419
2018-12-11,18622.373640171776,-0.007789715759841442,-0.10180418427377746
2018-12-12,18582.340069494137,-0.0021497566019875736,-0.10373508665851261
2018-12-13,18533.888220563884,-0.0026074137460111446,-0.10607202011362671
2018-12-14,18185.540881901306,-0.018795156985789707,-0.12287353682958091
2018-12-17,17739.503076254237,-0.024527057432258026,-0.1443868679671152
2018-12-18,17880.53603753527,0.007950220514903572,-0.13758455489200638
2018-12-19,17583.50827261016,-0.0166117930861569,-0.15191082182044635
2018-12-20,17327.97252924576,-0.014532693897181481,-0.164235842244442
2018-12-21,16881.684041721954,-0.02575537829198249,-0.18576126429031647
2018-12-24,16442.360763112796,-0.026023664317102457,-0.2069507398224072
2018-12-26,17615.31267019661,0.07133719567297447,-0.15037682957081067
2018-12-27,17847.648314829366,0.013189413607505474,-0.13917079816549993
2018-12-28,17677.35409102306,-0.009541549721416964,-0.14738444279645146
2018-12-31,17827.07746502431,0.008469784178690265,-0.14016297303954373
2019-01-02,17900.973250675794,0.0041451430160923675,-0.136598825592261
2019-01-03,17297.518687618067,-0.033710712518658426,-0.16570469437099233
2019-01-04,17999.071274002315,0.04055798979343983,-0.13186735388057624
2019-01-07,18206.38882453605,0.011518235989941505,-0.12186799719200048
2019-01-08,18276.287147336883,0.003839219489074841,-0.11849665569283963
2019-01-09,18455.155239526834,0.009786894392060042,-0.10986947555585769
2019-01-10,18534.98498717212,0.00432560694338191,-0.10601912077880604
2019-01-11,18421.80070960047,-0.006106521135570642,-0.11147823391256628
2019-01-14,18400.765380463377,-0.0011418714960981236,-0.11249281159092428
2019-01-15,18334.724748371147,-0.003589015496189507,-0.11567808864310403
2019-01-16,18302.78649899299,-0.0017419541234723335,-0.11721853684306904
2019-01-17,18442.287863167992,0.0076218648008965495,-0.1104900958821492
2019-01-18,18669.78245234103,0.012335486294375642,-0.09951755865119216
2019-01-22,18688.130898808333,0.0009827884451327762,-0.09863257491278965
2019-01-23,18492.07050709593,-0.010491171791016551,-0.10808897541620577
2019-01-24,18488.365318805318,-0.0002003663294053437,-0.10826768435435785
2019-01-25,18642.564201865753,0.008340320001335888,-0.10083035148634101
2019-01-28,18363.443575096026,-0.014972222905998755,-0.1142929198941961
2019-01-29,18325.029325453736,-0.0020918870409679657,-0.11614571905716298
2019-01-30,18562.485567548923,0.01295802794516443,-0.10469271058525242
2019-01-31,18555.695985512168,-0.0003657690136403824,-0.10502018624940679
2019-02-01,19075.957238382296,0.028037819399301167,-0.07992690386544743
2019-02-04,19229.903225248276,0.008070157892586804,-0.07250176870692038
2019-02-05,19386.924483736664,0.00816547315132743,-0.06492830680139305
2019-02-06,19354.483361148305,-0.0016733506449448932,-0.06649300962227667
2019-02-07,19181.48793409313,-0.00893826116807861,-0.07483693890449983
2019-02-08,19210.1328368314,0.0014933618724830566,-0.07345533566323004
2019-02-11,19295.99043632023,0.004469391243574261,-0.0693142450536629
2019-02-12,19504.422038188335,0.010801808933102564,-0.059261155351972294
2019-02-13,19720.611258589142,0.01108411312970592,-0.04883389957238482
2019-02-14,19701.338293235014,-0.0009773006070353807,-0.049763474779724204
2019-02-15,19813.484374827087,0.005692307797718454,-0.04435443599753586
2019-02-19,19763.76607599662,-0.002509316276224194,-0.04675245296558861
2019-02-20,19807.792565482756,0.002227636641561226,-0.04462896380133641
2019-02-21,19777.93951443816,-0.0015071366961212362,-0.04606883854840271
2019-02-22,19875.011866929162,0.004908112516985863,-0.04138683707453927
2019-02-25,19975.370275078294,0.005049476640369921,-0.03654634230119613
2019-02-26,20077.527110788007,0.005114139778283233,-0.03161910562582626
2019-02-27,20099.509073019315,0.0010948540679343033,-0.03055886986431089
2019-02-28,20131.416792380023,0.0015874874975696507,-0.02901989419059059
2019-03-01,20367.225203352587,0.011713453325442158,-0.017646364041259188
2019-03-04,20132.22659619335,-0.011538076729301072,-0.028980835668259042
2019-03-05,20102.460425433106,-0.0014785334656363114,-0.030416519998497704
2019-03-06,20026.015236338517,-0.0038027777434583854,-0.03410363047667231
2019-03-07,19821.547291107163,-0.010210116332096564,-0.04396554477425518
2019-03-08,19860.18743233823,0.0019494008547153996,-0.042101850390100726
2019-03-11,20293.32073288001,0.021809124511912303,-0.021210930375528125
2019-03-12,20402.989548097634,0.005404182817646763,-0.015921375303363017
2019-03-13,20577.017891578722,0.008529551175372463,-0.007527626313422964
2019-03-14,20740.52555095756,0.007946130009720997,0.0
2019-03-15,20781.920852430158,0.001995865599976776,0.0
2019-03-18,20801.117744912834,0.000923730420252733,0.0
2019-03-19,20747.168898082786,-0.002593555187352492,-0.002593555187352492
2019-03-20,20530.98288033651,-0.010420024958983864,-0.012986555236551567
2019-03-21,20829.660353395568,0.01454764610149839,0.0
2019-03-22,20434.937846580455,-0.018950021273427375,-0.018950021273427375
2019-03-25,20405.743905767904,-0.0014286288038520834,-0.020351577531054543
2019-03-26,20704.161494993084,0.01462419555019645,-0.0060250074304272205
2019-03-27,20635.006631304943,-0.003340143173866994,-0.009345026216852959
2019-03-28,20751.856293802448,0.005662690813979854,-0.003735253396987659
2019-03-29,20975.916895127968,0.010797135357593746,0.0
2019-04-01,21228.39158610089,0.012036407859318032,0.0
2019-04-02,21234.806172776924,0.00030217016913480776,0.0
2019-04-03,21336.505706812968,0.004789284781248515,0.0
2019-04-04,21238.057682494393,-0.004614065005364987,-0.004614065005364987
2019-04-05,21259.345231215717,0.001002330299670895,-0.0036163595228535517
2019-04-08,21248.37888579303,-0.0005158364617262601,-0.0041303305344790875
2019-04-09,21164.06921084285,-0.003967816811029867,-0.008081758950579165
2019-04-10,21274.10554394706,0.00519920493587489,-0.0029245727357307683
2019-04-11,21231.579701892377,-0.0019989485323758105,-0.004917675197728677
2019-04-12,21453.477384705802,0.010451303479488416,0.0
2019-04-15,21482.214153413355,0.0013394923439329354,0.0
2019-04-16,21479.458014516924,-0.0001282986416925036,-0.0001282986416925036
2019-04-17,21530.25944212156,0.0023651168279155144,0.0
2019-04-18,21484.761339770776,-0.0021132166322981316,-0.0021132166322981316
2019-04-22,21477.32830626798,-0.0003459677017233487,-0.0024584532293200345
2019-04-23,21594.46517039236,0.005453977443283353,0.0
2019-04-24,21625.42100803967,0.0014335079569256504,0.0
2019-04-25,21055.645258679906,-0.026347498582706796,-0.026347498582706796
2019-04-26,21168.21871191446,0.0053464736820709735,-0.021141891108396815
2019-04-29,21333.037575548413,0.007786147047941672,-0.013520357933496818
2019-04-30,21437.315822716206,0.004888110603026075,-0.008698336335442036
2019-05-01,21192.949557753927,-0.01139910737814176,-0.01999829044368484
2019-05-02,21086.507264143846,-0.005022533240123583,-0.024920381605309405
2019-05-03,21237.294660613854,0.007150894862821167,-0.017947689771289133
2019-05-06,21145.07889130807,-0.004342161785644283,-0.022211919784267953
2019-05-07,20807.78736914342,-0.01595130119392907,-0.03780891195562286
2019-05-08,20845.84542550775,0.0018290294729157441,-0.03604903609701282
2019-05-09,20694.508982059167,-0.007259789198254318,-0.04304711689240259
2019-05-10,20772.200654369364,0.003754216752741124,-0.039454508347056216
2019-05-13,20382.59958734081,-0.0187558879057238,-0.05747039191684711
2019-05-14,20676.08931753097,0.014399033299581587,-0.043898876704216216
2019-05-15,21018.857820346857,0.016578014224636783,-0.02804861868202757
2019-05-16,21224.888412282882,0.00980217829612906,-0.018521377947179896
2019-05-17,21097.360585508835,-0.006008409763899936,-0.024418503682981152
2019-05-20,20988.85624621216,-0.00514302909394293,-0.029435947702051934
2019-05-21,21076.306711386704,0.004166518849273881,-0.025392074283724808
2019-05-22,21003.035490476694,-0.003476473459670393,-0.028780272871061885
2019-05-23,20670.511243829143,-0.015832199436044636,-0.04415681728718812
2019-05-24,20758.479812019315,0.004255751933394114,-0.0400889858143364
2019-05-28,20757.487638338876,-4.779606644722545e-05,-0.040134865784953844
2019-05-29,20705.306474260375,-0.002513847773278899,-0.04254782061524831
2019-05-30,20764.052144208108,0.0028372277425965375,-0.039831310729688485
2019-05-31,20468.133673757176,-0.014251479836197345,-0.05351513544417241
2019-06-03,20280.54600786519,-0.009164864216833823,-0.06218954071111482
2019-06-04,20832.61713256124,0.027221709143429917,-0.036660737156686496
2019-06-05,21151.65582512308,0.015314383715293589,-0.02190779003749599
2019-06-06,21283.502659738224,0.006233404878805748,-0.01581094528399385
2019-06-07,21590.857799076497,0.01444100363798162,-0.0015982675643781974
2019-06-10,21769.382968086706,0.008268553786586752,0.0
2019-06-11,21716.874855681042,-0.002412016568528297,-0.002412016568528297
2019-06-12,21859.453044221704,0.006565317960717687,0.0
2019-06-13,21741.327914506568,-0.005403846540724011,-0.005403846540724011
2019-06-14,21747.64083518393,0.00029036499988355224,-0.005115050628740625
2019-06-17,21725.69089002688,-0.0010093023571338122,-0.0061191903532180625
2019-06-18,21742.16615936597,0.0007583312044014967,-0.005365499521806982
2019-06-19,21841.04489959387,0.004547786982361357,-0.0008421136883247637
2019-06-20,22232.757984473523,0.017934722751608678,0.0
2019-06-21,22134.366660191736,-0.004425511416554784,-0.004425511416554784
2019-06-24,22033.1061279414,-0.00457481046577457,-0.008980076006384508
2019-06-25,21643.71337795419,-0.017673075585715847,-0.026494446030074004
2019-06-26,21785.097245190784,0.006532329492988209,-0.020135186988288534
2019-06-27,21899.79631577312,0.005265024493184667,-0.01497617474777213
2019-06-28,22207.47229387241,0.014049262087323156,-0.0011373168645459897
2019-07-01,22227.012777793414,0.0008799058110902092,-0.0002584117851739398
2019-07-02,22297.631977957335,0.0031771790869925542,0.0
2019-07-03,22515.576604101047,0.009774339551355204,0.0
2019-07-05,22451.329297869463,-0.0028534604003825903,-0.0028534604003825903
2019-07-08,22378.618161290542,-0.00323861164807826,-0.0060828307983709085
2019-07-09,22512.54045256724,0.005984386091735905,-0.00013484671466312825
2019-07-10,22654.789738222244,0.006318668741749356,0.0
2019-07-11,22886.79705896394,0.010240983183801733,0.0
2019-07-12,22995.48099240775,0.004748761181558203,0.0
2019-07-15,23011.192023686803,0.0006832225550854609,0.0
2019-07-16,22882.47348258717,-0.0055937363421735276,-0.0055937363421735276
2019-07-17,22674.555722426558,-0.009086332398411057,-0.014629242192830572
2019-07-18,22836.80977582663,0.007155776518240398,-0.00757814926235334
2019-07-19,22744.647017030366,-0.004035710753864663,-0.011583276797745512
2019-07-22,22909.617890608413,0.007253173612873587,-0.004414118702491976
2019-07-23,23012.538319253417,0.004492455052565347,0.0
2019-07-24,23761.38780435769,0.03254093376034706,0.0
2019-07-25,23818.08818948178,0.002386240466715872,0.0
2019-07-26,24148.459393260775,0.013870601248545666,0.0
2019-07-29,23998.908339018402,-0.0061929853083757536,-0.0061929853083757536
2019-07-30,23901.469179581643,-0.004060149655988221,-0.010227990517194696
2019-07-31,23550.227077845913,-0.014695418892315848,-0.024773104804433732
2019-08-01,23518.123874778365,-0.0013631801919119502,-0.02610251479058412
2019-08-02,23366.17086187285,-0.006461102667652541,-0.03239496643029083
2019-08-05,22427.393887511404,-0.04017675724066849,-0.07127019896886988
2019-08-06,22776.248151900225,0.015554828445006219,-0.05682396624206587
2019-08-07,23066.621497346656,0.012748954239954813,-0.044799458147464
2019-08-08,23619.276417969122,0.023959075267526275,-0.021913736469637235
2019-08-09,23436.656767976838,-0.007731805444020745,-0.029476109166723163
2019-08-12,23132.83085853132,-0.012963705209893872,-0.04205769478664512
2019-08-13,23399.862254507283,0.011543394650183059,-0.030999788705461162
2019-08-14,22818.292222988333,-0.02485356645238057,-0.05508289984924075
2019-08-15,23093.66771780164,0.012068190385250643,-0.04367946038634252
2019-08-16,23413.993843883392,0.013870734176833821,-0.030414592393515294
2019-08-19,23641.895510209393,0.009733566509223968,-0.020977068342204475
2019-08-20,23494.11780385247,-0.00625067081838282,-0.027096618411645568
2019-08-21,23705.370308126407,0.008991718950149163,-0.01834854463875335
2019-08-22,23584.496723994336,-0.005098995820817631,-0.023353981307139837
2019-08-23,22900.233031716794,-0.029013283611067586,-0.05168968923509587
2019-08-26,23299.65273956485,0.017441731151593975,-0.035149515746449755
2019-08-27,23360.789116325017,0.002623917937469855,-0.032617827253840326
2019-08-28,23514.694095647363,0.006588175534481211,-0.026244543690860933
2019-08-29,23867.44238016827,0.015001185347599533,-0.011637057607531198
2019-08-30,23851.18176867561,-0.0006812883941922365,-0.012310417809432872
2019-09-03,23622.130320753473,-0.009603358447544785,-0.02179555490211471
2019-09-04,23987.23370226194,0.015455988793174225,-0.006676437961248505
2019-09-05,24365.44833487376,0.01576733012678133,0.0
2019-09-06,24396.07368327159,0.0012569170891878478,0.0
2019-09-09,24092.550902082636,-0.012441460258298842,-0.012441460258298842
2019-09-10,23645.608646728153,-0.018551055767027425,-0.030761713802251345
2019-09-11,23542.533227489133,-0.004359178094291982,-0.0349867961075937
2019-09-12,23808.26487480983,0.011287300510652631,-0.024094402078512323
2019-09-13,23747.753100769194,-0.0025416288989904556,-0.02657479194887613
2019-09-16,23632.797397826915,-0.004840698084340289,-0.03128684948873772
2019-09-17,23654.44697513725,0.0009160818732498743,-0.030399428931175643
2019-09-18,23467.549777878707,-0.007901144231145518,-0.03806038288979141
2019-09-19,23420.136428352253,-0.0020203792034201307,-0.04000386568714687
2019-09-20,23332.192533280457,-0.0037550547726670214,-0.04360870375304027
2019-09-23,23317.257399785718,-0.0006401084455922579,-0.04422089789905892
2019-09-24,23215.77407073264,-0.0043522841178572635,-0.04838072010531269
2019-09-25,23352.089011385193,0.005871651758723839,-0.042793143086883534
2019-09-26,23352.389461686867,1.286609953954354e-05,-0.04278082756818269
2019-09-27,23225.835655043313,-0.005419308668656142,-0.04796829372714628
2019-09-30,23088.56356864062,-0.005910318510881418,-0.05359510434367676
2019-10-01,23072.431814860905,-0.0006986902295483821,-0.05425634819746861
2019-10-02,22619.76864149752,-0.01961922249876691,-0.07281110332897878
2019-10-03,22943.935614230504,0.014331135648234516,-0.05952343347924949
2019-10-04,23328.21253522804,0.016748518103371746,-0.043771844679079686
2019-10-07,23116.04281384027,-0.009094984069927037,-0.052468724518939136
2019-10-08,22719.709020939783,-0.017145399672957473,-0.06871452693968905
2019-10-09,23015.75704437017,0.013030449604681582,-0.05657945851540458
2019-10-10,23097.475525461068,0.003550544999817218,-0.05322980142911149
2019-10-11,23345.286926777517,0.010728938798669985,-0.04307196191223983
2019-10-14,23364.893662558505,0.0008398584194952985,-0.04226827784260079
2019-10-15,23530.856577490642,0.007103088819021108,-0.03546542435532263
2019-10-16,23506.71417469662,-0.0010259891183527214,-0.03645502633420905
2019-10-17,23564.51886080376,0.00245907129671763,-0.03408560054637089
2019-10-18,23294.73767250139,-0.011448618573371983,-0.04514398608024317
2019-10-21,23429.848537152997,0.00580005950490281,-0.03960576438089436
2019-10-22,22766.21996025559,-0.028324066023947436,-0.06680803411958836
2019-10-23,22754.858232405153,-0.0004990607957873205,-0.067273753644703
2019-10-24,23144.892007769806,0.017140681404431035,-0.05128619021837599
2019-10-25,23402.393877353425,0.01112564575791386,-0.04073113644510473
2019-10-28,23620.23291399289,0.0093084082671675,-0.031801870225153905
2019-10-29,23450.168456271538,-0.007199948380720911,-0.03877284678184334
2019-10-30,23600.94638788749,0.006429716353514081,-0.032592428835354736
2019-10-31,23465.82089031871,-0.005725427080251588,-0.038131250340941225
2019-11-01,23910.45179246519,0.018948022497261796,-0.01990573963298825
2019-11-04,23926.05196452104,0.0006524415427719976,-0.019266285421692397
2019-11-05,23589.364082486874,-0.014072020011217323,-0.03306718987891377
2019-11-06,23659.249716367623,0.002962590836971035,-0.030202563595682408
2019-11-07,23904.144968630542,0.01035093061693737,-0.020164257618977555
2019-11-08,24001.599444007763,0.004076886059096063,-0.01616957894066029
2019-11-11,23988.502065397395,-0.0005456877422240769,-0.01670644314185954
2019-11-12,23999.85064296794,0.00047308404416446237,-0.016241262649380306
2019-11-13,23969.35971547326,-0.00127046321863733,-0.017491091941197356
2019-11-14,24090.708326965625,0.00506265552909313,-0.01251698778543009
2019-11-15,24127.973601033285,0.0015468733240171506,-0.01098947665591532
2019-11-18,24061.923266202106,-0.002737500294195949,-0.013696893254532605
2019-11-19,24225.857579569754,0.0068130178770005045,-0.006977192556134604
2019-11-20,24032.451983241153,-0.007983436528236854,-0.014904927110454325
2019-11-21,23895.11749719562,-0.005714543241001846,-0.020534295500979516
2019-11-22,23843.91771839153,-0.0021426878863474164,-0.022632984801102318
2019-11-25,24042.20086482732,0.008315879495039757,-0.014505318480281582
2019-11-26,24243.388269618234,0.008368094332214193,-0.006258606021429247
2019-11-27,24337.873358308498,0.0038973549257828033,-0.0023856431046525017
2019-11-29,24342.961314457825,0.00020905508359003733,-0.0021770867518809967
2019-12-02,23998.88881450382,-0.014134373197629446,-0.01628068819287576
2019-12-03,23934.4448947427,-0.0026852876505755185,-0.01892225751250398
2019-12-04,23785.177146164715,-0.006236524357862705,-0.02504077275048422
2019-12-05,23822.14863183896,0.0015543918570397608,-0.023525304066701835
2019-12-06,23994.703497805,0.007243463578067599,-0.016452245171804325
2019-12-09,24100.80837236756,0.004422012323355595,-0.012102984879345247
2019-12-10,24061.76891199704,-0.0016198402878171425,-0.013703220264651983
2019-12-11,23936.703799819246,-0.005197669075586386,-0.018829664536032742
2019-12-12,24005.38858485114,0.002869433720127157,-0.016014261290264065
2019-12-13,24337.989481704444,0.013855259858746694,-0.0023808831831398924
2019-12-16,24470.717715563962,0.0054535414258147785,0.0
2019-12-17,24470.67598508915,-1.7053228800190112e-06,-1.7053228800190112e-06
2019-12-18,24276.49747355363,-0.007935151103052429,-0.007936842893937812
2019-12-19,24466.52260955065,0.007827535096610605,-0.0001714337136357047
2019-12-20,24536.92484512488,0.002877492510797053,0.0
2019-12-23,24539.486037753635,0.00010438115798638847,0.0
2019-12-24,24550.311628732743,0.0004411498660752411,0.0
2019-12-26,24741.425954157698,0.0077845987584646,0.0
2019-12-27,24757.316638757893,0.0006422703618473857,0.0
2019-12-30,24465.212813864477,-0.01179868679451812,-0.01179868679451812
2019-12-31,24507.773883577393,0.001739656631508879,-0.010079555826734365
2020-01-02,24795.754418228826,0.011750579061952537,0.0
2020-01-03,24648.363934377918,-0.0059441822726938875,-0.0059441822726938875
2020-01-06,24579.545406152007,-0.0027920120138248405,-0.008719598058201106
2020-01-07,24520.791788953466,-0.0023903459656270387,-0.011089101167787718
2020-01-08,24863.651245405545,0.013982397444707972,0.0
2020-01-09,25004.73121647412,0.005674145348810944,0.0
2020-01-10,24992.285105540817,-0.0004977502387668586,-0.0004977502387668586
2020-01-13,25190.427451424413,0.007928140426009644,0.0
2020-01-14,25288.48384162458,0.00389260525210422,0.0
2020-01-15,25680.37802978362,0.015496942822407878,0.0
2020-01-16,25828.260638225005,0.005758583782134119,0.0
2020-01-17,26181.292795351685,0.013668444889556541,0.0
2020-01-21,26355.351152770072,0.0066481956708146495,0.0
2020-01-22,26405.33478722149,0.0018965269770714333,0.0
2020-01-23,26256.061423085957,-0.00565315173385994,-0.00565315173385994
2020-01-24,26097.0719710197,-0.006055342783684359,-0.011674262745987596
2020-01-27,25684.03001827965,-0.015827137741687203,-0.02731663032316134
2020-01-28,25819.516207955254,0.005275114130421699,-0.022185614535352727
2020-01-29,26031.674640063713,0.008216979373265376,-0.014150933899107598
2020-01-30,25897.511248267478,-0.005153851746047544,-0.019231853829771106
2020-01-31,24766.366239181305,-0.043677749504282826,-0.06206959923997413
2020-02-03,24853.46111835656,0.003516659583167714,-0.05877121730779711
2020-02-04,25191.07370880909,0.013584127733548224,-0.045985445297214156
2020-02-05,25274.62661782674,0.0033167664857585155,-0.042821201795250174
2020-02-06,25323.573007306302,0.0019365820994974303,-0.040967546468628435
2020-02-07,25098.673465085154,-0.008881035158674555,-0.04948474740675046
2020-02-10,25402.242821451342,0.012095035890581363,-0.03798823131209006
2020-02-11,25313.32610271805,-0.0035003491368174044,-0.041355608376224984
2020-02-12,25682.227772370385,0.014573417501729358,-0.02738488342140033
2020-02-13,25689.3811232688,0.000278533114876911,-0.02711397790340342
2020-02-14,26003.47443432379,0.012226581463673059,-0.01521890769937051
2020-02-18,26116.669447579392,0.004353072645791878,-0.010932084064383618
2020-02-19,26335.64492920732,0.008384510209751284,-0.0026392340250840363
2020-02-20,26143.75897512267,-0.007286168787605463,-0.009906172908112798
2020-02-21,25689.13906812363,-0.017389232643692853,-0.0271231448064978
2020-02-24,24541.412986565847,-0.04467748329417309,-0.07058883425169316
2020-02-25,23291.39504663968,-0.05093504357758205,-0.11792843248057439
2020-02-26,23169.066002425607,-0.005252113236202227,-0.12256117223562091
2020-02-27,22284.714564495614,-0.038169490208945334,-0.1560525649809218
2020-02-28,22464.619555373592,0.008073021997087038,-0.1492393587736276
2020-03-02,23595.16683793973,0.0503256812241768,-0.10642424994519306
2020-03-03,22886.965572050412,-0.03001467507110689,-0.13324463573450873
2020-03-04,23960.073300748223,0.04688728723428026,-0.09260482800833936
2020-03-05,23102.109406165346,-0.0358080663532897,-0.12509689453567152
2020-03-06,22915.737503247427,-0.00806731106849412,-0.13215501004224373
2020-03-09,21266.910031646396,-0.07195175243072027,-0.1945979779079252
2020-03-10,22680.416070378324,0.06646504060197511,-0.1410668998086626
2020-03-11,21486.220049732074,-0.05265317959514537,-0.18629245859325205
2020-03-12,20164.2452636514,-0.061526633489782157,-0.23635714426125676
2020-03-13,22123.68063918146,0.09717375234778514,-0.16215110251554465
2020-03-16,19454.28732066051,-0.12065774054762857,-0.2632440574063407
2020-03-17,20579.4699679483,0.057837258633105515,-0.22063211340507383
2020-03-18,19835.511068053525,-0.03615053745570018,-0.24880668138119366
2020-03-19,20015.232698254535,0.009060599930317048,-0.24200041925086146
2020-03-20,19339.975079817294,-0.033737185503525446,-0.2675731917181896
2020-03-23,18201.326212795622,-0.05887540507794842,-0.31069511674573
2020-03-24,20172.55525753425,0.10830139637587766,-0.23604243536058134
2020-03-25,20812.687321882135,0.03173281997127253,-0.21179990749618682
2020-03-26,21792.43560386729,0.047074568835474784,-0.1746957279854885
2020-03-27,20968.803205443517,-0.03779441698924235,-0.20588762178500808
2020-03-30,21366.225236869974,0.018953014510779687,-0.19083679835750944
2020-03-31,20687.10812011348,-0.03178460908408831,-0.2165557344069453
2020-04-01,19753.21019006938,-0.045143957513138155,-0.25192350904678995
2020-04-02,20312.602194726576,0.028319042792265714,-0.2307386988875979
2020-04-03,19611.382760410594,-0.03452139846946978,-0.257294674790442
2020-04-06,21605.17307527016,0.10166495342105208,-0.18178757249744493
2020-04-07,21362.66293730768,-0.011224632967188009,-0.19097170668535302
2020-04-08,22306.726784901097,0.044192236256497264,-0.15521893720900148
2020-04-09,22182.823989496956,-0.005554503652593579,-0.15991127670791594
2020-04-13,21723.16676629702,-0.020721312282763082,-0.177319017488479
2020-04-14,22429.377054685792,0.03250954596014233,-0.15057403227698551
2020-04-15,21524.887027794062,-0.040326132316847785,-0.18482809624475038
2020-04-16,21325.302134194033,-0.009272285301303307,-0.19238660270597563
2020-04-17,22028.723410937113,0.03298529007076434,-0.16574724053119672
2020-04-20,21435.541563990184,-0.02692765422132537,-0.1882117103713592
2020-04-21,21053.109115975094,-0.01784104436426004,-0.20269486126101055
2020-04-22,21449.077643804674,0.018808078448095733,-0.1876990836645378
2020-04-23,21537.02477857239,0.004100275836015799,-0.1843684258457141
2020-04-24,21668.548594231914,0.006106870239123152,-0.1793874696594221
2020-04-27,22226.655097864175,0.025756524540865078,-0.15825134288316356
2020-04-28,21820.02947447411,-0.01829450367586516,-0.17365071678494215
2020-04-29,22796.627561952722,0.04475695546704328,-0.13666583871586258
2020-04-30,22421.781415601465,-0.016443052610855102,-0.15086168775060615
2020-05-01,21962.651866259166,-0.020476943416406157,-0.16824944492323957
2020-05-04,21931.912417366155,-0.0013996237376159293,-0.16941358274390028
2020-05-05,22281.12792437191,0.01592271117812971,-0.15618839511345395
2020-05-06,22326.120591673654,0.0020193173098983497,-0.1544844717334134
2020-05-07,22692.33424158468,0.016402923580355555,-0.14061554513725272
2020-05-08,23033.28686376883,0.015025013229328366,-0.12770328233386075
2020-05-11,22834.920219660125,-0.008612172690851794,-0.13521565230406474
2020-05-12,22386.59673357943,-0.019633240745667413,-0.1521941715954639
2020-05-13,22066.253420894573,-0.014309603040481345,-0.16432593645533922
2020-05-14,22482.29438335894,0.018854173136179986,-0.14856999297585316
2020-05-15,22688.636633860213,0.009177988998044784,-0.14075557773878045
2020-05-18,23731.931384225507,0.045983139807012297,-0.10124482134154733
2020-05-19,23560.18103433292,-0.007237099547942716,-0.10774920203872762
2020-05-20,24029.774763606456,0.01993166897101606,-0.08996515449463849
2020-05-21,23730.911536899985,-0.012437204661572832,-0.10128344411735157
2020-05-22,23778.47246275182,0.0020041761049878204,-0.0994822578708946
2020-05-26,24022.425485475505,0.010259406827155537,-0.09024347999932059
2020-05-27,24135.51783625785,0.004707782353231771,-0.0859605443087238
2020-05-28,24277.65023104597,0.005888930817742777,-0.08057782918947065
2020-05-29,24369.755311703193,0.003793821880646364,-0.07708970524029823
2020-06-01,24260.118121490203,-0.004498904023067407,-0.081241790078323
2020-06-02,24562.111905486192,0.012448158021476141,-0.06980494269768933
2020-06-03,24757.132699397902,0.00793990332191874,-0.06241928387218232
2020-06-04,24424.96809326948,-0.013416925544713854,-0.07499873453262873
2020-06-05,25193.87768769013,0.031480474876547815,-0.045879255434308375
2020-06-08,25417.84177093295,0.008889623344970454,-0.0373974813894965
2020-06-09,25213.58600277738,-0.00803592098795547,-0.045132879171857376
2020-06-10,25274.9906098269,0.00243537777778835,-0.04280741700505186
2020-06-11,23813.129660153525,-0.05783823908148167,-0.09816975046733467
2020-06-12,24192.63027091267,0.015936612120084348,-0.08379763158237374
2020-06-15,24391.54806679995,0.008222247587788889,-0.07626438886872533
2020-06-16,24508.74037076341,0.004804627555516916,-0.07182618329747181
2020-06-17,24641.713750086026,0.005425549306533828,-0.06679033048991845
2020-06-18,24709.74771813268,0.0027609268063353287,-0.06421380689743683
2020-06-19,24559.235182141092,-0.006091221072287101,-0.06991388747601845
2020-06-22,24768.81996571363,0.008533848143811085,-0.06197667383107108
2020-06-23,25273.12055437496,0.020360299334381438,-0.04287823812763969
2020-06-24,24586.900585820338,-0.027152166155272495,-0.06886616723682515
2020-06-25,24890.37560702588,0.012342955556608803,-0.05737322372177445
2020-06-26,24255.44805808516,-0.0255089581195993,-0.08141865068026866
2020-06-29,24582.879785349094,0.013499306484869855,-0.06901843951451614
2020-06-30,24852.818582273303,0.010980763819423922,-0.058795550878586345
2020-07-01,25102.284479403024,0.01003773058190105,-0.049347994195819145
2020-07-02,25277.512649954482,0.006980566676918931,-0.04271190448275641
2020-07-06,25534.398445194238,0.01016262156791825,-0.03298334783654133
2020-07-07,25143.787069702892,-0.015297457519108382,-0.047776243993282286
2020-07-08,25227.268068126123,0.0033201441847963142,-0.0446147238271517
2020-07-09,24955.54984728178,-0.010770814347021873,-0.054905001266687736
2020-07-10,25024.405482439473,0.002759131158362127,-0.05229736020807052
2020-07-13,24612.962112740934,-0.016441684098639775,-0.06787918763097645
2020-07-14,25113.580182293943,0.02033961078150215,-0.04892021310605288
2020-07-15,25647.807099521047,0.021272431622622934,-0.02868843337169269
2020-07-16,25390.671592528095,-0.010025633224516661,-0.038426446885438836
2020-07-17,25470.63541468056,0.003149338601031504,-0.03539812617688398
2020-07-20,25778.527967021437,0.01208813786260765,-0.02373788574358049
2020-07-21,25631.127847717125,-0.0057179416719558285,-0.02932009556943893
2020-07-22,25837.315133543663,0.00804440940139517,-0.02151154902049235
2020-07-23,25667.717465765334,-0.0065640592647394636,-0.027934405202584944
2020-07-24,25464.47517087158,-0.007918206796721616,-0.03563142160216903
2020-07-27,25788.39253061684,0.012720362684552011,-0.023364303523362717
2020-07-28,25690.050088425705,-0.003813438238710609,-0.027088643433596515
2020-07-29,26104.39791147772,0.01612872772243823,-0.011396821065469132
2020-07-30,26729.170255542747,0.023933604834851296,0.0
2020-07-31,26459.902795354963,-0.010073917656757359,-0.010073917656757359
2020-08-03,26453.002963429128,-0.00026076558100762703,-0.01033205630677414
2020-08-04,26754.685457989694,0.011404470599335692,0.0
2020-08-05,27136.39518131162,0.014267023393763623,0.0
2020-08-06,27412.03890544498,0.010157713369504329,0.0
2020-08-07,27860.570595305802,0.016362580376016123,0.0
2020-08-10,28060.454962453154,0.0071744534615176825,0.0
2020-08-11,27931.800773443632,-0.0045848931951271155,-0.0045848931951271155
2020-08-12,28138.374752967058,0.007395655625606068,0.0
2020-08-13,28145.681070089246,0.0002596566854458082,0.0
2020-08-14,28142.454230169536,-0.00011464778243142071,-0.00011464778243142071
2020-08-17,28380.719039084128,0.008466383456321447,0.0
2020-08-18,28322.580898835455,-0.002048508361208512,-0.002048508361208512
2020-08-19,28530.879846202188,0.00735451857691749,0.0
2020-08-20,28783.48064009214,0.00885359285278331,0.0
2020-08-21,28810.77738167269,0.0009483474886817778,0.0
2020-08-24,29105.394549525154,0.010225936077652431,0.0
2020-08-25,29187.47391957708,0.0028200741244810423,0.0
2020-08-26,29383.763465982265,0.006725129654797657,0.0
2020-08-27,29534.7408792598,0.005138123761863289,0.0
2020-08-28,30106.164691654525,0.019347513991429643,0.0
2020-08-31,29828.797987667604,-0.00921295378629905,-0.00921295378629905
2020-09-01,29899.863119552116,0.0023824336439535188,-0.006852469393406224
2020-09-02,30382.814096447175,0.016152280529312835,0.0
2020-09-03,29208.190930343844,-0.03866077587068162,-0.03866077587068162
2020-09-04,28965.221338961077,-0.008318542971805565,-0.046657717517083586
2020-09-08,28277.207130724928,-0.02375311412900205,-0.06930256555690362
2020-09-09,28850.00709427383,0.020256596095252988,-0.05044980354050166
2020-09-10,28497.50763412942,-0.012218349166866482,-0.06205173939231046
2020-09-11,28474.404465960506,-0.000810708377221192,-0.06281214190458506
2020-09-14,28957.41460740494,0.016962958506185455,-0.046914663155211644
2020-09-15,29079.052797662924,0.004200588757909296,-0.04291114360393322
2020-09-16,28955.54337357405,-0.004247367510498812,-0.046976251717250284
2020-09-17,28961.663171609027,0.0002113515176012104,-0.046774828701740656
2020-09-18,28704.29840827134,-0.008886394466115388,-0.055245563588927404
2020-09-21,28298.854677817377,-0.01412484376685319,-0.06859007240127524
2020-09-22,28642.91837842542,0.012158219988943397,-0.05726578560164408
2020-09-23,28130.99068496417,-0.01787274909273373,-0.07411503767672145
2020-09-24,28077.299125011355,-0.0019086267012100588,-0.07588220643806054
2020-09-25,28581.302703676716,0.01795057196995109,-0.05929376347601456
2020-09-28,29037.72038255573,0.015969099925606356,-0.044271531584321955
2020-09-29,28930.535252411504,-0.0036912377670189622,-0.047799352601953116
2020-09-30,28869.35685322887,-0.00211466530601212,-0.049812938275368035
2020-10-01,29250.322855220264,0.013196206757504658,-0.03727407335054389
2020-10-02,29030.169371684846,-0.0075265317454821234,-0.04452006059966973
2020-10-05,29358.252973617506,0.011301470471359432,-0.03372173227856057
2020-10-06,29076.846028639135,-0.009585275569062413,-0.04298377575106693
2020-10-07,29604.146844356466,0.018134732191998015,-0.025628542820915423
2020-10-08,29606.005011873247,6.27671361903559e-05,-0.025567384314962638
2020-10-09,29981.322375561656,0.012677068842550376,-0.013214434963496946
2020-10-12,30068.782996112757,0.0029171702120247556,-0.010335813507516334
2020-10-13,29799.66659529631,-0.00895002637290776,-0.019193334076946345
2020-10-14,29542.237028928543,-0.008638672702747652,-0.02766620184852875
2020-10-15,29270.931671847342,-0.009183642958911054,-0.03659576828763378
2020-10-16,29362.024206270595,0.0031120476602686242,-0.033597608402440415
2020-10-19,28910.96567539698,-0.015361969859601365,-0.04844345281440887
2020-10-20,29145.70991542699,0.008119557218034146,-0.040717234983340345
2020-10-21,29086.800502511433,-0.0020212035694616715,-0.0426561407321151
2020-10-22,29060.6027678326,-0.0009006743342765411,-0.043518395775234975
2020-10-23,28997.574897105675,-0.0021688425126780153,-0.04559285374107214
2020-10-26,28297.285589082006,-0.02414992669244098,-0.06864171635796701
2020-10-27,28181.287272735914,-0.004099273620465138,-0.07245960880130253
2020-10-28,26413.638388712425,-0.06272420656006039,-0.13063884389164881
2020-10-29,27124.949411762253,0.026929687329777297,-0.10722721978099725
2020-10-30,26572.441406717724,-0.020368996699582587,-0.12541210559475524
2020-11-02,27004.823138412918,0.01627181052268245,-0.11118097709156127
2020-11-03,27579.959675054684,0.021297548726533444,-0.0922513106420989
2020-11-04,28059.710358660082,0.017394901561053278,-0.07646111154854296
2020-11-05,28465.76857491459,0.014471219091867216,-0.06309637795390244
2020-11-06,28789.80269582289,0.0113832907780278,-0.052431331593164154
2020-11-09,29870.33507788056,0.03753177447841427,-0.016867398027707425
2020-11-10,30019.96257259033,0.00500923388772323,-0.011942656881782199
2020-11-11,30075.935026177758,0.0018645077738548288,-0.01010041628452385
2020-11-12,29534.0273398531,-0.018017983010436334,-0.02793641016594739
2020-11-13,29778.21436401716,0.008267989372196416,-0.01989939873610047
2020-11-16,30274.694434875695,0.016672593755603593,-0.0035585795716046587
2020-11-17,30112.255765492075,-0.0053654932746900474,-0.008904979311535777
2020-11-18,29813.231251808567,-0.009930325911557292,-0.018746875876293867
2020-11-19,29670.510299640155,-0.004787168185929391,-0.02344429961444272
2020-11-20,29157.41204293102,-0.01729320633610254,-0.040332078839907304
2020-11-23,29733.6820694012,0.019764100655493166,-0.021365105450251276
2020-11-24,30242.848606526924,0.017124234258551807,-0.004606732262388391
2020-11-25,30226.40965131063,-0.0005435650401247605,-0.005147793243906018
2020-11-27,30140.36810029352,-0.0028465686798293532,-0.00797970837671702
2020-11-30,30209.334754890544,0.0022881822268239205,-0.0057097851767758945
2020-12-01,30103.615257712856,-0.0034995638942553198,-0.009189367312982588
2020-12-02,30058.973548587735,-0.0014829351472555041,-0.010658675224468728
2020-12-03,29796.954956245172,-0.008716817689034984,-0.01928258318476528
2020-12-04,30201.48129703462,0.013576096664356108,-0.005968268733664073
2020-12-07,30211.822506955177,0.00034240737462010173,-0.0056279049382720325
2020-12-08,30158.486915972127,-0.0017653880685539747,-0.007383357570597049
2020-12-09,30023.02286255077,-0.004491739051723287,-0.011841932506787667
2020-12-10,29540.073626608144,-0.01608596303422305,-0.027737406652452834
2020-12-11,29659.38446745125,0.0040389486617811166,-0.023810487952151793
2020-12-14,29648.540424932864,-0.0003656192706995576,-0.024167401649611286
2020-12-15,29786.81874320862,0.004663916546781222,-0.019616199847276472
2020-12-16,29955.660700063752,0.005668344723574359,-0.014059046506602946
2020-12-17,30493.036203550502,0.017939030250987198,0.0
2020-12-18,30546.71903669738,0.00176049484834917,0.0
2020-12-21,30173.289924623154,-0.012224851763150357,-0.012224851763150357
2020-12-22,29990.576823039723,-0.006055458388524171,-0.01820628307051686
2020-12-23,29824.28628413949,-0.005544759605039751,-0.02365009321262934
2020-12-24,30119.90995771375,0.009912179314462755,-0.01397233786289398
2020-12-28,30443.039369230082,0.010728100182569644,-0.0033941343207021246
2020-12-29,30468.499109319506,0.0008363074324029274,-0.0025606654280581065
2020-12-30,30679.270072353313,0.006917668057017545,0.0
2020-12-31,30844.414471830874,0.005382931180829553,0.0
2021-01-04,30476.72162839913,-0.011920889072721597,-0.011920889072721597
2021-01-05,30031.73084551562,-0.014601005590734295,-0.026347837695458565
2021-01-06,29823.65066967807,-0.006928677434807962,-0.03309395946177007
2021-01-07,29814.30140448511,-0.0003134849350440172,-0.03339706993908176
2021-01-08,29933.34688424431,0.00399289851350626,-0.029537522536490668
2021-01-11,29898.405919715973,-0.0011672922731781332,-0.03067033588784307
2021-01-12,29638.893162272194,-0.008679819189712945,-0.03908394210756183
2021-01-13,29637.444379944573,-4.888112115686294e-05,-0.039130912761809244
2021-01-14,28948.376811353937,-0.023249898329861463,-0.06147102134840399
2021-01-15,28648.893823730275,-0.010345415550422121,-0.07118049363866807
2021-01-19,28498.52716537557,-0.005248602591076512,-0.07605549810639856
2021-01-20,29124.586051164006,0.021968113725858496,-0.055758180212418296
2021-01-21,29057.627102010512,-0.002299052389478251,-0.05792904162444623
2021-01-22,28695.084323407005,-0.012476682191933763,-0.0696829615743485
2021-01-25,28761.813160954345,0.002325444901826179,-0.06751956056025954
2021-01-26,28840.353961726687,0.0027307319024991727,-0.06497320647582483
2021-01-27,27945.893286989452,-0.031014205856289112,-0.0939723199313296
2021-01-28,28231.473515191778,0.010219040961388037,-0.08471358595655643
2021-01-29,27623.893354655833,-0.021521376141029114,-0.10441180914995907
2021-02-01,28184.230205961587,0.020284499513219867,-0.08624525092861601
2021-02-02,28828.966202888063,0.02287577103277072,-0.06534240650875223
2021-02-03,28675.61788685804,-0.005319244365226683,-0.07031407864634687
2021-02-04,29577.0207218185,0.03143446946869699,-0.041089894936078064
2021-02-05,29658.522256569624,0.0027555694509489026,-0.03844755154435775
2021-02-08,29424.41621549961,-0.007893381842993152,-0.046037452182083105
2021-02-09,29597.25992435238,0.005874159323566275,-0.040433724187485476
2021-02-10,29514.159437977032,-0.0028077087739791784,-0.04312790683929879
2021-02-11,29748.416146177773,0.007937095708011821,-0.03553312145555687
2021-02-12,29743.027514054847,-0.0001811401352074249,-0.03570782511633952
2021-02-16,29448.995469841888,-0.009885746972933984,-0.04524057356521949
2021-02-17,29366.983387145017,-0.002784885575498053,-0.04789946931996858
2021-02-18,29608.952344346515,0.008239489702146718,-0.040054646802021976
2021-02-19,29136.159084882478,-0.01596791585077173,-0.05538297342322662
2021-02-22,29541.23219783404,0.013902762947286984,-0.04225018682675874
2021-02-23,29853.732398099855,0.010578441622645984,-0.0321186863390055
2021-02-24,30504.69707878826,0.021805135518995877,-0.011013903128323843
2021-02-25,29810.5684814757,-0.022754810366408362,-0.03351809421765317
2021-02-26,29700.630224600696,-0.003687895349708592,-0.037082378343565425
2021-03-01,30323.055523154602,0.02095663606620568,-0.016902864184775157
2021-03-02,30235.30375643012,-0.002893895922113643,-0.01974784497715254
2021-03-03,30091.18913783597,-0.004766435282248516,-0.024420153434353553
2021-03-04,29713.755062005708,-0.012543009653137371,-0.036656860867232854
2021-03-05,30383.819316081404,0.022550642040274793,-0.014932854574695065
2021-03-08,30632.76518890673,0.008193369972206321,-0.0068618350047602306
2021-03-09,30786.049653137838,0.005003938210795811,-0.0018922329923409809
2021-03-10,31171.27190544217,0.012512883486013315,0.0
2021-03-11,31575.666567500324,0.012973312840261597,0.0
2021-03-12,31432.707003326468,-0.004527523239081788,-0.004527523239081788
2021-03-15,31024.586025806282,-0.0129839589532329,-0.017452697016418606
2021-03-16,31171.327267080393,0.004729837205629472,-0.012805408226476023
2021-03-17,30880.814839799707,-0.0093198606781012,-0.022005924283980183
2021-03-18,30629.419232402874,-0.008140834647692996,-0.029967612340807692
2021-03-19,29266.982636344772,-0.04448130686777041,-0.07311592064795225
2021-03-22,29478.257380533425,0.007218876876165625,-0.06642485860063163
2021-03-23,29420.138433062308,-0.0019715869469779657,-0.06826548316343772
2021-03-24,29415.552167673064,-0.00015588864069004948,-0.06841072999075137
2021-03-25,29607.47265958766,0.006524456546680435,-0.062332616279222264
2021-03-26,30421.063202630095,0.027479229733543997,-0.036566238828307784
2021-03-29,30523.8359102569,0.0033783404262452965,-0.033311431604931885
2021-03-30,30305.974499508564,-0.007137419143153245,-0.04021109309846238
2021-03-31,30371.233316290578,0.0021533317393596096,-0.03814434918214604
2021-04-01,30936.51339657324,0.018612351839510488,-0.02024195339030288
2021-04-05,31184.071400674842,0.008002130069674429,-0.012401802064521905
2021-04-06,31208.525250927316,0.0007841775994632538,-0.011627349680430554
2021-04-07,31205.92877585087,-8.319762166175693e-05,-0.0117095799342527
2021-04-08,31406.34546823536,0.006422391521305526,-0.005362391919834897
2021-04-09,31755.378898408635,0.01111346847172312,0.0
2021-04-12,31814.812874363684,0.0018716191718319841,0.0
2021-04-13,31822.712880564624,0.00024831220073928684,0.0
2021-04-14,31720.348169270233,-0.0032167185644599305,-0.0032167185644599305
2021-04-15,32335.814956341095,0.0194029013737973,0.0
2021-04-16,32352.387169346483,0.0005125033350099617,0.0
2021-04-19,32193.963547853935,-0.004896813971200675,-0.004896813971200675
2021-04-20,32053.7480973603,-0.004355333579390219,-0.00923082029227007
2021-04-21,32382.464640056656,0.010255167093031092,0.0
2021-04-22,32329.940319414105,-0.0016219988572945265,-0.0016219988572945265
2021-04-23,32648.30084396602,0.00984723514508734,0.0
2021-04-26,32490.644969228397,-0.004828915155220437,-0.004828915155220437
2021-04-27,33554.58744467545,0.03274611742717659,0.0
2021-04-28,34146.68369851854,0.017645761695604945,0.0
2021-04-29,34793.35615801838,0.01893807507661127,0.0
2021-04-30,34488.21428010311,-0.008770119114966501,-0.008770119114966501
2021-05-03,34900.89031511664,0.01196571187078277,0.0
2021-05-04,34973.02461202884,0.002066832572490629,0.0
2021-05-05,34717.71897089721,-0.007300073241129468,-0.007300073241129468
2021-05-06,34933.89936791889,0.006226803010961124,-0.0011187263482064225
2021-05-07,35173.94745728064,0.006871494270753953,0.0
2021-05-10,34506.92638400924,-0.0189634977445029,-0.0189634977445029
2021-05-11,34351.81141545717,-0.004495183570564332,-0.02337343691156568
2021-05-12,33672.024748568954,-0.019788961305904573,-0.04269986217884125
2021-05-13,34298.16189892722,0.018595173739436976,-0.02489869979526982
2021-05-14,34645.49798650672,0.010126959240645661,-0.015023888672595853
2021-05-17,34592.4909025078,-0.0015299847622212148,-0.016530887114078685
2021-05-18,34370.995455513264,-0.00640299212967288,-0.022828032103663576
2021-05-19,34299.44469857003,-0.0020817190772332017,-0.024862229630970845
2021-05-20,34450.77375785979,0.004411997355049602,-0.020559924367293814
2021-05-21,34418.547538472536,-0.0009354280288087491,-0.021476120066579174
2021-05-24,34755.74629004554,0.009797007011876024,-0.011889514753583241
2021-05-25,34609.64594184722,-0.004203631450726886,-0.01604316706615816
2021-05-26,34564.65553726748,-0.0012999383078157178,-0.017322250246525783
2021-05-27,34483.464883943045,-0.0023489501649132105,-0.019630511308865728
2021-05-28,34634.41218937785,0.004377382201667723,-0.015339059358011164
2021-06-01,34491.273396901044,-0.004132848904555897,-0.019408514247902353
2021-06-02,34695.99743368648,0.005935531414848594,-0.01358818267908768
2021-06-03,34552.73274068916,-0.0041291417913877915,-0.01766121693750622
2021-06-04,34664.11348581874,0.0032235003224048153,-0.014494647553593532
2021-06-07,34915.170973360066,0.007242576321590644,-0.007357049823164319
2021-06-08,34793.16009758651,-0.003494494581356977,-0.010825835233779446
2021-06-09,34290.72497265987,-0.014440629236247338,-0.02511013259724304
2021-06-10,34576.46939627362,0.008332994529616222,-0.01698638066519742
2021-06-11,34672.58004343556,0.002779654743242821,-0.014253942195541214
2021-06-14,34460.982671002734,-0.00610272936619527,-0.020269683610115607
2021-06-15,34432.04502952099,-0.0008397218894774516,-0.0210923846025729
2021-06-16,33994.04907628758,-0.012720590742080096,-0.0335446677523491
2021-06-17,34093.11131343093,0.0029141052576890925,-0.030728315187324662
2021-06-18,33910.5580805505,-0.005354548935183501,-0.03591832785514193
2021-06-21,34618.95024885092,0.020890017988430376,-0.01577864438171972
2021-06-22,34898.202175813756,0.008066446988007847,-0.007839474992159534
2021-06-23,34695.62533173286,-0.005804793125454899,-0.013598761587072739
2021-06-24,34970.119887933244,0.007911503354554927,-0.005794844880431804
2021-06-25,35043.20557728705,0.0020899467770776337,-0.0037170090207355733
2021-06-28,34712.7959398222,-0.009428636222680531,-0.013110598917523197
2021-06-29,35034.012797435105,0.009253557626696551,-0.003978360973430406
2021-06-30,34853.13707679781,-0.005162860494546062,-0.009120681745273695
2021-07-01,35116.04065301188,0.007543182573056972,-0.0016462981398119858
2021-07-02,35526.588254554285,0.011691170015409869,0.0
2021-07-06,35604.35777918091,0.0021890513119184885,0.0
2021-07-07,35822.388284503344,0.006123702797131481,0.0
2021-07-08,35367.085294216035,-0.01271001214858336,-0.01271001214858336
2021-07-09,35656.18542468011,0.008174270739561118,-0.00463963648942789
2021-07-12,35563.336399071144,-0.0026040089399101962,-0.007231563774441674
2021-07-13,35864.846945654455,0.008478128800963214,0.0
2021-07-14,36226.9965365311,0.010097619862295959,0.0
2021-07-15,36551.20815892316,0.008949448019107242,0.0
2021-07-16,36371.52294360145,-0.00491598566428908,-0.00491598566428908
2021-07-19,35688.715044702345,-0.018773145682073333,-0.02359684283131569
2021-07-20,35970.25808255948,0.007888853311319277,-0.01589414155170288
2021-07-21,36061.0139258791,0.0025230801266791225,-0.013411163617703559
2021-07-22,36153.953969101116,0.0025772997790092234,-0.01086842842772251
2021-07-23,36522.00378307736,0.0101800708794062,-0.0007989989200581915
2021-07-26,36531.19898657026,0.0002517716045242757,-0.0005474284807740482
2021-07-27,35706.980637399065,-0.022562039353654972,-0.0230971167315025
2021-07-28,35136.403119082956,-0.01597943898170129,-0.0387074767457396
2021-07-29,35215.7284380282,0.0022576391407054253,-0.03653722511957336
2021-07-30,35042.858969117005,-0.004908871023792893,-0.0412667396176869
2021-08-02,34448.96940771176,-0.0169475202331133,-0.05751489094617479
2021-08-03,34326.894771335596,-0.0035436368191855694,-0.06085471588015201
2021-08-04,34083.329841307816,-0.00709545479281648,-0.06751837878751121
2021-08-05,34397.792467720006,0.009226288272781158,-0.05891503454113445
2021-08-06,34643.13080711722,0.00713238617354417,-0.052202853145365324
2021-08-09,34411.738230332165,-0.0066793205866230165,-0.05853349414029396
2021-08-10,34205.653843495325,-0.0059887816609969224,-0.06417173148502942
2021-08-11,34027.67312625095,-0.005203254352590614,-0.06904108399645736
2021-08-12,33821.69465386148,-0.006053263519525398,-0.07467642364087856
2021-08-13,33924.2499961187,0.003032235472136824,-0.07187062466943783
2021-08-16,34369.7335368098,0.013131713766467046,-0.05968269537434712
2021-08-17,34332.451998840326,-0.0010847200176732352,-0.06070267637763904
2021-08-18,33876.7416467823,-0.013273457779054643,-0.0731703997447195
2021-08-19,33826.18128802077,-0.0014924799819503454,-0.07455367436977955
2021-08-20,33818.35217151761,-0.00023145138484592653,-0.07476787020344733
2021-08-23,34068.65179527493,0.007401295677798458,-0.06791995364022385
2021-08-24,34094.62520671426,0.0007623844816464498,-0.06720935027722685
2021-08-25,33913.02439726993,-0.005326376469701355,-0.07217774444506764
2021-08-26,33684.70199652535,-0.006732587399753243,-0.0784243888720274
2021-08-27,33948.750230464684,0.007838817572634937,-0.07120032577700564
2021-08-30,33852.86885254273,-0.0028242977214494314,-0.0738235325805966
2021-08-31,33748.578029456236,-0.0030807085668503875,-0.0766768123581908
2021-09-01,33892.68074950525,0.004269890124651621,-0.07273432379741707
2021-09-02,33435.676023421576,-0.013483876635823289,-0.08523745978396602
2021-09-03,33472.51846709305,0.001101890197932942,-0.08422949190746576
2021-09-07,33474.632288967725,6.315096597098169e-05,-0.084171660115272
2021-09-08,33683.053134226975,0.006226232553058875,-0.07846949989246765
2021-09-09,33191.890760613736,-0.014581884001309442,-0.09190715074870437
2021-09-10,33204.92541189486,0.00039270589841144954,-0.09155053733049812
2021-09-13,33247.078463821694,0.001269481903782177,-0.09039727717713864
2021-09-14,32888.71966327113,-0.010778655361869505,-0.10020157144266428
2021-09-15,33105.587605306646,0.006593991625575724,-0.09426830814005094
2021-09-16,33131.99857740141,0.0007977798917102596,-0.09354573360900043
2021-09-17,32707.04460569147,-0.012826089277928276,-0.10517199695609036
2021-09-20,32506.059474486046,-0.006145010459625899,-0.11067072439436121
2021-09-21,32538.20699472814,0.0009889700800962409,-0.10979120434943368
2021-09-22,32514.20986790931,-0.0007375061208111378,-0.11044773878502578
2021-09-23,33134.80354129851,0.01908684467223387,-0.09346899294738109
2021-09-24,33522.29431024674,0.011694373514702372,-0.08286768074824846
2021-09-27,33260.783364798735,-0.0078011052294850725,-0.09002232648009312
2021-09-28,32870.91940728439,-0.011721430407648059,-0.10068856645277025
2021-09-29,32854.59903469356,-0.0004964988167387441,-0.10113507351540607
2021-09-30,32319.278532882916,-0.016293624562130793,-0.11578084115961329
2021-10-01,33016.836515245835,0.021583340161915876,-0.09669643827667807
2021-10-04,32283.79317035479,-0.02220210723557825,-0.11675168082033904
2021-10-05,32317.05028203143,0.0010301488273434245,-0.11584180360008312
2021-10-06,32592.299776941712,0.008517160214443376,-0.10831128658643174
2021-10-07,33032.113172366975,0.013494395867591491,-0.09627848609696577
2021-10-08,33120.557678393845,0.0026775309701003724,-0.09385874375514447
2021-10-11,32522.241391856536,-0.01806480109263442,-0.1102280053110376
2021-10-12,32436.464060978542,-0.0026374975157608116,-0.1125747767366233
2021-10-13,32411.03829699469,-0.0007838636152217582,-0.11327039708036957
2021-10-14,33118.57011206013,0.021829964488704556,-0.09391312133755092
2021-10-15,33814.161496301764,0.02100306208535052,-0.07488252237028192
2021-10-18,33759.8332498085,-0.0016066714089363332,-0.07636888217149695
2021-10-19,34057.69465354602,0.008822952457539612,-0.0682197287305919
2021-10-20,33947.73051658192,-0.0032287604338085973,-0.07122822400347006
2021-10-21,34089.29704282868,0.004170132261937631,-0.06735512285640988
2021-10-22,34449.83643231775,0.010576322211517164,-0.05749117012681848
2021-10-25,34707.84862099531,0.007489504026658267,-0.050432246450322404
2021-10-26,35374.710940761855,0.01921358846088639,-0.03218764241789063
2021-10-27,33489.23808119204,-0.053300021665963926,-0.08377206204560472
2021-10-28,33026.144484755234,-0.013828131751282835,-0.09644178268584425
2021-10-29,33183.8636104356,0.004775583954498952,-0.0921267645612831
2021-11-01,33093.06728182685,-0.002736159046295983,-0.09461085012731874
2021-11-02,32669.48125305956,-0.012799841887122576,-0.1061996880920053
2021-11-03,32789.672767817625,0.0036790150975174463,-0.10291138325033011
2021-11-04,32731.41476201664,-0.0017767181213885763,-0.10450525685220069
2021-11-05,33330.994249019015,0.018318165938191022,-0.08810143555044159
2021-11-08,33760.81080983733,0.012895401727506473,-0.07634213722712802
2021-11-09,33124.42790825618,-0.018849751718513774,-0.09375285861324978
2021-11-10,33469.71787499759,0.010424028082771652,-0.0843061129615027
2021-11-11,33079.55356143924,-0.011657233413664425,-0.09498057033817608
2021-11-12,33232.883803218254,0.004635196829190225,-0.09078562714745209
2021-11-15,33151.20158386447,-0.0024578733472979675,-0.0930203609214666
2021-11-16,33447.44734152574,0.008936199700388947,-0.08491540974247413
2021-11-17,32236.50687710328,-0.03620427149664873,-0.11804538069055714
2021-11-18,32048.208273843054,-0.0058411602714302235,-0.12319701897407187
2021-11-19,31936.072713019275,-0.003498965054945069,-0.12626492196475325
2021-11-22,31579.572062067266,-0.011162945868628205,-0.13601837934438243
2021-11-23,31914.293999561458,0.010599318345299924,-0.12686076310256533
2021-11-24,32164.22753213253,0.007831397823636843,-0.12002286238299475
2021-11-26,31435.58618605762,-0.022653780363510623,-0.13995767118348112
2021-11-29,31265.3580679236,-0.005415140571150445,-0.14461492129116227
2021-11-30,30640.97204876371,-0.019970537929021037,-0.16169742144943566
2021-12-01,30038.02162891197,-0.01967791422844456,-0.17819346768763755
2021-12-02,31166.11835334382,0.03755562661110945,-0.14733000841354382
2021-12-03,31028.870236858827,-0.004403760356966879,-0.15108496272006755
2021-12-06,31717.418948405222,0.022190582715076568,-0.1322470433672348
2021-12-07,32368.98093523291,0.020542717800826837,-0.11442103925829472
2021-12-08,32482.612370121897,0.0035105039332672394,-0.11131221083339227
2021-12-09,32823.12986442487,0.010483069847429638,-0.10199603466700091
2021-12-10,33172.33597367447,0.010639025305995808,-0.09244214775493864
2021-12-13,32773.73781080916,-0.012015981122994734,-0.10334734577554083
2021-12-14,32517.128238777674,-0.007829731644061977,-0.1103678954360543
2021-12-15,32863.82145598267,0.01066186456132212,-0.10088275842778949
2021-12-16,33195.14920996423,0.010081838912901153,-0.09181800323444644
2021-12-17,32872.968439984325,-0.009705658135231165,-0.10063250721962458
2021-12-20,32318.564780299825,-0.016865031848178447,-0.115800368628582
2021-12-21,33238.30380473255,0.028458535540952123,-0.09063734199390161
2021-12-22,33566.622483902975,0.009877720629163811,-0.08165491170752359
2021-12-23,33668.267404616934,0.003028154553312623,-0.07887402084689832
2021-12-27,33943.43730652873,0.00817297482537116,-0.07134568140828479
2021-12-28,33957.20498796511,0.00040560657755572826,-0.07096901310838843
2021-12-29,33963.76402122257,0.00019315586367563142,-0.070789565325734
2021-12-30,33892.27347787826,-0.002104906373146198,-0.07274546629167389
2021-12-31,33808.47538057538,-0.002472483805418868,-0.07503808810976897
2022-01-03,34207.6283904876,0.011806300207833686,-0.06411771009718115
2022-01-04,34537.96791252117,0.009656896358398948,-0.05507999181992851
2022-01-05,34136.010209837026,-0.011638139907426903,-0.0660771030764552
2022-01-06,34239.47611191893,0.0030309898973515104,-0.06324639221097472
2022-01-07,34066.18706216994,-0.005061089404012953,-0.06798738596952658
2022-01-10,33196.214641341525,-0.025537710435298733,-0.09178885422868266
2022-01-11,33398.115433941945,0.006082042629914186,-0.08626507532313832
2022-01-12,33522.02119044204,0.003709962520046073,-0.08287515299933002
2022-01-13,33408.330207179104,-0.003391531274831272,-0.08598561060085763
2022-01-14,33136.2480693603,-0.008144140582049708,-0.0934294722821406
2022-01-18,33177.374820537625,0.0012411408524959366,-0.09230429056452105
2022-01-19,32967.0218466406,-0.006340253713106092,-0.09805931165663972
2022-01-20,32845.530558842685,-0.003685236972968964,-0.10138317682874776
2022-01-21,32020.934733285852,-0.02510526733856744,-0.12394319240939622
2022-01-24,31764.904426868132,-0.007995716194742375,-0.1309478940133627
2022-01-25,31645.15864822248,-0.0037697509501827264,-0.13422400401566414
2022-01-26,31834.618729678223,0.005987016325683214,-0.12904058899332138
2022-01-27,31606.077309537748,-0.0071790217461412675,-0.1352932255449446
2022-01-28,33901.26805653977,0.07261865256241085,-0.07249938472243
2022-01-31,33968.98673800176,0.001997526503995539,-0.07064667766094102
2022-02-01,36303.32719116221,0.06871975520391294,-0.006781744851857674
2022-02-02,36682.36498438991,0.010440855496021362,0.0
2022-02-03,36102.61385868046,-0.015804627808380545,-0.015804627808380545
2022-02-04,35563.174142554446,-0.014941846544341275,-0.030510324029318525
2022-02-07,35462.281742148065,-0.002836990871567191,-0.03326075739012602
2022-02-08,35545.31460482806,0.0023414416275788774,-0.030997193884465202
2022-02-09,35817.055150775064,0.007644904791758167,-0.02358925968876535
2022-02-10,35079.31466247373,-0.0205974635601881,-0.04370084433210231
2022-02-11,34553.11484121209,-0.015000287956724034,-0.05804560703989281
2022-02-14,34645.879775803936,0.002684705417099087,-0.05551673697845261
2022-02-15,35083.18142831087,0.012622039195908652,-0.043595432212715
2022-02-16,35059.43148330546,-0.0006769609835396428,-0.04424288078958616
2022-02-17,34375.288409885194,-0.01951380967903149,-0.06289334331323748
2022-02-18,34202.18837787606,-0.005035595045636221,-0.06761223295088203
2022-02-22,34047.14487029608,-0.004533145828770291,-0.07183888266787719
2022-02-23,33256.82574232104,-0.023212493470033735,-0.09338381654308825
2022-02-24,33553.01057324471,0.008905986194189364,-0.08530950532979231
2022-02-25,33911.557607825285,0.010685986993562935,-0.07553513460061079
2022-02-28,33639.347769406435,-0.008027052061921114,-0.08295586220458862
2022-03-01,32657.250951854163,-0.02919488285814653,-0.10972885838327562
2022-03-02,32972.963437107974,0.009667454425948518,-0.10112220269495886
2022-03-03,32913.25370164386,-0.0018108695500786975,-0.10274995312734037
2022-03-04,32123.888426399164,-0.023983203921442375,-0.12426888397001112
2022-03-07,30639.022562848826,-0.04622310486952408,-0.16474789518377053
2022-03-08,30873.103720563584,0.007639968188756452,-0.15836659567338263
2022-03-09,31850.61442307223,0.03166221029658112,-0.1317186218329658
2022-03-10,31704.12497589895,-0.004599265974196243,-0.13571207883159764
2022-03-11,31381.40086665642,-0.01017924669070236,-0.14450987879296506
2022-03-14,31752.19745328866,0.011815807337849593,-0.13440157234134908
2022-03-15,32691.873450689884,0.02959404616904404,-0.10878501250936712
2022-03-16,33694.19909584557,0.030659779919542496,-0.08146055713190647
2022-03-17,34117.81711620917,0.012572431805207396,-0.0699122826260542
2022-03-18,34502.383831204424,0.01127172684247002,-0.0594285879362787
2022-03-21,34229.23315013345,-0.007916864017492475,-0.06687496390432801
2022-03-22,34357.33166234505,0.0037423716637106086,-0.06338286321054465
2022-03-23,33758.16800778759,-0.017439178934088417,-0.07971669705174955
2022-03-24,34014.574513218635,0.007595391591507239,-0.07272678499073182
2022-03-25,34164.208520660744,0.00439911448499708,-0.06864760395903491
2022-03-28,34646.9300606435,0.014129451870393162,-0.055488105104798624
2022-03-29,35528.52567404602,0.025445129246932874,-0.03145487786392476
2022-03-30,34991.06895786034,-0.015127470278855193,-0.046106515412768445
2022-03-31,34428.69045282283,-0.016072058436247816,-0.061437547239010404
2022-04-01,34385.381786355145,-0.0012579237228622642,-0.06261818721372636
2022-04-04,34429.15822370991,0.001273111859765086,-0.061424795310739966
2022-04-05,33778.10427991203,-0.018909958226905443,-0.0791732132242231
2022-04-06,32927.25394946116,-0.025189404455621678,-0.1023682915898887
2022-04-07,32549.577532411266,-0.011470024728742256,-0.1126641494826558
2022-04-08,32522.273322194804,-0.000838849911009576,-0.11340849108189788
2022-04-11,32301.0306001664,-0.006802806182599097,-0.11943980128020582
2022-04-12,31798.813236654103,-0.015548029093217508,-0.1331307768682306
2022-04-13,32038.04656065013,0.007523341271122197,-0.1266090238651777
2022-04-14,31939.739206127066,-0.0030684565719999446,-0.12928898614582396
2022-04-18,31923.044131279283,-0.0005227054216078164,-0.12974411151341925
2022-04-19,32382.616935611113,0.014396271309274233,-0.11721567163427293
2022-04-20,32566.42112263594,0.005676013998198393,-0.11220497542907881
2022-04-21,32337.787025533333,-0.007020547214618311,-0.11843778231598212
2022-04-22,31444.343465590457,-0.027628469419921364,-0.14279399708902307
2022-04-25,31768.075333970526,0.010295392833828076,-0.133968724549539
2022-04-26,30515.527583909017,-0.039427876473275725,-0.16811449869999318
2022-04-27,31966.058843247585,0.04753420223032423,-0.12857148504872407
2022-04-28,32824.194923733136,0.026845226203630723,-0.10517778944456313
2022-04-29,31476.494144703436,-0.04105815183467787,-0.1419175356305904
2022-05-02,31237.18345779158,-0.007602838035636994,-0.14844139762841124
2022-05-03,30924.84084430032,-0.00999906454156807,-0.15695618705445225
2022-05-04,31844.947518199322,0.02975299625733019,-0.13187310764311788
2022-05-05,30710.36044107779,-0.035628480042968036,-0.16280314930221895
2022-05-06,30486.989133247993,-0.00727348375667447,-0.1688924869969083
2022-05-09,29641.143747672446,-0.027744470989858994,-0.19195112528087654
2022-05-10,29732.36198801312,0.003077419721627228,-0.18946441973777728
2022-05-11,29752.042442207367,0.000661920307649444,-0.18892790977712937
2022-05-12,29597.895958056775,-0.005181038728686138,-0.19313010568833044
2022-05-13,30158.389912379025,0.018936952650841388,-0.17785044870436095
2022-05-16,30129.94795046863,-0.0009430862188939404,-0.17862580661605776
2022-05-17,30932.522670302205,0.02663710940201236,-0.15674677236689993
2022-05-18,29869.87663820132,-0.03435368150949791,-0.1857156251808636
2022-05-19,29317.880014436465,-0.01848004363897815,-0.20076363596205926
2022-05-20,29703.902648771193,0.013166799036787191,-0.19024025137387912
2022-05-23,30729.401899801596,0.034524057769655725,-0.1622840590327691
2022-05-24,30239.7014050004,-0.015935894112028226,-0.17563381156398095
2022-05-25,30340.07243660578,0.003319180644713038,-0.1728975912671682
2022-05-26,31072.385708821846,0.0241368333495644,-0.15293395826456058
2022-05-27,31745.286117689997,0.021655897785701983,-0.13458998264699884
2022-05-31,31659.85314249448,-0.0026912019277063326,-0.1369189757539555
2022-06-01,31319.639101501678,-0.010745913427379739,-0.1461935697213178
2022-06-02,32048.940522075776,0.023285754290161442,-0.12631204297448861
2022-06-03,31907.330290143673,-0.004418562037473928,-0.13017248741399967
2022-06-06,32035.861310293938,0.004028259932168821,-0.1266685960971513
2022-06-07,32085.801323217325,0.0015588784218933949,-0.12530717861644536
2022-06-08,31612.511793433892,-0.014750746756041266,-0.13820955091400133
2022-06-09,30724.829864005107,-0.028080082191164646,-0.16240869755589693
2022-06-10,29874.883528541544,-0.02766317467747137,-0.18557913206373888
2022-06-13,29159.81909335,-0.023935304534606572,-0.2050725435571319
2022-06-14,29370.080886627657,0.00721066864662423,-0.19934058507061847
2022-06-15,29729.95760459012,0.012253174220106411,-0.18952996576852044
2022-06-16,28819.34231429243,-0.030629552265392324,-0.21435430004154776
2022-06-17,28841.661748880135,0.0007744602338353168,-0.21374584868904634
2022-06-21,29474.57412461855,0.02194437967025209,-0.1964919890753668
2022-06-22,29522.580341533496,0.0016287331824362816,-0.19518328891562042
2022-06-23,29946.96628199074,0.014374960980636287,-0.18361408009721847
2022-06-24,31087.131175567607,0.03807280119263812,-0.15253198127229095
2022-06-27,30807.656386020928,-0.008990047617077224,-0.1601507591146032
2022-06-28,30168.971034541897,-0.02073138389614204,-0.17756199614228174
2022-06-29,30376.42770965972,0.006876491574084431,-0.17190650813854735
2022-06-30,30214.075786425146,-0.005344668069147129,-0.17633239298276782
2022-07-01,30585.820735138375,0.012303700809549456,-0.1661982331795102
2022-07-05,30693.71839448536,0.003527701946641759,-0.16325682906358419
2022-07-06,30782.867158949157,0.0029044628388787963,-0.1608265396179137
2022-07-07,31007.245894755997,0.007289078520472003,-0.15470973837289248
2022-07-08,31031.878386877986,0.0007944108356348067,-0.15403823062979927
2022-07-11,31127.35877259234,0.0030768484113010697,-0.15143533450369107
2022-07-12,30776.62167962145,-0.011267807703611243,-0.1609967979785828
2022-07-13,30622.26487800169,-0.005015391332635066,-0.16520472736605396
2022-07-14,30813.26038932213,0.006237145164845304,-0.15999798806770948
2022-07-15,31476.94485645704,0.02153892378636124,-0.1419052487523098
2022-07-18,31049.73917301046,-0.013572018675724329,-0.1535513267417845
2022-07-19,32023.98904450651,0.031377071030049164,-0.1269922465976706
2022-07-20,32060.886405191588,0.001152178781781421,-0.1259863855878699
2022-07-21,32340.99010379867,0.008736617418092507,-0.11835046302054686
2022-07-22,32162.773938963728,-0.005510535214381385,-0.12320882384081511
2022-07-25,32213.02865791873,0.0015625119602671322,-0.1218388271414097
2022-07-26,31645.73218233169,-0.017610777353826546,-0.13730392803739755
2022-07-27,31599.60772243247,-0.0014575254455629905,-0.1385613295140702
2022-07-28,31953.816422393436,0.011209275224942639,-0.12890522636718482
2022-07-29,32440.186061123222,0.015221018744694836,-0.11564627648931403
2022-08-01,32396.32334200562,-0.0013521105900858865,-0.11684202052425474
2022-08-02,31795.186169836532,-0.0185557220744752,-0.13322965453926172
2022-08-03,32001.013691899243,0.006473543540939319,-0.1276185789679266
2022-08-04,32547.465191464285,0.017076068427900104,-0.11272173412715403
2022-08-05,32916.68371879078,0.011344002525374153,-0.10265644723838296
2022-08-08,32630.7343763229,-0.008687064131695732,-0.11045172822938687
2022-08-09,32372.412967943754,-0.00791650611965955,-0.11749384256659157
2022-08-10,32904.41030705484,0.016433663429349155,-0.10299103340100269
2022-08-11,32970.622839962045,0.0020122692456521207,-0.10118600984444126
2022-08-12,33118.67610513081,0.004490460064628277,-0.09714992151611868
2022-08-15,33669.18627119988,0.01662234819778252,-0.08214243314116432
2022-08-16,33767.73455702103,0.0029269577538157954,-0.07945590281894843
2022-08-17,33430.45399600712,-0.009988249595020093,-0.08865052702481513
2022-08-18,33692.87098147998,0.007849638700814676,-0.0814967629317821
2022-08-19,33483.46960999357,-0.00621500529300445,-0.08720526541180273
2022-08-22,32952.25004889464,-0.01586512889155256,-0.10168687152757494
2022-08-23,32707.744515388666,-0.007419995088140396,-0.10835235052845249
2022-08-24,32555.548139873084,-0.004653221363031479,-0.11250138441927027
2022-08-25,32980.65581878666,0.013057918026356807,-0.10091250024851184
2022-08-26,31935.270951629594,-0.03169690963396754,-0.12941079548116463
2022-08-29,31777.515919440753,-0.004939836972975176,-0.13371136422191987
2022-08-30,31547.246416735303,-0.007246302803819105,-0.13998875399227517
2022-08-31,31257.17655740131,-0.009194775845162595,-0.1478963646236352
2022-09-01,31525.029536875594,0.008569327398538107,-0.14059440959461056
2022-09-02,31262.49609100974,-0.008327777950493664,-0.14775134852091965
2022-09-06,31341.3185389601,0.002521310125745968,-0.145602565366292
2022-09-07,31532.810983261246,0.006109903897728586,-0.14038227915021417
2022-09-08,31550.61615846871,0.0005646555017539967,-0.13989689127473115
2022-09-09,32141.92051190199,0.01874145184561038,-0.1237773102802967
2022-09-12,32371.88466074659,0.007154648670089525,-0.11750824477859145
2022-09-13,31236.528595413656,-0.035072288105290284,-0.1484592498682601
2022-09-14,31101.926727221675,-0.004309117377778837,-0.15212863891253947
2022-09-15,30340.784261531415,-0.02447251812936968,-0.17287818616812578
2022-09-16,29622.71303981446,-0.02366686422893105,-0.1924535658368719
2022-09-19,29814.418060520962,0.006471555135710849,-0.18722748456353855
2022-09-20,29440.13556373052,-0.012553741482751013,-0.1974308206066131
2022-09-21,28839.5784928524,-0.02039926309367912,-0.21380264044793695
2022-09-22,28347.47965083133,-0.01706331603088551,-0.2272177744566216
2022-09-23,27950.682919375573,-0.013997601774241697,-0.23803487230799003
2022-09-26,27465.617414583903,-0.017354334639724245,-0.2512582701177575
2022-09-27,27393.80311994999,-0.0026146979894863254,-0.25321600361352514
2022-09-28,27666.761744766773,0.009964247155518136,-0.2457748633017447
2022-09-29,27638.431697500004,-0.0010239740931057284,-0.24654717030209283
2022-09-30,27170.309359402938,-0.016937369790754442,-0.2593086794985766
2022-10-03,27651.298045556825,0.01770273130833644,-0.24619642006932307
2022-10-04,28398.583451040948,0.027025328223396095,-0.22582463090572558
2022-10-05,28532.284461729723,0.004708016895253797,-0.22217980018814043
2022-10-06,28186.687973893666,-0.01211247169148355,-0.23160112533942556
2022-10-07,27613.021597929397,-0.020352386789664556,-0.24723987644526058
2022-10-10,27492.262940355395,-0.004373250393685968,-0.25053188495194734
2022-10-11,27179.848308013177,-0.011363729243387577,-0.25904863768790554
2022-10-12,27097.860603678535,-0.0030164886648933464,-0.26128370907355725
2022-10-13,27975.878054216417,0.03240172585501799,-0.23734802633032293
2022-10-14,27656.0421667332,-0.011432559395039621,-0.24606709031704577
2022-10-17,28098.919132190982,0.016013750730771825,-0.23399379663365738
2022-10-18,28425.408059817462,0.011619269982966918,-0.2250933637481165
2022-10-19,28277.284094294802,-0.00521097059401765,-0.2291313794427341
2022-10-20,28053.642023816825,-0.007908894989073545,-0.23522809841309356
2022-10-21,28642.280539583793,0.02098260593997847,-0.2191811909681275
2022-10-24,28800.22892836864,0.005514518600101104,-0.21487535112241252
2022-10-25,29117.9686999372,0.01103254326063996,-0.20621342946867582
2022-10-26,30101.577613813486,0.03378013500915711,-0.17939921194767194
2022-10-27,30037.06479694041,-0.002143170623837065,-0.1811578994505233
2022-10-28,30564.313165016756,0.0175532586702698,-0.1667845522494713
2022-10-31,30392.697784896984,-0.00561489404958071,-0.1714629687090644
2022-11-01,30347.441980654192,-0.001489035444075637,-0.17269668971538588
2022-11-02,29596.85884382551,-0.02473299519963368,-0.19315837851729623
2022-11-03,28966.13156872111,-0.021310615374171116,-0.21035266998058677
2022-11-04,29285.410566664385,0.011022493534761368,-0.20164878739070624
2022-11-07,29800.367923571765,0.017584092110819016,-0.1876105061314003
2022-11-08,29940.291355719695,0.0046953592152549906,-0.18379604563498808
2022-11-09,28929.03734193962,-0.03377569048228013,-0.21136389776803377
2022-11-10,30670.28483156225,0.06019030184244234,-0.1638956527308445
2022-11-11,30986.691950108958,0.01031640626372976,-0.15527006060554527
2022-11-14,31140.29481924374,0.004957059287970855,-0.1510826842136429
2022-11-15,31674.083114499597,0.017141401465666117,-0.13653105169259327
2022-11-16,31409.609650720053,-0.008349838030780266,-0.1437408775555683
2022-11-17,31428.12457918685,0.0005894670030186511,-0.14323614105685367
2022-11-18,31593.883369713476,0.005274218323431112,-0.13871738141316203
2022-11-21,31266.69934753616,-0.010355929290128407,-0.14763676331006392
2022-11-22,31787.09860043006,0.016643881949595984,-0.13345013022042118
2022-11-23,31928.075303202582,0.004435028957648024,-0.12960695645470255
2022-11-25,32105.981319158018,0.005572087082167165,-0.12475705062035569
2022-11-28,31697.57457273714,-0.012720581325984193,-0.13589064973793363
2022-11-29,31800.914442537593,0.003260182244017251,-0.13307349577731986
2022-11-30,32870.70584059738,0.0336402715712103,-0.10390985274298903
2022-12-01,32899.797717217254,0.0008850396082442646,-0.10311677747010917
2022-12-02,32912.68259320276,0.0003916399759127387,-0.10276552214644108
2022-12-05,32009.388115602873,-0.02744517937855473,-0.12739028333575575
2022-12-06,31183.701519895145,-0.025795138373958748,-0.14989937172357093
2022-12-07,31034.353911209706,-0.004789284190337528,-0.15397074522277132
2022-12-08,31472.11111296519,0.014105568397135615,-0.14203702170353327
2022-12-09,31307.783429426432,-0.00522137466244077,-0.14651676785972279
2022-12-12,32183.55844268028,0.027973076255238816,-0.12264221632449501
2022-12-13,32117.953134983964,-0.0020384727752577048,-0.124430686280678
2022-12-14,32173.979327441433,0.0017443886359136407,-0.12290335311987133
2022-12-15,31457.57751303102,-0.02226649700739336,-0.14243322298282257
2022-12-16,31169.111770568663,-0.009169992264752902,-0.15029710369457916
2022-12-19,30984.555806804474,-0.005921117198420034,-0.15532829412744042
2022-12-20,30732.931389727135,-0.00812096254166983,-0.16218784141083986
2022-12-21,31065.281963286412,0.01081415141773201,-0.1531276138682398
2022-12-22,30829.30070222626,-0.007596301921194204,-0.15956071220201884
2022-12-23,30991.896082663334,0.005274053472946072,-0.15512819045740756
2022-12-27,31031.081940976397,0.0012643904783542492,-0.15405994258599198
2022-12-28,30696.07783953704,-0.010795759621806345,-0.16319250810029073
2022-12-29,31126.69988804166,0.014028569081551368,-0.15145329639221594
2022-12-30,30977.05277354261,-0.004807676850977161,-0.155532834736124
2023-01-03,31032.535972851954,0.00179110645918934,-0.15402030414184653
2023-01-04,31650.347010001522,0.019908493385459858,-0.13717812296262122
2023-01-05,31299.268168766823,-0.011092416810588479,-0.14674890285601405
2023-01-06,32261.094718019296,0.030730001227704973,-0.12052849559323875
2023-01-09,32516.131051436492,0.007905383733762372,-0.11357593586799408
2023-01-10,32570.96220078539,0.0016862753216906334,-0.11208118084409546
2023-01-11,32886.92983275214,0.009700899531888352,-0.10346756958699121
2023-01-12,33078.65670973087,0.00582988068371737,-0.09824089248860013
2023-01-13,32974.201454423135,-0.003157784072803982,-0.10108845303580549
2023-01-17,32769.21630585409,-0.006216531091810529,-0.10667656461629593
2023-01-18,32284.538967316214,-0.014790629535174182,-0.11988938060414533
2023-01-19,32339.864314551814,0.0017136793339873613,-0.11838115322406384
2023-01-20,32840.19746129729,0.015471096040447607,-0.10474154337452468
2023-01-23,32976.31336566758,0.004144795552179614,-0.10103088010545214
2023-01-24,32917.42860163766,-0.0017856685002037853,-0.10263614094550377
2023-01-25,32854.57415053834,-0.0019094581129034394,-0.10434961964640166
2023-01-26,32977.96290010419,0.00375560337505787,-0.1009859120550739
2023-01-27,33776.42484950033,0.024211985191893604,-0.0792189962704477
2023-01-30,33227.55726015534,-0.016250020296422862,-0.09418170626961353
2023-01-31,33856.695852396806,0.018934241458546497,-0.07703072397855382
2023-02-01,33907.25469779891,0.00149331894708582,-0.07565243647109288
2023-02-02,34177.426640250036,0.007967968650339108,-0.06828726406287722
2023-02-03,34255.64557569999,0.002288613951930474,-0.06615493329622024
2023-02-06,34005.878420425375,-0.007291269835293823,-0.07296384966191538
2023-02-07,34156.98289540917,0.004443481009831496,-0.06884458213246092
2023-02-08,33927.19859825076,-0.0067273007648838146,-0.075108744687307
2023-02-09,33786.83012673113,-0.0041373434093926464,-0.07893533742687986
2023-02-10,33609.35707488326,-0.00525272868695259,-0.08377344020251598
2023-02-13,33909.75786828535,0.008938010707339128,-0.07558419740069755
2023-02-14,33918.435938324765,0.0002559166029176829,-0.07534762404881279
2023-02-15,33877.567095804094,-0.0012049153031402637,-0.07646175184668147
2023-02-16,33498.19817311632,-0.011198233970430627,-0.08680374923014389
2023-02-17,33233.49477061134,-0.007902019121655779,-0.0940198434655517
2023-02-21,32647.11771957857,-0.017644158553896783,-0.11000510099412975
2023-02-22,32471.267235658903,-0.005386401501968119,-0.11479897085487889
2023-02-23,32790.688708445516,0.009837049797546404,-0.10609120425033902
2023-02-24,32651.82243610271,-0.004234930030824313,-0.10987684545427723
2023-02-27,32861.621532549114,0.006425341092582748,-0.1041575005719153
2023-02-28,32838.695112112095,-0.0006976655249441022,-0.10478249899954595
2023-03-01,32724.07168397033,-0.003490498868802039,-0.10790725467411988
2023-03-02,32893.60576133903,0.005180714643518547,-0.10328557672503336
2023-03-03,33411.32014101046,0.01573905832725453,-0.08917213611421826
2023-03-06,33751.460230416385,0.010180384611275128,-0.079899558145195
2023-03-07,33199.74130399361,-0.01634652019960836,-0.0949399986036431
2023-03-08,33171.00710226722,-0.000865494747783746,-0.09572332328128086
2023-03-09,32870.3218256115,-0.0090647014644053,-0.1039203213969605
2023-03-10,32411.873304911976,-0.013947186861502314,-0.11641811211723208
2023-03-13,32294.95777557179,-0.0036071821039257435,-0.11960535289055574
2023-03-14,32879.30506545898,0.018094071958477675,-0.1036754287938989
2023-03-15,32613.954562562787,-0.00807044134199042,-0.11090916366920256
2023-03-16,32945.15825463727,0.010155275449321488,-0.10188020132679565
2023-03-17,32867.281607974684,-0.0023638267590236905,-0.10400320093970838
2023-03-20,32729.986860587018,-0.004177246814179969,-0.10774600071409834
2023-03-21,33306.736948832724,0.017621457982930577,-0.0920231843555801
2023-03-22,33042.922906652486,-0.007920741157728006,-0.09921503368951756
2023-03-23,33272.71740377886,0.006954424031298645,-0.09295059307277542
2023-03-24,33173.103586071215,-0.0029938587972477837,-0.0956661709192429
2023-03-27,33327.062574187454,0.004641078810029731,-0.09146908634790307
2023-03-28,33210.58549424951,-0.0034949698815687213,-0.09464437452759122
2023-03-29,33735.42165223703,0.015803279291128236,-0.08033678672045663
2023-03-30,33620.587119713324,-0.0034039750179347683,-0.08346729732337377
2023-03-31,34104.35826985595,0.014389134503215217,-0.07027918498796437
2023-04-03,34428.287977972956,0.009498190980574028,-0.06144851912836513
2023-04-04,34100.73460636461,-0.009514076674910776,-0.07037796988072897
2023-04-05,34072.68612185763,-0.0008225184832747479,-0.07114260118296145
2023-04-06,33810.2808501718,-0.007701337979264755,-0.07829604594579209
2023-04-10,33959.863536142744,0.004424177564031684,-0.07421826399158615
2023-04-11,34294.260324773924,0.009846823685710326,-0.06510225446566054
2023-04-12,34066.70226733065,-0.006635456058484812,-0.07130572737533014
2023-04-13,34610.36321561351,0.015958719573635483,-0.05648495590887159
2023-04-14,34857.84447341888,0.007150495828767367,-0.04973835552171868
2023-04-17,34832.59615395454,-0.0007243224544075666,-0.05042665136837654
2023-04-18,34897.11659825461,0.0018523007591768614,-0.04866775593381212
2023-04-19,34919.70838838895,0.0006473827162978285,-0.0480518798815468
2023-04-20,35048.35719258355,0.0036841316875766417,-0.04454477764728937
2023-04-21,35010.02537805233,-0.0010936836303224728,-0.04558974338348265
2023-04-24,34926.536345079934,-0.002384717864978514,-0.04786574257295473
2023-04-25,33373.128802937405,-0.044476426943531044,-0.09021327231384191
2023-04-26,32997.020005458195,-0.01126980930376853,-0.10046639524196455
2023-04-27,33411.018954479885,0.012546555687550143,-0.089180346777045
2023-04-28,33900.31039327249,0.014644612888317754,-0.07584174554452294
2023-05-01,34031.58438494241,0.0038723536789790902,-0.07226307792792341
2023-05-02,33220.48657758771,-0.023833677509107698,-0.09437446054188148
2023-05-03,32995.87620474778,-0.006761200571681725,-0.10049757645699531
2023-05-04,32797.209425346446,-0.006020957836323393,-0.10591344262281843
2023-05-05,33549.096161989146,0.02292532656944979,-0.08541621631359153
2023-05-08,33506.33245954663,-0.0012746603436358805,-0.08658199999358906
2023-05-09,33517.55339741184,0.00033489006529596743,-0.08627610537992447
2023-05-10,33233.90373031379,-0.008462719928715057,-0.09400869479226892
2023-05-11,33166.757188768985,-0.0020204229418754327,-0.09583918041045025
2023-05-12,33195.39689235782,0.0008635062941435567,-0.0950584318518165
2023-05-15,33356.02471696498,0.004838858385336486,-0.09067954775654308
2023-05-16,32985.79067189344,-0.011099465485263305,-0.10077251873126336
2023-05-17,33502.24952568824,0.015657009981417946,-0.08669330508147344
2023-05-18,33573.37045511589,0.002122870267953658,-0.08475447345330778
2023-05-19,33538.2804307708,-0.0010451743113489842,-0.08571106456623145
2023-05-22,33379.62364004986,-0.004730617929217806,-0.0900362161966799
2023-05-23,32621.88413040679,-0.022700660672935524,-0.11069299527745957
2023-05-24,32263.567218130614,-0.01098394289072313,-0.12046109262965199
2023-05-25,32598.76571999603,0.010389381298080647,-0.1113232275544842
2023-05-26,32778.05984121632,0.005500027907814786,-0.10643548050500706
2023-05-30,32336.067070295176,-0.013484409176816814,-0.11848467011176333
2023-05-31,32099.387445758643,-0.007319369545529919,-0.12493680657126505
2023-06-01,32681.03201966887,0.01812011443810535,-0.1090805613657625
2023-06-02,33050.944640658476,0.011318878203325333,-0.09899635275088658
2023-06-05,32708.394355723944,-0.010364311479107768,-0.10833463519478859
2023-06-06,32831.65571989116,0.003768493275049689,-0.10497440026392546
2023-06-07,32798.65621348914,-0.0010051124647371124,-0.10587400165047889
2023-06-08,32583.003895831498,-0.006575035155524267,-0.1117529115230953
2023-06-09,32568.48361389008,-0.0004456397570905546,-0.11214874973984046
2023-06-12,32885.56113718901,0.009735716499975622,-0.10350488167315874
2023-06-13,32707.622623328265,-0.005410840128846739,-0.10835567343471686
2023-06-14,32839.66559266401,0.004037070222326911,-0.10475604267503347
2023-06-15,33368.650627701485,0.016108112719504852,-0.09033535209898735
2023-06-16,33606.16840010593,0.007117991526072398,-0.08386036684366027
2023-06-20,33286.18572111805,-0.009521546020309746,-0.09258343252178802
2023-06-21,33127.04102936806,-0.004781103280602661,-0.09692188484943132
2023-06-22,33092.19151788443,-0.0010519959042746274,-0.09787191932780981
2023-06-23,33069.58020114259,-0.0006832825420346467,-0.09848832769601223
2023-06-26,32978.62914317811,-0.0027502936962393587,-0.1009677495654362
2023-06-27,33202.72215688623,0.006795097902196456,-0.0948587374065013
2023-06-28,33326.35897792192,0.0037236953178565457,-0.09148826712498315
2023-06-29,33965.59103261319,0.019180974888818536,-0.07406212639051035
2023-06-30,34476.84477945921,0.01505210806887236,-0.06012480945187848
2023-07-03,34815.29933838418,0.009816865815012843,-0.050898180823408024
2023-07-05,34713.44250121956,-0.002925634393507237,-0.05367490574853129
2023-07-06,34613.95852243705,-0.0028658632395507366,-0.05638694404881106
2023-07-07,34410.23606367615,-0.00588555794994805,-0.061940633371939335
2023-07-10,34676.481223501556,0.007737382543168803,-0.05468250920413542
2023-07-11,35159.11227155379,0.013918109076336727,-0.04152547725546962
2023-07-12,35399.91387111366,0.006848910111837414,-0.03496097140470611
2023-07-13,35433.344493189536,0.000944370152921481,-0.03404961734969636
2023-07-14,35412.41841177501,-0.0005905759592788051,-0.034620084423545805
2023-07-17,35330.24404447348,-0.0023204957748439448,-0.036860244438760126
2023-07-18,35137.19777330828,-0.005464051449013296,-0.04212288961573696
2023-07-19,35293.359947528515,0.004444354818154084,-0.03786574386500119
2023-07-20,35178.80889374949,-0.003245682869223332,-0.04098852653803142
2023-07-21,35166.269389382025,-0.00035645050988897253,-0.041330366666736396
2023-07-24,35377.13345490438,0.005996202303620635,-0.03558198960293224
2023-07-25,34944.08429490276,-0.012240934120726243,-0.04738736693304468
2023-07-26,34771.230801867554,-0.004946573834256007,-0.05209953565795544
2023-07-27,34651.57676330897,-0.0034411792680101305,-0.0553614310839865
2023-07-28,34866.31668596209,0.0061971183626050586,-0.04950739406253213
2023-07-31,35008.546982705535,0.004079303759685793,-0.04563004600157772
2023-08-01,35101.50779606361,0.0026553747975888164,-0.04309583607815448
2023-08-02,34748.656717947764,-0.010052305449836485,-0.05271492902011721
2023-08-03,34745.36354667983,-9.47711819384578e-05,-0.052804704345926656
2023-08-04,34731.50642714618,-0.0003988192414516867,-0.05318246405524596
2023-08-07,35052.77313270877,0.009250007805923444,-0.04442439445697166
2023-08-08,34735.34908158378,-0.00905560452872678,-0.05307770923806787
2023-08-09,34704.72765493892,-0.0008815638090446942,-0.0539124816595814
2023-08-10,34852.021610086056,0.004244204323158751,-0.04989709292415456
2023-08-11,34701.31642986102,-0.004324144576491995,-0.05400547525689581
2023-08-14,34905.84869092442,0.005894077865224556,-0.048429709867983894
2023-08-15,34462.61503462408,-0.012697976783918596,-0.06051272732034696
2023-08-16,34246.58477015268,-0.006268539524767913,-0.06640194042215575
2023-08-17,34060.839288501644,-0.005423766571109878,-0.07146555836854718
2023-08-18,34170.73120297222,0.00322634194477045,-0.06846978875234755
2023-08-21,34116.789237145524,-0.001578601450062278,-0.06994030369459991
2023-08-22,34118.22912967199,4.220480762295864e-05,-0.0699010507040394
2023-08-23,34416.88538435943,0.008753568467822603,-0.06175936586952746
2023-08-24,34020.91425753832,-0.011505141223530302,-0.07255395686685306
2023-08-25,34442.353911399754,0.012387663972553309,-0.061065066931845546
2023-08-28,34562.29717180239,0.003482435048173027,-0.05779528701297498
2023-08-29,34897.51072928764,0.009698821690554027,-0.04865701150571422
2023-08-30,35000.51196480317,0.002951535320514509,-0.04584908907324947
2023-08-31,34777.667757711104,-0.006366884213469759,-0.05192405744529682
2023-09-01,34921.75209637456,0.004143013259752415,-0.04799616624404046
2023-09-05,34391.84727762459,-0.015174061636070824,-0.06244193109522911
2023-09-06,34363.28188316679,-0.0008305862208333181,-0.06322065390849252
2023-09-07,34453.53975958504,0.0026265790539192757,-0.06076012889990445
2023-09-08,34390.055604565605,-0.00184260181863527,-0.06249077399452818
2023-09-11,34373.53493353154,-0.00048039093696239377,-0.0629411449300199
2023-09-12,34100.49283959392,-0.007943381280557937,-0.07038456069816379
2023-09-13,34234.30902212633,0.0039241715115927445,-0.06673659027451884
2023-09-14,33809.77630720493,-0.012400796950422288,-0.0783098003197833
2023-09-15,33752.579343484394,-0.001691728546229565,-0.07986904994136224
2023-09-18,33966.63538205751,0.006341916461991337,-0.07403365632199765
2023-09-19,33832.27130620365,-0.003955766426157026,-0.07769656289607041
2023-09-20,33643.76606987833,-0.005571758236957436,-0.08283541466872846
2023-09-21,32992.23620405102,-0.019365545000939455,-0.1005968067192291
2023-09-22,32736.97528762719,-0.00773699954271323,-0.10755548881435739
2023-09-25,32605.03040136867,-0.0040304544051260605,-0.11115244572579608
2023-09-26,32089.47934219944,-0.015812009767290025,-0.12520691193561162
2023-09-27,32108.11991583441,0.0005808936142648324,-0.12469875021695198
2023-09-28,32517.912938739784,0.012762909319498306,-0.1135273597387273
2023-09-29,32382.3382331983,-0.004169231457040068,-0.11722326935630989
2023-10-02,32452.887425981527,0.0021786318293377516,-0.11530002387273086
2023-10-03,32128.45815248572,-0.009996930912103408,-0.12414430841201474
2023-10-04,32359.65649791019,0.007196061022510802,-0.11784159740843425
2023-10-05,32556.188389548995,0.006073361491074403,-0.11248393053710681
2023-10-06,32764.953630064694,0.006412459530511727,-0.1067927696589972
2023-10-09,32711.456843882163,-0.001632744144445919,-0.10825114853411333
2023-10-10,32999.068160290306,0.008792372586179598,-0.10041056037872753
2023-10-11,32893.81383141107,-0.0031896151845249854,-0.10327990451518188
2023-10-12,33005.42883161267,0.003393191217462732,-0.1002371617626604
2023-10-13,33072.02998705389,0.0020178848692136153,-0.09842154394550062
2023-10-16,33406.251346026394,0.010105861633027624,-0.08931031681729518
2023-10-17,33550.01689764342,0.004303552353955631,-0.08539111608751104
2023-10-18,32970.78780054169,-0.01726464397525873,-0.10118151284486887
2023-10-19,32502.323401557253,-0.014208468472710956,-0.11395234698230239
2023-10-20,32454.224516813465,-0.0014798598903080773,-0.11526357336490489
2023-10-23,32028.266966234514,-0.013124872244544838,-0.12687562593458568
2023-10-24,32405.49693253445,0.011778032407985917,-0.11659193876064078
2023-10-25,32462.98447371051,0.0017740058514066348,-0.11502476769082226
2023-10-26,31357.375488568752,-0.03405752745984003,-0.14516483596647045
2023-10-27,30943.24190265237,-0.01320689564939359,-0.15645455477529346
2023-10-30,31568.558749247324,0.02020851107205268,-0.13940775730569044
2023-10-31,31924.514061946684,0.011275627611851302,-0.12970403965142152
2023-11-01,32166.92938656606,0.007593391214945067,-0.12309554195170858
2023-11-02,32761.050509585104,0.018469935873554943,-0.10689917284432215
2023-11-03,32851.45716553358,0.002759577441572736,-0.10443459194865334
2023-11-06,32802.46835797735,-0.0014912217534031047,-0.10577007856673482
2023-11-07,32898.99841640031,0.0029427681285907337,-0.10313856725430881
2023-11-08,32872.536866959155,-0.0008043269009662124,-0.10385993703110519
2023-11-09,32522.471513226927,-0.010649173659733169,-0.11340308818510525
2023-11-10,32857.989658846636,0.010316502098656644,-0.10425650928370422
2023-11-13,32805.703397873796,-0.0015912799753031726,-0.10568188796348921
2023-11-14,33354.5584507547,0.016730476595008037,-0.09071951972157055
2023-11-15,33731.013378436095,0.011286461136554848,-0.08045696091868004
2023-11-16,33758.51526800487,0.0008153294791422017,-0.07970723037157712
2023-11-17,33924.850474002196,0.0049272073927661975,-0.07517275703355464
2023-11-20,34069.15511288355,0.00425365585596138,-0.07123886021575787
2023-11-21,34301.40284934975,0.0068169502794150905,-0.06490754170439583
2023-11-22,34510.299901323095,0.006090043981314963,-0.05921278750677972
2023-11-24,34650.69460883163,0.004068197260237438,-0.055385479546448346
2023-11-27,34474.73768837941,-0.005078020006195505,-0.06018225097945429
2023-11-28,34434.02078272848,-0.0011810649879042678,-0.06129223681783347
2023-11-29,34661.00655779066,0.006591904456769937,-0.05510436493010851
2023-11-30,34853.8109016237,0.005562571978732889,-0.049848314947641637
2023-12-01,35048.513708067985,0.00558627023580982,-0.04454051086992916
2023-12-04,34920.06568313103,-0.0036648636802930623,-0.04804213964963322
2023-12-05,34820.812581304126,-0.0028422942478844027,-0.050747884000335475
2023-12-06,34864.09418561732,0.0012429808813949617,-0.04956798176852417
2023-12-07,35091.986855208,0.006536600904568868,-0.04335538697842112
2023-12-08,35071.08219629035,-0.000595710325662191,-0.04392527005238722
2023-12-11,35112.50645903752,0.0011811515400443895,-0.042796000912712184
2023-12-12,35380.269224614996,0.007625851657438787,-0.03549650520976544
2023-12-13,35777.28610317256,0.011221420505227453,-0.024673405915962676
2023-12-14,35759.442604706695,-0.000498738177468594,-0.025159838523932776
2023-12-15,35729.7189957339,-0.0008312100750944573,-0.025970135487758395
2023-12-18,35672.59233481971,-0.0015988555891248701,-0.027527468580608394
2023-12-19,35832.93298709873,0.004494785542190849,-0.02315641310620664
2023-12-20,35247.297231634046,-0.01634350600537038,-0.039121462134912965
2023-12-21,35496.03528390201,0.007056939731671985,-0.032340600203741965
2023-12-22,35460.094011602516,-0.0010125432886245456,-0.033320397234680166
2023-12-26,35516.39885815639,0.0015878369226953737,-0.03178546766899282
2023-12-27,35415.85226355534,-0.002830990692570201,-0.034526473998433116
2023-12-28,35589.27365885581,0.004896716702168291,-0.029798823658160112
2023-12-29,35579.16156003535,-0.00028413332953614034,-0.030074490148713995
2024-01-02,35508.668955152694,-0.0019812890970942743,-0.031996192986375904
2024-01-03,35369.782353766335,-0.003911343496478925,-0.03578238838150549
2024-01-04,35491.640916092736,0.003445273174360608,-0.03246039530995026
2024-01-05,35613.15488507523,0.0034237348808348056,-0.02914779621678376
2024-01-08,35968.362405595384,0.00997405373566096,-0.019464464166865203
2024-01-09,36046.26489361441,0.0021658614073269966,-0.017340760091291596
2024-01-10,36249.67516745802,0.005643033319650437,-0.011795581258624344
2024-01-11,36068.75737295247,-0.00499088043326712,-0.016727591356188842
2024-01-12,36020.52296700975,-0.0013372904822857024,-0.018042512189762272
2024-01-16,35928.29167397095,-0.002560520654385612,-0.02055683461902902
2024-01-17,36012.41932214047,0.0023415432309705775,-0.01826342610501075
2024-01-18,36288.3518802388,0.007662149983038935,-0.010741213231992619
2024-01-19,36579.59798742027,0.008025884122339288,-0.0028015368423867093
2024-01-22,36721.1281912792,0.0038691022221621907,0.0
2024-01-23,36822.946719988155,0.0027727505587133994,0.0
2024-01-24,36631.92748761934,-0.005187505329798281,-0.005187505329798281
2024-01-25,36930.805277266634,0.008158942489398413,0.0
2024-01-26,36451.10645649009,-0.012989124314379152,-0.012989124314379152
2024-01-29,36921.482643688214,0.012904304777677789,-0.00025243515564932206
2024-01-30,36407.61237568506,-0.013917920711968068,-0.014166842495136112
2024-01-31,35822.69874052606,-0.01606569607266073,-0.030004938381960722
2024-02-01,36223.65858185521,0.011192898788374928,-0.01914788183204652
2024-02-02,36199.437280057646,-0.000668659730845067,-0.0198037381453795
2024-02-05,35862.17771160188,-0.009316707490410803,-0.028935940000273108
2024-02-06,36426.3550158521,0.015731819433478123,-0.013659335550017193
2024-02-07,36768.1300497778,0.009382630619422683,-0.004404865430567062
2024-02-08,36512.71783592676,-0.006946565232043622,-0.011320831977558843
2024-02-09,36466.69258303679,-0.0012605266224438028,-0.012567088389906722
2024-02-12,36412.85259449969,-0.0014764154554051112,-0.014024949601783576
2024-02-13,36317.042793340544,-0.0026312083325659152,-0.016619255370093455
2024-02-14,36442.30576100121,0.003449151087919322,-0.013227426604914272
2024-02-15,36955.97462882752,0.014095399758596194,0.0
2024-02-16,36924.394115310824,-0.0008545441930264408,-0.0008545441930264408
2024-02-20,36608.479348057146,-0.008555719730081734,-0.00940295268249558
2024-02-21,36740.2554442672,0.003599605844241127,-0.005837193761683457
2024-02-22,37516.254824172705,0.021121229847806955,0.0
2024-02-23,37428.546142889696,-0.0023378847833844807,-0.0023378847833844807
2024-02-26,37406.82758531268,-0.0005802671975048135,-0.0029167953830379068
2024-02-27,37362.84694840181,-0.0011757382207984168,-0.004089104216022266
2024-02-28,37568.534870400865,0.005505145854733939,0.0
2024-02-29,37310.69779640152,-0.006863112306316976,-0.006863112306316976
2024-03-01,37347.907161653384,0.000997284088732675,-0.005872672690286573
2024-03-04,37262.021955952136,-0.0022995988859432215,-0.00815876678465366
2024-03-05,37087.15554628755,-0.00469288569126225,-0.012813364316013875
2024-03-06,37381.3047841174,0.007931296792570874,-0.004983694118744553
2024-03-07,37227.72645040885,-0.004108426246635433,-0.009071645225657288
2024-03-08,37437.18965732889,0.0056265377150834794,-0.0034961494645737723
2024-03-11,37540.226028402285,0.0027522464163711735,-0.0007535253130375175
2024-03-12,38041.45362178043,0.01335174681683915,0.0
2024-03-13,37985.732563311794,-0.0014647457750334159,-0.0014647457750334159
2024-03-14,38051.23656774451,0.0017244370455022917,0.0
2024-03-15,37689.33842045853,-0.009510811735163327,-0.009510811735163327
2024-03-18,37772.85044777339,0.0022157997676479635,-0.0073160860219483315
2024-03-19,38096.65856429748,0.008572509426361785,0.0
2024-03-20,38387.841940722516,0.007643278633835848,0.0
2024-03-21,38530.9499895178,0.003727952433905335,0.0
2024-03-22,37903.54219704901,-0.01628321628819096,-0.01628321628819096
2024-03-25,37724.37683446058,-0.00472687649236081,-0.020933124028259087
2024-03-26,36815.325604806174,-0.024097183464247496,-0.04452587816231779
2024-03-27,36897.25948121594,0.0022255371931048096,-0.04239943496711873
2024-03-28,36989.523427319626,0.0025005636570558654,-0.0400048937962213
2024-04-01,36844.664781171676,-0.003916207421071016,-0.04376443375532846
2024-04-02,36961.94425264145,0.0031830788030322577,-0.0407206605937096
2024-04-03,37025.65694469566,0.0017237375723182513,-0.039067114754026466
2024-04-04,36587.21322417847,-0.011841618939323006,-0.05044611580737346
2024-04-05,36982.628215170975,0.010807464033122827,-0.04018384635644956
2024-04-08,36959.728245861974,-0.0006192088127368045,-0.040778172977392835
2024-04-09,36889.30324521372,-0.0019054523393617906,-0.04260592445165989
2024-04-10,36451.646927992624,-0.011864044010586716,-0.05396448989944047
2024-04-11,36684.557496881345,0.006389576014187215,-0.04791972409553258
2024-04-12,36439.123973812944,-0.006690377090939892,-0.05428950016217948
2024-04-15,35980.58403490894,-0.012583725647014266,-0.06619006163363939
2024-04-16,35857.04892281259,-0.003433382625932291,-0.06939618845194939
2024-04-17,35944.64953670082,0.0024430514088542576,-0.06712267549906181
2024-04-18,35849.0231756647,-0.0026603781722361886,-0.06960448197053826
2024-04-19,35696.578031921075,-0.004252421132833195,-0.07356091553330002
2024-04-22,36116.47738116607,0.011763014058924881,-0.06266319955798072
2024-04-23,36522.761585483175,0.011249275504619627,-0.05211883964918973
2024-04-24,36461.53373349378,-0.0016764299667233473,-0.05370789603129433
2024-04-25,36526.33278740377,0.0017771894727089954,-0.05202615566601343
2024-04-26,36477.46213564421,-0.0013379567021963856,-0.05329450362454691
2024-04-29,36281.005373622866,-0.005385702582345275,-0.05839317786109677
2024-04-30,35896.12279690483,-0.010608376828439736,-0.06838209785457583
2024-05-01,35667.10469284682,-0.006380023417954073,-0.07432584188684888
2024-05-02,35781.70780431231,0.0032131318886805538,-0.07135152873088801
2024-05-03,35814.65862869441,0.0009208846196582243,-0.07049635063662718
2024-05-06,36236.61163189437,0.01178157266761981,-0.05954533584683486
2024-05-07,36632.651287043474,0.010929268419802352,-0.049266854385649816
2024-05-08,36748.77476812666,0.00316994476248178,-0.046253082830191694
2024-05-09,36899.17675669479,0.004092707566908382,-0.04234967560537517
2024-05-10,37176.057145189596,0.007503700971989158,-0.03516375393538962
2024-05-13,37262.106911207404,0.002314655523627529,-0.03293049038904006
2024-05-14,36922.99559419778,-0.009100701627465568,-0.04173150144902882
2024-05-15,37288.1976630699,0.00989091115157259,-0.03225335287051023
2024-05-16,37292.91088041633,0.00012639970934036349,-0.032131029975598135
2024-05-17,37289.97227708424,-7.879790723530622e-05,-0.03220729602491412
2024-05-20,37027.23687730323,-0.007045738672819324,-0.03902611050658378
2024-05-21,36629.31332478727,-0.010746779562151865,-0.04935348506195325
2024-05-22,36482.37018218963,-0.00401162700743829,-0.053167124295805834
2024-05-23,36037.0169760544,-0.01220735396058914,-0.06472544835104932
2024-05-24,36032.73329779219,-0.00011886883603762222,-0.06483662334837947
2024-05-28,35618.57291057322,-0.011494004182145967,-0.07558539511060292
2024-05-29,35199.14473170432,-0.011775546985611896,-0.08647088272466386
2024-05-30,35601.30009466314,0.011425145867154818,-0.07603367930589988
2024-05-31,35853.349590244965,0.007079783460481437,-0.069492197830608
2024-06-03,35616.6647179178,-0.006601471690431904,-0.07563491874435535
2024-06-04,35627.58769856986,0.00030668173841008617,-0.07535143285431023
2024-06-05,35960.423530978675,0.009342081625755672,-0.06671329046489716
2024-06-06,36206.91639632653,0.006854559572567531,-0.060316021116103125
2024-06-07,36370.90424084327,0.00452918560425597,-0.05606001796639226
2024-06-10,36020.36761064679,-0.009637831049656542,-0.06515755203424789
2024-06-11,35962.180190113446,-0.0016154032952219177,-0.06666769960520513
2024-06-12,35477.0311412055,-0.01349053495486685,-0.07925885162818735
2024-06-13,35458.1491657849,-0.0005322309903963429,-0.07974889860148393
2024-06-14,35457.66974394489,-1.3520780167142199e-05,-0.07976134111432454
2024-06-17,35520.74437387242,0.0017788712677120344,-0.07812435500459503
2024-06-18,35648.208691597596,0.0035884472572860204,-0.07481625287475246
2024-06-20,36139.11675593244,0.013770904131027217,-0.06207563618950618
2024-06-21,35965.26916508067,-0.00481051022983936,-0.0665875309364321
2024-06-24,36204.82851777113,0.006660852490520286,-0.0603702081671873
2024-06-25,35650.214039092156,-0.015318798662635302,-0.07476420776568804
2024-06-26,35911.83662633543,0.007338597938189029,-0.0679742742884587
2024-06-27,35073.73565304634,-0.023337736301531464,-0.08972564490135815
2024-06-28,34741.403238733656,-0.0094752500161418,-0.09835072199920003
2024-07-01,34755.82067928971,0.0004149930403496427,-0.09797654382399346
2024-07-02,35171.45914060659,0.011958815910353415,-0.08718941136476388
2024-07-03,35288.44296589166,0.00332610099619135,-0.08415331115657021
2024-07-05,35475.53856077324,0.00530189430750494,-0.07929758881044391
2024-07-08,35035.06415274908,-0.012416285302324082,-0.09072929262631113
2024-07-09,34857.61353466041,-0.005064943432528057,-0.09533469732401367
2024-07-10,34712.29104309729,-0.0041690315780975595,-0.09910627553847906
2024-07-11,34842.6390177556,0.003755095694965016,-0.09572333339213257
2024-07-12,35429.38995577923,0.016840025743303233,-0.08049529104738751
2024-07-15,35814.120269451145,0.010859072486207433,-0.07051032276146219
2024-07-16,36105.76559711956,0.008143305642416943,-0.06294120422823735
2024-07-17,36444.83889493982,0.009391112256246004,-0.05414117988644196
2024-07-18,35923.24065146466,-0.014311992021113995,-0.06767830377300743
2024-07-19,35592.41632537092,-0.009209200509037285,-0.07626424121248765
2024-07-22,35811.35788399619,0.006151354171175072,-0.0705820153996064
2024-07-23,34350.62211119282,-0.040789734294218616,-0.10849272803972465
2024-07-24,33374.35782111318,-0.028420570868250117,-0.13382987364203192
2024-07-25,33235.02619054123,-0.004174810832878628,-0.137445970068667
2024-07-26,33909.28740135007,0.020287669007486242,-0.11994675940834676
2024-07-29,34102.736255588934,0.005704892938303452,-0.11492614989076433
2024-07-30,34276.93301780195,0.005107999572452782,-0.11040519304281726
2024-07-31,34617.108740630116,0.00992433373929602,-0.10157655728582948
2024-08-01,34656.52603988539,0.0011386652637750405,-0.10055355371944974
2024-08-02,34550.34271281419,-0.003063876827960166,-0.10330934684419979
2024-08-05,33426.48810243864,-0.032528030755501924,-0.13247692798822275
2024-08-06,33501.392707446925,0.002240875702488765,-0.13053291661480315
2024-08-07,33252.7354152411,-0.00742229716768017,-0.13698635968520423
2024-08-08,33769.1320102054,0.015529447082047065,-0.12358423502685079
2024-08-09,33786.7899017388,0.0005229003673550281,-0.12312595690139061
2024-08-12,33734.91895360746,-0.0015352434570490292,-0.12447217203871386
2024-08-13,33867.918246186455,0.003942481461475911,-0.12102041980797018
2024-08-14,33961.68150047062,0.0027684977152300227,-0.11858696684847458
2024-08-15,34656.75901545057,0.020466522394372966,-0.10054750726678663
2024-08-16,34787.26726484069,0.0037657372788937327,-0.09716040548430727
2024-08-19,34761.869250680655,-0.0007300951226399954,-0.09781956426878935
2024-08-20,34910.17648514881,0.004266376856740806,-0.0939705225371813
2024-08-21,34859.05305684518,-0.0014644276669693035,-0.09529733717106759
2024-08-22,34761.52220707506,-0.0027978628567756347,-0.09782857114782273
2024-08-23,34789.71460623885,0.0008110231478313246,-0.09709688923571158
2024-08-26,34952.6301478033,0.004682865134375991,-0.09286871573859379
2024-08-27,35104.75708711702,0.004352374590135932,-0.08892054058705712
2024-08-28,34907.22976975453,-0.0056267963020595335,-0.09404699912016423
2024-08-29,35393.12564344156,0.013919634324808028,-0.08143646463245446
2024-08-30,35699.90880186773,0.008667874137954668,-0.07347447152017395
2024-09-03,35839.992780111366,0.003923930983160018,-0.06983884929228323
2024-09-04,36126.80737507154,0.008002640980422804,-0.0623951035492325
2024-09-05,35840.98328347968,-0.00791168974950951,-0.06981314259757188
2024-09-06,35923.64401821849,0.0023063188329686124,-0.06766783513016472
2024-09-09,36623.30328485895,0.019476288827648736,-0.04950946460385275
2024-09-10,36661.66456311963,0.0010474554401143088,-0.04851386812177494
2024-09-11,36436.549318170815,-0.006140344352374871,-0.05435632061801643
2024-09-12,36568.5787811034,0.0036235446386452264,-0.05092973853352312
2024-09-13,36681.29376021318,0.0030822903942884228,-0.04800442838310015
2024-09-16,37100.18818521462,0.011419837799063526,-0.03713279336980835
2024-09-17,37323.96267672695,0.006031626858472805,-0.0313251376651551
2024-09-18,37023.654401049855,-0.008045991211548142,-0.03911908709434886
2024-09-19,36808.52068008252,-0.005810710056791013,-0.04470248747834826
2024-09-20,36522.332245792684,-0.0077750593884826635,-0.05212998237187383
2024-09-23,36908.23107241407,0.01056610580135775,-0.04211468747968028
2024-09-24,35415.923767524175,-0.040432913242630986,-0.08084478121720484
2024-09-25,35244.28518375299,-0.004846367552004294,-0.08529934524476912
2024-09-26,35569.07006574655,0.009215249516346669,-0.07687015047843404
2024-09-27,35971.70103013097,0.011319693307702217,-0.06642060369866465
2024-09-30,36091.88273387438,0.003341006966635751,-0.06330150843171423
2024-10-01,36141.22299434892,0.001367073611491909,-0.06202097264196693
2024-10-02,36065.01595196951,-0.0021085905806599303,-0.06399878638391066
2024-10-03,35895.439061110024,-0.00470197742558387,-0.0683998429606526
2024-10-04,36035.85628734309,0.003911840331414229,-0.06475557189359438
2024-10-07,35628.78744172691,-0.011296216811674809,-0.07532029572539511
2024-10-08,35726.52428422109,0.002743198674780345,-0.0727837155860327
2024-10-09,36057.5167287555,0.009264613649545561,-0.06419341494137021
2024-10-10,36099.2655113105,0.0011578385408250735,-0.06310990201043143
2024-10-11,36255.18461632586,0.004319176659328683,-0.05906330816683869
2024-10-14,36530.046275790606,0.0075813062979404044,-0.05192977889908068
2024-10-15,36342.09076276624,-0.005145230630297037,-0.05680781884036168
2024-10-16,37283.445943660925,0.025902614878149377,-0.03237667501570185
2024-10-17,37534.00461044202,0.006720373088896059,-0.025873885262289065
2024-10-18,37591.83099317789,0.0015406398367572294,-0.02437310776389867
2024-10-21,36911.03148499339,-0.01811030455813789,-0.04204200791740409
2024-10-22,36710.17275896203,-0.005441699078851947,-0.04725492704049883
2024-10-23,36615.19345960196,-0.0025872746495556598,-0.04971994021525605
2024-10-24,37035.09168283951,0.011467868487458288,-0.03882225346339063
2024-10-25,36827.16760634916,-0.005614244951004044,-0.044218540773901194
2024-10-28,36924.714117636584,0.0026487649642272793,-0.041686900331245114
2024-10-29,36629.3500133324,-0.007999089806442372,-0.04935253287818564
2024-10-30,37401.94734802573,0.021092302604663216,-0.029301188831295732
2024-10-31,37389.42133267503,-0.0003349027587826736,-0.029626278541103113
2024-11-01,37475.51631789666,0.0023026562635348746,-0.027391841413416107
2024-11-04,37512.25619097097,0.0009803700304660268,-0.026438325523351125
2024-11-05,37709.856531829384,0.005267620797118955,-0.021309971799599925
2024-11-06,39091.065794070455,0.03662727438581603,0.0
2024-11-07,38950.7246969511,-0.0035901066974909357,-0.0035901066974909357
2024-11-08,39036.11703120412,0.0021923169573196954,-0.0014056603919627708
2024-11-11,39276.988505970985,0.006170477319102252,0.0
2024-11-12,39130.00558145588,-0.003742214719256287,-0.003742214719256287
2024-11-13,39334.898029158416,0.005236197763274442,0.0
2024-11-14,39143.92938848961,-0.004854941800719659,-0.004854941800719659
2024-11-15,39377.090096219596,0.0059564972493166835,0.0
2024-11-18,39808.677805844294,0.010960375908176445,0.0
2024-11-19,39645.362036580365,-0.004102516794465161,-0.004102516794465161
2024-11-20,39133.16294656765,-0.012919521066300566,-0.01696903530861482
2024-11-21,39328.730340564616,0.004997484978763289,-0.012056352828910488
2024-11-22,39568.493515612034,0.00609638737307816,-0.006033465652983794
2024-11-25,40075.41169268446,0.012811156858231643,0.0
2024-11-26,39763.74251650082,-0.00777706735924899,-0.00777706735924899
2024-11-27,40094.712450385596,0.008323410044903001,0.0
2024-11-29,40134.592682753195,0.0009946506641480557,0.0
2024-12-02,40170.78578211403,0.0009017931151544811,0.0
2024-12-03,39518.12192910994,-0.016247226443219964,-0.016247226443219964
2024-12-04,39150.206791501325,-0.009310035994843147,-0.02540600017506045
2024-12-05,38988.07524272702,-0.00414126928212033,-0.029442056369074265
2024-12-06,39040.13976221652,0.0013353959939124138,-0.028145977179289572
2024-12-09,38976.671571472434,-0.0016257162789542479,-0.029725936084956328
2024-12-10,39491.73133685169,0.013214565138913503,-0.016904186264752763
2024-12-11,39553.64965254288,0.0015678805054923917,-0.015362809503366104
2024-12-12,39586.98125594665,0.0008426934984906431,-0.014533062144562625
2024-12-13,39621.634325657855,0.0008753652996968952,-0.013670418583165533
2024-12-16,39719.50355615592,0.00247009574854129,-0.011234090077447245
2024-12-17,39870.14736207648,0.003792691056865305,-0.00748400645355074
2024-12-18,38796.59643478408,-0.026926184083120308,-0.03420867480122347
2024-12-19,39214.16188733725,0.010762940333054472,-0.02381392039392749
2024-12-20,39699.47491721644,0.012375963338793206,-0.011732677260882451
2024-12-23,39656.42743790641,-0.001084333719773234,-0.012804288843078493
2024-12-24,40026.65323856637,0.009335833421698192,-0.0035879941291024897
2024-12-26,40058.94469166189,0.0008067487657053007,-0.002784139973232347
2024-12-27,39821.92115954326,-0.005916869102344791,-0.008684535683792904
2024-12-30,39440.20737491232,-0.00958551906879701,-0.018186808970189317
2024-12-31,39565.283230432324,0.003171277836626185,-0.015073206557769225
2025-01-02,39251.36686321121,-0.00793413673782728,-0.022887750413689623
2025-01-03,39295.671177868244,0.001128733040340446,-0.021784851533460103
2025-01-06,39141.94166402851,-0.003912123377251664,-0.025611749883757695
2025-01-07,39061.18691319762,-0.0020631258286583076,-0.027622035449713644
2025-01-08,39274.73068101672,0.005466904226275604,-0.02230613824577643
2025-01-10,38557.159736801856,-0.018270550345535597,-0.04016914316947806
2025-01-13,38599.23898033572,0.0010913470759026378,-0.039121634570514985
2025-01-14,38868.423550324966,0.006973831015849363,-0.03242063122322436
2025-01-15,39683.1591002208,0.020961373667263805,-0.01213883852155917
2025-01-16,39948.168475986124,0.006678132028149264,-0.0055417712597253255
2025-01-17,40165.21861052245,0.005433293760809033,-0.00013858757012563672
2025-01-21,40773.38358433182,0.015141582564424327,0.0
2025-01-22,40744.49251771478,-0.0007085766271344163,-0.0007085766271344163
2025-01-23,41271.800478998244,0.012941821794790975,0.0
2025-01-24,41426.22304006128,0.0037415998156324903,0.0
2025-01-27,42072.82864262501,0.015608606218781462,0.0
2025-01-28,42009.07105474598,-0.0015154100624087397,-0.0015154100624087397
2025-01-29,42032.7899882023,0.0005646145668254388,-0.0009516511181791865
2025-01-30,41431.839433536035,-0.014297184527482854,-0.015235229714019582
2025-01-31,41263.548287047626,-0.004061879674890578,-0.0192352257189925
2025-02-03,41453.6028133625,0.004605869688975028,-0.014717950973117122
2025-02-04,41421.241060481465,-0.0007806740713645066,-0.015487135121773354
2025-02-05,41849.2842156207,0.01033390463878714,-0.005313273060462476
2025-02-06,41766.0355770854,-0.001989248803070831,-0.007291952441457528
2025-02-07,41793.9679149735,0.0006687811639807251,-0.006628047997918274
2025-02-10,42179.9284694176,0.009234838750637575,0.0
2025-02-11,42213.25208610316,0.0007900349264393647,0.0
2025-02-12,42269.98844241542,0.0013440413497765036,0.0
2025-02-13,42770.2216895704,0.011834241398869683,0.0
2025-02-14,42632.106237793865,-0.0032292432987367503,-0.0032292432987367503
2025-02-18,42976.569378270964,0.008079899654869216,0.0
2025-02-19,42800.42667105177,-0.00409857533459268,-0.00409857533459268
2025-02-20,42448.46495071144,-0.008223322702957558,-0.012288194129951635
2025-02-21,42237.80086746552,-0.004962819821412334,-0.01719002985796636
2025-02-24,42356.05561019377,0.002799737209314257,-0.014438420214874736
2025-02-25,42710.60142257344,0.008370605035619594,-0.006188673492212193
2025-02-26,42482.439439671885,-0.0053420456585040466,-0.011497658974355285
2025-02-27,43034.20094123453,0.012987990069312838,0.0
2025-02-28,43814.11719074607,0.018123172557021672,0.0
2025-03-03,43743.11176198316,-0.001620606172521688,-0.001620606172521688
2025-03-04,42632.016820903795,-0.02540045498192034,-0.026979897020313448
2025-03-05,42831.95529526379,0.004689866660541275,-0.022416562479312452
2025-03-06,42101.73253009463,-0.01704855078726475,-0.039082943362672706
2025-03-07,42293.54250914453,0.004555869023033399,-0.034705131110634335
2025-03-10,41847.87886430612,-0.010537392197450646,-0.04487682173030827
2025-03-11,40636.09423516535,-0.028956894877994688,-0.07253422319899994
2025-03-12,40627.678162168646,-0.00020710831479031633,-0.07272630907305888
2025-03-13,40205.79340242134,-0.010384171058540947,-0.08235527769772888
2025-03-14,40630.78932743926,0.010570514571472955,-0.07265530078919746
2025-03-17,40990.771481797114,0.00885983659969769,-0.06443917828259405
2025-03-18,41068.23517752146,0.0018897837958173902,-0.06267117060171101
2025-03-19,41470.09860659805,0.009785261707484949,-0.05349916270007826
2025-03-20,41399.63528847853,-0.0016991355334829983,-0.05510739590520597
2025-03-21,40892.44003836575,-0.012251200924321526,-0.06668346504987677
2025-03-24,41744.75278587475,0.020842795066994046,-0.04723053977927427
2025-03-25,41409.134888921966,-0.008039762474443157,-0.05489057993235236
2025-03-26,41440.19095842003,0.0007499811232805076,-0.054181765707867036
2025-03-27,41995.992353637455,0.013412134026484113,-0.04149632478484844
2025-03-28,41215.66243685721,-0.018581056740112012,-0.05930633595962709
2025-03-31,41983.392326725894,0.01862713940470706,-0.041783903942422373
2025-04-01,41530.18137009073,-0.010795005632421417,-0.052127852096440885
2025-04-02,41593.942126088565,0.001535287203049851,-0.05067259611763719
2025-04-03,40210.10265115854,-0.03327021686800047,-0.0822569247235393
2025-04-04,37471.99901547669,-0.06809491782292065,-0.14475056401704445
2025-04-07,37242.4213843089,-0.0061266448868385615,-0.149990373600981
2025-04-08,36591.621164738855,-0.01747470211064861,-0.1648440386134875
2025-04-09,39496.8865977547,0.07939701331996396,-0.09853514962303522
2025-04-10,38514.93840074674,-0.024861407609373054,-0.12094683471377943
2025-04-11,39411.4205322018,0.02327621875250574,-0.1004858009434948
2025-04-14,39696.763761298855,0.007240115307792783,-0.09397321442132889
2025-04-15,39606.69650347142,-0.0022688816239282428,-0.09602888194591508
2025-04-16,39007.50851263525,-0.015128451593625192,-0.10970456524743166
2025-04-17,38995.114472172354,-0.00031773473711815825,-0.10998744303335017
2025-04-21,38051.954563908526,-0.024186617247575537,-0.1315138360942386
2025-04-22,39198.93372980819,0.030142450737275617,-0.10533553468270374
2025-04-23,39515.43029561876,0.008074111607017986,-0.09811191393889884
2025-04-24,39766.10260238209,0.006343656260048958,-0.09239064593589386
2025-04-25,39642.6504217806,-0.0031044576290484294,-0.09520828071931386
2025-04-28,39814.295080218035,0.004329797745892705,-0.09129071557266999
2025-04-29,40181.51227221038,0.009223249871747496,-0.08290946278161981
2025-04-30,40470.9896473673,0.007204242916390324,-0.07630251977517566
2025-05-01,40123.59791994958,-0.008583722079559264,-0.08423128223101484
2025-05-02,40753.38623656097,0.01569620745048539,-0.06985718646024786
2025-05-05,40796.42154349934,0.0010559934011020733,-0.06887496178706742
2025-05-06,40582.09154636494,-0.005253646987294358,-0.07376676403886906
2025-05-07,40802.96136579927,0.00544254401432176,-0.06872569888462299
2025-05-08,41150.95710611599,0.008528688327225309,-0.060783150623255344
2025-05-09,41201.121186908225,0.001219025857961853,-0.0596382209976315
2025-05-12,41896.96257766087,0.016888894542358868,-0.043756550080395584
2025-05-13,41885.33758780213,-0.0002774661728087713,-0.044021875290718215
2025-05-14,41905.51207251053,0.00048165983301684534,-0.04356141902680288
2025-05-15,42526.859618168986,0.014827346449873158,-0.029379972828688206
2025-05-16,42871.080958972605,0.008094210197842955,-0.02152357030652763
2025-05-19,43103.05862896286,0.005411052504420422,-0.01622898297111841
2025-05-20,42888.30331800026,-0.0049823682539851255,-0.021130492455553762
2025-05-21,41930.435182090594,-0.022334017944413476,-0.04299258160229058
2025-05-22,41977.68584901879,0.001126882340309665,-0.041914146842952915
2025-05-23,41429.77655314042,-0.013052394023077674,-0.054419460906295236
2025-05-27,42149.26476335889,0.017366451621953827,-0.037998082219463436
2025-05-28,42133.85111030074,-0.000365692097945014,-0.03834987871900364
2025-05-29,42492.197899240375,0.008504961675625866,-0.03017108129214785
2025-05-30,42725.86280203323,0.005499007214146312,-0.024837985071685553
2025-06-02,42725.81511224961,-1.1161807039750116e-06,-0.024839073528709843
2025-06-03,42829.90644008116,0.002436263124719229,-0.022463324922880723
2025-06-04,43073.05969664183,0.005677183929898133,-0.016913669420246857
2025-06-05,42833.113999959955,-0.005570667567425747,-0.022390116557987172
2025-06-06,43269.33365406251,0.010184168587485054,-0.012433972692222128
2025-06-09,42995.735319726184,-0.006323146469592977,-0.01867849733128324
2025-06-10,43615.57249047101,0.014416247707722096,-0.004531523467897092
2025-06-11,43779.00276946575,0.0037470625664823842,-0.0008014408033704123
2025-06-12,43574.73946769397,-0.004665782426506948,-0.0054634838814612285
2025-06-13,41691.180789277474,-0.04322593092754934,-0.0484532506321268
2025-06-16,42026.42022596997,0.008041015637981541,-0.040801848340189295
2025-06-17,42156.82219175903,0.0031028568478568275,-0.03782559378686001
2025-06-18,40412.78673927961,-0.04137018308795459,-0.07763092513444159
2025-06-20,40239.6470023245,-0.0042842810636175566,-0.08158261349555451
2025-06-23,40827.66673843893,0.014612944693090046,-0.06816183102139284
2025-06-24,41615.66160174917,0.019300511791636277,-0.05017687745312438
2025-06-25,40902.471903118065,-0.017137531188525568,-0.06645450083935434
2025-06-26,41065.35229822209,0.003982165075250732,-0.06273696855643918
2025-06-27,41359.44649686868,0.007161613919949739,-0.05602465258379863
2025-06-30,41973.61376599832,0.01484950407100194,-0.04200708681941623
2025-07-01,42265.642518263216,0.006957436495531377,-0.03534191196279324
2025-07-02,42219.1602677958,-0.0010997644350805302,-0.036402808620029314
2025-07-03,42573.75093658538,0.008398809131693108,-0.02830973972979345
2025-07-07,42123.06271180165,-0.010586058659830977,-0.03859610982420025
2025-07-08,42026.942425472094,-0.0022818921545945114,-0.0407899298185892
2025-07-09,42325.22642702702,0.007097447121781064,-0.03398198706679678
2025-07-10,42195.677864420315,-0.0030607884125571916,-0.03693876380710415
2025-07-11,41299.194310119026,-0.021245862127912574,-0.05739983005199556
2025-07-14,41469.3683409291,0.004120516965348431,-0.053515830060184344
2025-07-15,41086.34734182908,-0.009236239046399586,-0.062257784107381586
2025-07-16,41375.73916196958,0.007043503228282066,-0.055652793782445475
2025-07-17,41357.682299114436,-0.000436411849573326,-0.05606491809335035
2025-07-18,41263.29139616714,-0.0022823063987151837,-0.05821926717075765
2025-07-21,41425.795569841284,0.0039382261612130876,-0.05451032165060299
2025-07-22,41675.155073643924,0.006019425828098779,-0.04881901666054589
2025-07-23,42181.19816810234,0.0121425605631027,-0.0372692439638751
2025-07-24,41980.752136826646,-0.004752023175749187,-0.04184416282856529
2025-07-25,42354.854671444606,0.008911287091728504,-0.03330576108491512
2025-07-28,42060.262700499734,-0.006955329518424369,-0.04002943806013193
2025-07-29,40887.31563420678,-0.0278872976767931,-0.06680042288190735
2025-07-30,40589.971187179865,-0.007272290743835397,-0.07358692152873436
2025-07-31,39984.28249771778,-0.014922126617655462,-0.08741097478593451
2025-08-01,39266.4565079473,-0.017952704035928302,-0.10379441546203905
2025-08-04,39577.854316096586,0.007930377116821319,-0.09668716720245174
2025-08-05,39240.29903095182,-0.008528893012966554,-0.10439142571062177
2025-08-06,39429.049120663796,0.004810108342015784,-0.10008345143625164
2025-08-07,38696.288256044594,-0.01858428952665714,-0.11680776112459035
2025-08-08,39168.769369382004,0.012209985366325338,-0.10602399681226948
2025-08-11,39056.934914158,-0.0028551945089043684,-0.10857647218766342
2025-08-12,39276.93723004638,0.005632861779141463,-0.10355520666882179
2025-08-13,39900.704471186975,0.015881259719594976,-0.08931853408165069
2025-08-14,40215.67033792983,0.007893742000728121,-0.08212984954484637
2025-08-15,40110.54657415757,-0.0026140000375204364,-0.084529162152575
2025-08-18,39916.7855179617,-0.00483067603772569,-0.0889515051922013
2025-08-19,39981.71894706622,0.0016267198939479144,-0.08746948448134617
2025-08-20,40064.7656228473,0.00207711619130313,-0.08557405257250428
2025-08-21,39983.99730416424,-0.0020159438705664723,-0.08741748395630766
2025-08-22,40800.81816905595,0.02042869447689366,-0.06877461455109612
2025-08-25,40602.83078933404,-0.0048525345472623105,-0.07329341790527466
2025-08-26,40814.27508260693,0.005207624423281265,-0.06846747807514264
2025-08-27,40761.74439759772,-0.0012870664712992808,-0.06966642235103693
2025-08-28,40670.9105301918,-0.002228409719660429,-0.0717395867379963
2025-08-29,40871.74240310977,0.004937973364743886,-0.06715586154176245
2025-09-02,40543.82061684558,-0.008023190766617283,-0.07464024802013358
2025-09-03,40626.71279739301,0.002044508368631348,-0.07274834226321614
2025-09-04,40579.84746189458,-0.0011535596230035638,-0.07381798233594439
2025-09-05,39857.4802519965,-0.017801131721266183,-0.09030507043025038
2025-09-08,39715.01042191476,-0.003574481607492075,-0.09355675822442622
2025-09-09,39886.74159383501,0.00432408729333944,-0.08963721852053097
2025-09-10,39270.55790544579,-0.015448333550626692,-0.10370080642090207
2025-09-11,39855.74699333878,0.014901471206545613,-0.09034462979533298
2025-09-12,39435.38552723598,-0.010547072826738169,-0.09993883123211511
2025-09-15,39374.17907387571,-0.0015520693545140185,-0.10133578858934789
2025-09-16,39555.846808687544,0.004613879935654763,-0.09718945981542926
2025-09-17,40087.80887926627,0.013448380290063566,-0.0850481203411495
2025-09-18,39363.33495127758,-0.018072175762227527,-0.10158329152432466
2025-09-19,39628.43509586048,0.00673469727377074,-0.09553272696704351
2025-09-22,39910.75787252868,0.0071242474244888054,-0.08908907832660407
2025-09-23,39368.05330137447,-0.013597952033072347,-0.1014756013459206
2025-09-24,39329.16256601981,-0.000987875500394697,-0.1023632315858578
2025-09-25,38865.38243779478,-0.011792270619708889,-0.11294840727719835
2025-09-26,39187.502168576415,0.008288088539903038,-0.10559644513724986
2025-09-29,39517.92371147495,0.008431809240536214,-0.09805500497858965
2025-09-30,39567.47854813454,0.001253983813051418,-0.09692398055457008
2025-10-01,40262.331125012715,0.01756120436213493,-0.0810648780225457
2025-10-02,40163.90926906914,-0.002444514592013558,-0.08331122833733329
2025-10-03,40633.47149285104,0.011691148404807228,-0.07259408386680466
2025-10-06,40566.898957213685,-0.0016383669224290243,-0.07411351504346231
2025-10-07,40828.8674818228,0.006457691648686703,-0.06813442562192662
2025-10-08,40744.33745301833,-0.002070349583958131,-0.07006371312614523
2025-10-09,40249.93306959035,-0.01213430906805324,-0.08134784744467027
2025-10-10,39742.575476151345,-0.012605178561708508,-0.09292762186372816
2025-10-13,39730.65555030928,-0.00029992836899095376,-0.09319967860265932
2025-10-14,40292.444436679274,0.014139934984425784,-0.08037758101424441
2025-10-15,40031.21252822903,-0.006483396877565384,-0.08633985813403589
2025-10-16,39133.09452918399,-0.02243544330344005,-0.10683822844548263
2025-10-17,39826.0884391996,0.017708640687712718,-0.09102154755702285
2025-10-20,40109.724287488825,0.007121860554350823,-0.08454792977181436
2025-10-21,40467.91341716634,0.008930231659289634,-0.07637273071170025
2025-10-22,40215.31169175268,-0.006242024954676961,-0.08213803517541807
2025-10-23,40270.603552113156,0.0013748957308670207,-0.08087607067845548
2025-10-24,40423.786762427175,0.0038038468958079275,-0.07737986397304286
2025-10-27,40611.8040038269,0.004651153601831437,-0.073088616004239
2025-10-28,41038.45864182175,0.010505680514823812,-0.0633507811384263
2025-10-29,40561.95314687201,-0.011611193761164817,-0.07422639670487174
2025-10-30,40760.72102089028,0.004900352635844429,-0.06968977958776923
2025-10-31,40437.97169676227,-0.007918145607939464,-0.07705611137354751
2025-11-03,39892.217863190956,-0.013496073385278473,-0.08951222982494444
2025-11-04,40165.23418522997,0.006843849168159055,-0.083280988856413
2025-11-05,40115.09002242064,-0.0012484469175028101,-0.08442546388009142
2025-11-06,39862.63240686171,-0.006293332893378301,-0.09018747922459447
2025-11-07,39940.49110123781,0.001953174932890045,-0.08841045621538635
2025-11-10,39616.35711397069,-0.008115423179087311,-0.09580839112882955
2025-11-11,40158.62241577861,0.01368791431902494,-0.08343189385861982
2025-11-12,40303.87247427574,0.0036169083937516167,-0.08011675098207205
2025-11-13,40013.19540698845,-0.00721213743103255,-0.08675107539449411
2025-11-14,39417.72534457422,-0.014881842261221467,-0.10034190183570346
2025-11-17,38986.585082645666,-0.010937725557720324,-0.11018211520920518
2025-11-18,38436.79165277353,-0.014102118169792455,-0.1227304321701197
2025-11-19,38695.09575748172,0.006720230633233681,-0.11683497834678558
2025-11-20,38547.21479125116,-0.003821697900876053,-0.12021016825616482
2025-11-21,39240.60239139051,0.017988007794968564,-0.10438450190482274
2025-11-24,39289.42878955714,0.0012442825846461503,-0.10327010313800367
2025-11-25,39876.162589354055,0.014933630186877878,-0.0898786704807496
2025-11-26,39886.60402385515,0.00026184652241045825,-0.08964035837564344
2025-11-28,39959.39103150218,0.0018248484529668207,-0.0879790899919819
2025-12-01,39518.95543524572,-0.011022079788684414,-0.09803145723103879
2025-12-02,39469.7188750145,-0.0012458973089989334,-0.09915521741127631
2025-12-03,39662.47528787675,0.00488365304735594,-0.09475580404359218
2025-12-04,39161.39292584742,-0.012633663390708372,-0.10619235450169795
2025-12-05,39576.794146270615,0.010607416881461829,-0.09671136419405968
2025-12-08,39194.00574670712,-0.00967204160470303,-0.10544800946063015
2025-12-09,39265.1623629486,0.001815497418185208,-0.10382395263137356
2025-12-10,39386.09810029296,0.00307997548122918,-0.10106375237861331
2025-12-11,41405.78051376764,0.051279068272560346,-0.054967139164157075
2025-12-12,41654.63261778218,0.006010081223605912,-0.04928741491155697
2025-12-15,41499.54018015096,-0.003723293854355547,-0.052827197236875234
2025-12-16,41327.365511876626,-0.004148833156389586,-0.056756859165809304
2025-12-17,41321.11434298436,-0.00015125979638042075,-0.05689953393122926
2025-12-18,41561.03320154014,0.005806204948016314,-0.0514236993386642
2025-12-19,41868.002035848665,0.0073859769755950655,-0.044417536622384346
2025-12-22,42059.743477888056,0.004579665441766689,-0.04004128863809564
2025-12-23,42146.87768870088,0.002071677181260778,-0.0380525640808147
2025-12-24,42354.65685081473,0.004929882674786112,-0.033310276082421764
2025-12-26,42332.03872304673,-0.0005340174953528676,-0.033826505307571586
2025-12-29,42230.319011906286,-0.0024029013061699356,-0.03614812485995478
2025-12-30,42129.97349114887,-0.0023761487742757215,-0.038438380311652254
2025-12-31,41810.53114086817,-0.007582305988106497,-0.04572923473854851
