Date,UPS,V,spread,rolling_spread_mean,rolling_spread_std,zscore,target_position,signal_event,signal_holding_days
2014-01-02,65.76459503173828,50.56215286254883,0.012279215500437424,,,,0.0,,0
2014-01-03,65.61820220947266,50.59647750854492,0.00988340156730505,,,,0.0,,0
2014-01-06,64.76526641845703,50.29219055175781,-0.0017130206737203668,,,,0.0,,0
2014-01-07,64.97530364990234,50.676544189453125,-0.0003523295416695271,,,,0.0,,0
2014-01-08,64.92438507080078,50.83895111083984,-0.001925188802634814,,,,0.0,,0
2014-01-09,65.00076293945312,50.76803970336914,-0.00040532585866381865,,,,0.0,,0
2014-01-10,65.25538635253906,50.58959579467773,0.004372400381416619,,,,0.0,,0
2014-01-13,63.79775238037109,50.07942962646485,-0.01571924290445026,,,,0.0,,0
2014-01-14,64.24331665039062,50.93734359741211,-0.012947494049889707,,,,0.0,,0
2014-01-15,64.31969451904297,51.19130325317383,-0.01298552008028897,,,,0.0,,0
2014-01-16,63.96326446533203,50.73601531982422,-0.016339831550410522,,,,0.0,,0
2014-01-17,63.59407424926758,53.11759567260742,-0.03343851327320935,,,,0.0,,0
2014-01-21,62.74114990234375,53.060394287109375,-0.04667562216267829,,,,0.0,,0
2014-01-22,63.00848388671875,53.30290222167969,-0.04354806398349231,,,,0.0,,0
2014-01-23,62.34016418457031,52.21849060058594,-0.04914380582118261,,,,0.0,,0
2014-01-24,61.31537628173828,50.61704254150391,-0.05803927313489643,,,,0.0,,0
2014-01-27,60.57701110839844,49.46630859375,-0.06448453441796098,,,,0.0,,0
2014-01-28,60.98434829711914,50.55071258544922,-0.06312937026040588,,,,0.0,,0
2014-01-29,60.67884826660156,49.67219543457031,-0.06382890159078702,,,,0.0,,0
2014-01-30,60.965293884277344,50.53241729736328,-0.06335261727510577,,,,0.0,,0
2014-01-31,60.61516952514648,49.28556823730469,-0.06295230075728409,,,,0.0,,0
2014-02-03,59.59041595458984,48.83715438842773,-0.07774923167743542,,,,0.0,,0
2014-02-04,59.762245178222656,49.08194732666016,-0.07610263257873151,,,,0.0,,0
2014-02-05,59.67950820922852,49.326751708984375,-0.0787147073249227,,,,0.0,,0
2014-02-06,60.30330657958984,50.1046028137207,-0.07217416952093914,,,,0.0,,0
2014-02-07,60.704322814941406,50.73830795288086,-0.06864498676552477,,,,0.0,,0
2014-02-10,60.29692459106445,50.45690155029297,-0.0740075375339283,,,,0.0,,0
2014-02-11,61.207149505615234,50.86414337158203,-0.06100661581485378,,,,0.0,,0
2014-02-12,61.1243896484375,51.37751770019531,-0.06483568080695945,,,,0.0,,0
2014-02-13,61.461761474609375,51.35002517700195,-0.0591994572980179,,,,0.0,,0
2014-02-14,61.89458084106445,51.79692840576172,-0.054318553284338544,,,,0.0,,0
2014-02-18,61.41720581054688,51.81069564819336,-0.06212668525954623,,,,0.0,,0
2014-02-19,60.58336639404297,51.3110580444336,-0.07340713016094613,,,,0.0,,0
2014-02-20,61.326961517333984,51.21480178833008,-0.06074497164128234,,,,0.0,,0
2014-02-21,61.60902786254883,51.19186782836914,-0.0560456987152973,,,,0.0,,0
2014-02-24,61.50643157958984,51.84048461914063,-0.06081667652867773,,,,0.0,,0
2014-02-25,61.18592834472656,52.05134582519531,-0.06704202102103951,,,,0.0,,0
2014-02-26,61.02566146850586,51.82215118408203,-0.06857675887006076,,,,0.0,,0
2014-02-27,61.25004577636719,51.861122131347656,-0.06509196095228065,,,,0.0,,0
2014-02-28,61.391056060791016,51.783180236816406,-0.06242157382849223,,,,0.0,,0
2014-03-03,61.39749526977539,50.751834869384766,-0.05735658103568697,,,,0.0,,0
2014-03-04,62.16668701171875,51.68234634399414,-0.049385884952431125,,,,0.0,,0
2014-03-05,62.23080825805664,51.06580352783203,-0.04539601535664717,,,,0.0,,0
2014-03-06,62.73081207275391,51.30645751953125,-0.03855264902208433,,,,0.0,,0
2014-03-07,62.96158981323242,51.69609832763672,-0.03674590409303746,,,,0.0,,0
2014-03-10,63.29492568969727,51.68234634399414,-0.03139999957745654,,,,0.0,,0
2014-03-11,63.01924514770508,52.067378997802734,-0.03759503065609038,,,,0.0,,0
2014-03-12,63.153900146484375,51.81986999511719,-0.034285753957537746,,,,0.0,,0
2014-03-13,62.243614196777344,50.600582122802734,-0.04293378258494229,,,,0.0,,0
2014-03-14,61.71158218383789,50.59827423095703,-0.051506852810138004,,,,0.0,,0
2014-03-17,62.17310333251953,51.28814697265625,-0.04739490478084929,,,,0.0,,0
2014-03-18,62.442359924316406,51.89090347290039,-0.045954212050561605,,,,0.0,,0
2014-03-19,62.14746856689453,51.297306060791016,-0.047851328792603454,,,,0.0,,0
2014-03-20,62.121826171875,50.838905334472656,-0.04605085759033034,,,,0.0,,0
2014-03-21,62.089786529541016,51.19417190551758,-0.048283704319802445,,,,0.0,,0
2014-03-24,62.397457122802734,50.59367752075195,-0.0404315606352893,,,,0.0,,0
2014-03-25,62.59619140625,50.05510330200195,-0.034612972755495686,,,,0.0,,0
2014-03-26,62.01925659179688,49.43169784545898,-0.04078250270843753,,,,0.0,,0
2014-03-27,62.211570739746094,49.452335357666016,-0.037789336864688106,,,,0.0,,0
2014-03-28,62.397457122802734,48.6088981628418,-0.03056440507948499,-0.04487245379827401,0.023473154714426157,0.6095494573635457,0.0,,0
2014-03-31,62.423099517822266,49.47294616699219,-0.03449769093614474,-0.04565206890555038,0.022310010441029135,0.4999718847684726,0.0,,0
2014-04-01,62.397457122802734,49.20709228515625,-0.033580065451194296,-0.04637646002252537,0.021171621804540307,0.6044125806454211,0.0,,0
2014-04-02,62.80132293701172,49.19792938232422,-0.027082534000445357,-0.04679928524463745,0.020518674456391776,0.9609173967887641,0.0,,0
2014-04-03,63.153900146484375,49.27813720703125,-0.021885700570272726,-0.047158174761780844,0.01988156557926857,1.2711511118551397,0.0,,0
2014-04-04,62.8846435546875,47.60274887084961,-0.01762995639232956,-0.04741992088827575,0.019381426242743766,1.537036754820832,0.0,,0
2014-04-07,62.41029739379883,46.61955261230469,-0.02005593547300344,-0.04774743104851475,0.018739601903402434,1.4776992445332329,0.0,,0
2014-04-08,62.44873809814453,46.431602478027344,-0.01844417407868537,-0.04812770728951645,0.017890355040946607,1.6591919580630343,0.0,,0
2014-04-09,62.72439193725586,47.56608963012695,-0.019991604124583673,-0.04819891330985201,0.017769316123183214,1.5874167013364635,0.0,,0
2014-04-10,61.94235610961914,46.1932373046875,-0.025316993204444804,-0.04840507162909459,0.01742760519111856,1.3247992579276417,0.0,,0
2014-04-11,61.71158218383789,45.06563568115234,-0.022956346645162218,-0.04857125207184247,0.017134138134567475,1.4949631680045319,0.0,,0
2014-04-14,61.59619522094727,46.069480895996094,-0.03025966897742194,-0.04880324936229266,0.01678687067268856,1.1046478373744932,0.0,,0
2014-04-15,61.39749526977539,46.76622009277344,-0.03719163749278831,-0.04886580143261898,0.016736418009998925,0.6975306145470385,0.0,,0
2014-04-16,62.40388870239258,47.983211517333984,-0.02726710707702673,-0.04854232618119146,0.01696166747240162,1.2543117673295803,0.0,,0
2014-04-17,62.820533752441406,47.66005325317383,-0.018946585090118595,-0.048132301532968554,0.01736988189835165,1.680248410072356,0.0,,0
2014-04-21,63.397457122802734,47.930511474609375,-0.011200006129596929,-0.047499904871442136,0.0180008072042836,2.0165706087450914,0.0,,0
2014-04-22,63.46156692504883,48.12303161621094,-0.011177624826399724,-0.04671887739963385,0.018535269582574156,1.9174931562175965,0.0,,0
2014-04-23,63.61542510986328,47.85945892333984,-0.007402017242996606,-0.04576750211338445,0.01905661002429712,2.0132376546233544,0.0,,0
2014-04-24,63.23080825805664,47.99238967895508,-0.014150200930751144,-0.04495118262455687,0.019342311028389243,1.592414766187881,0.0,,0
2014-04-25,62.43592834472656,45.5927734375,-0.014154343847320838,-0.04412327332883244,0.019578240784232537,1.5307263717814357,0.0,,0
2014-04-28,62.987213134765625,46.16346740722656,-0.008430518446335356,-0.043207905015019595,0.019938397572617332,1.7442418048903907,0.0,,0
2014-04-29,62.826961517333984,46.44992065429688,-0.012503150783902406,-0.042367085848796567,0.020150642679070244,1.48203387557027,0.0,,0
2014-04-30,63.14106369018555,46.43618392944336,-0.007443201002017674,-0.04119531867087293,0.020103193449868644,1.6789430869788398,0.0,,0
2014-05-01,62.89106750488281,47.23375701904297,-0.015609190692969177,-0.04018709463944357,0.019842480377444953,1.2386507875503416,0.0,,0
2014-05-02,63.17952728271485,46.85102462768555,-0.009027056780626652,-0.03902563379703863,0.01959127067283262,1.531221609735159,0.0,,0
2014-05-05,62.78850173950195,47.47212600708008,-0.018482503213845036,-0.038130772691920396,0.019280482966047865,1.0190755860563843,0.0,,0
2014-05-06,62.423099517822266,47.06646347045898,-0.022203135974559918,-0.03735674184540431,0.018969645195255437,0.7988344386448784,0.0,,0
2014-05-07,63.35260009765625,47.83195114135742,-0.011400290657559653,-0.036313287730798165,0.01864402275723616,1.3362457983253224,0.0,,0
2014-05-08,63.45515060424805,48.33616638183594,-0.01236830793462873,-0.035502649266127756,0.018610099675842835,1.2431067933251836,0.0,,0
2014-05-09,63.9487533569336,48.3155517578125,-0.004514466259949446,-0.03449729569034425,0.018627643076262076,1.6095879284160797,0.0,,0
2014-05-12,65.07056427001953,48.51951599121094,0.01183714111072065,-0.03331335238353194,0.019266518944770647,2.3434691873337825,0.0,,0
2014-05-13,65.7115707397461,48.60203552246094,0.021220907706385517,-0.032054361367019876,0.020293508276804678,2.625237014060236,-1.0,Enter Short Spread,1
2014-05-14,65.41029357910156,48.188697814941406,0.018731330464594742,-0.030706727771617526,0.020926643122630255,2.362445708396944,-1.0,,2
2014-05-15,64.82310485839844,47.63530731201172,0.012561569788703264,-0.029273916105790037,0.020897012464420873,2.001984061871148,-1.0,,3
2014-05-16,65.38447570800781,48.17722702026367,0.018395242843978976,-0.02795491253103568,0.02136143056575608,2.169805773650633,-1.0,,4
2014-05-19,65.42317962646484,48.303524017333984,0.01834150965504544,-0.0267151257248633,0.021848220792638737,2.0622565016868353,-1.0,,5
2014-05-20,64.8682632446289,47.74323654174805,0.012699968680367602,-0.02548984830471255,0.021962559323616238,1.7388600491571498,-1.0,,6
2014-05-21,65.64904022216797,48.24382019042969,0.02209280101530997,-0.024004267937440055,0.02211573694597318,2.0843559979647592,-1.0,,7
2014-05-22,65.59742736816406,48.07620620727539,0.02216440004079645,-0.022491915288925763,0.022118602865290778,2.0189482853728675,-1.0,,8
2014-05-23,66.28787231445312,48.69616317749024,0.029475799315580198,-0.020915785951128085,0.02239448742141483,2.2501781049259963,-1.0,,9
2014-05-27,66.57174682617188,49.25414657592773,0.03094002084330305,-0.019359759373264833,0.022697946001196536,2.2160498669754656,-1.0,,10
2014-05-28,66.72663879394531,49.09342956542969,0.034069840300048226,-0.01783598568433591,0.023160115014788638,2.2411730663358207,-1.0,,11
2014-05-29,67.14602661132812,49.29317855834961,0.03933419629813151,-0.016357317663493205,0.023918368696821,2.3283993430967844,-1.0,,12
2014-05-30,67.02989959716797,49.32992172241211,0.03741951523509213,-0.014977058820297547,0.024583089238830683,2.1314072265834545,-1.0,,13
2014-06-02,67.15896606445312,49.02911758422852,0.04085121928054014,-0.013653661015253806,0.02540196904073153,2.1456950919197055,-1.0,,14
2014-06-03,66.73953247070312,48.52396011352539,0.037139741864717246,-0.012422233582624561,0.02603565988640409,1.9036189466134192,-1.0,,15
2014-06-04,66.44269561767578,48.5492057800293,0.03255388731095199,-0.011356335467817752,0.026541119878483132,1.6544223823188309,-1.0,,16
2014-06-05,66.8621597290039,48.73061752319336,0.03792763742242655,-0.010097624333175802,0.027052800933136816,1.7752417531293958,-1.0,,17
2014-06-06,66.84276580810547,48.90972518920898,0.03673299226744675,-0.008913978562759394,0.027518243129954045,1.6587894297844434,-1.0,,18
2014-06-09,66.77826690673828,48.81328201293945,0.03625424492646778,-0.007594178104235893,0.027752937156873353,1.5799561243860663,-1.0,,19
2014-06-10,66.40401458740234,49.19675064086914,0.028704749515617523,-0.006257318065473302,0.027536517787213718,1.2696619031955116,-1.0,,20
2014-06-11,66.13945770263672,48.83623123168945,0.026526182221180195,-0.00502529994877281,0.027321229060512472,1.1548339242012555,-1.0,,21
2014-06-12,65.1005630493164,48.627288818359375,0.011751005783612545,-0.004063546318203241,0.026875560095886115,0.588436186832681,-1.0,,22
2014-06-13,65.19091033935547,48.517066955566406,0.013697348414307364,-0.003037735031421394,0.026354217242522356,0.6350059002597432,-1.0,,23
2014-06-16,65.28770446777344,48.27597427368164,0.01640927319590124,-0.0019967328516508676,0.02586365605516499,0.7116552280270685,-1.0,,24
2014-06-17,65.56515502929688,48.406856536865234,0.019982390448999743,-0.0008589646055041644,0.025297776388070056,0.8238413817402659,-1.0,,25
2014-06-18,66.32656860351562,48.50788497924805,0.03101451684346812,0.0003318033524751259,0.02508768030136309,1.2230191521264686,-1.0,,26
2014-06-19,66.0555648803711,48.29433822631836,0.028008056870839848,0.001375487179580718,0.02491418045007132,1.0689723366430417,-1.0,,27
2014-06-20,66.13945770263672,48.10375213623047,0.030252203143963707,0.0025593989437874055,0.02456808669781686,1.1271860336864208,-1.0,,28
2014-06-23,66.11361694335938,48.099151611328125,0.029885006787603863,0.0036873046713256047,0.024241077782133167,1.0807152368277626,-1.0,,29
2014-06-24,65.6426010131836,47.71338653564453,0.024720565087619217,0.004608720840777342,0.023970839604198275,0.839012924825523,-1.0,,30
2014-06-25,66.08135986328125,48.005001068115234,0.02988007121370473,0.005681683543274833,0.023634834408051197,1.0238441806974,-1.0,,31
2014-06-26,66.22976684570312,47.98204803466797,0.032241291136118067,0.0067787061530633725,0.023312387320463316,1.0922341257046617,-1.0,,32
2014-06-27,66.2749252319336,48.05551910400391,0.03254566105497081,0.007772509403986975,0.023117863886631222,1.0716021070316035,-1.0,,33
2014-06-30,66.24268341064453,48.383880615234375,0.030380081997589126,0.008643605780118005,0.022968130901590462,0.9463754935307317,-1.0,,34
2014-07-01,66.36529541015625,49.19675064086914,0.02812149456996116,0.009406129962822852,0.022842323189452195,0.8193284217158973,-1.0,,35
2014-07-02,66.81694030761719,49.33222198486328,0.0342258819000566,0.010310826919040518,0.022732209862149588,1.0520338817052712,-1.0,,36
2014-07-03,67.02989959716797,49.7157096862793,0.03549881196593074,0.011209876686450787,0.022643722085195776,1.072656482361608,-1.0,,37
2014-07-07,66.616943359375,49.76852416992188,0.02905719519130856,0.01202735667504899,0.022386449381043713,0.7607208372525573,-1.0,,38
2014-07-08,66.3975601196289,49.42866897583008,0.027447988765225473,0.012906773041210162,0.021933984282704676,0.6629536857779783,-1.0,,39
2014-07-09,66.44916534423828,49.63533782958984,0.02719616523183932,0.013742648239160188,0.02150274483470339,0.6256650997860715,-1.0,,40
2014-07-10,65.87487030029297,49.49296951293945,0.01922418656532776,0.014567379164872683,0.020734477970112457,0.22459245934079433,-1.0,,41
2014-07-11,66.1587905883789,49.828216552734375,0.021860474083553405,0.015551581024478378,0.01962616825893536,0.3214531219665218,-1.0,,42
2014-07-14,66.75242614746094,50.753604888916016,0.02625642298008113,0.016443639858763508,0.018861157743014872,0.5202640927464663,-1.0,,43
2014-07-15,67.29447174072266,50.92582321166992,0.03350866756312276,0.017317894069650865,0.018410813945213562,0.8794164962859325,-1.0,,44
2014-07-16,67.44286346435547,51.130184173583984,0.034723923775468846,0.01808329290140196,0.018162247164362218,0.9162209237367371,-1.0,,45
2014-07-17,66.2362060546875,50.03029251098633,0.022032064202456514,0.018636787718549565,0.01776374745622917,0.19113514714578625,-1.0,,46
2014-07-18,66.99118041992188,50.56300735473633,0.030754399896477658,0.019272728004207474,0.01750123585139783,0.656049206453791,-1.0,,47
2014-07-21,67.14602661132812,50.337982177734375,0.0341628915797203,0.020077946212715324,0.017050570660289074,0.8260688540946571,-1.0,,48
2014-07-22,67.4170913696289,50.806396484375,0.03590802392982528,0.020912319009001094,0.016573215635715264,0.9048156525827408,-1.0,,49
2014-07-23,67.32671356201172,50.79263687133789,0.03463332977138256,0.021630049812629726,0.01621555033833134,0.8019018588604335,-1.0,,50
2014-07-24,67.1654052734375,51.1462516784668,0.03052399688971863,0.022347168940523413,0.015631067188737174,0.5231138635938407,-1.0,,51
2014-07-25,66.82986450195312,49.316165924072266,0.034499549106220995,0.02304621477566072,0.01521551290905095,0.7527406009262598,-1.0,,52
2014-07-28,66.24268341064453,49.18986511230469,0.026306763972264613,0.023744814020081287,0.014363041889975092,0.17837098657851014,-1.0,,53
2014-07-29,63.79067993164063,49.0245361328125,-0.010581080514660002,0.023718913624514063,0.014423389343928615,-2.378081414935409,0.0,Exit Short Spread,0
2014-07-30,64.10686492919922,49.15312576293945,-0.006282582026861605,0.023922245644297124,0.013903656074052154,-2.1724377753797297,0.0,,0
2014-07-31,62.64856719970703,48.4527702331543,-0.025754925902945813,0.02386304914549069,0.014106003109463945,-3.5175077350682704,1.0,Enter Long Spread,1
2014-08-01,62.60981369018555,48.636474609375,-0.027306728778776157,0.023597941843470416,0.01489372661520655,-3.4178598773441107,1.0,,2
2014-08-04,62.70665740966797,48.71682357788086,-0.026168123336765547,0.02336794492010147,0.015539895835476743,-3.1876705469144038,1.0,,3
2014-08-05,62.27431106567383,48.3448600769043,-0.03119701752937465,0.022923235732277718,0.016672003505299567,-3.2461757367342825,1.0,,4
2014-08-06,61.77099990844727,48.37929153442383,-0.03948755426552575,0.02206782414267361,0.01844163926543107,-3.3378474398197984,1.0,,5
2014-08-07,61.33222961425781,48.00041580200195,-0.044677612245837106,0.020969515476803226,0.020325477699793617,-3.229795072580602,1.0,,6
2014-08-08,61.906517028808594,48.32648468017578,-0.0370268274161083,0.02004021284545818,0.021638797231459925,-2.6372556501707316,1.0,,7
2014-08-11,61.99039840698242,48.35404586791992,-0.035813349656355964,0.019233964188040523,0.022773866918675566,-2.4171263510482395,1.0,,8
2014-08-12,62.209774017333984,48.28974151611328,-0.03195262859472159,0.018394832997395517,0.023698120960560443,-2.1245339103428402,1.0,,9
2014-08-13,62.34529495239258,48.64171600341797,-0.03156712445526344,0.01756302242889037,0.024546125303019178,-2.001543880251878,1.0,,10
2014-08-14,62.42325973510742,48.89249420166016,-0.031585254777145244,0.016824935371265157,0.02533441452312558,-1.9108470063210246,1.0,,11
2014-08-15,62.93007278442383,48.35646057128906,-0.02078101635091334,0.016110371748494764,0.025776531535488277,-1.4312006271525421,1.0,,12
2014-08-18,63.43040466308594,49.30660629272461,-0.017659391722271933,0.01544664188577696,0.026122496086218173,-1.267338063666708,1.0,,13
2014-08-19,63.852760314941406,49.46305084228516,-0.011803949899979571,0.01475864606551763,0.026287026364739674,-1.010483102840691,1.0,,14
2014-08-20,64.19712829589844,49.73912048339844,-0.007797565450802013,0.014113019627282545,0.02635728902487129,-0.8312913007634916,1.0,,15
2014-08-21,63.94370651245117,49.63560485839844,-0.011239275054670261,0.013357867704703904,0.02642367939719386,-0.9308750075883198,1.0,,16
2014-08-22,63.52787780761719,49.71382522583008,-0.018151794576952596,0.012399767856785836,0.026506496632566864,-1.1526065800865457,1.0,,17
2014-08-25,63.61235427856445,49.697731018066406,-0.016743091497953277,0.011497057744568412,0.02656127732358724,-1.0632074993412894,1.0,,18
2014-08-26,63.300437927246094,49.86106491088867,-0.022467532708713822,0.010441745211414178,0.02663180827389556,-1.2357132336517158,1.0,,19
2014-08-27,63.27445983886719,49.95307922363281,-0.02333258817180628,0.009433873044138787,0.02674639131674245,-1.225079706189531,1.0,,20
2014-08-28,63.31345748901367,49.37101745605469,-0.01982667691486184,0.008560863640375223,0.026832220341460412,-1.0579646482469218,1.0,,21
2014-08-29,63.24197769165039,48.89249420166016,-0.018554928214097877,0.007619487546433149,0.026776161766166533,-0.977526801231241,1.0,,22
2014-09-02,63.64483642578125,49.40093231201172,-0.014755732341797834,0.006761342136279073,0.02665415534548763,-0.8072690430131978,1.0,,23
2014-09-03,63.657833099365234,49.440040588378906,-0.014746655537705045,0.00591132712854286,0.026512905960755916,-0.7791670478077959,1.0,,24
2014-09-04,63.98272705078125,49.29280471801758,-0.008920526096295234,0.005284239201677646,0.02641114043950631,-0.5378323336891999,1.0,,25
2014-09-05,64.23612213134766,49.28131484985352,-0.00491050334111609,0.004760294442306042,0.026296115652486653,-0.36776525899206813,1.0,,26
2014-09-08,63.95021057128906,49.64019775390625,-0.01116037812886772,0.004378438043764704,0.026358107802613554,-0.5895269982578819,1.0,,27
2014-09-09,63.48889923095703,49.29739761352539,-0.016691579774271603,0.003871955907288388,0.026465922405720103,-0.7769816357171657,1.0,,28
2014-09-10,63.43040466308594,49.89555740356445,-0.02058696607149757,0.0032553519194984076,0.026597288532868444,-0.8964191203750742,1.0,,29
2014-09-11,63.63835144042969,49.45155334472656,-0.015110146457137152,0.002670476304396126,0.02660887019447513,-0.6682216355516333,1.0,,30
2014-09-12,63.70982360839844,49.242183685302734,-0.012941586509432113,0.001937874581847789,0.026422865077988526,-0.5631282242619172,1.0,,31
2014-09-15,63.43040466308594,49.3802375793457,-0.01802730709981959,0.0011706185156701318,0.02632289912430831,-0.729324134276725,1.0,,32
2014-09-16,63.65133285522461,49.99220657348633,-0.017587139596685453,0.0003732961366593124,0.026153926615601283,-0.6867204300646407,1.0,,33
2014-09-17,64.58049774169922,49.58498001098633,-0.0010783152159162812,-0.00014275923006602334,0.025870465775454488,-0.03616309014188293,1.0,,34
2014-09-18,64.73643493652344,49.79431915283203,0.0002946683785008952,-0.0005498575085513287,0.02566739912568189,0.03290266703365442,0.0,Exit Long Spread,0
2014-09-19,64.61300659179688,49.750614166259766,-0.0013972809045329493,-0.0010711467105219566,0.025359861885490203,-0.01286025119078398,0.0,,0
2014-09-22,63.76826858520508,49.20537185668945,-0.011840259254386476,-0.0018058392170303657,0.025020399868912743,-0.4010495471666558,0.0,,0
2014-09-23,63.23550033569336,48.87868881225586,-0.01858772746395776,-0.0026580623590125086,0.024704673552855203,-0.6448037077221045,0.0,,0
2014-09-24,63.729305267333984,49.32731246948242,-0.013061717542140916,-0.0033820923513413425,0.02435998002668957,-0.39735768174662983,0.0,,0
2014-09-25,62.722164154052734,48.47607803344727,-0.02469943156915333,-0.004262441120326584,0.02415918380904691,-0.8459305003993425,0.0,,0
2014-09-26,63.33944320678711,48.759063720703125,-0.016341178055524375,-0.0051052254529196,0.023679068636776855,-0.47450990471617593,0.0,,0
2014-09-29,63.24845886230469,48.52669143676758,-0.016600842462949572,-0.005973553026734272,0.023122903248912627,-0.4596001341966025,0.0,,0
2014-09-30,63.86576461791992,49.08805465698242,-0.009723967096558983,-0.006619905731532065,0.022672290450148506,-0.1369099152929468,0.0,,0
2014-10-01,62.97560119628906,48.31504821777344,-0.01984656169613619,-0.0074081482392214255,0.0222931262473667,-0.5579483702239388,0.0,,0
2014-10-02,63.1185188293457,48.24832534790039,-0.017238992739936787,-0.008148734205417694,0.02186522643043668,-0.4157404252564855,0.0,,0
2014-10-03,64.19062805175781,48.77056503295898,-0.0030503598249019825,-0.008519976645254857,0.021584614498955126,0.2534034981545605,0.0,,0
2014-10-06,64.04119873046875,48.72455596923828,-0.0051482681800657515,-0.008970122349648509,0.021224974969081378,0.18006401303888878,0.0,,0
2014-10-07,62.65718078613281,47.86412048339844,-0.022603712676104726,-0.009784457943918273,0.02079068320506581,-0.6165865068379736,0.0,,0
2014-10-08,63.76826858520508,48.85569763183594,-0.010081875890395331,-0.010510967001476908,0.020012194326055274,0.02144148233274518,0.0,,0
2014-10-09,62.722164154052734,47.785911560058594,-0.021163928678396338,-0.011442431209041327,0.019167901997574496,-0.5071758750949983,0.0,,0
2014-10-10,62.23484802246094,47.1578483581543,-0.02570167840075177,-0.012237993585761466,0.01874802973515794,-0.7181386527109048,0.0,,0
2014-10-13,61.513614654541016,46.996803283691406,-0.036514818600052346,-0.0133591472273703,0.018145208891595987,-1.2761314301212963,0.0,,0
2014-10-14,62.247840881347656,46.63790512084961,-0.02275941076229515,-0.01430785226640389,0.017093339175566505,-0.4944357804572237,0.0,,0
2014-10-15,62.67019271850586,46.06964874267578,-0.01297473063541088,-0.01512256484249116,0.015796229637948057,0.13597132077140942,0.0,,0
2014-10-16,62.13737106323242,46.70232772827149,-0.024876005431797354,-0.01611438709587749,0.014452052978758647,-0.606254235906658,0.0,,0
2014-10-17,63.19648742675781,47.39250564575195,-0.011591875015256048,-0.01681631829429374,0.01313231505888157,0.39783109494500946,0.0,,0
2014-10-20,63.729305267333984,47.818115234375,-0.005400402718636066,-0.017481317491374684,0.011414853900203817,1.0583503633386764,0.0,,0
2014-10-21,65.46417999267578,49.07424545288086,0.015065072297906767,-0.01766867901928065,0.010768548744144584,3.039755132741211,-1.0,Enter Short Spread,1
2014-10-22,64.3660659790039,48.52440643310547,0.0009265744560509326,-0.0174768847697688,0.010993210647562928,1.674075010097216,-1.0,,2
2014-10-23,65.28875732421875,49.29739761352539,0.011263196715264434,-0.0171844551240667,0.011508395330154141,2.4719042944929934,-1.0,,3
2014-10-24,65.3602294921875,49.11336517333984,0.013279446961681596,-0.016533882242989576,0.012093931977793432,2.465147750079432,-1.0,,4
2014-10-27,66.43882751464844,49.09726333618164,0.029727969105966756,-0.01558330394491053,0.013382625653381244,3.385828328795028,-1.0,,5
2014-10-28,66.8612060546875,49.85646057128906,0.03228190804430764,-0.014609136755225977,0.014644555403015479,3.20194389717548,-1.0,,6
2014-10-29,66.67925262451172,49.38484191894531,0.03190023862857916,-0.013557515819260079,0.015646826084734677,2.905238046468008,-1.0,,7
2014-10-30,67.11459350585938,54.44386291503906,0.014362176820747363,-0.012660020301155529,0.01567811768173644,1.723561314594625,-1.0,,8
2014-10-31,68.16722106933594,55.54353713989258,0.024994108331313547,-0.011498824958203016,0.015842983291353994,2.3034129758523374,-1.0,,9
2014-11-03,68.64155578613281,55.56886672973633,0.03181599790917666,-0.010351444536114935,0.01643447252716553,2.565792262306593,-1.0,,10
2014-11-04,69.57722473144531,55.89785385131836,0.04389976909115556,-0.009022892556989742,0.01750928124394547,3.022549064739332,-1.0,,11
2014-11-05,69.8761215209961,57.40705108642578,0.041617945195971284,-0.007796716327144861,0.01841331354642536,2.683637651557244,-1.0,,12
2014-11-06,70.3634262084961,57.5358772277832,0.04801490657472873,-0.006470349143311658,0.01948818312872399,2.795809920204084,-1.0,,13
2014-11-07,70.38943481445312,58.07421875,0.04608826928880072,-0.005175790408879225,0.020338163571228692,2.5205844922105185,-1.0,,14
2014-11-10,70.85726165771484,57.5634880065918,0.05489045611474952,-0.003914599201118178,0.021636176705534416,2.7179041896448224,-1.0,,15
2014-11-11,70.66883850097656,57.45305252075195,0.05270119167113019,-0.0027419228112281423,0.022738134930003557,2.4383316684958056,-1.0,,16
2014-11-12,70.57787322998047,58.07541275024414,0.048756706975748854,-0.001732578529966002,0.02363973659892552,2.135780375319821,-1.0,,17
2014-11-13,70.4732666015625,57.838008880615234,0.04828341161460181,-0.0007978955788759382,0.0244753706334357,2.0053345842464174,-1.0,,18
2014-11-14,69.84558868408203,57.35855484008789,0.04138926588689218,7.924677015010243e-05,0.025022389149118952,1.650922254887744,-1.0,,19
2014-11-17,69.6102294921875,57.57982635498047,0.03706456346037901,0.000999519404105629,0.025348216966427525,1.4227842575294258,-1.0,,20
2014-11-18,69.32257843017578,57.56369018554688,0.03299279606112526,0.0018284508634236049,0.025566732313171144,1.2189412716480317,-1.0,,21
2014-11-19,69.06759643554688,57.59367370605469,0.029179428071170133,0.0026892335430883374,0.02560364309936687,1.0346259876094293,-1.0,,22
2014-11-20,69.76713562011719,58.01087188720703,0.0374772409955082,0.003702730695876912,0.025756627647400655,1.3112939613831702,-1.0,,23
2014-11-21,70.18556213378906,58.598670959472656,0.040971132243502906,0.004716027515182991,0.026005745061034903,1.394119054971507,-1.0,,24
2014-11-24,70.12673950195312,58.69084548950195,0.039745157069149606,0.005687695603237116,0.026206481633089147,1.299581605144219,-1.0,,25
2014-11-25,70.03521728515625,59.29939651489258,0.035895896304301234,0.006531889414005434,0.02634976996331274,1.1143932919027315,-1.0,,26
2014-11-26,69.94367980957031,59.29939651489258,0.034588020752571724,0.00735413401884338,0.02644252493181633,1.029927618635232,-1.0,,27
2014-11-28,71.86585235595703,59.51375198364258,0.06080925417108807,0.008516297023299767,0.027222532157471963,1.9209439021062953,-1.0,,28
2014-12-01,71.78087615966797,59.50453567504883,0.059664311130534164,0.009592543931160605,0.027937524752729634,1.7922764325956009,-1.0,,29
2014-12-02,72.18621826171875,59.93327331542969,0.06352526997326025,0.010837304732862738,0.028640125335985693,1.8396555399915178,-1.0,,30
2014-12-03,72.50657653808594,60.299781799316406,0.06645023020244256,0.012223001565807974,0.029278876176624332,1.852093922919368,-1.0,,31
2014-12-04,72.19929504394531,60.19374847412109,0.06263717731753182,0.013610070622291798,0.029660527337491083,1.652941167814959,-1.0,,32
2014-12-05,72.55888366699219,60.70316696166992,0.06552750157949494,0.014954031422902333,0.030151563764415027,1.6773083662174624,-1.0,,33
2014-12-08,72.05545806884766,60.645538330078125,0.058799333323474645,0.016149713420117444,0.03044269850035002,1.4009802679899364,-1.0,,34
2014-12-09,71.9377670288086,60.88525390625,0.05619201134652929,0.017386702060889925,0.03053658514982646,1.2707809041267308,-1.0,,35
2014-12-10,71.95740509033203,60.32744216918945,0.05873423696978297,0.018658725003664403,0.030642657755024123,1.3078340751806312,-1.0,,36
2014-12-11,72.33004760742188,60.65013122558594,0.06258422710872691,0.019719767375741784,0.031040483990300013,1.38092111406446,-1.0,,37
2014-12-12,71.91817474365234,59.18876647949219,0.06288709564045103,0.02076297449677429,0.03141960260562994,1.3406955419648976,-1.0,,38
2014-12-15,72.40850830078125,59.170318603515625,0.06975875330947434,0.02194890840034108,0.0319000022837869,1.4987411124240733,-1.0,,39
2014-12-16,71.8070297241211,58.411956787109375,0.06459774754095537,0.02322287518026344,0.032051116696666104,1.290902677503142,-1.0,,40
2014-12-17,70.97014617919922,59.71889877319336,0.04741891959210642,0.024322985964531176,0.03172831341710579,0.7279281859061396,-1.0,,41
2014-12-18,72.52620697021484,60.88986206054688,0.0643199248443771,0.025612680004306478,0.03175518140349911,1.218926900408305,-1.0,,42
2014-12-19,72.54579162597656,60.31591796875,0.0669249634814355,0.027139753255149626,0.03150105072069187,1.2629804186230669,-1.0,,43
2014-12-22,73.22576141357422,60.90139389038086,0.07387255346252242,0.028643315447117068,0.031542746937589294,1.4339029541370079,-1.0,,44
2014-12-23,73.51995849609375,61.14342880249024,0.0769042546429084,0.0302017337322147,0.031578752729252715,1.4789222776183686,-1.0,,45
2014-12-24,73.49382019042969,61.689727783203125,0.07435554488502838,0.031603058931907825,0.03164141066962961,1.3511561288939526,-1.0,,46
2014-12-26,73.18000030517578,61.4569206237793,0.0710086062208315,0.03311731173052395,0.03131530194434556,1.2099929471428705,-1.0,,47
2014-12-29,73.51995849609375,61.182594299316406,0.07674637376658189,0.0346837345056326,0.031107181643347696,1.3521841915223596,-1.0,,48
2014-12-30,73.3172836303711,60.979740142822266,0.07480466056463797,0.0359813181787916,0.031129891427449926,1.2471403080966887,-1.0,,49
2014-12-31,72.68310546875,60.43809127807617,0.06831705588243775,0.037205740246499995,0.030932241246495552,1.005789247148798,-1.0,,50
2015-01-02,72.16661071777344,61.088077545166016,0.058548124808627255,0.03855827087124552,0.030049065234026836,0.6652404586198478,-1.0,,51
2015-01-05,70.72171020507812,59.73964691162109,0.04382656221222825,0.03945674483962259,0.029379764854594637,0.14873561426487297,-1.0,,52
2015-01-06,70.25749206542969,59.35473251342773,0.03883465865041558,0.040456721295102784,0.0283006945537367,-0.0573152945630812,0.0,Exit Short Spread,0
2015-01-07,70.91130828857422,60.14995574951172,0.04481625421901181,0.04163202017209884,0.026961376931769216,0.11810353955479591,0.0,,0
2015-01-08,72.18621826171875,60.95671844482422,0.0593505310451663,0.04322977599951915,0.02505620301104809,0.643383797558592,0.0,,0
2015-01-09,71.6566390991211,60.05315017700195,0.05566927427972512,0.04453692075021949,0.02358193138254793,0.47207132227279114,0.0,,0
2015-01-12,71.68279266357422,59.93558120727539,0.05651735905409061,0.04569512224504451,0.02240606475881237,0.4830047991711567,0.0,,0
2015-01-13,71.99008178710938,60.11077880859375,0.060075332813265936,0.047110977882462234,0.020505337452238474,0.6322429445992094,0.0,,0
2015-01-14,71.50627899169922,58.90753173828125,0.058317646457304306,0.04827613657367157,0.019072773193518376,0.5264839979875189,0.0,,0
2015-01-15,71.4539566040039,58.347415924072266,0.05994122405445834,0.04936516368655648,0.017799805818165284,0.5941671766502444,0.0,,0
2015-01-16,72.11431121826172,58.76693344116211,0.06737407128203587,0.05023698033629197,0.017374409273953683,0.986340926792513,0.0,,0
2015-01-20,72.77462768554688,59.20259094238281,0.07466787825535515,0.051466002066280374,0.01642504634058476,1.4125912163635785,0.0,,0
2015-01-21,73.01655578613281,59.30401992797852,0.07756466120572503,0.05257102647445471,0.01590520803156783,1.5714119979860843,0.0,,0
2015-01-22,74.69681549072266,59.37775802612305,0.10000954022207242,0.05401652802879456,0.0162068681084108,2.8378716902995644,-1.0,Enter Short Spread,1
2015-01-23,67.29579162597656,59.53681945800781,-0.004989808315742694,0.0534378984050994,0.01762170977931167,-3.315666155700606,0.0,Exit Short Spread,0
2015-01-26,66.91656494140625,59.13113021850586,-0.008955165831448397,0.05275061384050347,0.01916961843868811,-3.2189362490083426,1.0,Enter Long Spread,1
2015-01-27,65.93586730957031,57.8541259765625,-0.01833616237243363,0.05191334049048659,0.021065369001912727,-3.3348337195774542,1.0,,2
2015-01-28,64.92250061035156,56.78691864013672,-0.029233901405576246,0.051186739186714535,0.02301017683486763,-3.4950031531451904,1.0,,3
2015-01-29,65.65474700927734,57.16493225097656,-0.019654063862623805,0.05044260298348224,0.02451776071290733,-2.8590158647401998,1.0,,4
2015-01-30,64.62174224853516,58.75770950317383,-0.04228882118365007,0.04920752266526846,0.02715016164176776,-3.3700110171042486,1.0,,5
2015-02-02,65.4651107788086,58.8568229675293,-0.029737945307987346,0.04798022742528275,0.028965990425438133,-2.683083560816807,1.0,,6
2015-02-03,65.75281524658203,59.88257598876953,-0.029612738690263818,0.046793049360512165,0.030615176609428262,-2.4956833999528856,1.0,,7
2015-02-04,65.72663879394531,61.05813217163086,-0.03480416314211077,0.04541273153189817,0.03234698281763332,-2.4798880045863285,1.0,,8
2015-02-05,66.3346939086914,62.65092849731445,-0.03194474417914406,0.04411218130743242,0.033828458110541075,-2.2483119164948535,1.0,,9
2015-02-06,65.81817626953125,61.64131546020508,-0.03575617783178253,0.042601404074990225,0.03530526669898854,-2.2194303919255653,1.0,,10
2015-02-09,65.68089294433594,61.18953704833984,-0.036030455845703635,0.041122543283042996,0.036682751017289114,-2.10325008318987,1.0,,11
2015-02-10,66.08624267578125,60.979740142822266,-0.029031117344144874,0.0398260795443781,0.037749141244614814,-1.824073200561773,1.0,,12
2015-02-11,65.9751205444336,61.42313003540039,-0.03250024820970787,0.03847968521397294,0.03884813690114825,-1.8271129347668362,1.0,,13
2015-02-12,66.30199432373047,62.55928039550781,-0.03207687955326444,0.03725524945663698,0.03988117204856864,-1.7384676891006714,1.0,,14
2015-02-13,66.55046844482422,62.263702392578125,-0.027168594788028022,0.036184696819163545,0.040725115798318605,-1.5556319574616704,1.0,,15
2015-02-17,67.02119445800781,62.55005645751953,-0.021251596422983576,0.03528062361109507,0.041382726278848016,-1.3660825450007628,1.0,,16
2015-02-18,67.09310913085938,62.14591979980469,-0.01858099117334433,0.03448461662368649,0.04194791083175542,-1.2650357728151524,1.0,,17
2015-02-19,66.96797180175781,62.141334533691406,-0.020429669980298826,0.03351950144075637,0.042530061843075326,-1.2684950146584164,1.0,,18
2015-02-20,67.13919067382812,63.04190826416016,-0.02142372874654419,0.03247958709092225,0.043094221587324115,-1.250824677926698,1.0,,19
2015-02-23,67.01406860351562,63.04423522949219,-0.02329818995589461,0.03142886464050485,0.04366899107645888,-1.2532246165380674,1.0,,20
2015-02-24,67.37625885009766,62.91949844360352,-0.017419745111064255,0.030540270616915423,0.044109277792130634,-1.0872999543088424,1.0,,21
2015-02-25,67.13919067382812,63.04423522949219,-0.021432829289036004,0.029606589782888628,0.0446038519411505,-1.1442827659652604,1.0,,22
2015-02-26,67.07335662841797,63.215110778808594,-0.02308123281883523,0.028208414999723243,0.044917576979288006,-1.1418614107837717,1.0,,23
2015-02-27,66.98776245117188,62.651634216308594,-0.022150615745841762,0.026844832885116972,0.0451830205030348,-1.0843774516506233,1.0,,24
2015-03-02,67.11943817138672,64.26349639892578,-0.026449879386110764,0.02534524706246079,0.04543314996405613,-1.1400293946061106,1.0,,25
2015-03-03,66.8363037109375,63.57305908203125,-0.02801388125413684,0.02377084520485113,0.04561781804708168,-1.1351863959284831,1.0,,26
2015-03-04,66.1251220703125,63.215110778808594,-0.037319392091628156,0.022104902381365133,0.04599167004182724,-1.2920664637520167,1.0,,27
2015-03-05,66.32266235351562,63.30283737182617,-0.03467839379114612,0.020434804125187785,0.04620344318088481,-1.1928374623633076,1.0,,28
2015-03-06,66.25682830810547,62.19671630859375,-0.03132525195821656,0.01893272770382626,0.04639636875100777,-1.083230886704925,1.0,,29
2015-03-09,66.21074676513672,62.67704772949219,-0.033917771415201026,0.017430897991130758,0.046623844666146275,-1.1013392347631987,1.0,,30
2015-03-10,65.49954223632812,61.240718841552734,-0.0390015067940761,0.015801968928399773,0.046859082967401246,-1.1695379476504344,1.0,,31
2015-03-11,65.0057144165039,61.13679885864258,-0.04615074262994301,0.013989719432755275,0.04711668552428468,-1.2764153801035294,1.0,,32
2015-03-12,65.63127136230469,62.25214767456055,-0.04103113932536395,0.012257748849991692,0.04719733069079414,-1.129065720357564,1.0,,33
2015-03-13,64.8805923461914,61.201454162597656,-0.04833799046868403,0.010289469787022386,0.04722081324686441,-1.2415597323411078,1.0,,34
2015-03-16,66.019775390625,62.12282180786133,-0.03461635489371284,0.008635901413111248,0.04702683612884268,-0.9197356204938577,1.0,,35
2015-03-17,65.58516693115234,61.07906723022461,-0.03704343325466075,0.007228195532331796,0.04710891280553193,-0.9397718213058357,1.0,,36
2015-03-18,66.019775390625,61.81109237670898,-0.03337603620681984,0.005599929514811847,0.04679479013184603,-0.8329125018365395,1.0,,37
2015-03-19,65.789306640625,61.71177291870117,-0.03647655881384537,0.0038765708098904986,0.04640700668622596,-0.8695482106091764,1.0,,38
2015-03-20,66.0132064819336,62.26599884033203,-0.035283451817502254,0.0020573040552234207,0.0457624485919255,-0.8159693596315608,1.0,,39
2015-03-23,65.76956176757812,61.961181640625,-0.03777117501463412,0.0001460468942643789,0.04498465841527552,-0.8428922936096561,1.0,,40
2015-03-24,65.36129760742188,61.97967529296875,-0.044071594449728524,-0.0018277387613149028,0.044277829288383835,-0.9540633849341883,1.0,,41
2015-03-25,64.17601013183594,60.7142333984375,-0.057286396229531356,-0.003965988802154283,0.043804066160777325,-1.2172478972995615,1.0,,42
2015-03-26,63.63603973388672,60.58488845825195,-0.06521007130374157,-0.006331929553326341,0.043210389253206256,-1.3625922554272385,1.0,,43
2015-03-27,63.60311508178711,60.53870391845703,-0.06553957150500334,-0.008671000087820364,0.04254847978412454,-1.3365594189431291,1.0,,44
2015-03-30,64.0509033203125,60.649539947509766,-0.058974876663487885,-0.010792532296919123,0.041824166303308645,-1.1520216330709534,1.0,,45
2015-03-31,63.833587646484375,60.41861724853516,-0.06143295417168493,-0.012792216946590993,0.04132635448394209,-1.1769907564431783,1.0,,46
2015-04-01,63.57020950317383,60.20619201660156,-0.06469911190796074,-0.014600978181927477,0.041183410303716264,-1.2164639440146743,1.0,,47
2015-04-02,63.52413940429688,60.30778884887695,-0.06583979394091988,-0.016345552391783067,0.04109984461871255,-1.2042440064749622,1.0,,48
2015-04-06,63.76775360107422,60.22465896606445,-0.061672049339614565,-0.01812035745109351,0.04071784261203172,-1.0695972353813255,1.0,,49
2015-04-07,63.66239547729492,60.77888107299805,-0.06558420198394255,-0.020202603001578653,0.039888907313558326,-1.137699727536497,1.0,,50
2015-04-08,63.655799865722656,61.42543411254883,-0.06829676415479735,-0.022268703642154032,0.03910836991906852,-1.1769363082095858,1.0,,51
2015-04-09,63.675559997558594,61.37004089355469,-0.06776394764797011,-0.02434005875385504,0.03816041113851897,-1.1379303209415155,1.0,,52
2015-04-10,63.73483657836914,61.27765655517578,-0.06646202914001531,-0.02644901478640973,0.03691306431301242,-1.08397975346361,1.0,,53
2015-04-13,63.31339645385742,60.60336685180664,-0.07036829051811888,-0.028593780402666785,0.03564219731536999,-1.1720520411752973,1.0,,54
2015-04-14,63.5767936706543,60.52947235107422,-0.06591589535415121,-0.03069139905947694,0.034037348794261,-1.0348777899121637,1.0,,55
2015-04-15,63.62289810180664,60.66801071166992,-0.0657546465076626,-0.03291021102263858,0.03184066426054616,-1.0315248204705842,1.0,,56
2015-04-16,63.30681991577149,60.64031600952149,-0.07062244487351377,-0.03533171640811973,0.02896176215362063,-1.2185283574322219,1.0,,57
2015-04-17,62.80634307861328,59.59653472900391,-0.07427860923654372,-0.03786243758215755,0.025401448589135966,-1.4336257842381923,1.0,,58
2015-04-20,64.17601013183594,59.781288146972656,-0.053468372164523714,-0.04042040278860082,0.01805375639411718,-0.7227287823698884,1.0,,59
2015-04-21,64.2748031616211,60.36320877075195,-0.05431855347502279,-0.04124254854125548,0.017537371213959776,-0.7456080375010131,0.0,Time Exit Long Spread,0
2015-04-22,64.62377166748047,62.82020950317383,-0.05874075317987115,-0.04207230833039586,0.01716389881439061,-0.9711339497935098,0.0,,0
2015-04-23,64.67646789550781,62.55234909057617,-0.056872113458001916,-0.042714574181822,0.016983739592171344,-0.8335937559185043,0.0,,0
2015-04-24,64.59744262695312,62.33067321777344,-0.057219408956497686,-0.043180999307670685,0.016991396441307368,-0.826206939336579,0.0,,0
2015-04-27,64.15625762939453,61.97967529296875,-0.0626802649009719,-0.043898102658309825,0.016890975704920652,-1.111964315784936,0.0,,0
2015-04-28,66.35559844970703,61.67483139038086,-0.027758100351774173,-0.04365592397777855,0.017016019154826454,0.9342857152047276,0.0,,0
2015-04-29,66.67166137695312,62.20134353637695,-0.025102126811502812,-0.043578660336170486,0.01708940683165106,1.0811688027958664,0.0,,0
2015-04-30,66.19754791259766,61.00978088378906,-0.027469723836390125,-0.04354294342193925,0.017120769004008714,0.9388141141198555,0.0,,0
2015-05-01,66.75727081298828,60.75115585327149,-0.018002539235194348,-0.04326291635682398,0.01739659206718799,1.452030203620953,0.0,,0
2015-05-04,66.79020690917969,60.57565689086914,-0.0167960054639813,-0.04301043737823793,0.017666850570969197,1.4838203226404783,0.0,,0
2015-05-05,65.92100524902344,60.92665481567383,-0.0313198485441073,-0.042936498556776684,0.01770629554451349,0.6560745574061619,0.0,,0
2015-05-06,65.33495330810547,60.65876388549805,-0.039163337240935236,-0.04298871324669721,0.01769046534743932,0.2162394222329314,0.0,,0
2015-05-07,65.61151123046875,61.49934005737305,-0.03833252231720152,-0.04314373666291482,0.01760803677659509,0.27323968065017046,0.0,,0
2015-05-08,66.08563995361328,64.1688003540039,-0.04160851302025592,-0.04329554107642396,0.01755480368158399,0.09610065066907163,0.0,,0
2015-05-11,66.19754791259766,63.75312423706055,-0.03831422114756844,-0.04339949676966235,0.0175064629554489,0.290479900767797,0.0,,0
2015-05-12,65.82878875732422,63.44832992553711,-0.04271880864067423,-0.04365866700053979,0.017378897988320693,0.054080434817971645,0.0,,0
2015-05-13,65.47322845458984,63.522369384765625,-0.04842228132055437,-0.044111511748832634,0.01714150753039062,-0.25148135682226685,0.0,,0
2015-05-14,66.780029296875,64.77149200439453,-0.03346082811828488,-0.044359509031248315,0.016875927750637273,0.6458122524583501,0.0,,0
2015-05-15,67.74855041503906,64.37364196777344,-0.017542734066069432,-0.04431139343267783,0.016948047853446575,1.5794538461351282,0.0,,0
2015-05-18,67.60260772705078,64.77149200439453,-0.021218343192183298,-0.04430797034010514,0.016952690363741807,1.3620037087037016,0.0,,0
2015-05-19,67.71537780761719,64.91957092285156,-0.020114626420008053,-0.04425491094784036,0.017023200215407572,1.4180814548596519,0.0,,0
2015-05-20,67.63577270507812,64.56793975830078,-0.019951825631648656,-0.0442971122898501,0.016959642148167472,1.435483511120664,0.0,,0
2015-05-21,67.69549560546875,64.1885757446289,-0.017616317102760348,-0.04423350375341218,0.017052181844539018,1.5609255691333142,0.0,,0
2015-05-22,67.28419494628906,64.4198989868164,-0.024597537193288055,-0.04425877549298639,0.017021911681205135,1.1550546535503077,0.0,,0
2015-05-26,66.6805648803711,63.42058181762695,-0.029754690356284197,-0.0443855100698271,0.016884589964439117,0.8665191008106851,0.0,,0
2015-05-27,66.94586181640625,64.29962158203125,-0.02917787100282987,-0.04443097659677241,0.016839845655319673,0.905774667187886,0.0,,0
2015-05-28,66.24935150146484,64.3643798828125,-0.039884644366350974,-0.04462882264864265,0.016715074850438192,0.2838263259208383,0.0,,0
2015-05-29,65.81817626953125,63.55010223388672,-0.04327519794357171,-0.04472808607950838,0.01668903680384072,0.08705644028553593,0.0,,0
2015-06-01,65.99066162109375,63.947998046875,-0.04219689674775329,-0.044853394462118494,0.016641266698228577,0.15963314347026145,0.0,,0
2015-06-02,65.95748138427734,63.88322067260742,-0.04244994538140845,-0.045038806019171686,0.016551237980104206,0.1564149244228882,0.0,,0
2015-06-03,66.73358154296875,63.79994583129883,-0.030430354120384084,-0.04498068239759142,0.016596252325618566,0.876723732064915,0.0,,0
2015-06-04,66.40193176269531,63.11520385742188,-0.032752007995900057,-0.04487652408428848,0.016652964938616326,0.728069513932204,0.0,,0
2015-06-05,66.67389678955078,63.26327896118164,-0.02924240149324686,-0.04459471839867688,0.016771658516889998,0.915372614459648,0.0,,0
2015-06-08,65.85132598876953,62.62480163574219,-0.039155386017879046,-0.04456345584355213,0.016780018059448957,0.3222922529947911,0.0,,0
2015-06-09,66.08351135253906,62.87464904785156,-0.03661738377359258,-0.04436811239863393,0.016803146416937472,0.46126650525574553,0.0,,0
2015-06-10,66.64073944091797,64.42915344238281,-0.034242224846586566,-0.044361876897848505,0.016806833065718653,0.602115342711606,0.0,,0
2015-06-11,66.99893951416016,64.43843078613281,-0.028917027277733487,-0.04422643679823304,0.016897761875038584,0.906002205127216,0.0,,0
2015-06-12,66.3753890991211,64.15157318115234,-0.03716744651645776,-0.04428962697006034,0.01686412363276233,0.42232733871602773,0.0,,0
2015-06-15,66.30906677246094,63.44833755493164,-0.035449458469581474,-0.044272508630989284,0.016872564968471164,0.5229228737832664,0.0,,0
2015-06-16,66.5677719116211,63.85546112060547,-0.03313254265513699,-0.04423666014494986,0.01689389707834696,0.6572857309545889,0.0,,0
2015-06-17,66.61418914794922,63.61490631103516,-0.03150492057331933,-0.04413222257092794,0.016952809881041465,0.7448500918853506,0.0,,0
2015-06-18,67.26429748535156,64.308837890625,-0.02446787047609522,-0.04380549383803405,0.017138720167800738,1.1283003148781943,0.0,,0
2015-06-19,66.89280700683594,63.55936813354492,-0.02711573677520951,-0.043302649513795366,0.01717837102098288,0.9422844994332708,0.0,,0
2015-06-22,67.25763702392578,63.92948913574219,-0.023108191846901383,-0.04260095152284802,0.017128983255883412,1.1379986415277348,0.0,,0
2015-06-23,66.83312225341797,64.2348403930664,-0.030614804100363324,-0.04201887206610402,0.0169318646819786,0.6735269965793308,0.0,,0
2015-06-24,65.93096160888672,63.7166862487793,-0.042208525819477094,-0.04173943288537051,0.01678745920711151,-0.027943057273840687,0.0,,0
2015-06-25,65.6324462890625,63.4946174621582,-0.04588569302893064,-0.04148031186632461,0.0166004293459531,-0.2653775436043158,0.0,,0
2015-06-26,65.90441131591797,63.61490631103516,-0.04221714688555478,-0.041105612449284505,0.016323531858170853,-0.06809399129600058,0.0,,0
2015-06-29,64.55115509033203,61.73650741577149,-0.05557466056651572,-0.040934526893044436,0.016115871546805178,-0.9084295336403048,0.0,,0
2015-06-30,64.28582763671875,62.1343879699707,-0.06127738219702694,-0.040927949107334646,0.016107484425699106,-1.263352647246721,0.0,,0
2015-07-01,64.30570983886719,62.78212738037109,-0.06352514217687011,-0.04089363144388343,0.0160570311380163,-1.4094455281589868,0.0,,0
2015-07-02,64.47819519042969,63.14296722412109,-0.062259481259064,-0.040793010062287874,0.015903173328113026,-1.3498231298799033,0.0,,0
2015-07-06,64.11998748779297,63.03193283081055,-0.0673965165264625,-0.04078688621026275,0.015892853816566497,-1.6743141680735922,0.0,,0
2015-07-07,64.67720794677734,62.70808029174805,-0.057473736403548914,-0.040637081331321635,0.015691218170731578,-1.0729985963506807,0.0,,0
2015-07-08,63.3438606262207,61.74575805664063,-0.07449162339331195,-0.0407058035459082,0.01582969862570622,-2.1343312116213102,0.0,,0
2015-07-09,63.51630783081055,62.0418701171875,-0.07295249621295063,-0.040823080226888186,0.016040696547962866,-2.002993815760626,0.0,,0
2015-07-10,64.31900787353516,63.309532165527344,-0.06538092185207112,-0.04081685148262833,0.01603108387106607,-1.5322775781728395,0.0,,0
2015-07-13,64.84968566894531,64.32737731933594,-0.06109647328217682,-0.04065808528943938,0.015780323330851637,-1.2951818263938206,0.0,,0
2015-07-14,64.92263793945312,64.86402130126953,-0.06202049130826626,-0.04045378332396809,0.0154189410944369,-1.398715245891909,0.0,,0
2015-07-15,64.46492004394531,64.78999328613281,-0.0688141166641052,-0.04070954573229444,0.015756283819652772,-1.783705552241703,0.0,,0
2015-07-16,64.6639404296875,65.2989273071289,-0.06766076544660016,-0.04093191593182074,0.016038404445962405,-1.6665529046131695,0.0,,0
2015-07-17,64.74354553222656,65.58577728271484,-0.06751117935203022,-0.04107808970135672,0.016238763080930415,-1.6277772832165112,0.0,,0
2015-07-20,64.73690032958984,67.26982116699219,-0.07386470885514473,-0.04136129962464243,0.016654601126708968,-1.9516173928883,0.0,,0
2015-07-21,64.98234558105469,66.64061737060547,-0.06776345732767397,-0.04153703376416204,0.01687517193587157,-1.5541425985570196,0.0,,0
2015-07-22,64.49808502197266,66.5943603515625,-0.07507234995907175,-0.04174356851513037,0.017205283822661475,-1.9371247686157478,0.0,,0
2015-07-23,63.755157470703125,66.39080810546875,-0.0859030260299265,-0.04271265060976625,0.018008990646796584,-2.3982674136067086,0.0,,0
2015-07-24,62.85297775268555,69.21296691894531,-0.11041880677705929,-0.04413459527585885,0.019837717477690205,-3.3413224871129787,1.0,Enter Long Spread,1
2015-07-27,63.09840393066406,68.34319305419922,-0.1034036393194353,-0.0454001605339096,0.021115201632900094,-2.7470009424465602,1.0,,2
2015-07-28,66.29578399658203,69.15747833251953,-0.05689306923633586,-0.04604833603392863,0.020859591642202475,-0.519891922546868,1.0,,3
2015-07-29,66.92597961425781,70.33261108398438,-0.05158645477111978,-0.04662817685571427,0.020519158852733956,-0.2416413826215335,1.0,,4
2015-07-30,67.26429748535156,70.67499542236328,-0.04774142212771837,-0.04690186974877445,0.02042243567451444,-0.041109316847628134,1.0,,5
2015-07-31,67.90109252929688,69.71266174316406,-0.03493864944660463,-0.0468314582855356,0.020456249664815088,0.5813777712826167,0.0,Exit Long Spread,0
2015-08-03,68.15984344482422,70.11054992675781,-0.032538414664616155,-0.04673488982465918,0.020509749176205752,0.6921818028137064,0.0,,0
2015-08-04,68.08685302734375,69.64791870117188,-0.0319775478974611,-0.04657437373927927,0.02058678465790126,0.709038642234783,0.0,,0
2015-08-05,68.28584289550781,69.37953186035156,-0.028107289637743227,-0.04640425821411552,0.020696219006503206,0.8840730072784302,0.0,,0
2015-08-06,67.94754791259766,68.08414459228516,-0.028426739739344287,-0.04616605706576002,0.020819147082528126,0.8520674385024614,0.0,,0
2015-08-07,67.75518798828125,68.66706848144531,-0.03336373806678239,-0.04591508134486382,0.02088110893038301,0.6010860495928274,0.0,,0
2015-08-10,68.61091613769531,68.82438659667969,-0.021377340234479236,-0.045713689880133725,0.021057778220013226,1.155694080894314,0.0,,0
2015-08-11,68.31903076171875,67.88057708740234,-0.022236139922429787,-0.04579191331107307,0.020961483280859623,1.123764624526956,0.0,,0
2015-08-12,68.20626831054688,68.15861511230469,-0.02489585705212405,-0.04585320520873874,0.020894810478924924,1.0029929765456762,0.0,,0
2015-08-13,68.03921508789062,68.52005767822266,-0.028652117069938532,-0.04599549671957092,0.020747600053846883,0.8359222080925304,0.0,,0
2015-08-14,68.63385009765625,68.78882598876953,-0.020915710244364893,-0.0460115614631162,0.020727792084144003,1.2107344147835555,0.0,,0
2015-08-17,68.74742126464844,68.96495819091797,-0.0198928308559152,-0.046049503359002104,0.020677803595485985,1.2649637753981264,0.0,,0
2015-08-18,68.65386962890625,69.02055358886719,-0.021453237845808326,-0.045997098369877434,0.02073600666307163,1.1836348687029896,0.0,,0
2015-08-19,68.35324096679688,68.9556655883789,-0.02560985448466635,-0.045928017772017146,0.020796817027000414,0.976984278939023,0.0,,0
2015-08-20,67.51144409179688,68.53858184814453,-0.03650586934113509,-0.04605015107765557,0.020719463626775163,0.46064328249244246,0.0,,0
2015-08-21,66.23536682128906,65.9805679321289,-0.046210310707655244,-0.046155578850010634,0.020703910925259368,-0.0026435516382480166,0.0,,0
2015-08-24,63.8101692199707,63.35766220092773,-0.0735109205270581,-0.0466595075597354,0.02099360900031928,-1.2790279635537811,0.0,,0
2015-08-25,63.10863876342773,62.06938171386719,-0.07950082663169744,-0.047281239724467815,0.02140067811291059,-1.5055404663926144,0.0,,0
2015-08-26,64.55841827392578,65.51712799072266,-0.07011646119548987,-0.04774234832136917,0.02158884360337448,-1.0363738459165768,0.0,,0
2015-08-27,66.24203491210938,67.10200500488281,-0.050265003832446586,-0.04807292581657022,0.02147277029427829,-0.10208640924457141,0.0,,0
2015-08-28,65.90130615234375,67.15763092041016,-0.055626276007542774,-0.04845416361676425,0.021400309143901147,-0.3351405973881688,0.0,,0
2015-08-31,65.23989868164062,66.0825424194336,-0.061734411340728546,-0.04899569711422229,0.021318251785445663,-0.5975496656439341,0.0,,0
2015-09-01,63.60305404663086,63.91374588012695,-0.07891655261935826,-0.04965838322424694,0.021617950970632665,-1.3534201014174592,0.0,,0
2015-09-02,64.61187744140625,64.52545928955078,-0.06552832860424052,-0.05014023230475773,0.021644092742066034,-0.7109605601335968,0.0,,0
2015-09-03,64.65196228027344,65.24836730957031,-0.06765504127436239,-0.050697112578554006,0.02165772379212953,-0.7829968125261132,0.0,,0
2015-09-04,63.669883728027344,64.09912872314453,-0.07858047665790457,-0.05152483673489018,0.02175830195247401,-1.2434628392468858,0.0,,0
2015-09-08,65.42697143554688,65.36885833740234,-0.056193800049182174,-0.05184194262710226,0.021685268973443465,-0.2006826582326163,0.0,,0
2015-09-09,64.83903503417969,64.5069351196289,-0.06194797722920509,-0.05228358460642932,0.02161664827830835,-0.4470809950899601,0.0,,0
2015-09-10,64.68536376953125,65.0908203125,-0.06654249294350989,-0.052840417111235535,0.021546352854611713,-0.6359348110899244,0.0,,0
2015-09-11,64.92585754394531,65.58202362060547,-0.06468511489401063,-0.05339342034991373,0.021417074177025437,-0.5272286237963237,0.0,,0
2015-09-14,64.81232452392578,64.88691711425781,-0.06380810251246039,-0.054049090883853144,0.021121650786318807,-0.46203830028893744,0.0,,0
2015-09-15,67.15734100341797,65.35031127929688,-0.030020176366699847,-0.05409749821037799,0.021063115664405517,1.1431035288082436,0.0,,0
2015-09-16,66.86336517333984,65.7951889038086,-0.03607996419255444,-0.05431369441613887,0.0208089646005267,0.8762439926070572,0.0,,0
2015-09-17,67.2241439819336,65.76739501953125,-0.03059453257033229,-0.05431335655730502,0.020809349539080542,1.139815732463339,0.0,,0
2015-09-18,65.68751525878906,64.68302154541016,-0.04961902352946934,-0.05443686485247155,0.020759068810130572,0.23208369156958866,0.0,,0
2015-09-21,66.57609558105469,65.6005630493164,-0.039655181777263016,-0.0543330229982771,0.02081708629105884,0.705086245778708,0.0,,0
2015-09-22,65.81443786621094,65.10935974121094,-0.04930843221857306,-0.05445121108716073,0.020768035877291015,0.24762952543870953,0.0,,0
2015-09-23,65.18646240234375,65.75813293457031,-0.06134046041448027,-0.054547307751293475,0.02078634343162864,-0.32680844928455705,0.0,,0
2015-09-24,65.13966369628906,65.10009765625,-0.05957895381571787,-0.05451900061160499,0.020778313966681602,-0.243520875285002,0.0,,0
2015-09-25,65.98148345947266,65.51712799072266,-0.04831283574342882,-0.054265462171047635,0.020759676004980875,0.28673985211477304,0.0,,0
2015-09-28,64.98601531982422,62.28251647949219,-0.051031570662841474,-0.054078330327777265,0.02073736622758061,0.14692124503658582,0.0,,0
2015-09-29,65.5672607421875,63.51521682739258,-0.046959353730791964,-0.05373771094784942,0.0206835868640873,0.32771671865224916,0.0,,0
2015-09-30,65.93472290039062,64.56255340576172,-0.04540307622553974,-0.053536533278215934,0.020704961497315013,0.3928264756121825,0.0,,0
2015-10-01,65.86124420166016,64.86836242675781,-0.04768319900010143,-0.05308972620499575,0.020536509506695878,0.26326417364798727,0.0,,0
2015-10-02,66.39570617675781,65.49861145019531,-0.04198490467579963,-0.05257359967937657,0.02041963825850666,0.5185544851249151,0.0,,0
2015-10-05,67.83211517333984,66.94446563720703,-0.025964942176464945,-0.051916666684783126,0.020629993170060697,1.2579608870632422,0.0,,0
2015-10-06,67.76530456542969,66.805419921875,-0.026437732230989663,-0.05133902100059668,0.02084893437378861,1.194367458938959,0.0,,0
2015-10-07,68.30647277832031,67.8620376586914,-0.022352622632591856,-0.050677889856002106,0.021126829581658537,1.340724935273824,0.0,,0
2015-10-08,69.0680923461914,68.49225616455078,-0.01354342650417717,-0.04975671168666998,0.02151732138795795,1.6829829572913,0.0,,0
2015-10-09,69.26852416992188,68.56640625,-0.010912461706409804,-0.04881090662433347,0.021952355593153075,1.726395363682254,0.0,,0
2015-10-12,69.75624084472656,69.50247955322266,-0.007239400464371659,-0.04780637697620582,0.022447085965582037,1.8072268522531267,0.0,,0
2015-10-13,69.01467895507812,69.5117416381836,-0.017959925643044272,-0.04687463058933748,0.022506289868196524,1.284738849256197,0.0,,0
2015-10-14,68.7206802368164,68.77030181884766,-0.019584984655884652,-0.04607165604480767,0.022605928655773884,1.171669246251378,0.0,,0
2015-10-15,69.34870910644531,69.8268814086914,-0.014246876371338812,-0.04505789815167879,0.022646484154352185,1.3605211992440218,0.0,,0
2015-10-16,69.44890594482422,70.43856811523438,-0.014953525347738195,-0.043875406473642305,0.022333027212930692,1.2950273534417451,0.0,,0
2015-10-19,69.6560287475586,71.35614013671875,-0.015166617382648129,-0.04228786998373546,0.02088492294708211,1.2986043889080527,0.0,,0
2015-10-20,69.85647583007812,70.69806671142578,-0.010008701047842017,-0.040731287679208895,0.019719800103696533,1.5579562911293325,0.0,,0
2015-10-21,70.32414245605469,69.93809509277344,-0.0006716265276278666,-0.03979426363406377,0.020257971020725556,1.9312218911958288,0.0,,0
2015-10-22,71.10582733154297,70.82784271240234,0.007265628526201384,-0.03881339557910842,0.021071693074850593,2.1867736940562152,0.0,,0
2015-10-23,71.35301208496094,71.43028259277344,0.00864763701590121,-0.03787357792671475,0.02189399440721482,2.1248390804048816,0.0,,0
2015-10-26,70.93878936767578,72.45905303955078,-0.0007002108067681867,-0.03730293728271749,0.022403320825034434,1.6338080752317685,0.0,,0
2015-10-27,68.88101959228516,71.84736633300781,-0.0280467181145434,-0.037228075673549604,0.022426609084316387,0.4093957104476845,0.0,,0
2015-10-28,68.5670166015625,73.09855651855469,-0.03687246705198266,-0.03730965765945829,0.022416261500520594,0.01950327923616862,0.0,,0
2015-10-29,69.12822723388672,72.76490020751953,-0.027592960892522278,-0.03730108551370461,0.022419876965740257,0.43301417915973794,0.0,,0
2015-10-30,68.82758331298828,71.9029541015625,-0.029013480131247604,-0.03731086452023633,0.02241613170682003,0.370152374973077,0.0,,0
2015-11-02,69.8631591796875,69.71566772460938,-0.00646294535752423,-0.036862517975082026,0.022757024949747823,1.335832459853003,0.0,,0
2015-11-03,69.80302429199219,72.19953918457031,-0.015955627941072414,-0.03677215610352525,0.022828983215411693,0.9118464876876224,0.0,,0
2015-11-04,69.48231506347656,72.61663818359375,-0.021980964533104608,-0.03676790318036983,0.022831714410510736,0.6476490718742501,0.0,,0
2015-11-05,69.63599395751953,73.46003723144531,-0.022618730851167834,-0.03672995107702056,0.022853299598376293,0.6174697078252681,0.0,,0
2015-11-06,70.14373016357422,72.98734283447266,-0.01376225320544644,-0.036481786679279024,0.02301990687831017,0.9869515803836459,0.0,,0
2015-11-09,69.48900604248047,72.32929992675781,-0.020907135716614178,-0.03648164377048318,0.023020003539302572,0.6765641033581203,0.0,,0
2015-11-10,69.70947265625,73.79631805419922,-0.022690195561985593,-0.03652826651558436,0.022989170887587368,0.6019386702227877,0.0,,0
2015-11-11,70.01679992675781,73.51776123046875,-0.01735877110262818,-0.036460025403198024,0.023039839532119598,0.82905326983467,0.0,,0
2015-11-12,69.02779388427734,72.70996856689453,-0.028860673306272178,-0.03651420571689144,0.023018072665081178,0.3325010100532791,0.0,,0
2015-11-13,68.47610473632812,72.5242919921875,-0.03625463388291261,-0.036510018459254404,0.023018096652037245,0.011094947605895468,0.0,,0
2015-11-16,69.39112091064453,73.25780487060547,-0.025461707627711272,-0.03616420840792201,0.02302562371069151,0.46480828987234935,0.0,,0
2015-11-17,69.39112091064453,73.19277954101562,-0.02524276203280973,-0.035359739099684546,0.022544929832345385,0.4487473299810369,0.0,,0
2015-11-18,69.75442504882812,74.70625305175781,-0.02506707753183357,-0.03445250994802014,0.02183443421843363,0.42984545980417294,0.0,,0
2015-11-19,70.0369873046875,74.41840362548828,-0.02007261128626525,-0.0336184457828664,0.021407816073960445,0.6327518159630362,0.0,,0
2015-11-20,70.0369873046875,74.45552825927734,-0.020195578195970842,-0.033117288688925134,0.021364172234834333,0.6048308519009883,0.0,,0
2015-11-23,69.69387817382812,74.38125610351562,-0.024860516885712558,-0.03260452603689463,0.021186243789717882,0.3655206287648024,0.0,,0
2015-11-24,69.5660171508789,74.08415222167969,-0.02571001271625395,-0.03200411939315338,0.02086015754290326,0.30172862615990753,0.0,,0
2015-11-25,69.62657928466797,73.87060546875,-0.024128100944335484,-0.031090978531903006,0.019966637199896945,0.34872560250673856,0.0,,0
2015-11-27,70.0907974243164,74.13057708740234,-0.018349149631012196,-0.0303046588823492,0.019518931524973773,0.6125083863345879,0.0,,0
2015-11-30,69.30365753173828,73.35994720458984,-0.027066472634881267,-0.029628182738357847,0.018906479867820104,0.13549376305828115,0.0,,0
2015-12-01,70.22537231445312,74.1955795288086,-0.0166470834672372,-0.028595959518513393,0.017867825661088448,0.668736995643392,0.0,,0
2015-12-02,69.49876403808594,73.3877944946289,-0.024348761112557904,-0.028065208869569654,0.01750954394445361,0.2122526873801865,0.0,,0
2015-12-03,68.81924438476562,72.69140625,-0.03182353415703654,-0.027563134818366846,0.016953861932042385,-0.2512937380136169,0.0,,0
2015-12-04,69.47185516357422,74.65055084228516,-0.02894232448749756,-0.026936465344099974,0.0161786665041457,-0.12398173501404437,0.0,,0
2015-12-07,68.92688751220703,73.86132049560547,-0.03419714800676954,-0.026428332562645953,0.01544734066952016,-0.5029225165890583,0.0,,0
2015-12-08,68.05899047851562,73.4156494140625,-0.04537645810270363,-0.026121138489150007,0.014873545975806602,-1.2946018148513099,0.0,,0
2015-12-09,67.58806610107422,72.31072998046875,-0.04858094962983994,-0.026430484710202342,0.015142017208583372,-1.4628476915929955,0.0,,0
2015-12-10,67.5813217163086,72.53359985351562,-0.049439484653919674,-0.02665314338455843,0.015378647599683892,-1.4816869377922164,0.0,,0
2015-12-11,65.56967163085938,70.66727447509766,-0.07323081705043855,-0.027363748125893535,0.016489297392158545,-2.7816266414333097,1.0,Enter Long Spread,1
2015-12-14,65.84552001953125,71.37298583984375,-0.07148267862421132,-0.027728142377472568,0.017203212618584818,-2.5433933310497046,1.0,,2
2015-12-15,66.53849792480469,72.99784088134766,-0.06656344234167055,-0.02817661338687936,0.017846983939264795,-2.1508860592594075,1.0,,3
2015-12-16,67.62169647216797,74.14916229248047,-0.05427357789068643,-0.028259365814747917,0.017955954005575647,-1.4487791663901919,1.0,,4
2015-12-17,67.27855682373047,73.06282806396484,-0.05572197481840635,-0.028165724388146685,0.017797137881031003,-1.5483529213779013,1.0,,5
2015-12-18,65.93299102783203,70.86228942871094,-0.06838460748360986,-0.02831248528261155,0.018089482328208648,-2.2152166366038037,1.0,,6
2015-12-21,65.18621063232422,71.6514892578125,-0.08250632646958733,-0.02888237679471419,0.019214245617104,-2.790843353596904,1.0,,7
2015-12-22,65.93299102783203,71.84648132324219,-0.07178540468300243,-0.02922827402838354,0.019788101811132094,-2.1506423941420056,1.0,,8
2015-12-23,65.42168426513672,72.9421157836914,-0.0833020840122689,-0.02983398619974149,0.02084934487458062,-2.5644977400568285,1.0,,9
2015-12-24,65.48895263671875,72.66356658935547,-0.08133104353883391,-0.03043278565496306,0.021782924354125034,-2.336612708946595,1.0,,10
2015-12-28,65.26019287109375,72.91424560546875,-0.0856793811481229,-0.031066055357430084,0.022803616426309428,-2.394941432521347,1.0,,11
2015-12-29,65.74463653564453,73.5456314086914,-0.08040933931035243,-0.031706462601339296,0.023625983733181474,-2.06141159068913,1.0,,12
2015-12-30,65.32076263427734,72.74711608886719,-0.08418589637027862,-0.03267681183790286,0.024547864026257832,-2.0983122799311027,1.0,,13
2015-12-31,64.74217224121094,72.00436401367188,-0.09055275374055016,-0.03374539552972887,0.02562487202097785,-2.216883587333269,1.0,,14
2016-01-04,63.8069953918457,70.2866439819336,-0.09914965824979327,-0.03502534612334889,0.026909623390722937,-2.3829509315448525,1.0,,15
2016-01-05,64.43939971923828,70.81584930419922,-0.09113666842610368,-0.03631856682204767,0.027699077089119496,-1.9790587761347895,1.0,,16
2016-01-06,63.5244026184082,69.88739776611328,-0.10218387144364072,-0.037839756984334845,0.028748408448844933,-2.2381800569516788,1.0,,17
2016-01-07,62.29996871948242,68.51322174072266,-0.1167508258326011,-0.039664947407138676,0.03018800950249243,-2.5535263734131903,1.0,,18
2016-01-08,61.48589706420898,67.66831970214844,-0.12684450188053487,-0.041479690344430185,0.03204437659872308,-2.6639560695809053,1.0,,19
2016-01-11,61.66752243041992,68.63394165039062,-0.12738838312255263,-0.04327641365220798,0.03374358130939437,-2.4926805693540146,1.0,,20
2016-01-12,62.569068908691406,69.413818359375,-0.11566052193990628,-0.04496664107835078,0.034771417799624185,-2.033103201857923,1.0,,21
2016-01-13,60.96110153198242,67.87255096435547,-0.13615936742248436,-0.046986738446263214,0.036449409772868153,-2.446476624227769,1.0,,22
2016-01-14,61.32443618774414,68.52250671386719,-0.1325667644301194,-0.048943407563721064,0.0378142997352873,-2.211421537666695,1.0,,23
2016-01-15,60.5776252746582,66.69339752197266,-0.1381486764589379,-0.05107907382057266,0.03914998515831136,-2.2240009105056013,1.0,,24
2016-01-19,60.78618240356445,66.28483581542969,-0.1331967445694473,-0.05328782578793632,0.0399735258775917,-1.9990460442796771,1.0,,25
2016-01-20,59.67609405517578,65.62561798095703,-0.14916341344927142,-0.05589497648752753,0.04102652387155551,-2.2733692294708088,1.0,,26
2016-01-21,59.925025939941406,66.44268035888672,-0.14805145785771168,-0.05850662806875442,0.041814743078005284,-2.1414655022969202,1.0,,27
2016-01-22,60.48342514038086,67.50115203857422,-0.14267312769452323,-0.060872843350217004,0.04248820299366824,-1.9252469763547406,1.0,,28
2016-01-25,60.16051483154297,66.60980224609375,-0.14474881107395854,-0.06281787823287391,0.04359768293533316,-1.8792497060591449,1.0,,29
2016-01-26,61.176414489746094,66.73979949951172,-0.12848403190969981,-0.0643447376471692,0.04426143521488582,-1.4491010955957333,1.0,,30
2016-01-27,61.13604736328125,65.83918762207031,-0.1257943322348678,-0.06598142716954163,0.0446857757498033,-1.338522249232508,1.0,,31
2016-01-28,61.2234992980957,64.3721694946289,-0.11880906649237089,-0.06747802027556034,0.044925652689452825,-1.1425776398093714,1.0,,32
2016-01-29,62.70361709594727,69.16315460205078,-0.11262047552392662,-0.06924731244500039,0.04457690627558682,-0.9729962597848602,1.0,,33
2016-02-01,63.29568099975586,69.06100463867188,-0.10285809689035652,-0.07069568692748845,0.04423231252177186,-0.72712476760145,1.0,,34
2016-02-02,63.70605850219727,68.15110778808594,-0.09312550207936265,-0.07188142921992609,0.04386256216945581,-0.4843326930461467,1.0,,35
2016-02-03,64.13666534423828,69.06100463867188,-0.08965899041520231,-0.07299876687932666,0.0434453264131936,-0.3834756212308311,1.0,,36
2016-02-04,64.755615234375,68.41109466552734,-0.07772353653542363,-0.07406478826815961,0.04275803199963656,-0.08556867788711882,1.0,,37
2016-02-05,64.16358184814453,66.42413330078125,-0.0796410482035701,-0.07504368680960889,0.0421985035551669,-0.10894607643967726,1.0,,38
2016-02-08,65.4620361328125,62.92369079589844,-0.046258512364854676,-0.0754364920896567,0.041817313519730066,0.6977487855845976,0.0,Exit Long Spread,0
2016-02-09,65.61677551269531,63.44367218017578,-0.04592658254084858,-0.0759126222802937,0.04131292648584087,0.7258270543899185,0.0,,0
2016-02-10,64.66815948486328,65.1335220336914,-0.06697019256639924,-0.07654778093462916,0.04087528781660807,0.23431243863531745,0.0,,0
2016-02-11,63.97519302368164,63.573638916015625,-0.07176713244384048,-0.07713965591064462,0.04054331987452025,0.13251316082234654,0.0,,0
2016-02-12,65.42840576171875,65.38421630859375,-0.05622979748659773,-0.07765245740829273,0.040078356816133906,0.5345194170503295,0.0,,0
2016-02-16,66.30976104736328,66.01556396484375,-0.0452184993562923,-0.07798538636368411,0.039723002586471344,0.8248844466392729,0.0,,0
2016-02-17,66.13484954833984,67.01101684570312,-0.05154985294810821,-0.07842676595395535,0.03927718106183899,0.684288237578238,0.0,,0
2016-02-18,66.09412384033203,66.27604675292969,-0.049446705447450556,-0.0789163341899751,0.038725976003707946,0.7609783350509455,0.0,,0
2016-02-19,66.0331039428711,66.54586029052734,-0.05137206302462838,-0.07943594227045274,0.03813931330933798,0.7358254989597108,0.0,,0
2016-02-22,66.47390747070312,67.96927642822266,-0.049936963788580035,-0.07985388305216719,0.03767352416666957,0.7941099200391553,0.0,,0
2016-02-23,65.76184844970703,67.1226806640625,-0.057616332029778894,-0.08038565504072595,0.0371267308197769,0.6132865056574858,0.0,,0
2016-02-24,65.69403076171875,66.84355926513672,-0.05762071760705201,-0.08094386531843788,0.03652357287708231,0.6385779340339566,0.0,,0
2016-02-25,66.27044677734375,68.16463470458984,-0.05371005472212431,-0.08153321373662309,0.03578664198100033,0.777473310551756,0.0,,0
2016-02-26,66.08060455322266,67.66224670410156,-0.054754927888400085,-0.0819946879908484,0.035255897344525666,0.772629890433861,0.0,,0
2016-02-29,65.47701263427734,67.34593200683594,-0.06277575025235249,-0.08276349910393366,0.03431284787880229,0.5825150078530541,0.0,,0
2016-03-01,66.70450592041016,69.4391860961914,-0.051749154254315144,-0.08322017232296294,0.0337093920441917,0.9335979132281746,0.0,,0
2016-03-02,66.98255920410156,69.12284088134766,-0.046463581481516636,-0.08346417311170427,0.03338793372157393,1.1082025003026574,0.0,,0
2016-03-03,67.55897521972656,68.76004028320312,-0.03659744514044494,-0.08359175845592007,0.03319340512408562,1.4157725951826308,0.0,,0
2016-03-04,68.08795928955078,68.750732421875,-0.02876460243718837,-0.08350121602976038,0.033335123179544256,1.6420102394030016,0.0,,0
2016-03-07,68.69832611083984,66.92730712890625,-0.013212663720483464,-0.08296515279005671,0.0341915115768624,2.0400528041227397,0.0,,0
2016-03-08,68.2371597290039,65.69926452636719,-0.015382173557448198,-0.08241183985551685,0.03500247233587539,1.9149980508481783,0.0,,0
2016-03-09,67.51827239990234,65.75509643554688,-0.026182627053001895,-0.08202422556216822,0.03549082455411282,1.5734094434471282,0.0,,0
2016-03-10,67.72853088378906,65.3271484375,-0.021463488685306453,-0.08116143675608269,0.0363138018293846,1.6439465179454034,0.0,,0
2016-03-11,68.37278747558594,66.63890075683594,-0.016897831170360256,-0.0802516892985185,0.037217380889386066,1.7022653559758145,0.0,,0
2016-03-14,68.6915283203125,66.5086441040039,-0.011764450404652127,-0.07933837276623486,0.03820145969663194,1.7688832546767954,0.0,,0
2016-03-15,68.77967834472656,66.89940643310547,-0.01192636339748998,-0.07863258585801493,0.039040009036157,1.7086630896715422,0.0,,0
2016-03-16,68.94921112060547,67.32732391357422,-0.011036582085171665,-0.077887829312461,0.03988700335984862,1.676015784494447,0.0,,0
2016-03-17,70.3598403930664,68.04366302490234,0.006606499323760007,-0.07663797753233817,0.041314572650969716,2.0148938138452293,0.0,,0
2016-03-18,71.20074462890625,68.63909912109375,0.016338953325634842,-0.0749905562024178,0.04298470021029918,2.1246980688763766,0.0,,0
2016-03-21,71.30926513671875,68.62977600097656,0.017895432934644795,-0.07349587557545703,0.044599057707024305,2.049175772063628,0.0,,0
2016-03-22,71.1125717163086,67.87623596191406,0.017855404328443125,-0.07180991743644513,0.04608378316115362,1.9457022755994509,0.0,,0
2016-03-23,71.1261215209961,68.76004028320312,0.014856292113346825,-0.07020679517557546,0.04737951107865204,1.795355953498842,0.0,,0
2016-03-24,71.4991226196289,68.9739990234375,0.01932080113145007,-0.06845679213758259,0.04869653018935803,1.802543074993365,0.0,,0
2016-03-28,71.24820709228516,68.91819763183594,0.01600482702311501,-0.06684988936535813,0.04985263227506146,1.6619928097542165,0.0,,0
2016-03-29,71.9535140991211,70.12759399414062,0.021566341643983744,-0.06508735206512042,0.05106329359858033,1.696985987435666,0.0,,0
2016-03-30,71.70258331298828,71.4300308227539,0.013535723818601797,-0.06335254410580123,0.05192945937321647,1.480629085155843,0.0,,0
2016-03-31,71.52622985839844,71.1509780883789,0.012038275580732893,-0.06149941187529247,0.0525985458315812,1.398093545998222,0.0,,0
2016-04-01,71.17359161376953,72.18360137939453,0.003543312888167449,-0.05992141218672127,0.053103547512318744,1.1951127193558289,0.0,,0
2016-04-04,71.1261215209961,72.4068832397461,0.002114647673783443,-0.0581831035347642,0.05339791814699502,1.1292153945507502,0.0,,0
2016-04-05,70.47510528564453,71.60678100585938,-0.004340857896757422,-0.05630960406916681,0.05328202777849866,0.9753522592730747,0.0,,0
2016-04-06,70.98371124267578,72.76040649414062,-0.0010904480667728311,-0.054213703172270776,0.05293846811747612,1.0034905994561791,0.0,,0
2016-04-07,70.52255249023438,72.17430114746094,-0.005614211694528359,-0.052184133648470375,0.05242599737351288,0.8882982544356987,0.0,,0
2016-04-08,70.73957824707031,72.59295654296875,-0.003967583990413859,-0.05032258468264549,0.052121136779897596,0.8893704849144832,0.0,,0
2016-04-11,70.43441009521484,72.3975830078125,-0.007626418826908843,-0.04818036887271924,0.05118209940119105,0.7923463578140499,0.0,,0
2016-04-12,71.3635025024414,73.0488052368164,0.0032703548018575557,-0.045916416885519624,0.050397589631887986,0.975974685429307,0.0,,0
2016-04-13,71.57373809814453,74.1558837890625,0.0025034083403938645,-0.043572215472197424,0.04931243849090668,0.9343610906827844,0.0,,0
2016-04-14,71.26175689697266,74.73271942138672,-0.003775455532539107,-0.04141519398824896,0.048162062660013744,0.7815225589779404,0.0,,0
2016-04-15,71.57373809814453,74.50011444091797,0.001361549001737128,-0.03890644461406548,0.04637125516209514,0.8683826537591445,0.0,,0
2016-04-18,72.00777435302734,75.77465057373047,0.003225060642396249,-0.036385169305730346,0.04444071301312241,0.89130500530967,0.0,,0
2016-04-19,72.45531463623047,75.12340545654297,0.011549171854857265,-0.033814797646574,0.04264246332842274,1.063821504682975,0.0,,0
2016-04-20,72.0009765625,75.49555206298828,0.004040459788694495,-0.03133497646552979,0.040385739050218104,0.8759388112282976,0.0,,0
2016-04-21,71.20074462890625,75.16064453125,-0.006039762116247571,-0.029294238635638917,0.03847347730575778,0.604428768800453,0.0,,0
2016-04-22,71.5601577758789,73.59770202636719,0.004176529419992692,-0.02712805760805791,0.036592119186768066,0.8555007942631135,0.0,,0
2016-04-25,71.2549819946289,72.69526672363281,0.0029446909078065797,-0.02509882831805495,0.0347828711957689,0.8062450931098762,0.0,,0
2016-04-26,72.04166412353516,73.05809783935547,0.012697043066724145,-0.023010203008210772,0.033190770690132466,1.0758185282377488,0.0,,0
2016-04-27,72.19763946533203,73.27210235595703,0.014138610054680978,-0.021060257892460146,0.03185222298301912,1.1050678618539795,0.0,,0
2016-04-28,71.1465072631836,72.26732635498047,0.002876889787564174,-0.019460218028011365,0.03057772241977978,0.7305026682146333,0.0,,0
2016-04-29,71.2549819946289,71.8580093383789,0.005800838428567712,-0.0178692208806152,0.029342291297749356,0.8066874897052937,0.0,,0
2016-05-02,71.04475402832031,72.99301147460938,-0.001017809557617877,-0.016590792097651772,0.028361232832866384,0.5490939914990988,0.0,,0
2016-05-03,70.78706359863281,71.8115005493164,-0.0006280042957811371,-0.015273908032521955,0.027214272128465233,0.5381699597771599,0.0,,0
2016-05-04,69.92578125,71.69985961914062,-0.012486256066642998,-0.014711037094218426,0.026915210174790895,0.08265887626837796,0.0,,0
2016-05-05,69.2679672241211,71.96967315673828,-0.022864172890149526,-0.01432666360004011,0.026629842624389367,-0.3205993144807473,0.0,,0
2016-05-06,69.24762725830078,72.30457305908203,-0.024302505118975137,-0.013615535475916374,0.02577037872294097,-0.4146997511350172,0.0,,0
2016-05-09,69.64093780517578,72.76971435546875,-0.020219836939635805,-0.01275641388417963,0.02465240635474525,-0.3027462288288773,0.0,,0
2016-05-10,70.29200744628906,73.68142700195312,-0.01398415667146402,-0.012052319870594068,0.023995241095017064,-0.08050916401382294,0.0,,0
2016-05-11,69.47817993164062,72.04116821289062,-0.020078801338384134,-0.01163332490362893,0.023629145579352646,-0.35741776639333644,0.0,,0
2016-05-12,69.56018829345703,72.59101867675781,-0.0207738274531184,-0.011120391145379101,0.02308485245130987,-0.4181718868725776,0.0,,0
2016-05-13,68.78801727294922,71.60314178466797,-0.028558295776196063,-0.010772250984191526,0.02265778998400154,-0.7849858615762219,0.0,,0
2016-05-16,69.46454620361328,72.50714874267578,-0.021864698943719674,-0.010280461582843048,0.022084199884625868,-0.5245486556631426,0.0,,0
2016-05-17,69.08182525634766,71.56586456298828,-0.024167790332112693,-0.009850975358568593,0.02155298328160657,-0.6642614057870191,0.0,,0
2016-05-18,69.22535705566406,72.16232299804688,-0.024138614791850088,-0.009293013404603112,0.02072671116794135,-0.7162545599713441,0.0,,0
2016-05-19,69.218505859375,71.64974212646484,-0.02248001506053421,-0.008707335028827815,0.019829919406441944,-0.6945403937058969,0.0,,0
2016-05-20,69.36886596679688,72.38597106933594,-0.02283064415880931,-0.008192678186105898,0.01904025253727873,-0.7687905369975465,0.0,,0
2016-05-23,69.08182525634766,71.95726776123047,-0.025512561139549916,-0.007705305406958396,0.018197782060657794,-0.9785398942154295,0.0,,0
2016-05-24,69.69003295898438,73.97962188720703,-0.023580765608764986,-0.007052055662898604,0.016863781971577736,-0.9801306713834366,0.0,,0
2016-05-25,69.90872955322266,73.68144226074219,-0.019451780242925487,-0.00651376609604211,0.01591737297776507,-0.8128234580515549,0.0,,0
2016-05-26,70.01121520996094,73.62550354003906,-0.01779960622319421,-0.006036033175070069,0.015121427657583819,-0.7779406359309188,0.0,,0
2016-05-27,70.3734130859375,74.2406005859375,-0.014690783167754073,-0.005670922142191889,0.014635778590125862,-0.6162884311223116,0.0,,0
2016-05-31,70.44859313964844,73.56957244873047,-0.011384412177751102,-0.0053812523045346,0.01434494816900083,-0.41848599259418867,0.0,,0
2016-06-01,70.3119125366211,73.8305435180664,-0.014199494585677375,-0.005397699485621165,0.014354480392230827,-0.6131740654869029,0.0,,0
2016-06-02,70.42123413085938,74.51089477539062,-0.014907507039854329,-0.005389788376994601,0.014349105315864084,-0.6632970107437379,0.0,,0
2016-06-03,70.46908569335938,74.50157165527344,-0.014197381051086255,-0.005190034276962674,0.014140159622167761,-0.6370046035408692,0.0,,0
2016-06-06,70.46223449707031,75.0607681274414,-0.016138302854300957,-0.005101281179779249,0.014054188870314621,-0.785319008899489,0.0,,0
2016-06-07,70.98161315917969,75.11664581298828,-0.008977790031311494,-0.0049692804941284365,0.01397976917220233,-0.2867364609391165,0.0,,0
2016-06-08,71.54198455810547,76.09523010253906,-0.004305456886813053,-0.004844963935497785,0.013951926878718983,0.03866899915506638,0.0,,0
2016-06-09,71.7332992553711,75.73175811767578,-0.0004543621466210901,-0.00465376391464997,0.01393216514436834,0.30141774264902127,0.0,,0
2016-06-10,71.42581176757812,74.7252197265625,-0.0014512128152355253,-0.0044940077601510345,0.013913002420164102,0.21870153206511264,0.0,,0
2016-06-13,70.82443237304688,73.06632995605469,-0.004371325858922193,-0.004676971513195738,0.013837800541658084,0.022087733766172783,0.0,,0
2016-06-14,70.88594818115234,73.22476959228516,-0.004037196193807935,-0.0050165740051864504,0.013565215230088013,0.07219773477727277,0.0,,0
2016-06-15,70.99526977539062,72.85198974609375,-0.0012377710983733081,-0.005335460739070086,0.013243943155754605,0.3094010290218059,0.0,,0
2016-06-16,71.2139663696289,73.01972961425781,0.0012708976927864324,-0.005611869182997697,0.012926307458209428,0.5324619500221559,0.0,,0
2016-06-17,71.7674789428711,71.75223541259766,0.013330726376177493,-0.005637295278617186,0.012887463534209413,1.4718196179135323,0.0,,0
2016-06-20,72.5055160522461,72.07843780517578,0.02244357623366744,-0.005585249026913564,0.01299401735445386,2.157056166388278,0.0,,0
2016-06-21,72.89503479003906,72.06913757324219,0.027833275551384595,-0.005388108218109071,0.013403360120821333,2.4785862253962865,0.0,,0
2016-06-22,72.40300750732422,71.32353210449219,0.023624662737921964,-0.005353802866543434,0.013474749009076014,2.1505755383604357,0.0,,0
2016-06-23,73.27091217041016,72.90789794921875,0.030123534984577205,-0.00507733934711051,0.014018661972180043,2.51100100719624,-1.0,Enter Short Spread,1
2016-06-24,71.35062408447266,69.94426727294922,0.013797545802325395,-0.0050480181767506346,0.014056219525296218,1.3407277785581457,-1.0,,2
2016-06-27,70.91327667236328,68.35059356689453,0.013331864164227492,-0.004884875655482968,0.014210940982839922,1.2818813224055776,-1.0,,3
2016-06-28,71.54198455810547,70.04673767089844,0.016114982378215403,-0.004651536743742435,0.014437096028864994,1.438413866641742,-1.0,,4
2016-06-29,72.66954040527344,71.51924133300781,0.02662353119809091,-0.0041354635921616294,0.014982121550008387,2.0530466721674223,-1.0,,5
2016-06-30,73.6125717163086,69.12410736083984,0.04791544852438223,-0.0033186986489757114,0.01639503837680921,3.1249787890602727,-1.0,,6
2016-07-01,74.04994201660156,69.41302490234375,0.05281100498662861,-0.0023449450376230954,0.01789609803232907,3.082009828321972,-1.0,,7
2016-07-05,74.1114501953125,69.59008026123047,0.05301319014312256,-0.0013952654687308219,0.019245777105410363,2.8270334481094093,-1.0,,8
2016-07-06,73.6125717163086,69.02157592773438,0.04828143456315126,-0.0004634679122298202,0.020248805987915536,2.4072976206336305,-1.0,,9
2016-07-07,73.70140838623047,69.44097137451172,0.04799390995830022,0.00028192467371089086,0.021174547640886856,2.2532705819160066,-1.0,,10
2016-07-08,74.8426513671875,71.22102355957031,0.057119364633903214,0.0011921906119360466,0.02238955582953087,2.497913511450799,-1.0,,11
2016-07-11,75.177490234375,71.31421661376953,0.061260882667826255,0.002276129581942136,0.023661011337313107,2.492909210219004,-1.0,,12
2016-07-12,75.36883544921875,72.20893096923828,0.060728831790647586,0.0032655842950906435,0.024815233275271048,2.3156440585557743,-1.0,,13
2016-07-13,75.71052551269531,72.19029235839844,0.06531580765897482,0.004300430078700287,0.026055620756360608,2.3417357103411045,-1.0,,14
2016-07-14,76.19572448730469,72.82400512695312,0.06954905650424315,0.005267094822856718,0.027350348848897806,2.350315969881201,-1.0,,15
2016-07-15,75.87452697753906,72.9731216430664,0.06482038163470438,0.006280093520290216,0.028391904446018693,2.0618654949940525,-1.0,,16
2016-07-18,75.78569793701172,72.98243713378906,0.06361748738630024,0.007441047678666013,0.029274830857262922,1.9189330241235936,-1.0,,17
2016-07-19,75.60802459716797,73.36455535888672,0.05998278027972859,0.008371151859661611,0.030033041321543184,1.7184949025806828,-1.0,,18
2016-07-20,75.57384490966797,73.9610366821289,0.05753413013381703,0.009280975846761786,0.030674880992533102,1.5730510673798883,-1.0,,19
2016-07-21,75.0954818725586,73.42977905273438,0.05296165350641324,0.00995205268742327,0.03117857460724027,1.3794601376357438,-1.0,,20
2016-07-22,75.41666412353516,74.4736099243164,0.053749320224569797,0.010612231190254751,0.03167563051573188,1.3618383701278107,-1.0,,21
2016-07-25,75.23899841308594,73.56957244873047,0.05440201175589188,0.011470983223060211,0.03214918251586124,1.3353692123167067,-1.0,,22
2016-07-26,75.42352294921875,73.15018463134766,0.05826104722688008,0.01234532003636542,0.03269186643035097,1.4045000241370962,-1.0,,23
2016-07-27,74.35063171386719,73.18748474121094,0.043808325352853617,0.013092422284873277,0.0328895488990071,0.933910743570813,-1.0,,24
2016-07-28,74.30279541015625,73.80258178710938,0.04110123767715912,0.013787909651088948,0.033032955029874043,0.8268508827432723,-1.0,,25
2016-07-29,73.87226104736328,72.74014282226562,0.038865194800698166,0.014643767165544634,0.0330063519143285,0.7338414041643507,-1.0,,26
2016-08-01,73.81073760986328,72.93582916259766,0.03736961654194082,0.01564766365607947,0.032765405072623065,0.6629538941366848,-1.0,,27
2016-08-02,73.43489837646484,72.9544906616211,0.032201600705676015,0.016589398753156993,0.03241376022655785,0.48165352749562634,-1.0,,28
2016-08-03,74.00209045410156,73.35523986816406,0.038545007910616214,0.017568812833994526,0.032173665459546766,0.6519678369564667,-1.0,,29
2016-08-04,73.69457244873047,74.07284545898438,0.03198058345383625,0.018334891836082865,0.03195976156870544,0.42696475029760744,-1.0,,30
2016-08-05,74.34376525878906,74.6879653930664,0.03871223772289878,0.019314742487104245,0.031666912157618736,0.6125477324484792,-1.0,,31
2016-08-08,74.4599380493164,74.51089477539062,0.040858890542405435,0.02034195445369631,0.03134787248124358,0.6544921382140066,-1.0,,32
2016-08-09,74.93147277832031,74.6134033203125,0.0468326874230498,0.021598470840350405,0.030869926304018015,0.8174368909787427,-1.0,,33
2016-08-10,75.0886459350586,74.25921630859375,0.05010122572721376,0.022797902918199296,0.030554373028757967,0.8935978749528392,-1.0,,34
2016-08-11,75.78569793701172,74.6693115234375,0.05798360499866706,0.02416709284037896,0.030258320920771166,1.1175938098757612,-1.0,,35
2016-08-12,75.64116668701172,74.57610321044922,0.056382642526777715,0.025509113795689424,0.029869242299769276,1.0336227622127119,-1.0,,36
2016-08-15,75.59988403320312,75.40558624267578,0.0531095148681624,0.026768939294501033,0.029409152251035266,0.8956591250512541,-1.0,,37
2016-08-16,75.5723648071289,75.31237030029297,0.05305041614742012,0.028033623632938192,0.02887574701075561,0.8663600115752399,-1.0,,38
2016-08-17,75.8682861328125,75.47107696533203,0.05643948149724043,0.02939949101021803,0.02824189829595034,0.9574423859071723,-1.0,,39
2016-08-18,76.04032135009766,74.9389419555664,0.06044904849438182,0.030799987911937145,0.02765735980885069,1.072013409355025,-1.0,,40
2016-08-19,76.09537506103516,75.12565612792969,0.06055925178015187,0.03213350511232176,0.027126079269354564,1.0479120991120832,-1.0,,41
2016-08-22,75.58609771728516,75.6764907836914,0.05204294330744341,0.03329754760449906,0.026448447029968545,0.7087522258567424,-1.0,,42
2016-08-23,75.31773376464844,75.43374633789062,0.04927832230116791,0.034363699362314426,0.02577321785406318,0.5786868765594272,-1.0,,43
2016-08-24,75.4553451538086,74.95761108398438,0.05266491579862387,0.035431188161920674,0.025175781479598387,0.6845359557425788,-1.0,,44
2016-08-25,75.24201965332031,74.9856185913086,0.04974162938968796,0.0364968735615101,0.02439352418245333,0.5429619651966906,-1.0,,45
2016-08-26,74.98046875,75.21903228759766,0.04549316449684149,0.03750355142045503,0.023480616193390213,0.3402641996522874,-1.0,,46
2016-08-29,75.09748840332031,75.49909973144531,0.04613630653844214,0.038509112880280506,0.02251711534988774,0.3387287198934947,-1.0,,47
2016-08-30,75.27640533447266,75.7791519165039,0.047603067830336965,0.039571469058357796,0.02138920013777535,0.37549785500368504,-1.0,,48
2016-08-31,75.16629028320312,75.52710723876953,0.046960608179650976,0.040503775695207175,0.02045127951617361,0.31571777596299067,-1.0,,49
2016-09-01,75.3590087890625,75.90052795410156,0.04830520756123757,0.041380620102674695,0.019622331529236463,0.3528932047777059,-1.0,,50
2016-09-02,75.42096710205078,76.55401611328125,0.04701333825018428,0.042171748442621435,0.018861849683735697,0.2566869044523071,-1.0,,51
2016-09-06,75.3590087890625,77.04883575439453,0.044602976411126205,0.04293931826306081,0.017987848085251803,0.09248789183567885,-1.0,,52
2016-09-07,75.34525299072266,77.71170806884766,0.042308310502125135,0.04371731220241159,0.016901452291476448,-0.08336571769024996,0.0,Exit Short Spread,0
2016-09-08,74.9736328125,77.4596176147461,0.038164982204216935,0.04442068184237868,0.01573753312884089,-0.3975019202150198,0.0,,0
2016-09-09,74.07205200195312,75.92852783203125,0.030989087460389975,0.04495779615169139,0.014684799870787692,-0.9512358911400087,0.0,,0
2016-09-12,74.70520782470703,77.4596176147461,0.034578299218053,0.045512919510445844,0.013613290061392105,-0.8032312720202675,0.0,,0
2016-09-13,73.54212188720703,76.45133972167969,0.022117261721944725,0.04565936176620862,0.013310194405107159,-1.7687269868297886,0.0,,0
2016-09-14,73.54212188720703,76.07789611816406,0.02332456819332318,0.04567404496553622,0.013285037872468073,-1.6823043326455334,0.0,,0
2016-09-15,73.69353485107422,76.56338500976562,0.023812924140381497,0.045607039108686166,0.013384618061869014,-1.6282956202084828,0.0,,0
2016-09-16,73.54212188720703,76.61937713623047,0.0215759358559533,0.045572893660653355,0.013443138979709382,-1.7850710195676955,0.0,,0
2016-09-19,73.72107696533203,77.03020477294922,0.022687866966270454,0.04544896586034824,0.013618124818898628,-1.6713827488562114,0.0,,0
2016-09-20,74.56755065917969,77.00216674804688,0.03419431967272235,0.04578891209152152,0.013067211050118323,-0.8873042896704558,0.0,,0
2016-09-21,75.4690933227539,77.6929931640625,0.0440099831841263,0.04630021407518651,0.012368736881409912,-0.1851628758068581,0.0,,0
2016-09-22,75.47601318359375,77.82372283935547,0.043687153691098324,0.04675975026373456,0.011734669846192902,-0.2618392006685285,0.0,,0
2016-09-23,75.159423828125,77.05818176269531,0.041921102497481266,0.04701470978539106,0.011457307359958983,-0.44457280649648456,0.0,,0
2016-09-26,74.90477752685547,76.37665557861328,0.04071758068367126,0.04689474532137921,0.011484897715931476,-0.5378510797827295,0.0,,0
2016-09-27,75.70999145507812,76.70342254638672,0.05035744241242557,0.04685385261180917,0.0114681154675477,0.3055070216663589,0.0,,0
2016-09-28,75.18695068359375,77.4596176147461,0.041006180734833864,0.046653735788337675,0.011463649335758625,-0.4926489713783691,0.0,,0
2016-09-29,74.47120666503906,76.4793472290039,0.03458118806360333,0.046425398346678554,0.01156494998665004,-1.0241471253008052,0.0,,0
2016-09-30,75.2626724243164,77.20753479003906,0.042816479918378336,0.04633910784601318,0.011572237893725823,-0.3044033453153192,0.0,,0
2016-10-03,75.13877868652344,77.35694122314453,0.040692316976791876,0.04606532371839466,0.011508095873438224,-0.466889292606972,0.0,,0
2016-10-04,74.6845474243164,77.23554229736328,0.03501597179701332,0.04562790853721445,0.01142065342671485,-0.9291882297538249,0.0,,0
2016-10-05,75.125,77.81439208984375,0.03905520973025789,0.04526668150287462,0.011279193876240025,-0.5507017470194736,0.0,,0
2016-10-06,75.09748840332031,77.82372283935547,0.038659368939256034,0.04482240752421264,0.01100231735247306,-0.560158227354831,0.0,,0
2016-10-07,74.87723541259766,77.37560272216797,0.03714597045636303,0.04428235609008131,0.010561786789062066,-0.6756797667141721,0.0,,0
2016-10-10,75.0493392944336,77.59965515136719,0.03872890762293779,0.043847498189885196,0.010239437341036052,-0.49988982758201955,0.0,,0
2016-10-11,74.80843353271484,76.59139251708984,0.038738302172821815,0.04343284510299388,0.009929501333422628,-0.4727873810107936,0.0,,0
2016-10-12,74.83595275878906,76.78743743896484,0.038475814797184205,0.04307439567828482,0.009711387164492895,-0.473524616330209,0.0,,0
2016-10-13,74.53314971923828,76.43268585205078,0.0355630879055453,0.04270821164114695,0.009572489068949688,-0.74642276257889,0.0,,0
2016-10-14,74.61573791503906,76.97418212890625,0.034929954889446835,0.042407683330864185,0.009528817686893936,-0.7847488205910707,0.0,,0
2016-10-17,74.34734344482422,76.69407653808594,0.03222528867421404,0.042048949471691584,0.009500200897187965,-1.0340476905478204,0.0,,0
2016-10-18,74.41614532470703,76.16194152832031,0.03486693803440355,0.04172336490966678,0.009405540784808824,-0.7289774221528286,0.0,,0
2016-10-19,74.36111450195312,77.31023406982422,0.030437593566196464,0.041259640681988716,0.009263569448934552,-1.1682372734882394,0.0,,0
2016-10-20,73.91376495361328,77.02084350585938,0.02532816564312501,0.04095163802015991,0.009478438075525975,-1.648317186074766,0.0,,0
2016-10-21,73.74858856201172,76.88079833984375,0.023539661436325465,0.04065894508281268,0.009736924309263062,-1.7581818552498214,0.0,,0
2016-10-24,74.63639068603516,77.64632415771484,0.03306311645064075,0.04056224377697838,0.009782961126571725,-0.7665498440926112,0.0,,0
2016-10-25,74.216552734375,76.58204650878906,0.030824971343896168,0.04045316635701098,0.009854176303309311,-0.9770674602078505,0.0,,0
2016-10-26,74.74649810791016,76.3206558227539,0.03878311198784212,0.04056285821171375,0.009798185414249387,-0.1816403904016109,0.0,,0
2016-10-27,74.38175201416016,76.4793472290039,0.03337926823021076,0.04047676255037366,0.009838151708299669,-0.7214255818168887,0.0,,0
2016-10-28,74.12022399902344,76.7594223022461,0.028955786719012444,0.04042634927145993,0.009889176808575543,-1.1599107564241973,0.0,,0
2016-10-31,74.16150665283203,77.03020477294922,0.02864436270662618,0.040258551354522054,0.01000161381780743,-1.1612314631882033,0.0,,0
2016-11-01,73.52836608886719,76.19927215576172,0.02274445853069884,0.03995664415432695,0.010249268998716117,-1.6793573888815099,0.0,,0
2016-11-02,73.56965637207031,75.22834014892578,0.02646765697378961,0.0396172269801726,0.010352625644024878,-1.2701676326886597,0.0,,0
2016-11-03,73.96881103515625,75.2937240600586,0.031664327626300004,0.039309945345157374,0.010310415867567368,-0.7415430974911074,0.0,,0
2016-11-04,73.59718322753906,75.02296447753906,0.02751577203622313,0.03880214812911664,0.010126866906205519,-1.1144983139827258,0.0,,0
2016-11-07,75.56546783447266,77.03020477294922,0.04739852956488089,0.03865241291308503,0.009930327917200409,0.8807480200776283,0.0,,0
2016-11-08,77.10017395019531,77.37560272216797,0.06640159593644235,0.03887394759755636,0.010388093711172936,2.6499229891696654,-1.0,Enter Short Spread,1
2016-11-09,78.10505676269531,77.71170806884766,0.07828218890497896,0.03929447714351567,0.011413570850515285,3.4159083315895935,-1.0,,2
2016-11-10,78.52782440185547,76.43268585205078,0.08777211177673161,0.03981668764817385,0.012816619178665221,3.741659439205718,-1.0,,3
2016-11-11,79.16541290283203,76.4420166015625,0.09582849930825521,0.040406345161738424,0.014460699961512844,3.8326052192509947,-1.0,,4
2016-11-14,78.25060272216797,73.17444610595703,0.09497661664439172,0.04097996790947575,0.015863345014913335,3.403862721522669,-1.0,,5
2016-11-15,78.43773651123047,73.35183715820312,0.0967682475004552,0.04172538964602594,0.017347116189190506,3.173026412812527,-1.0,,6
2016-11-16,78.1812973022461,74.91890716552734,0.08828168381445578,0.04237544567124741,0.018321405409031436,2.5056068089939836,-1.0,,7
2016-11-17,78.65258026123047,75.8450927734375,0.09126230785295597,0.043018735538819616,0.019321687537140364,2.4968612198806146,-1.0,,8
2016-11-18,79.06839752197266,75.6111831665039,0.0972967043515709,0.043811320121517665,0.020519448390261878,2.6065702748343047,-1.0,,9
2016-11-21,79.49114990234375,76.42510986328125,0.0999892320258422,0.044719587913667674,0.02174338899410158,2.541905685777307,-1.0,,10
2016-11-22,79.44261932373047,74.7785873413086,0.10474844201170419,0.04569645683822204,0.0230617640825115,2.5606013903447757,-1.0,,11
2016-11-23,80.1703109741211,74.4417724609375,0.11497974402078981,0.04681940144139626,0.02470882979769381,2.7585419114326197,-1.0,,12
2016-11-25,80.5722885131836,74.96566009521484,0.1182521909426022,0.048007594487445446,0.026346882014128346,2.666144571395148,-1.0,,13
2016-11-28,80.1772689819336,73.98332977294922,0.11658961440632565,0.04914566793486357,0.02777144328391213,2.428535880615612,-1.0,,14
2016-11-29,80.58613586425781,74.04883575439453,0.12145798449256096,0.050386412038903185,0.029270958663393888,2.4280575594040767,-1.0,,15
2016-11-30,80.33663940429688,72.33679962158203,0.12412454547791252,0.051711771523349624,0.030742427467067568,2.355467018085483,-1.0,,16
2016-12-01,80.69007110595703,70.5685806274414,0.13461602956972452,0.05325023350780962,0.0324932018019306,2.5040867489112912,-1.0,,17
2016-12-02,80.63463592529297,70.83988952636719,0.13298268670636038,0.05483052858284534,0.03399224154989262,2.2991175209438905,-1.0,,18
2016-12-05,80.78019714355469,72.32743072509766,0.12966253309798792,0.056475086010138634,0.035165676819931886,2.0812182135043304,-1.0,,19
2016-12-06,80.76631927490234,72.14028930664062,0.130129489786589,0.058067605852947575,0.03628379443798925,1.986062512199452,-1.0,,20
2016-12-07,82.2078628540039,74.19849395751953,0.14088450986730527,0.060047059988703584,0.03748820755827707,2.156343424873977,-1.0,,21
2016-12-08,82.45733642578125,74.1704330444336,0.14400784432306923,0.062058447924199345,0.03868248384232506,2.118514331522932,-1.0,,22
2016-12-09,82.88700866699219,74.03947448730469,0.14964087191720066,0.06415558038714633,0.03994249124296641,2.1402093076782656,-1.0,,23
2016-12-12,83.25430297851562,73.44072723388672,0.15606431496408302,0.06639705337228183,0.04124255360995736,2.1741442695282687,-1.0,,24
2016-12-13,83.27513122558594,74.0955810546875,0.15412572563875648,0.06858768435015658,0.042338868826942384,2.020319476135075,-1.0,,25
2016-12-14,81.26531219482422,74.03012084960938,0.1299129442811764,0.07018299476029749,0.04281354378118213,1.3951180922129611,-1.0,,26
2016-12-15,81.27918243408203,74.37627410888672,0.128933440064241,0.0715983857082994,0.04332558140838891,1.3233533744301955,-1.0,,27
2016-12-16,80.26042175292969,73.30036926269531,0.11991278090403257,0.07286881282851497,0.04360519179120012,1.0788616250281338,-1.0,,28
2016-12-19,81.07127380371094,73.06647491455078,0.1307528450773343,0.07434934187151253,0.044035222172835696,1.2808724566993508,-1.0,,29
2016-12-20,81.44549560546875,73.30974578857422,0.13453865501951068,0.07591302644377652,0.044476772776885026,1.3181178605252226,-1.0,,30
2016-12-21,80.46138000488281,73.10391998291016,0.12307514934531749,0.0771249882259914,0.04475377933361296,1.0267325308281747,-1.0,,31
2016-12-22,80.60000610351562,72.87940979003906,0.12555492105120614,0.07853413389793092,0.04492508477563696,1.0466488241058316,-1.0,,32
2016-12-23,80.37130737304688,73.11328887939453,0.12192347436390594,0.07998983866960264,0.04489235706322235,0.9340929823588398,-1.0,,33
2016-12-27,80.48219299316406,73.30036926269531,0.12267211614686446,0.08132076594007741,0.04495424702356685,0.9198541393677218,-1.0,,34
2016-12-28,79.83767700195312,73.25360870361328,0.11478903269640761,0.08255571120207099,0.04483878680968363,0.7188714010294172,-1.0,,35
2016-12-29,79.6852035522461,73.28168487548828,0.11278293344325352,0.08385182722950833,0.0445690234898219,0.6491303588994294,-1.0,,36
2016-12-30,79.44955444335938,72.99164581298828,0.11079907147763812,0.08504755825863135,0.04431280890098851,0.5811302388107544,-1.0,,37
2017-01-03,79.75448608398438,74.37627410888672,0.10999650684013318,0.08623651055697928,0.04400819458439132,0.5398993643693125,-1.0,,38
2017-01-04,79.77527618408203,74.98439025878906,0.10824945553591947,0.08742156864163857,0.04362600491566425,0.47741907457591864,-1.0,,39
2017-01-05,79.8168716430664,75.8637924194336,0.10589599731638,0.08854102013652927,0.04322206945394619,0.40153045421258077,-1.0,,40
2017-01-06,79.97628784179688,76.91161346435547,0.10450918947793686,0.08963720159161452,0.04277682631236602,0.3476645924530196,-1.0,,41
2017-01-09,79.53965759277344,76.48126220703125,0.10041818656440893,0.09066957445440159,0.04227414629062799,0.23060458851107699,-1.0,,42
2017-01-10,78.95057678222656,76.06961822509766,0.09431511426817996,0.09164877489377886,0.04166238146634422,0.0639987269223922,-1.0,,43
2017-01-11,79.13077545166016,76.52804565429688,0.09511354947758455,0.09265183480358113,0.04100403519494648,0.06003591261932204,-1.0,,44
2017-01-12,78.94365692138672,76.12577056884766,0.09404552955952128,0.0936821721516696,0.040242335365673634,0.009029232636474135,-1.0,,45
2017-01-13,79.17235565185547,75.93864440917969,0.09754513694387956,0.09472680880016086,0.03950884882531077,0.07133409925913047,-1.0,,46
2017-01-17,79.0545425415039,76.02284240722656,0.09578274968722877,0.0958158947355114,0.03861212966917669,-0.0008584102603665827,0.0,Exit Short Spread,0
2017-01-18,79.67132568359375,76.33153533935547,0.10255534779874065,0.097103014438105,0.037512507492528505,0.14534707821708825,0.0,,0
2017-01-19,79.19315338134766,76.46255493164062,0.09611261423999262,0.09831256365149944,0.036270494558784984,-0.06065396786749844,0.0,,0
2017-01-20,79.67132568359375,76.56549072265625,0.10180081334811009,0.09945819193312393,0.035263025066084884,0.06643279782707116,0.0,,0
2017-01-23,79.3248291015625,76.8554916381836,0.09651015915861372,0.10055294506336923,0.03411625200997782,-0.11850029433400655,0.0,,0
2017-01-24,80.42674255371094,77.86588287353516,0.107085461577628,0.10169131755653234,0.0331623599507881,0.1626586295155229,0.0,,0
2017-01-25,81.07819366455078,78.49270629882812,0.11317592927049702,0.10302126190720376,0.031974928239388814,0.3175821783638619,0.0,,0
2017-01-26,81.03662109375,77.87523651123047,0.1146102709411585,0.10444883664423953,0.030515049427179097,0.33299747133518987,0.0,,0
2017-01-27,81.84053802490234,78.3710708618164,0.12291695073979358,0.10602004644479232,0.028958799885250172,0.583480819714753,0.0,,0
2017-01-30,81.10591888427734,78.3055648803711,0.11410636411639508,0.10754274487122059,0.026866389724218395,0.2443059641637591,0.0,,0
2017-01-31,75.63093566894531,77.37939453125,0.04714937844806766,0.10788744022912522,0.025940712450308254,-2.3414184131375237,0.0,,0
2017-02-01,73.0112533569336,77.12678527832031,0.012703772458916962,0.10757143097633551,0.026962693284805626,-3.5184785701983126,1.0,Enter Long Spread,1
2017-02-02,72.83800506591797,76.99581909179688,0.010747077030885732,0.10729195272624656,0.027862929450350307,-3.46499372463318,1.0,,2
2017-02-03,74.12012481689453,80.53219604492188,0.017124490198462183,0.1067873854034729,0.029185682598102856,-3.072153440428323,1.0,,3
2017-02-06,73.50332641601562,80.29830932617188,0.009485171396803826,0.10583877832781227,0.03132915619134912,-3.0755251224293887,1.0,,4
2017-02-07,73.24689483642578,80.25151824951172,0.006134078151169398,0.10463630981524877,0.033661517950767404,-2.9262563800048045,1.0,,5
2017-02-08,73.57264709472656,79.60600280761719,0.012562762838280506,0.10338282066627459,0.03561009459400337,-2.550402038058273,1.0,,6
2017-02-09,73.7805404663086,80.06441497802734,0.01396874567167794,0.1020184914389983,0.037396714561836214,-2.3544781085442237,1.0,,7
2017-02-10,74.39041137695312,80.36380004882812,0.02128055608342061,0.1007902237629821,0.03879204457037313,-2.0496384905756133,1.0,,8
2017-02-13,75.19432067871094,80.86898803710938,0.03048414549100298,0.09968548872949125,0.03982103826209309,-1.7378086121969154,1.0,,9
2017-02-14,75.53392028808594,81.25257110595703,0.03382355754348265,0.09877785329164168,0.04068194201854037,-1.5966370464457373,1.0,,10
2017-02-15,75.55470275878906,82.0539779663086,0.031678759198125794,0.09778479414739452,0.04157079491684115,-1.5902037736230024,1.0,,11
2017-02-16,74.8772964477539,81.93214416503906,0.023038909685878295,0.09654716423629964,0.04265807167574098,-1.72319684558607,1.0,,12
2017-02-17,74.65383911132812,81.97901153564453,0.01990913810310868,0.09521249600425409,0.04376781991507483,-1.720518820614341,1.0,,13
2017-02-21,75.22647857666016,82.4101791381836,0.026257107491932663,0.09390430709559122,0.044627822684301724,-1.5158077525358218,1.0,,14
2017-02-22,73.75991821289062,82.29769897460938,0.00690604923867455,0.09210307884922263,0.04590359660732989,-1.8559990045952914,1.0,,15
2017-02-23,73.38980102539062,82.65389251708984,0.0008107372727210738,0.09014572128805795,0.04723153105345723,-1.8914268079564567,1.0,,16
2017-02-24,74.1510238647461,82.88822174072266,0.010431626283607276,0.08837642148601264,0.04818649252141427,-1.6175652371412257,1.0,,17
2017-02-27,74.53511810302734,82.48514556884766,0.016800044735234998,0.08663212249005722,0.04884712834438247,-1.4296045667718984,1.0,,18
2017-02-28,73.85772705078125,82.4289321899414,0.007838365812062209,0.08469401949562637,0.04962188975416392,-1.548825610316765,1.0,,19
2017-03-01,74.63288116455078,83.41312408447266,0.015352498566615802,0.08270629397890789,0.049969806356369696,-1.347889862368987,1.0,,20
2017-03-02,73.99039459228516,82.98194885253906,0.007984392863801926,0.08062298908153193,0.050433806472846156,-1.4402759041564517,1.0,,21
2017-03-03,73.9764175415039,83.22566223144531,0.007072412819490337,0.07857982041022364,0.05088687915668135,-1.4052228939126152,1.0,,22
2017-03-06,74.09515380859375,83.36624908447266,0.008260045417090023,0.0765486630040653,0.05121985854076494,-1.3332449470282242,1.0,,23
2017-03-07,73.77391815185547,83.4787368774414,0.003582714325548686,0.07426029974503603,0.051361328939645415,-1.3760856052330817,1.0,,24
2017-03-08,73.83677673339844,83.3849868774414,0.004711442389799814,0.07193869304614822,0.05130433684587208,-1.3103619457807587,1.0,,25
2017-03-09,73.95549011230469,83.52560424804688,0.005902500492561913,0.06954305352240422,0.050974978102608384,-1.2484665104071095,1.0,,26
2017-03-10,74.53511810302734,84.10676574707031,0.011999907252061126,0.0671419800605372,0.05023051518230031,-1.0977803553945322,1.0,,27
2017-03-13,75.06586456298828,84.4629135131836,0.018053603045946387,0.06487411135065703,0.04931551182314971,-0.9494073279136513,1.0,,28
2017-03-14,74.6049575805664,83.93800354003906,0.013431685967763896,0.0629327570454335,0.049008727850380386,-1.010046031572015,1.0,,29
2017-03-15,75.2404556274414,84.28483581542969,0.020897115805083244,0.06113215164111419,0.0485330984169521,-0.8290226082490805,1.0,,30
2017-03-16,75.2823486328125,84.39732360839844,0.02112491188260135,0.05948568715742368,0.04818548617162653,-0.7961064279436623,1.0,,31
2017-03-17,75.52676391601562,84.58479309082031,0.0238192411303082,0.05770346042497324,0.047489116700993136,-0.7135154673019307,1.0,,32
2017-03-20,74.80748748779297,83.59123229980469,0.01716340483202039,0.05574720625518174,0.04669461165540095,-0.8263009382732179,1.0,,33
2017-03-21,74.38147735595703,82.5414047241211,0.014568490701446501,0.053938761944450554,0.04615004729201772,-0.8530927605314432,1.0,,34
2017-03-22,74.38846588134766,82.97256469726562,0.01337789596469352,0.05206914485967535,0.045478235348448276,-0.8507640764540346,1.0,,35
2017-03-23,73.78089904785156,83.29126739501953,0.00423165155495675,0.050107614479526184,0.04495815383105151,-1.0204147416054263,1.0,,36
2017-03-24,73.36190032958984,83.6005859375,-0.0023774308316726334,0.04802345536321724,0.04444145693672994,-1.1340961721089433,1.0,,37
2017-03-27,73.1733169555664,83.3756332397461,-0.004287004063997069,0.04603885475054383,0.044072858078583146,-1.1418787210216428,1.0,,38
2017-03-28,74.15800476074219,83.53497314453125,0.008609435518219577,0.0443026297851266,0.04345693843883354,-0.8213462694143966,1.0,,39
2017-03-29,74.0462646484375,83.59123229980469,0.006935520558293717,0.04257157060313753,0.042837884333322224,-0.8318816533412148,1.0,,40
2017-03-30,74.48623657226562,83.4318618774414,0.013330306882065601,0.040960467270503065,0.042082904345637086,-0.6565649595261834,1.0,,41
2017-03-31,74.93317413330078,83.30064392089844,0.01970072427208569,0.0394846550827725,0.041241511798108345,-0.479709155850932,1.0,,42
2017-04-03,74.3046646118164,83.75994873046875,0.009922021278896853,0.03788508881548112,0.040489032245196954,-0.6906331415194891,1.0,,43
2017-04-04,74.46528625488281,83.21629333496094,0.013686869622278497,0.036371383484553474,0.03965917479442061,-0.5719865322428824,1.0,,44
2017-04-05,74.54208374023438,83.45060729980469,0.014024401149380417,0.034931487060969664,0.03886815432856831,-0.5378975738043321,1.0,,45
2017-04-06,74.49320220947266,83.50684356689453,0.013202333975782965,0.03357960738942971,0.03818378614222259,-0.5336629882051981,1.0,,46
2017-04-07,73.31998443603516,83.17878723144531,-0.0017018309998986236,0.03196601771480499,0.03759038552097412,-0.8956505299983724,1.0,,47
2017-04-10,74.3186264038086,83.29126739501953,0.011493386085213553,0.030590148656899865,0.03679535906696665,-0.5189992177255472,1.0,,48
2017-04-11,73.8507308959961,83.28189849853516,0.005205414898542093,0.029051153289477574,0.03588249591352227,-0.6645507171074252,1.0,,49
2017-04-12,72.78923034667969,83.12254333496094,-0.008800259742232086,0.027308103132319895,0.03513083661085591,-1.0278253055719713,1.0,,50
2017-04-13,72.44703674316406,83.30064392089844,-0.014040213306727,0.0253648437805621,0.03412513757888823,-1.1547222922162614,1.0,,51
2017-04-17,73.23619842529297,84.18170166015625,-0.005800252001872508,0.02366629600986435,0.03308182108678181,-0.8907172290920383,1.0,,52
2017-04-18,72.69844818115234,84.10676574707031,-0.012950452202269647,0.02175377491735802,0.03180165939571492,-1.0912709518643497,1.0,,53
2017-04-19,72.94986724853516,84.12548065185547,-0.009552891663011875,0.01998605740366426,0.030519074170732092,-0.967884834953614,1.0,,54
2017-04-20,73.69707489013672,85.43775177001953,-0.00317856228103941,0.01814832367268647,0.028470010764556523,-0.7491000312608448,1.0,,55
2017-04-21,73.86471557617188,85.43775177001953,-0.0009064190977985387,0.016246951199881544,0.025738562228562082,-0.6664463284839193,1.0,,56
2017-04-24,74.70272827148438,86.0938949584961,0.008488684715572958,0.014478258096121783,0.02234038445141197,-0.26810520622756195,1.0,,57
2017-04-25,74.97505187988281,86.33756256103516,0.011430657645089104,0.012620153211210043,0.017315095161281397,-0.06869702736493137,1.0,,58
2017-04-26,75.1566390991211,86.0657730102539,0.014627075862234884,0.010962165073640706,0.011201482402960549,0.32718087274105284,0.0,Exit Long Spread,0
2017-04-27,76.00164794921875,85.85955810546875,0.02639910217534247,0.010616327135761954,0.010368221371052597,1.5222258934058839,0.0,,0
2017-04-28,75.0448989868164,85.5033950805664,0.01475555613780477,0.010650523530410082,0.010378428340472113,0.39553509189696356,0.0,,0
2017-05-01,74.40242004394531,85.54084777832031,0.006049463300084046,0.010572229968230056,0.010395110331986852,-0.4350859705864766,0.0,,0
2017-05-02,74.66779327392578,86.74063110351562,0.006175722008875839,0.010389750498403617,0.010374566956061574,-0.40618837464494234,0.0,,0
2017-05-03,74.96808624267578,86.64692687988281,0.010455869784533167,0.010405928804865771,0.010373900564799811,0.004814098550052913,0.0,,0
2017-05-04,74.75860595703125,86.81564331054688,0.0071780799751295365,0.010423328835265108,0.010367594473565136,-0.31301849897873346,0.0,,0
2017-05-05,75.0239486694336,86.31883239746094,0.012136113028845763,0.010416218005107862,0.010366270888562974,0.165912606589844,0.0,,0
2017-05-08,75.08680725097656,86.15950012207031,0.013429136054818658,0.01040722451149354,0.010363418594171338,0.29159408315560287,0.0,,0
2017-05-09,74.38147735595703,86.2344970703125,0.0037766931648937074,0.010115493462851425,0.010299397137423175,-0.615453527364771,0.0,,0
2017-05-10,73.39679718017578,86.46884155273438,-0.010219070161400001,0.009437106535311376,0.010275906161663649,-1.9128412022720418,0.0,,0
2017-05-11,73.31233215332031,86.3282241821289,-0.010969252813433972,0.008690559696029432,0.010102751625754155,-1.9459859291548038,0.0,,0
2017-05-12,73.29824829101562,86.91874694824219,-0.012842184244479471,0.007948543971986011,0.010021728002924758,-2.0745652057607114,0.0,,0
2017-05-15,74.11481475830078,87.38739776611328,-0.0030892670339146555,0.007513074359989462,0.009923740925444896,-1.0683815179736564,0.0,,0
2017-05-16,73.5586929321289,87.31241607666016,-0.010409432999947787,0.007007764841605187,0.01005076419026794,-1.7329227421749565,0.0,,0
2017-05-17,72.41131591796875,86.16214752197266,-0.022860729529915025,0.006189134224574392,0.01044226352124365,-2.781950838090863,1.0,Enter Long Spread,1
2017-05-18,72.6365737915039,86.11520385742188,-0.019620380419036687,0.005747027063612538,0.010951667758322365,-2.316305428766508,1.0,,2
2017-05-19,72.79846954345703,86.83822631835938,-0.01945545046841679,0.005409257267926907,0.011401969283184368,-2.180738004005517,1.0,,3
2017-05-22,73.05188751220703,87.61759948730469,-0.018183371176846652,0.004932340643586009,0.011774290615920986,-1.9632360517054002,1.0,,4
2017-05-23,73.34754180908203,88.13402557373047,-0.015593311496931106,0.004392451373049906,0.011958962009312008,-1.6711954477670241,1.0,,5
2017-05-24,73.71355438232422,89.02607727050781,-0.01309858302708422,0.0040435022257307995,0.012157139444259954,-1.4100426610561525,1.0,,6
2017-05-25,74.57232666015625,89.24205017089844,-0.0021132034102089303,0.0037524071927837205,0.012091794611076793,-0.4850901616886056,1.0,,7
2017-05-26,74.5230712890625,88.89462280273438,-0.0018121901081546987,0.0035891308099177768,0.012099686844954395,-0.4464017116546154,1.0,,8
2017-05-30,75.1847152709961,88.94156646728516,0.006896839430458046,0.003586204586767239,0.012098865286843374,0.27363184606170293,0.0,Exit Long Spread,0
2017-05-31,74.59345245361328,89.42047882080078,-0.0023224165600828073,0.003409830220481025,0.012106577423364993,-0.4734820238708364,0.0,,0
2017-06-01,75.78306579589844,89.58008575439453,0.013060024547819182,0.0035677853908522,0.012169464782784986,0.780004653154079,0.0,,0
2017-06-02,75.79010772705078,90.2843246459961,0.011222211693791007,0.0036762982125853865,0.012208144941468168,0.6181048404474577,0.0,,0
2017-06-05,75.98719024658203,90.659912109375,0.012795652991197448,0.0037911840875626455,0.012260874699523108,0.7344067307029111,0.0,,0
2017-06-06,75.62114715576172,89.9462890625,0.009915267436545916,0.003756440090637392,0.012240500899336142,0.5031515782366835,0.0,,0
2017-06-07,75.09321594238281,90.22799682617188,0.0021385259532149536,0.0034911888057585347,0.012099434572833388,-0.11179554254383814,0.0,,0
2017-06-08,75.14248657226562,90.22799682617188,0.002794437042584308,0.003313901323672208,0.01203021553357069,-0.04317996461811669,0.0,,0
2017-06-09,75.33956909179688,88.79132843017578,0.009371194275723749,0.0031218026315162164,0.011838406705159498,0.5278912779271115,0.0,,0
2017-06-12,76.68407440185547,87.79597473144531,0.02983926735482889,0.0032670418893866755,0.012108755586364813,2.194463772591474,0.0,,0
2017-06-13,77.32461547851562,89.27960968017578,0.03402591369603836,0.0034371530988155114,0.012462809168872775,2.45440335182389,0.0,,0
2017-06-14,77.00081634521484,89.50497436523438,0.029208006289751065,0.003637896456444356,0.012775370677330576,2.0015160795827183,0.0,,0
2017-06-15,77.61322784423828,88.42514038085938,0.04012251866584915,0.004063796922517734,0.01353598417268203,2.6639157731954346,-1.0,Enter Short Spread,1
2017-06-16,77.84548950195312,88.42514038085938,0.043110602377009144,0.004559342029389661,0.014385489639125172,2.67987126713915,-1.0,,2
2017-06-19,78.04261779785156,89.00727844238281,0.044021849654766854,0.005222511997719829,0.015246493144362125,2.5448040601647675,-1.0,,3
2017-06-20,77.15567779541016,88.62229919433594,0.03366068912999376,0.005823147330414269,0.015640043804013983,1.779888991898798,-1.0,,4
2017-06-21,76.86004638671875,88.7725601196289,0.029404021504304545,0.0063846644232192955,0.015870088526504175,1.450486999025953,-1.0,,5
2017-06-22,76.77559661865234,88.21853637695312,0.029848228686487843,0.0067386443093571,0.016150156720740484,1.4309201314097941,-1.0,,6
2017-06-23,77.62025451660156,89.74909210205078,0.036548842244937596,0.0072321996708011645,0.01659500278863149,1.7665946157128685,-1.0,,7
2017-06-26,78.14115905761719,89.41107177734375,0.044167710437315266,0.007746156396721993,0.017240863767194334,2.112513301676664,-1.0,,8
2017-06-27,77.19792175292969,89.110595703125,0.032853297463247166,0.007965365949908017,0.017473511703953743,1.4243233950338525,-1.0,,9
2017-06-28,77.48652648925781,90.35945892333984,0.033153404720945856,0.008352555673942167,0.017767493970827497,1.3958552110795297,-1.0,,10
2017-06-29,77.27532958984375,88.65987396240234,0.03510575759225709,0.008709537140108477,0.018083446980482375,1.4596896532302879,-1.0,,11
2017-06-30,77.84548950195312,88.05892181396484,0.044133848766205075,0.009211361267055554,0.01863338746678374,1.8741888752865288,-1.0,,12
2017-07-03,77.85960388183594,87.65513610839844,0.045448301666636715,0.009748794061903118,0.019197241839675794,1.8596164961026762,-1.0,,13
2017-07-05,77.7962417602539,88.27487182617188,0.04289711741447477,0.01049210986880934,0.01959871980449778,1.6534247067621572,-1.0,,14
2017-07-06,76.89521026611328,87.5612564086914,0.03324884183634724,0.010854700797994903,0.01981395427612317,1.1302206882216554,-1.0,,15
2017-07-07,77.68360137939453,88.19036865234375,0.04168431250927451,0.011462682424840442,0.02018742969893129,1.4970519048313506,-1.0,,16
2017-07-10,77.57803344726562,89.28900909423828,0.0372719247608333,0.012230552166558198,0.020278104694158312,1.2348970957571288,-1.0,,17
2017-07-11,77.4794692993164,89.5894775390625,0.03517230414213124,0.013050760790705836,0.020194016495471916,1.0954503952388914,-1.0,,18
2017-07-12,77.83142852783203,90.31251525878906,0.03772277462540807,0.01377614456782718,0.020285329189289585,1.1804900888778493,-1.0,,19
2017-07-13,78.24674987792969,90.087158203125,0.04366075232421407,0.014719664643268574,0.02033676466277545,1.4230920286902595,-1.0,,20
2017-07-14,79.12664031982422,91.0167465209961,0.05231195771890085,0.015750745466300453,0.020645934089699097,1.770867430543718,-1.0,,21
2017-07-17,78.85913848876953,90.92283630371094,0.04918007553797099,0.016623389429950626,0.0209319479242383,1.5553586424854953,-1.0,,22
2017-07-18,78.71836853027344,91.62709045410156,0.04549103081269834,0.017396680261792242,0.021126190082268428,1.3298351686462466,-1.0,,23
2017-07-19,79.53489685058594,92.25621795654295,0.05412327507927239,0.0181572567678539,0.021607767210145262,1.6644948995253779,-1.0,,24
2017-07-20,79.24629974365234,92.12476348876952,0.05083968007611572,0.01881407380837101,0.02198891590799364,1.4564431644446114,-1.0,,25
2017-07-21,79.31668090820312,93.52384948730467,0.048011161533067837,0.019370475236218224,0.022296154150958043,1.2845572426049516,-1.0,,26
2017-07-24,78.94361114501953,94.24687957763672,0.04139773461755425,0.01962045244358842,0.022457054807768835,0.9697301075487493,-1.0,,27
2017-07-25,79.69680786132812,93.89008331298828,0.05182862489556306,0.020238336922884393,0.022821755308328362,1.3842181526304596,-1.0,,28
2017-07-26,79.04216003417969,94.69762420654295,0.041468937082602464,0.020828661485926367,0.022905041724573437,0.9011236846834638,-1.0,,29
2017-07-27,75.87457275390625,93.49568939208984,0.003718570740180338,0.02078770896478144,0.022933382556053258,-0.7442922204293718,0.0,Exit Short Spread,0
2017-07-28,77.19087219238281,93.10132598876952,0.02196033342132342,0.02097945002539461,0.02289425852222464,0.04284407791484554,0.0,,0
2017-07-31,77.63433837890625,93.48628997802734,0.026671574736271797,0.021304341604746983,0.02283433583922361,0.23505098503041486,0.0,,0
2017-08-01,77.54988098144531,94.7164077758789,0.022360010329132818,0.021474739893085102,0.02280340964261802,0.038821845062731564,0.0,,0
2017-08-02,78.31713104248047,95.10138702392578,0.03120491648352819,0.02177100290023026,0.022812426353830854,0.4135427524005445,0.0,,0
2017-08-03,78.50017547607422,94.45344543457033,0.035224982731641985,0.022295141059676064,0.02275417137976352,0.5682404978045085,0.0,,0
2017-08-04,78.87322235107422,94.73516082763672,0.03923162741559394,0.023119319352625962,0.02245516026737886,0.7175325346653039,0.0,,0
2017-08-07,78.73949432373047,95.29857635498048,0.03607271874711415,0.02390335221196843,0.022069183155892947,0.5514189831668617,0.0,,0
2017-08-08,78.76061248779297,95.10138702392578,0.036851580532872186,0.024731581624924292,0.021602158472264578,0.5610549947362432,0.0,,0
2017-08-09,79.12664031982422,94.810302734375,0.04224397028493421,0.02548713558023844,0.0214077974382263,0.7827444534193106,0.0,,0
2017-08-10,78.65858459472656,93.42057800292967,0.03995187944955525,0.026326490787730156,0.02096664876213333,0.6498601095675878,0.0,,0
2017-08-11,79.02735900878906,93.9839859008789,0.04314673577879269,0.02742661520954195,0.020069439119074727,0.7832864922622457,0.0,,0
2017-08-14,80.6229476928711,95.6553726196289,0.058789799184174596,0.028733451536262142,0.019508418453544545,1.540686023292238,0.0,,0
2017-08-15,80.97042083740234,96.36903381347656,0.06125773047360661,0.030078671218629196,0.018912863751894642,1.6485636265345578,0.0,,0
2017-08-16,81.38172149658203,97.17316436767578,0.06427572029469797,0.03145298940982161,0.018343333629120606,1.7893547349958934,0.0,,0
2017-08-17,80.076904296875,96.0821533203125,0.05089635851512164,0.03256115057668915,0.017454551565233938,1.0504542537175603,0.0,,0
2017-08-18,80.37474060058594,96.41133880615234,0.053765560996701156,0.03367555297708558,0.016618255226555745,1.208911991405212,0.0,,0
2017-08-21,80.72223663330078,97.07908630371094,0.05637792635218797,0.0346504051397922,0.016200579657974307,1.341157024693309,0.0,,0
2017-08-22,81.26828002929688,97.87855529785156,0.06109749557044797,0.035698899901102234,0.01583850484285278,1.6035980618970485,0.0,,0
2017-08-23,80.52364349365234,97.04147338867188,0.05401023693813878,0.036484123192896914,0.015556480953327751,1.126611718795746,0.0,,0
2017-08-24,80.3818359375,97.07908630371094,0.05215207163681845,0.03739203132951194,0.014838196896773332,0.9947327434720985,0.0,,0
2017-08-25,80.41728973388672,97.2013702392578,0.05228266783972102,0.038045742051043635,0.014614130985712038,0.9741890094318,0.0,,0
2017-08-28,80.69386291503906,97.60577392578124,0.05469233293681319,0.03877024407176067,0.014341363536209559,1.1102214112941142,0.0,,0
2017-08-29,81.47392272949219,97.5963897705078,0.06433651706751009,0.039629258473032544,0.014303358040018917,1.7273746853955472,0.0,,0
2017-08-30,81.5306396484375,97.55876922607422,0.06512746897474675,0.04054946183200256,0.01413718152922767,1.7385365740639898,0.0,,0
2017-08-31,81.09806060791016,97.36125183105467,0.06030730210197466,0.04151894143448189,0.013447535654344596,1.3971601303338184,0.0,,0
2017-09-01,81.11933135986328,97.71865844726562,0.059666120502012365,0.042466802825472355,0.012666227605468046,1.3578879372983172,0.0,,0
2017-09-05,80.78606414794922,96.881591796875,0.057670414745559784,0.04327178983330295,0.012057466269482927,1.1941667171567631,0.0,,0
2017-09-06,80.70803833007812,97.04147338867188,0.056297565516917114,0.043712761469337766,0.012041954702470443,1.045079836166261,0.0,,0
2017-09-07,81.31790161132812,98.33941650390624,0.060549716793116604,0.04415482485428906,0.01216445863022955,1.34776996142558,0.0,,0
2017-09-08,81.5873794555664,98.21710205078124,0.0641649752790876,0.044737441004111346,0.012271291338006357,1.5831695083960518,0.0,,0
2017-09-11,82.40289306640625,99.8348159790039,0.07008305014841287,0.04523678319548741,0.01267623583942016,1.9600666371052617,0.0,,0
2017-09-12,83.07659912109375,99.89118957519533,0.0780863841059245,0.04581971289096933,0.013351282408259297,2.416746963197673,0.0,,0
2017-09-13,83.01276397705078,99.5338363647461,0.07820131505184258,0.04638937064758726,0.013976927276416501,2.2760327627898684,0.0,,0
2017-09-14,83.23967742919922,99.76895141601562,0.08034934523663328,0.04716751491603124,0.014535129741523767,2.2828712856830324,0.0,,0
2017-09-15,83.60845947265625,99.0353546142578,0.08658953386524781,0.04812060678871363,0.015198821571069944,2.5310466931039906,-1.0,Enter Short Spread,1
2017-09-18,83.38861083984375,98.59332275390624,0.08505950122377937,0.049040794664335155,0.0157268602534756,2.2902668415003027,-1.0,,2
2017-09-19,82.94893646240234,99.13880920410156,0.0784126010645152,0.04973852397799479,0.01608181818607264,1.7830121417087688,-1.0,,3
2017-09-20,83.55879211425781,98.7249984741211,0.08676917707569642,0.050448548421967804,0.01674688020342334,2.1687996935873515,-1.0,,4
2017-09-21,83.15458679199219,99.04476928710938,0.08112275862917162,0.05125303944139988,0.017039151857014143,1.7530050461681819,-1.0,,5
2017-09-22,83.44535064697266,99.27989959716795,0.08402870173691102,0.05210096105833264,0.01737981144804277,1.8370590943421266,-1.0,,6
2017-09-25,83.83536529541016,96.8909912109375,0.09469695664456546,0.05309414770920444,0.018069249880156422,2.302409298188358,-1.0,,7
2017-09-26,84.3317642211914,96.81575775146484,0.10079213039644186,0.05403845240304172,0.019031191672220577,2.456686832787538,-1.0,,8
2017-09-27,84.11903381347656,97.70923614501952,0.09600146296359369,0.05488100509132434,0.019738154781862957,2.0832979742389197,-1.0,,9
2017-09-28,84.82111358642578,98.35818481445312,0.10268097402041287,0.0558774027014233,0.020598276718167708,2.2722081055309236,-1.0,,10
2017-09-29,85.16148376464844,98.97891998291016,0.10513463021494718,0.05707549917439996,0.021325038808668727,2.2536479990372142,-1.0,,11
2017-10-02,85.65787506103516,99.1670379638672,0.11047837698925167,0.05822206691573292,0.022294071890786336,2.3439553944883063,-1.0,,12
2017-10-03,84.89199829101562,99.3080825805664,0.10114662688675424,0.05928664528449827,0.02278784334336098,1.8369435392161177,-1.0,,13
2017-10-04,84.38850402832031,99.04476928710938,0.09585257577892214,0.06029798314511146,0.023040307370124094,1.543147496370366,-1.0,,14
2017-10-05,83.8211898803711,99.9194107055664,0.08693951227183949,0.061118262105885314,0.02309801773698362,1.11789896691482,-1.0,,15
2017-10-06,83.46662139892578,100.38029479980467,0.08156584551913926,0.06175001365913406,0.0231302463673446,0.8567064762432143,-1.0,,16
2017-10-09,83.07659912109375,100.64363861083984,0.07623611861889978,0.06214874967413405,0.02317028583237533,0.6079928856588279,-1.0,,17
2017-10-10,83.76447296142578,100.9258041381836,0.08379174431023673,0.06272561082033846,0.02327086709252821,0.9052577803025722,-1.0,,18
2017-10-11,84.3317642211914,101.98854064941406,0.08795874466930576,0.06343340605128193,0.02338148026563977,1.0489215541269645,-1.0,,19
2017-10-12,84.79273223876953,101.67818450927734,0.09416140970955644,0.06410070829512,0.0236757369817637,1.269683872463644,-1.0,,20
2017-10-13,83.93466186523438,102.19544982910156,0.08273911945345902,0.06463236561807571,0.023730081903327586,0.7630295550241764,-1.0,,21
2017-10-16,83.92047119140625,101.85690307617188,0.08338816678899352,0.06522198237234116,0.023749268060872603,0.7649155489798661,-1.0,,22
2017-10-17,83.45243072509766,101.14210510253906,0.07953171015743621,0.06585754863133918,0.023613061662865906,0.5790931189410787,-1.0,,23
2017-10-18,83.7857437133789,101.38661193847656,0.08292248437494054,0.06637577962266213,0.023640674128425857,0.6999252501172308,-1.0,,24
2017-10-19,84.68634796142578,100.65300750732422,0.09540451227529068,0.06727470587587361,0.023701870813772313,1.1868179782277706,-1.0,,25
2017-10-20,84.92748260498047,101.15149688720705,0.09702978566047338,0.06882989279121182,0.0225120659808128,1.252656814940776,-1.0,,26
2017-10-23,84.87074279785156,101.13267517089844,0.09640734722671906,0.07007067635463508,0.02193892076121318,1.2004542592927263,-1.0,,27
2017-10-24,84.88489532470703,101.9603271484375,0.09456453205870186,0.07120222564334225,0.021415966539170272,1.090882653959579,-1.0,,28
2017-10-25,84.06939697265625,102.97608184814452,0.08246688357816079,0.07220400686415938,0.020493793350320158,0.5007797501696325,-1.0,,29
2017-10-26,84.62252044677734,103.26765441894533,0.08832757628020627,0.07315605119410402,0.019884832883147283,0.7629697053657591,-1.0,,30
2017-10-27,85.62953186035156,103.1829833984375,0.10035960623614026,0.07424162825251232,0.019559717758136787,1.3352942157236876,-1.0,,31
2017-10-30,83.74320220947266,103.4933624267578,0.07734384716997056,0.07487683191508526,0.019023962130565904,0.1296793611106663,-1.0,,32
2017-10-31,83.34605407714844,103.43694305419922,0.07272456018956808,0.07548769593912616,0.018344459605099683,-0.15062508294275084,0.0,Exit Short Spread,0
2017-11-01,83.29644012451172,104.46206665039062,0.06969761877675662,0.07603512990985759,0.017660665538096334,-0.3588489414190046,0.0,,0
2017-11-02,82.87802124023438,104.37744140625,0.0648615261588601,0.076412089174423,0.017169948305915658,-0.6727197315779531,0.0,,0
2017-11-03,81.87813568115234,104.73482513427734,0.05188086133160419,0.07661090553912382,0.016811945187451063,-1.470980539835383,0.0,,0
2017-11-06,80.78606414794922,105.2614974975586,0.03721661813089572,0.07651207024499221,0.017024474136217046,-2.3081742084767973,0.0,,0
2017-11-07,80.80730438232422,105.42139434814452,0.037105258585773626,0.07615066123501886,0.017616726948237776,-2.2163823486604586,0.0,,0
2017-11-08,80.22579956054688,105.7787857055664,0.02904861019492122,0.07561384256370743,0.01852946188753362,-2.513037488698724,1.0,Enter Long Spread,1
2017-11-09,79.81450653076172,105.46842193603516,0.02463320860967988,0.0749531340356238,0.019597932436321037,-2.5676139862940603,1.0,,2
2017-11-10,80.8932876586914,105.22389221191406,0.03863108981376295,0.07474871289060117,0.0199092911787668,-1.8141089380096844,1.0,,3
2017-11-13,82.0220718383789,104.77243041992188,0.053548739067303064,0.07474509919177784,0.019913118773659484,-1.064442007573054,1.0,,4
2017-11-14,81.4933853149414,105.31794738769533,0.04580180811945622,0.07456883055456567,0.020120650577479707,-1.429726256829255,1.0,,5
2017-11-15,80.65038299560547,103.69087982177734,0.039242297322219066,0.07420457725042852,0.020554383569549244,-1.7009646535936556,1.0,,6
2017-11-16,81.22904205322266,104.60005950927734,0.04423916879294021,0.0740417261146752,0.020751499596125548,-1.436164031600846,1.0,,7
2017-11-17,80.68608856201172,103.46945190429688,0.04021199259143926,0.07384272479725222,0.02101602639848653,-1.6002421946060594,1.0,,8
2017-11-20,80.87184143066406,103.59193420410156,0.04221982559905069,0.07367501075990772,0.02122651092097696,-1.4818820331782203,1.0,,9
2017-11-21,81.38623046875,105.00520324707033,0.045219294481062766,0.07351712678564519,0.021401626123322276,-1.3222281401199254,1.0,,10
2017-11-22,81.27906036376953,104.41162872314452,0.045299303745399255,0.07319983989694336,0.021674754026861764,-1.2872365756477169,1.0,,11
2017-11-24,80.82899475097656,105.4951171875,0.037201283563237375,0.07273440347341818,0.02213798874839449,-1.605074440773567,1.0,,12
2017-11-27,81.82917022705078,105.88140869140624,0.04859815721718297,0.07253925105867168,0.022297710351958065,-1.0737018942120364,1.0,,13
2017-11-28,82.29354858398438,106.80474090576172,0.052116337124202605,0.07241342133570816,0.022391107294520644,-0.9064796994864333,1.0,,14
2017-11-29,85.04403686523438,103.50715637207033,0.09272519094342058,0.07299766760567251,0.022456043088489468,0.8784950785857731,0.0,Exit Long Spread,0
2017-11-30,86.76579284667969,106.07927703857422,0.10671649891479773,0.07383798316230387,0.022756731836433636,1.444781965565688,0.0,,0
2017-12-01,85.95133209228516,104.32682800292967,0.10139243871086445,0.07451869519426631,0.022959020920534607,1.170509126221589,0.0,,0
2017-12-04,88.38749694824219,101.21765899658205,0.13680134492934104,0.07572930135510388,0.024259360187741046,2.517463078234793,-1.0,Enter Short Spread,1
2017-12-05,85.99420928955078,102.30115509033205,0.10672552691090442,0.07634000930114541,0.02456878147752035,1.2367531388384396,-1.0,,2
2017-12-06,84.50822448730469,103.39408111572266,0.08667434278340225,0.07648314194577005,0.02460352982932026,0.41421702122950044,-1.0,,3
2017-12-07,85.53697204589844,104.95806884765624,0.09507259660719236,0.07676432997169252,0.02471770367812189,0.7406944784965941,-1.0,,4
2017-12-08,85.41552734375,106.08869934082033,0.09101005095083758,0.07694200840026261,0.0247810702491147,0.5676930983671924,-1.0,,5
2017-12-11,84.33676147460938,105.87200164794922,0.07880412828489658,0.07681225164059009,0.024750578813218297,0.08047798232672865,-1.0,,6
2017-12-12,84.41536712646484,106.89896392822266,0.0773556663987498,0.07668385439350625,0.024727433523008505,0.027168691187398744,-1.0,,7
2017-12-13,84.58680725097656,106.75764465332033,0.07971067757729244,0.07670548900205255,0.024729504351497643,0.1215223941622547,-1.0,,8
2017-12-14,83.47232055664062,106.3901824951172,0.06729756576745904,0.07638096214691527,0.024723071299701194,-0.36740566207751085,0.0,Exit Short Spread,0
2017-12-15,84.30104064941406,107.23814392089844,0.07521935775612798,0.07628257213236453,0.0247157504183703,-0.0430176854127116,0.0,,0
2017-12-18,84.87971496582031,106.98377227783205,0.08264581522472869,0.07625952402382816,0.02470916010661969,0.25845844914775634,0.0,,0
2017-12-19,85.01545715332031,105.6552963256836,0.08732455017333951,0.07613665058264106,0.024635389720064016,0.4541393384812821,0.0,,0
2017-12-20,84.53681182861328,105.63646697998048,0.08172248757148526,0.07581882320222513,0.02443746905708487,0.2415824795714082,0.0,,0
2017-12-21,84.71540832519531,105.90969848632812,0.08319600768200863,0.07560539894753203,0.024315887996438645,0.3121666268403745,0.0,,0
2017-12-22,84.75825500488281,106.17350006103516,0.08308829092132042,0.07527885422921382,0.02408050856429373,0.3243053057312224,0.0,,0
2017-12-26,84.48680877685547,106.45612335205078,0.07922512394381087,0.07484702912469489,0.023771576470159313,0.1841735159892255,0.0,,0
2017-12-27,85.07260131835938,107.42657470703124,0.08389732469922495,0.07440401158652779,0.023347308874040774,0.40661273485153193,0.0,,0
2017-12-28,85.0511703491211,107.73751831054688,0.08293276095929247,0.0741004471544034,0.023114877211618586,0.3821051578179937,0.0,,0
2017-12-29,85.12261962890625,107.42657470703124,0.08448510045119462,0.07391098923227461,0.022982016584217092,0.46010371544948664,0.0,,0
2018-01-02,88.3517837524414,107.88825988769533,0.12066134118074645,0.07447301971408973,0.02369503656732,1.949282556936809,0.0,,0
2018-01-03,90.30928802490234,108.96229553222656,0.14013292378471287,0.07544913768518263,0.025130005943311124,2.5739662077854453,-1.0,Enter Short Spread,1
2018-01-04,90.89510345458984,109.3674545288086,0.14568366624542128,0.07660659681229133,0.026690484848813464,2.588078479068948,-1.0,,2
2018-01-05,91.17372131347656,111.98672485351562,0.14290902108923542,0.07759188475860795,0.027996742807002786,2.333026265980119,-1.0,,3
2018-01-08,92.28107452392578,112.43892669677734,0.1539878011435567,0.07869236903317882,0.029632543142537597,2.540970977353985,-1.0,,4
2018-01-09,92.23819732666016,112.22223663330078,0.15399867155882863,0.07968965673066668,0.03110662571468356,2.388848456587342,-1.0,,5
2018-01-10,92.7239761352539,112.09977722167967,0.159520614243295,0.08096934831049728,0.032742112465783464,2.3990897354251732,-1.0,,6
2018-01-11,95.34591674804688,112.91002655029295,0.18562936368336058,0.08267336825873674,0.035378054124767085,2.9101655806600037,-1.0,,7
2018-01-12,95.79597473144533,113.14559173583984,0.1898246679385036,0.08451158422175453,0.03793968712556223,2.7758026408655696,-1.0,,8
2018-01-16,94.93155670166016,113.42823028564452,0.18014504784407648,0.08613196027957344,0.03986453907988209,2.358313672613046,-1.0,,9
2018-01-17,95.73882293701172,114.92626190185548,0.18537784986401395,0.08763151590605217,0.04182896423081464,2.3368098100300037,-1.0,,10
2018-01-18,95.43879699707033,115.99092864990234,0.17996557946128044,0.08901377913606563,0.04345540772588752,2.0929915305116893,-1.0,,11
2018-01-19,95.07443237304688,115.60464477539062,0.1769629626844269,0.09035637272702741,0.04488403357952399,1.9295634338200223,-1.0,,12
2018-01-22,94.91725158691406,117.1404037475586,0.17205453439871743,0.09164787276602768,0.04608531778064802,1.7447348853142515,-1.0,,13
2018-01-23,94.35285949707033,117.44187927246094,0.16545691055725698,0.09303103988234596,0.047024831262766256,1.540162265978337,-1.0,,14
2018-01-24,94.08139038085938,117.34767150878906,0.16277345219157313,0.09427180448086875,0.04785909823203509,1.431319231686901,-1.0,,15
2018-01-25,93.79561614990234,117.97893524169922,0.158408534438639,0.09523928661757705,0.04855407544058283,1.3010081491174552,-1.0,,16
2018-01-26,94.81724548339844,119.01531982421876,0.1670853163006698,0.09673497776975536,0.0493553904891565,1.4253830804230105,-1.0,,17
2018-01-29,93.3312530517578,117.62088012695312,0.1541948520736085,0.0980928159678227,0.049794877204477395,1.1266628066057625,-1.0,,18
2018-01-30,91.52379608154295,116.4054718017578,0.13719981085026944,0.09921785250238126,0.049903058547132104,0.7611148385226778,-1.0,,19
2018-01-31,90.95940399169922,117.04619598388672,0.12966072228820202,0.10029783910453695,0.0498489959843448,0.5890366015172415,-1.0,,20
2018-02-01,85.37980651855469,118.4499969482422,0.06341755365606239,0.10049011730994459,0.04968384672145017,-0.7461693508098829,0.0,Exit Short Spread,0
2018-02-02,83.20797729492188,113.9181671142578,0.04726942831391634,0.10065766414632828,0.04948674893759292,-1.0788390221337663,0.0,,0
2018-02-05,80.94329071044922,109.54645538330078,0.029323123074227464,0.1005279618878025,0.0496630309119408,-1.4337594284132749,0.0,,0
2018-02-06,80.52178192138672,113.03252410888672,0.0163782407788835,0.10031678906420187,0.049992366178616354,-1.679027313598573,0.0,,0
2018-02-07,79.95024871826172,112.73098754882812,0.009913674664745686,0.10007146349845296,0.05039763688787473,-1.7889288943108863,0.0,,0
2018-02-08,78.07132720947266,107.27581787109376,-0.0016385940142689126,0.0994003021013191,0.05146816120288849,-1.9631339794186686,0.0,,0
2018-02-09,76.00667572021484,109.59357452392578,-0.03371052481909853,0.09794598103654574,0.053917764617609935,-2.441802006989071,0.0,,0
2018-02-12,75.94952392578125,111.61924743652344,-0.03897834337813788,0.09653297851158583,0.05632302397194788,-2.4059667314243667,0.0,,0
2018-02-13,76.84253692626953,111.50618743896484,-0.027039086529514256,0.09542828878072361,0.058059107023786374,-2.1093568535262506,0.0,,0
2018-02-14,76.15672302246094,113.84278106689452,-0.04111722020697628,0.09400568229739167,0.06029849583131822,-2.2409000530024326,0.0,,0
2018-02-15,77.37834167480469,115.40949249267578,-0.028573640439425896,0.09285925508021059,0.06194185278142572,-1.9604336981674872,0.0,,0
2018-02-16,76.65789031982422,115.003662109375,-0.03705949365378847,0.09153793309266328,0.06382493811284283,-2.0148460860093715,0.0,,0
2018-02-20,75.44026947021484,115.1546859741211,-0.053394389534069164,0.08989437169241106,0.06622125133734845,-2.163788184800822,0.0,,0
2018-02-21,75.43309020996094,113.66343688964844,-0.050275819539775446,0.0883014529709915,0.06838883519292976,-2.0263142678162396,0.0,,0
2018-02-22,75.70684051513672,113.61627960205078,-0.04655102716172865,0.0869055811255754,0.07024706676375148,-1.8998175217213429,0.0,,0
2018-02-23,76.0887222290039,116.02301788330078,-0.04668773716369623,0.08531748288589407,0.07214654252960499,-1.8296818589112929,0.0,,0
2018-02-26,77.86106872558594,117.58970642089844,-0.02696875049143177,0.08399939809230017,0.07345169129132405,-1.5107636956051855,0.0,,0
2018-02-27,76.1463394165039,116.4382553100586,-0.04681161474892903,0.08167378466409433,0.07532373797637087,-1.7057756673378233,0.0,,0
2018-02-28,75.22416687011719,116.03244018554688,-0.05813526915535516,0.07892625519625845,0.07733977297896043,-1.7721997243113183,0.0,,0
2018-03-01,76.67950439453125,113.63514709472656,-0.033826032558054386,0.07667261400844315,0.07861192065479451,-1.4056220182143364,0.0,,0
2018-03-02,75.9157943725586,113.98432159423828,-0.04459217660915349,0.07364938864946824,0.07972152948537442,-1.4831823476281163,0.0,,0
2018-03-05,76.2328109741211,115.03197479248048,-0.042680764926905645,0.07115928378550472,0.08097303791839668,-1.4059006755697685,0.0,,0
2018-03-06,79.10749816894531,114.2580337524414,-0.004000617571926712,0.06964803444624926,0.08151372414369588,-0.9035122955288483,0.0,,0
2018-03-07,78.68241119384766,115.003662109375,-0.010992394640589653,0.06788028459211956,0.08209123049955866,-0.9607929952168673,0.0,,0
2018-03-08,78.38701629638672,115.3528823852539,-0.015501284480762267,0.06610509566825956,0.08272108051782844,-0.9865245912912566,0.0,,0
2018-03-09,79.52536010742188,117.51423645019533,-0.0056605609550786085,0.0646973508475933,0.08321025267703865,-0.8455437826363763,0.0,,0
2018-03-12,78.46626281738281,117.2593765258789,-0.018532467520682383,0.06309921528226943,0.0838699883262294,-0.9733121994178509,0.0,,0
2018-03-13,78.76885986328125,116.27782440185548,-0.0126109396079912,0.0615605216625147,0.08439633964230037,-0.8788468976838227,0.0,,0
2018-03-14,78.35820007324219,115.69264221191406,-0.01659410288531582,0.06016232718496846,0.08498259267799485,-0.9032017928791595,0.0,,0
2018-03-15,79.04985046386719,116.4760284423828,-0.009469921081603605,0.05875083920433961,0.08542295372891177,-0.7986232892676666,0.0,,0
2018-03-16,79.90719604492188,117.53308868408205,-0.0009101654754932742,0.057358239526002566,0.08570268052934069,-0.6798901112730937,0.0,,0
2018-03-19,78.14204406738281,116.28726959228516,-0.020620457413468962,0.05555915606622242,0.08618637385725038,-0.8838939390334126,0.0,,0
2018-03-20,77.83226013183594,117.89175415039062,-0.027971323732799203,0.053730925877817685,0.08677343467544245,-0.941558322730992,0.0,,0
2018-03-21,77.5584945678711,116.29669952392578,-0.02813627825009357,0.05187538777894932,0.08731219890811448,-0.9163858776852646,0.0,,0
2018-03-22,75.25298309326172,113.2481689453125,-0.05176387816141159,0.04962785162757045,0.08821082432513459,-1.149425034452282,0.0,,0
2018-03-23,73.24287414550781,110.4261703491211,-0.07261677103554587,0.04709715337791451,0.08949417624542418,-1.337672789849064,0.0,,0
2018-03-26,74.7126235961914,113.86165618896484,-0.06030238927673959,0.04469382481164842,0.090405227058702,-1.1613953916648179,0.0,,0
2018-03-27,73.61029052734375,110.8037109375,-0.06845442110937783,0.04217070511050392,0.09140975933562848,-1.21021132780473,0.0,,0
2018-03-28,73.97772979736328,110.4167251586914,-0.06261254390645954,0.03971907770454302,0.09221108381616372,-1.109754027129923,0.0,,0
2018-03-29,75.4042739868164,112.89897918701172,-0.04899406132554329,0.03689148766277152,0.09228684393476272,-0.9306369719288161,0.0,,0
2018-04-02,74.8134994506836,111.7380828857422,-0.054311317247102364,0.03365075031224127,0.09201817832931666,-0.9559205491391393,0.0,,0
2018-04-03,76.03826904296875,112.5025634765625,-0.03975402561435826,0.030560122114578276,0.09131488346190954,-0.7700184796081669,0.0,,0
2018-04-04,76.66509246826172,113.07830047607422,-0.03280283373309034,0.027631591200872847,0.0904785875197286,-0.6679417372733149,0.0,,0
2018-04-05,77.21985626220703,114.38074493408205,-0.028416306302831984,0.024591522743433035,0.08923783222601109,-0.5940062384305014,0.0,,0
2018-04-06,75.88700103759766,111.08682250976562,-0.038623012536126655,0.02138116134185045,0.08798057779137172,-0.6820161379283614,0.0,,0
2018-04-09,75.3610610961914,112.11559295654295,-0.04785053972497422,0.017924975442379296,0.08654755252043143,-0.7599927814460816,0.0,,0
2018-04-10,76.38410186767578,113.93718719482422,-0.03834037421465597,0.014192146477412352,0.08402715016077195,-0.6251850811500342,0.0,,0
2018-04-11,76.43453979492188,113.04997253417967,-0.03575286130692601,0.010432520989988526,0.08107952392845669,-0.5696306546849954,0.0,,0
2018-04-12,77.0829849243164,114.26750946044922,-0.02994616020444596,0.0069310008558464845,0.07815857913634357,-0.4718248651368413,0.0,,0
2018-04-13,77.2702865600586,113.9654769897461,-0.026866677889811452,0.0033935920599493944,0.07472996042028239,-0.40492822128603634,0.0,,0
2018-04-16,78.71123504638672,115.03197479248048,-0.010686822023650677,0.0002160520352005424,0.07112064922303922,-0.15330110422163135,0.0,,0
2018-04-17,78.90574645996094,116.84412384033205,-0.012072488440295182,-0.002934538816878159,0.06730586517215463,-0.13576750852312822,0.0,,0
2018-04-18,79.90000915527344,117.48589324951172,-0.0009010856755220509,-0.00581713248478215,0.06333629391403559,0.0776181633856332,0.0,,0
2018-04-19,79.02103424072266,116.99510192871094,-0.010930849345659244,-0.008756928483164087,0.0592820905860765,-0.03667078608401408,0.0,,0
2018-04-20,78.2068862915039,117.22158813476562,-0.02176405463871789,-0.011832553597002271,0.05493039861213775,-0.1808015469147004,0.0,,0
2018-04-23,78.61036682128906,117.4669952392578,-0.017133806398965667,-0.014758259277629016,0.05026155116044353,-0.04726370488951874,0.0,,0
2018-04-24,77.9691390991211,114.45623779296876,-0.018922516252512622,-0.017858389820182057,0.04433715860641671,-0.024000780965169013,0.0,,0
2018-04-25,78.2861328125,114.3996124267578,-0.014743118524964904,-0.020674022663491613,0.03827068886411053,0.1549724949970417,0.0,,0
2018-04-26,81.61470794677734,119.93981170654295,0.015235695890979395,-0.022706757912813114,0.03265888786397809,1.161780338688203,0.0,,0
2018-04-27,82.12625122070312,118.92991638183594,0.023568709165353363,-0.02447495813152726,0.026687748531364786,1.8002143283243728,0.0,,0
2018-04-30,81.77322387695312,119.75104522705078,0.01756440472829701,-0.025239177280323346,0.024745817103531857,1.7297299915188982,0.0,,0
2018-05-01,81.01671600341797,120.3456573486328,0.0070488370123029664,-0.02590952046868357,0.0232735129240717,1.4161316165939797,0.0,,0
2018-05-02,80.0801010131836,119.27913665771484,-0.002384520002656876,-0.026437981186631643,0.02235524126462643,1.075965179675135,0.0,,0
2018-05-03,79.11469268798828,120.03418731689452,-0.016069116409362483,-0.02697877047310241,0.02169567776855055,0.5028491932874417,0.0,,0
2018-05-04,80.19539642333984,120.95913696289062,-0.004394214997583523,-0.027217235300807895,0.02136498059112201,1.0682443733512323,0.0,,0
2018-05-07,80.77896881103516,121.99729919433594,0.0007492222802769621,-0.027177438362565465,0.021414755260229953,1.3040849780200827,0.0,,0
2018-05-08,80.16656494140625,122.60134887695312,-0.008078657475961037,-0.026750240573513172,0.02153548889120023,0.8670145912118886,0.0,,0
2018-05-09,80.26023864746094,123.48854064941406,-0.008688599769762995,-0.026245411513373593,0.021597855655329172,0.8128960589325235,0.0,,0
2018-05-10,82.12625122070312,123.63956451416016,0.013993426280653587,-0.025561536299870794,0.022203046023398922,1.781510633218476,0.0,,0
2018-05-11,83.17813110351562,124.41349029541016,0.02518166804125377,-0.02445655482906696,0.02303553400183016,2.1548544464555066,0.0,,0
2018-05-14,83.81935119628906,123.83775329589844,0.03400471482060263,-0.02341358224139982,0.024212135989684754,2.3714676427748764,0.0,,0
2018-05-15,83.29341125488281,123.73394775390624,0.027917021197634728,-0.022330640327209432,0.02501729598722629,2.0085168896950485,0.0,,0
2018-05-16,83.80492401123047,123.5357666015625,0.03443455415047603,-0.02086682459913368,0.025716619564951377,2.150414000173598,0.0,,0
2018-05-17,83.99945831298828,122.82673645019533,0.038172314711377275,-0.019392689028281132,0.026511323919267173,2.171336441550657,0.0,,0
2018-05-18,83.7816162109375,122.82673645019533,0.03557557100736375,-0.018023912392129592,0.027185332770182535,1.9716324185769183,0.0,,0
2018-05-21,85.01604461669922,123.51685333251952,0.048820538605542696,-0.01643210779597561,0.028236228010553678,2.310954791026947,0.0,,0
2018-05-22,83.7671127319336,123.56415557861328,0.03392661740111924,-0.015417184997766427,0.0289252630650221,1.7059067807944919,0.0,,0
2018-05-23,83.7090072631836,124.67015838623048,0.031035661292310612,-0.0141197303970791,0.029232260719235653,1.5447108974256032,0.0,,0
2018-05-24,83.96315002441406,124.67961120605467,0.03404839455327302,-0.012583336001935296,0.029300931199721214,1.5914760605168754,0.0,,0
2018-05-25,83.86150360107422,124.10291290283205,0.03398012753482571,-0.01145323333372063,0.029763778380040323,1.526464828773691,0.0,,0
2018-05-29,82.65609741210938,122.59984588623048,0.022506428590879368,-0.010334923247053414,0.029758187175127012,1.1036072743497896,0.0,,0
2018-05-30,84.73286437988281,123.4979019165039,0.04552190770699638,-0.008864878703155048,0.030297704112573213,1.7950794623933735,0.0,,0
2018-05-31,84.31896209716797,123.57355499267578,0.040474157520833165,-0.00812363245160905,0.03094478016521676,1.5704680955228818,0.0,,0
2018-06-01,85.1395034790039,123.6964340209961,0.04991346248384554,-0.007108534832868463,0.031820594581164784,1.7919840300679488,0.0,,0
2018-06-04,84.93616485595703,125.7951202392578,0.04337423122935857,-0.006127276237699782,0.032448244350744414,1.5255527211882178,0.0,,0
2018-06-05,84.82000732421875,126.25830841064452,0.04109953816054368,-0.005347941252439411,0.03300682406226352,1.4072083798600359,0.0,,0
2018-06-06,84.97247314453125,128.82957458496094,0.03792475681608565,-0.004406987513493277,0.0334197040455464,1.2666702335809632,0.0,,0
2018-06-07,84.36979675292969,126.52298736572266,0.03526124644650541,-0.0036091177459183334,0.03378378933134707,1.1505625911643067,0.0,,0
2018-06-08,84.6675033569336,127.373779296875,0.0371312377774371,-0.002713695401539118,0.034137888324094444,1.1671762705619302,0.0,,0
2018-06-11,84.84903717041016,126.58917236328124,0.04079647037752343,-0.0018759222105536673,0.03457578662860522,1.2341698266026837,0.0,,0
2018-06-12,85.93097686767578,127.48725128173828,0.05172420849957349,-0.0009986826443025545,0.03525028832739901,1.4956726212901952,0.0,,0
2018-06-13,85.19758605957031,127.05236053466795,0.04399542992370531,7.824881131701655e-05,0.03561947942464681,1.2329540414900029,0.0,,0
2018-06-14,85.09593200683594,127.6195831298828,0.04170326893494325,0.0012394920224460574,0.0358212677752643,1.1296020332490488,0.0,,0
2018-06-15,84.79093933105469,127.71412658691406,0.0379301403293546,0.0023405989987701934,0.03591664310161075,0.9908927521399773,0.0,,0
2018-06-18,84.79093933105469,128.75393676757812,0.03593088674796885,0.0038021784139265343,0.0354666874734583,0.9058841020347903,0.0,,0
2018-06-19,83.37498474121094,127.72357940673828,0.021071523727970165,0.005363649993318468,0.03410406575552187,0.4605865425915794,0.0,,0
2018-06-20,82.52542114257812,128.0922393798828,0.010118953307195255,0.006537339036384049,0.03301847197691493,0.1084730472480772,0.0,,0
2018-06-21,82.35839080810547,127.17529296875,0.00986422745065929,0.007842649845718001,0.03154315652658611,0.06408926142941355,0.0,,0
2018-06-22,82.56170654296875,127.93144989013672,0.010868230738421358,0.009067329423132682,0.03018097436815782,0.05967008531005883,0.0,,0
2018-06-25,80.02021789550781,123.77205657958984,-0.012249026786422812,0.009679746665451357,0.029358199162058295,-0.7469386433011972,0.0,,0
2018-06-26,79.5627670288086,125.30352020263672,-0.021014096591047693,0.010234700343052268,0.028443806830451352,-1.0986151438999945,0.0,,0
2018-06-27,78.69864654541016,123.8571548461914,-0.02907185418272773,0.010412736533579443,0.028162397954606257,-1.4020322694093972,0.0,,0
2018-06-28,76.88333129882812,125.4831314086914,-0.05562439612109027,0.010032377160446112,0.02888825496455546,-2.272784332667175,0.0,,0
2018-06-29,77.13748168945312,125.20896911621094,-0.05178490762500498,0.009642900471743229,0.02955386337028077,-2.0785034879236712,0.0,,0
2018-07-02,76.88333129882812,125.25625610351562,-0.05517821672166101,0.009366980401984323,0.03007586556503887,-2.1460794531105596,0.0,,0
2018-07-03,76.79620361328125,124.2636260986328,-0.05435041981832289,0.009258649067095177,0.03029268880710498,-2.0998158760505574,0.0,,0
2018-07-05,77.18103790283203,126.00299072265624,-0.052779022664810604,0.009018004926259267,0.030724135689018738,-2.0113512131492457,0.0,,0
2018-07-06,76.99226379394531,126.75931549072266,-0.05670338950892995,0.008668829456225869,0.031343767759832164,-2.0856528629889857,0.0,,0
2018-07-09,78.85114288330078,128.1111602783203,-0.03546203671348591,0.008576898181075203,0.031464746273613335,-1.399627841000346,0.0,,0
2018-07-10,78.7930908203125,129.2171630859375,-0.03831794653560672,0.008386043703645282,0.03171290729187606,-1.4727123505077138,0.0,,0
2018-07-11,77.93621063232422,130.5973663330078,-0.051872140375358367,0.00769962173111682,0.032552909078445644,-1.8299981105504215,0.0,,0
2018-07-12,78.80757141113281,132.25167846679688,-0.04385731371816859,0.007169874643152263,0.03312397336819962,-1.5404911661446106,0.0,,0
2018-07-13,79.1270980834961,131.79795837402344,-0.03896367341918161,0.006535498180757937,0.03363303796081652,-1.3528118290398692,0.0,,0
2018-07-16,80.34698486328125,130.8904266357422,-0.021960904022424232,0.006351663936145187,0.03375791721687075,-0.8386941580750136,0.0,,0
2018-07-17,80.65196228027344,132.005859375,-0.020264550188273667,0.006376655676985924,0.03373764224062279,-0.7896582006309104,0.0,,0
2018-07-18,81.4434585571289,133.19700622558594,-0.012713467003579337,0.006450328000242363,0.03369101649244121,-0.5688102348624957,0.0,,0
2018-07-19,81.9372329711914,132.4690704345703,-0.005317836285404276,0.0066770726663608355,0.03356503617709936,-0.3573632064174254,0.0,,0
2018-07-20,81.37811279296875,133.28207397460938,-0.013673549370741833,0.00669489881893122,0.033553937517207644,-0.6070360052148095,0.0,,0
2018-07-23,81.84283447265625,132.3745574951172,-0.006294610325294991,0.006336060381993314,0.03357579971901217,-0.3761837636926406,0.0,,0
2018-07-24,81.64678192138672,132.3745574951172,-0.008692960135755046,0.005798365893641507,0.033553842293180355,-0.43188276033418205,0.0,,0
2018-07-25,87.2815933227539,134.8418731689453,0.05349101100549669,0.006397142664928168,0.03407498023201527,1.382065903484261,0.0,,0
2018-07-26,86.31583404541016,134.7095184326172,0.042606599071766116,0.006989772032585887,0.034388923634034056,1.0357063634271746,0.0,,0
2018-07-27,86.16336059570312,133.01742553710938,0.043955188508175036,0.007762100507766419,0.03468877323430999,1.0433660411089642,0.0,,0
2018-07-30,86.19966888427734,129.0186767578125,0.05190209398309875,0.008894954014307439,0.035000492856124436,1.228758124794973,0.0,,0
2018-07-31,87.05648040771484,129.2644805908203,0.06132357986134851,0.00999025059528964,0.03559078727457918,1.4423207014227484,0.0,,0
2018-08-01,86.67163848876953,130.69189453125,0.054185492035512484,0.010880855091210232,0.03601446017666893,1.2024236024050163,0.0,,0
2018-08-02,86.11978149414062,131.32530212402344,0.046605856869883056,0.011792263663640968,0.03621451210246149,0.961316090846239,0.0,,0
2018-08-03,86.51915740966797,132.17605590820312,0.04964049522249292,0.012764415246845233,0.036433906221236406,1.01213632575454,0.0,,0
2018-08-06,86.8023452758789,132.07211303710938,0.05310224030354904,0.01341622881389349,0.03679807725024132,1.0784805743999923,0.0,,0
2018-08-07,87.14363861083984,132.6109161376953,0.056022570512075376,0.01393024385507385,0.03717233098776104,1.1323563935460594,0.0,,0
2018-08-08,87.55754089355469,132.98902893066406,0.06005898011511568,0.014364481609982402,0.03755451451835384,1.2167511440682108,0.0,,0
2018-08-09,87.76809692382812,132.35568237304688,0.06363786669459692,0.01495982903493177,0.03804458403802771,1.2794997997877622,0.0,,0
2018-08-10,86.60629272460938,132.0909881591797,0.050805842847744254,0.015232683846552908,0.03824147558185179,0.9302245391930758,0.0,,0
2018-08-13,85.80027770996094,132.54470825195312,0.04061016506626536,0.015273314685801042,0.03826711340859551,0.6621050851139763,0.0,,0
2018-08-14,86.39570617675781,133.0646514892578,0.04656060932994066,0.01545639865784399,0.0383898901898951,0.810218797663658,0.0,,0
2018-08-15,87.17268371582031,132.2705535888672,0.05698944563888686,0.015592547108399727,0.038522230832896305,1.0746236039667774,0.0,,0
2018-08-16,87.9423828125,133.16053771972656,0.06412688742290662,0.016095884942096184,0.038953386506257494,1.2330379150242743,0.0,,0
2018-08-17,89.11300659179688,133.80435180664062,0.0761611376508542,0.016847976214738578,0.039663727847783554,1.4954005751486643,0.0,,0
2018-08-20,89.66171264648438,133.43508911132812,0.0829810415821175,0.017663520331885986,0.04050318909633887,1.612651317279499,0.0,,0
2018-08-21,89.99828338623047,132.58299255371094,0.08830731354851884,0.018568973432114205,0.04145391472242472,1.6823101167494634,0.0,,0
2018-08-22,89.1642074584961,133.6244659423828,0.07706722470410532,0.019478320034001302,0.04212334070382982,1.3671495115976895,0.0,,0
2018-08-23,89.04714965820312,134.53330993652344,0.07408226313130273,0.01995432595773974,0.042573911645431776,1.2713874549361726,0.0,,0
2018-08-24,89.80073547363281,136.52145385742188,0.0788924710740242,0.02059463118362626,0.043162545334084604,1.3506580633547878,0.0,,0
2018-08-27,90.61284637451172,137.65760803222656,0.0858519158922526,0.02119360540709971,0.043809761529162154,1.4758882091177972,0.0,,0
2018-08-28,89.80803680419922,137.4682159423828,0.07726983827376777,0.021758532191173196,0.04430784872324001,1.2528549158261932,0.0,,0
2018-08-29,90.3348388671875,139.2008056640625,0.08003050963858294,0.022407381715807185,0.044867845949759025,1.284285588109122,0.0,,0
2018-08-30,89.8812026977539,138.92623901367188,0.07548293824598629,0.023033351406305528,0.045339484539427405,1.1568192133739497,0.0,,0
2018-08-31,89.90314483642578,139.0682373046875,0.07547515336960542,0.023703583188357195,0.045810078955691634,1.1301349257948814,0.0,,0
2018-09-04,90.97132873535156,139.9298095703125,0.08576384081319666,0.02451412657228652,0.046466036856623566,1.318160927515797,0.0,,0
2018-09-05,91.2054672241211,135.07296752929688,0.09704406777022667,0.025451586528831574,0.047344183495237516,1.5121705763200413,0.0,,0
2018-09-06,90.50308990478516,136.80555725097656,0.08617074541578673,0.026025695477435128,0.04786527832982084,1.2565486305943043,0.0,,0
2018-09-07,89.98363494873047,135.5747528076172,0.08264280779706357,0.0266698184419911,0.048360242721201076,1.157417461234825,0.0,,0
2018-09-10,90.97132873535156,136.40786743164062,0.09204891431911055,0.02750891253172722,0.049045720400069666,1.3159150535648299,0.0,,0
2018-09-11,90.04216766357422,137.74281311035156,0.07938144914517231,0.028199767678657516,0.04947768564204294,1.0344396833109732,0.0,,0
2018-09-12,90.21044921875,138.76531982421875,0.07942512765769627,0.02892467169381964,0.04990244161404926,1.0119836691449384,0.0,,0
2018-09-13,87.57657623291016,139.7688446044922,0.0480168029676491,0.029373759681147624,0.04995096887365275,0.3732268603969957,0.0,,0
2018-09-14,88.08138275146484,139.96771240234375,0.05341386835817774,0.030095341598663998,0.04998031210951658,0.46655424456770733,0.0,,0
2018-09-17,87.1302719116211,138.39598083496094,0.04534134850532756,0.030686626949575135,0.04994731583692923,0.2934035855619944,0.0,,0
2018-09-18,86.50837707519531,139.7688446044922,0.03574448943172093,0.031101231261130128,0.04988429293529079,0.09308056499094752,0.0,,0
2018-09-19,86.51570129394531,139.57000732421875,0.036180154057635416,0.031908384275197765,0.04956712985503103,0.08618150364831079,0.0,,0
2018-09-20,87.1522216796875,141.29310607910156,0.040485222523014563,0.0329333729270988,0.04909578372817603,0.15381869933531095,0.0,,0
2018-09-21,86.69129180908203,142.05999755859375,0.03384779466292742,0.03398203374119305,0.048427603251489204,-0.00277195378777089,0.0,,0
2018-09-24,85.84258270263672,141.17002868652344,0.025559006378293336,0.03533509044951611,0.04701874710704133,-0.20791885519550032,0.0,,0
2018-09-25,85.05975341796875,141.6150360107422,0.015621822625731419,0.036458535953695054,0.045710820354100436,-0.45583765871081117,0.0,,0
2018-09-26,85.38166046142578,141.32154846191406,0.01991066055154156,0.03771001724158176,0.04418734948325059,-0.40281566779168604,0.0,,0
2018-09-27,85.40363311767578,142.03163146972656,0.018932235006150266,0.03893139482198966,0.04261050076050911,-0.46934815265945823,0.0,,0
2018-09-28,85.41825103759766,142.09786987304688,0.0189884253479089,0.04012751895553498,0.04099600896895347,-0.5156378422991088,0.0,,0
2018-10-01,85.93772888183594,142.76060485839844,0.023904340966702353,0.04147098113012885,0.03907664228071136,-0.44954323447840283,0.0,,0
2018-10-02,85.5938491821289,141.70022583007812,0.021732983805136774,0.0424242314721059,0.03786718378030583,-0.5464163320677241,0.0,,0
2018-10-03,86.17184448242188,141.4161834716797,0.028957776728194773,0.04354549352650259,0.036428475314729244,-0.40044818434686225,0.0,,0
2018-10-04,85.82797241210938,138.9451904296875,0.0293054508083479,0.04489845337956435,0.034305114477945264,-0.45453871262377454,0.0,,0
2018-10-05,85.77674865722656,137.6196746826172,0.031071846732235286,0.04614727272040442,0.03236007535894742,-0.46586498396397713,0.0,,0
2018-10-08,86.90345764160156,134.33448791503906,0.05007872766158905,0.04763131273841727,0.030405566741656766,0.08049233036721311,0.0,,0
2018-10-09,86.27425384521484,134.7321319580078,0.04208337591741573,0.048698717404081264,0.02903711737843642,-0.22782363002665768,0.0,,0
2018-10-10,85.3451156616211,128.30368041992188,0.04330914072179781,0.04975827891924912,0.02762698142591756,-0.23343622301787947,0.0,,0
2018-10-11,83.23067474365234,126.60904693603516,0.021500086574879118,0.05032850481222343,0.026668115514056456,-1.0810069508716948,0.0,,0
2018-10-12,84.60612487792969,132.6019744873047,0.026488082085468045,0.05085860345173797,0.025860617841434584,-0.9423797032112208,0.0,,0
2018-10-15,84.70124053955078,129.92266845703125,0.032644495446393584,0.05163057086535689,0.024582477590656786,-0.772341817416299,0.0,,0
2018-10-16,85.95235443115234,134.19248962402344,0.03933479132190931,0.052391060892810294,0.023458847351411096,-0.5565605750069226,0.0,,0
2018-10-17,86.3401107788086,134.8647003173828,0.042603952097879816,0.053246009430037544,0.022113240677957186,-0.48125272487835274,0.0,,0
2018-10-18,83.94035339355469,131.8729705810547,0.01994711234122226,0.052686944452299635,0.022520260544479778,-1.4537945529721077,0.0,,0
2018-10-19,85.22802734375,132.62091064453125,0.033776552461641796,0.05253977700879756,0.022614308953381353,-0.8297058550776648,0.0,,0
2018-10-22,84.60612487792969,133.1510467529297,0.02546926400152083,0.05223167826702,0.022853825424134888,-1.1710255840685908,0.0,,0
2018-10-23,83.58184814453125,131.71200561523438,0.015968144447191746,0.05163277910808821,0.023320682750925026,-1.5293134871654566,0.0,,0
2018-10-24,78.96522521972656,127.11077117919922,-0.03208342700883415,0.05007599566025183,0.025625615993676357,-3.2061443006622943,1.0,Enter Long Spread,1
2018-10-25,78.88475799560547,133.0374755859375,-0.04433898094474742,0.04843392111058084,0.02832426728107464,-3.2753857720201687,1.0,,2
2018-10-26,77.0483627319336,130.4054718017578,-0.06296696273656988,0.04660770745047329,0.03171292027541817,-3.4552059298045297,1.0,,3
2018-10-29,76.91665649414062,127.17705535888672,-0.05849708027742562,0.04480541452547464,0.034444516195883366,-2.999098440385307,1.0,,4
2018-10-30,78.33602905273438,125.69065856933594,-0.03731327558902464,0.04329848926059842,0.03599163659356675,-2.239736018673623,1.0,,5
2018-10-31,77.9482650756836,130.50958251953125,-0.05155169840613483,0.04150558477862824,0.03793978996358014,-2.452762212813838,1.0,,6
2018-11-01,78.66525268554688,133.33096313476562,-0.047668782135455556,0.039710122074452056,0.03953481120175925,-2.210176337101601,1.0,,7
2018-11-02,77.54586029052734,132.33685302734375,-0.0601556218293855,0.03764689726571902,0.04141764797999813,-2.3613730828543518,1.0,,8
2018-11-05,78.15312957763672,132.35581970214844,-0.052390361113731965,0.03592696053302775,0.04294984535429906,-2.0562896308058436,1.0,,9
2018-11-06,79.49201202392578,133.29306030273438,-0.03714368521510547,0.034631063028338224,0.043950346756743884,-1.633087189065928,1.0,,10
2018-11-07,81.30646514892578,137.07061767578125,-0.021464950315160047,0.033497303700919884,0.044501929326641376,-1.2350532852780478,1.0,,11
2018-11-08,81.57716369628906,137.49661254882812,-0.018906188946764768,0.032232376457825694,0.044893122279592385,-1.1391180387521664,1.0,,12
2018-11-09,80.12123107910156,136.2659149169922,-0.03469788659134743,0.030585296890921463,0.04550149698943488,-1.4347480369146355,1.0,,13
2018-11-12,78.81159973144531,132.28004455566406,-0.04385907607390571,0.028584959995508797,0.04608830297017087,-1.5718529735473556,1.0,,14
2018-11-13,80.04075622558594,132.28004455566406,-0.02838330905128572,0.026728887484952075,0.04610272043971663,-1.1954217887923089,1.0,,15
2018-11-14,80.11389923095703,132.06228637695312,-0.027063692464297295,0.024806037384738473,0.04589980898057868,-1.1300641767590602,1.0,,16
2018-11-15,80.8089370727539,134.52830505371094,-0.02298699853275732,0.02313846699745743,0.04578821591297728,-1.0073654238435155,1.0,,17
2018-11-16,81.21468353271484,132.95382690429688,-0.015075873255009586,0.021652498057685557,0.04555696474463081,-0.8062076022530414,1.0,,18
2018-11-19,82.0999526977539,127.81324768066406,0.005487609363186596,0.020429083695838266,0.04498542481703749,-0.3321403408641999,1.0,,19
2018-11-20,80.04910278320312,126.49486541748048,-0.017253194185075982,0.018710665194549454,0.04441920307763297,-0.8096466592786494,1.0,,20
2018-11-21,80.24089050292969,127.49077606201172,-0.01679374605334183,0.017142938789097627,0.043982545140945094,-0.771594384401517,1.0,,21
2018-11-23,80.18189239501953,126.02063751220705,-0.014669645556995015,0.015564602869171329,0.04339269944805939,-0.6967588744359273,1.0,,22
2018-11-26,81.62042236328125,128.93240356445312,-0.002519813937235771,0.01426455699945096,0.04274166858084227,-0.39269339485285903,1.0,,23
2018-11-27,82.26225280761719,128.9039764404297,0.005367396963247062,0.013096094392678321,0.04200426923567568,-0.18399790235767297,1.0,,24
2018-11-28,83.76717376708984,134.0919647216797,0.013767642784004774,0.011896157758858458,0.04092574103855298,0.04572879995950067,0.0,Exit Long Spread,0
2018-11-29,83.55323028564453,131.9295196533203,0.015218857591825952,0.010532404255885112,0.039400562836746714,0.11894381700481814,0.0,,0
2018-11-30,85.05079650878906,134.4049530029297,0.0284002947547346,0.009569563411534244,0.03822885912917748,0.4925789514034476,0.0,,0
2018-12-03,85.0360336303711,137.52537536621094,0.022567965257820122,0.008568316035880185,0.03707106909846831,0.3776435253257471,0.0,,0
2018-12-04,78.76548767089844,131.49327087402344,-0.04297350113025211,0.006317942445057474,0.036018409088355845,-1.36850696138172,0.0,,0
2018-12-06,79.70238494873047,133.7789764404297,-0.03539789168072849,0.0044049534312924615,0.035124044656724474,-1.133207906464745,0.0,,0
2018-12-07,77.69579315185547,130.04205322265625,-0.05391109227566737,0.002182683099069734,0.0345201236727753,-1.6249587025372136,0.0,,0
2018-12-10,77.0171127319336,130.7724151611328,-0.064065434046501,0.0003146458155005657,0.035018330672820425,-1.838467985910315,0.0,,0
2018-12-11,76.41218566894531,129.757568359375,-0.07003005932599327,-0.0017427529792356177,0.03546168958783355,-1.925664206653767,0.0,,0
2018-12-12,74.663818359375,130.696533203125,-0.09495435124393281,-0.004081014641723291,0.036877121879684616,-2.4642198731965332,0.0,,0
2018-12-13,74.34661865234375,130.449951171875,-0.09874616385551294,-0.006322525529843855,0.038442442804149456,-2.4042082548326746,0.0,,0
2018-12-14,72.78263092041016,128.12623596191406,-0.11557551604184524,-0.008851786698168532,0.04050003970476694,-2.6351512275459594,1.0,Enter Long Spread,1
2018-12-17,71.46215057373047,124.62642669677734,-0.12705647543477983,-0.011644148330798439,0.042717202607467746,-2.7017763350403756,1.0,,2
2018-12-18,71.76459503173828,125.8215103149414,-0.1251862109055777,-0.014294715090273524,0.04470017091019741,-2.4807846045619164,1.0,,3
2018-12-19,69.5809555053711,124.49369049072266,-0.1534707807649267,-0.017278544875993857,0.04780756224950603,-2.848759264865885,1.0,,4
2018-12-20,69.3006362915039,122.1225357055664,-0.15276630664548008,-0.020085013697180718,0.05065170347042017,-2.6194833314102306,1.0,,5
2018-12-21,68.97604370117188,117.8545150756836,-0.14869017898342585,-0.022895027689430174,0.052978229448333566,-2.3744687696042392,1.0,,6
2018-12-24,66.31289672851562,115.45496368408205,-0.18299328291344286,-0.026260452988090058,0.05651016632776989,-2.773533332325941,1.0,,7
2018-12-26,71.27035522460938,123.51676177978516,-0.1275388118063372,-0.028702573607327492,0.05765644538856148,-1.7142270483885558,1.0,,8
2018-12-27,72.1334457397461,125.20501708984376,-0.11884861501491795,-0.0310817895403545,0.05837738187913647,-1.5034388773425018,1.0,,9
2018-12-28,71.2113265991211,124.1901626586914,-0.12970793510141476,-0.03360580485546369,0.05930578948829439,-1.6204510735822755,1.0,,10
2018-12-31,71.94902038574219,125.13858032226562,-0.12127775063832491,-0.03610973031157235,0.05978107138902557,-1.4246653388414756,1.0,,11
2019-01-02,71.71295166015625,126.0680923461914,-0.12638881266613033,-0.03870463470281365,0.060262446134530905,-1.4550384789819024,1.0,,12
2019-01-03,69.67687225341797,121.5250015258789,-0.14614261607186307,-0.04165820908288196,0.06110707695364466,-1.7098577153059074,1.0,,13
2019-01-04,72.10395812988281,126.7604751586914,-0.12230165116638325,-0.04453121539668149,0.06077786610548654,-1.2795848349582195,1.0,,14
2019-01-07,71.86050415039062,129.04623413085938,-0.13009010173236746,-0.04740077335751122,0.060685131942023504,-1.3625961702424045,1.0,,15
2019-01-08,71.86786651611328,129.7481231689453,-0.13132504765392583,-0.05031134316377328,0.06045216078814233,-1.3401291770871384,1.0,,16
2019-01-09,72.23674774169922,131.27511596679688,-0.12909015092583287,-0.05282118045545181,0.06054462359213311,-1.2597149993726462,1.0,,17
2019-01-10,72.96707153320312,131.52169799804688,-0.11949346015610751,-0.05525420615947807,0.06024106346807738,-1.0663698530267607,1.0,,18
2019-01-11,72.22936248779297,130.9431610107422,-0.12856813920213117,-0.05794108340362015,0.05985464840491712,-1.179976120162272,1.0,,19
2019-01-14,73.13675689697266,130.0325927734375,-0.1143631979290134,-0.0605027165578022,0.0589182876928545,-0.9141555785190154,1.0,,20
2019-01-15,71.9711685180664,130.26023864746094,-0.13085993028074272,-0.06339378126411258,0.0580372774707338,-1.1624623338103859,1.0,,21
2019-01-16,71.55066680908203,130.26023864746094,-0.13671970640825615,-0.0660048949099372,0.05775255354468763,-1.2244447588555787,1.0,,22
2019-01-17,73.46134185791016,130.20335388183594,-0.11025853057592339,-0.06840547962722997,0.056535788822496824,-0.7402930395133919,1.0,,23
2019-01-18,74.95154571533203,131.36045837402344,-0.09235742573127004,-0.07036925778944315,0.05527319540511196,-0.3978088797050677,1.0,,24
2019-01-22,75.74825286865234,130.93365478515625,-0.08098150528717563,-0.07198508528501593,0.05413091948842748,-0.1661974355355818,1.0,,25
2019-01-23,74.44989013671875,129.94725036621094,-0.09640611383404374,-0.0730571300654361,0.053966760476748823,-0.4326549076198001,1.0,,26
2019-01-24,73.54986572265625,130.60171508789062,-0.10980740858553983,-0.07414827052611597,0.05403688397958347,-0.6599036701097866,1.0,,27
2019-01-25,74.38346862792969,131.52169799804688,-0.10026800336326169,-0.07476995453656082,0.054119177000463,-0.4711462782681032,1.0,,28
2019-01-28,74.01463317871094,128.9798583984375,-0.10042722981933738,-0.07546879036225936,0.05417522591862636,-0.46069839181781597,1.0,,29
2019-01-29,74.73020935058594,128.0408477783203,-0.08900406842648345,-0.076330303576217,0.053972235816767904,-0.2348200821862007,1.0,,30
2019-01-30,74.64908599853516,130.5068817138672,-0.0947936543403265,-0.07705100284178687,0.053925239289382296,-0.32902313892992024,1.0,,31
2019-01-31,77.75482177734375,128.05035400390625,-0.04934622673917399,-0.07707896025184885,0.05391043170130776,0.5144223972519611,0.0,Exit Long Spread,0
2019-02-01,78.26384735107422,132.9253692626953,-0.05203338026918192,-0.0769435895591788,0.05396292878034003,0.4616170740360604,0.0,,0
2019-02-04,78.6253433227539,134.2057647705078,-0.049788641150662505,-0.07690022755979431,0.05398368246259211,0.5022181735734447,0.0,,0
2019-02-05,79.42205810546875,135.18267822265625,-0.04149481477756711,-0.07697274638583532,0.05393312578085097,0.6578133771149732,0.0,,0
2019-02-06,80.27780151367188,134.1963653564453,-0.028972315728101217,-0.07709786914271767,0.05381277883644869,0.8943145932099656,0.0,,0
2019-02-07,79.62862396240234,132.94432067871094,-0.034780680629864724,-0.07736244400410268,0.053564475599380865,0.7949627602576612,0.0,,0
2019-02-08,79.74662780761719,133.1435546875,-0.03366906841473183,-0.07734529703449242,0.053578293450528024,0.8151851394835747,0.0,,0
2019-02-11,80.35894012451172,133.54188537597656,-0.026756702303168067,-0.07706025747164678,0.053800714960208995,0.9349978937209891,0.0,,0
2019-02-12,81.63519287109375,134.67051696777344,-0.013074611022753535,-0.07680511250450459,0.054066598980715155,1.1787407139199357,0.0,,0
2019-02-13,82.63111877441406,136.09320068359375,-0.0035397102758809584,-0.07641304613469764,0.05450935926583217,1.3368958439490504,0.0,,0
2019-02-14,82.47616577148438,136.01724243164062,-0.00527905914859228,-0.07611791381162822,0.05484473390265487,1.2916254601356876,0.0,,0
2019-02-15,81.79012298583984,137.67990112304688,-0.01662751432753229,-0.07614377449617028,0.05481630338383863,1.0857401264709332,0.0,,0
2019-02-19,81.71633911132812,137.2333526611328,-0.016729060471670998,-0.07651405232675122,0.054336578543931854,1.1002715566042358,0.0,,0
2019-02-20,81.9376449584961,137.5088653564453,-0.014518994881634883,-0.07646848233836054,0.05438738201000877,1.1390415417554987,0.0,,0
2019-02-21,82.44668579101562,136.8153076171875,-0.0070789675034328425,-0.07630656936252873,0.05457891793598713,1.268394546412398,0.0,,0
2019-02-22,81.41388702392578,138.59197998046875,-0.022866097594578916,-0.07644317689648845,0.0544345403417819,0.984247850087673,0.0,,0
2019-02-25,82.5003890991211,138.77252197265625,-0.009929924321352201,-0.07656667873622373,0.054274853745836765,1.2277647900614197,0.0,,0
2019-02-26,82.63435363769531,139.70361328125,-0.009956170504228146,-0.07682207152734834,0.05392362476463832,1.2400112439579372,0.0,,0
2019-02-27,82.70130920410156,139.87464904785156,-0.009447902863213953,-0.0772089972881353,0.05335248167251453,1.2700645274731366,0.0,,0
2019-02-28,82.00922393798828,140.729736328125,-0.019354272182864785,-0.07778521611771348,0.052531510735284954,1.1123027515673778,0.0,,0
2019-03-01,83.44551086425781,142.012451171875,-0.004229255193681336,-0.07832904195018707,0.05158988096580125,1.4363240497807355,0.0,,0
2019-03-04,82.21759796142578,140.57772827148438,-0.016550175065086936,-0.07898101095556886,0.050547315721504615,1.2350969581540339,0.0,,0
2019-03-05,81.83805847167969,140.56822204589844,-0.021160470159297784,-0.07861746043938629,0.05088231710434907,1.129213321049357,0.0,,0
2019-03-06,81.00457763671875,140.43521118164062,-0.031163790521431256,-0.07854689208673134,0.050945106488243165,0.9300815099137126,0.0,,0
2019-03-07,79.52363586425781,139.5040740966797,-0.047974976337093356,-0.07844795682108845,0.05099858896985468,0.5975259531593649,0.0,,0
2019-03-08,79.38970184326172,139.99818420410156,-0.05053233337051921,-0.07822240514315541,0.05109154158186368,0.5419697843383442,0.0,,0
2019-03-11,80.98967742919922,143.15248107910156,-0.03607276771777723,-0.07765645028301846,0.05136649303186505,0.8095487955435251,0.0,,0
2019-03-12,81.12364959716797,144.15960693359375,-0.03614847393782017,-0.0766763523279166,0.05158763669492958,0.7856122316624715,0.0,,0
2019-03-13,82.5003890991211,144.86273193359375,-0.02051962152541642,-0.07537257662241498,0.05200025121000669,1.054859425110679,0.0,,0
2019-03-14,82.51526641845703,146.50640869140625,-0.023121083761000083,-0.07383166941773424,0.05215570375035793,0.9722922328775238,0.0,,0
2019-03-15,81.503173828125,147.7035675048828,-0.03746895610334011,-0.07233854409554358,0.05189229993812068,0.6719607347098497,0.0,,0
2019-03-18,82.37388610839844,147.22845458984375,-0.026048082901241276,-0.07068624196213796,0.05176143550656,0.8623825561259687,0.0,,0
2019-03-19,82.12085723876953,146.87689208984375,-0.028535075748657324,-0.06860398021186681,0.050895000483111255,0.7872856681965403,0.0,,0
2019-03-20,80.31249237060547,146.07887268066406,-0.04945867549035632,-0.06688218635928142,0.04975329729583543,0.3501981138119167,0.0,,0
2019-03-21,81.71156311035156,148.02659606933594,-0.03545402466698189,-0.06499491712067401,0.048751907670006915,0.6059433131037503,0.0,,0
2019-03-22,79.88832092285156,145.43276977539062,-0.05366125748299222,-0.06283938336349984,0.04628372068957084,0.19830138423974497,0.0,,0
2019-03-25,79.55342864990234,145.3947296142578,-0.05779757517685424,-0.06167702941967512,0.04551360745969826,0.08523723913240865,0.0,,0
2019-03-26,80.67713928222656,147.55152893066406,-0.04740174091190674,-0.06048624818462493,0.04493317703457937,0.2911992459969769,0.0,,0
2019-03-27,81.10132598876953,146.52537536621094,-0.0404370133812233,-0.05899839948928841,0.04408645524372803,0.42102242072877366,0.0,,0
2019-03-28,82.08365631103516,146.95294189453125,-0.029115808860578296,-0.05746236712632597,0.04349130565897972,0.6517752878705521,0.0,,0
2019-03-29,83.1552734375,148.39710998535156,-0.01855628643526841,-0.0556651583558116,0.042828855291237686,0.8664455696562887,0.0,,0
2019-04-01,85.15713500976562,149.4136962890625,0.0035490299952385396,-0.05317029758802658,0.041834065199257274,1.3558167802509453,0.0,,0
2019-04-02,84.5989761352539,149.9077606201172,-0.0038409398751992896,-0.05119595239984018,0.04131700614662199,1.1461385260246537,0.0,,0
2019-04-03,85.09759521484375,150.55386352539062,0.0009753012521236393,-0.04901152901676533,0.040545643085483085,1.2328533096269028,0.0,,0
2019-04-04,84.81478881835938,149.77474975585938,-0.0010743179018277704,-0.04684068352089702,0.03955516338860516,1.1570263323006114,0.0,,0
2019-04-05,85.08271789550781,149.78424072265625,0.0020640697577740674,-0.04465477984283691,0.03856091859067971,1.2115595610293126,0.0,,0
2019-04-08,84.81478881835938,149.8792266845703,-0.0012462453035149146,-0.042683992928627026,0.0376977230279602,1.0992108885297385,0.0,,0
2019-04-09,84.0259780883789,149.63226318359375,-0.010183558402882875,-0.04071091658197289,0.036220093211875734,0.8428293654716714,0.0,,0
2019-04-10,84.15250396728516,150.64883422851562,-0.010348279751305922,-0.038977334612344434,0.03512611135076491,0.8150362724513507,0.0,,0
2019-04-11,84.45758056640625,149.9838104248047,-0.005638749336698279,-0.03689031492994369,0.03327620088734981,0.9391566573071725,0.0,,0
2019-04-12,85.179443359375,151.67498779296875,0.0001074398544445021,-0.03460986249223201,0.030964827193293385,1.1211850829962284,0.0,,0
2019-04-15,84.5692138671875,152.43504333496094,-0.008314815843494694,-0.03291080058002487,0.029530981245454547,0.8328874862671903,0.0,,0
2019-04-16,84.79248046875,152.23548889160156,-0.005355268715309114,-0.03146076462975886,0.02870074942059126,0.909575409752905,0.0,,0
2019-04-17,85.2017822265625,152.43504333496094,-0.0008627621794314866,-0.03012545224462979,0.028225559187537972,1.0367443872686228,0.0,,0
2019-04-18,84.94877624511719,152.16900634765625,-0.0034059950103988434,-0.028575450264235705,0.02707322921656512,0.9296805731041715,0.0,,0
2019-04-22,84.5543441772461,152.3970184326172,-0.008429149027861627,-0.026885812604941068,0.02503781616154877,0.7371514934846364,0.0,,0
2019-04-23,84.5394515991211,153.5941925048828,-0.010534574946601927,-0.025390255464663405,0.023224179164271008,0.6396643951539972,0.0,,0
2019-04-24,85.15713500976562,153.43264770507812,-0.002995231544103305,-0.023766388826742837,0.02124245861314981,0.9778132400258731,0.0,,0
2019-04-25,78.23619079589844,152.9861297607422,-0.08704252100016174,-0.023733696369637475,0.021143309742227927,-2.994272202524771,1.0,Enter Long Spread,1
2019-04-26,77.35806274414062,154.80079650878906,-0.1012373950132921,-0.023841092047520236,0.02151704226038053,-3.596976853472198,1.0,,2
2019-04-29,78.02039337158203,155.9599609375,-0.09455131301883113,-0.024594510152181188,0.023128031902810944,-3.02476246835977,1.0,,3
2019-04-30,79.04736328125,156.2259521484375,-0.08189449562638718,-0.02509219540813461,0.024017315589331734,-2.3650561615422006,1.0,,4
2019-05-01,77.85667419433594,154.66778564453125,-0.09460063653008755,-0.025839061997791693,0.02542896224772685,-2.7040653040586666,1.0,,5
2019-05-02,78.51899719238281,153.0811004638672,-0.08358727064070348,-0.026540602928843967,0.026412796988538958,-2.1598116903943647,1.0,,6
2019-05-03,79.36736297607422,153.9552001953125,-0.07424446904686866,-0.02729513881749009,0.027108958186209533,-1.7318751206478284,1.0,,7
2019-05-06,77.85667419433594,154.18321228027344,-0.09382696678103764,-0.028279243586676307,0.028403661706618503,-2.307720880195094,1.0,,8
2019-05-07,75.973876953125,152.21652221679688,-0.11514185725736592,-0.02963712340072021,0.030499047276733266,-2.8035214700583286,1.0,,9
2019-05-08,75.7952651977539,152.7390899658203,-0.118340577009872,-0.031163521312498606,0.032540161213668324,-2.6790603502220853,1.0,,10
2019-05-09,74.9766845703125,151.83653259277344,-0.12773795660190657,-0.033074577072151154,0.034715993033398646,-2.726794519133708,1.0,,11
2019-05-10,74.88737487792969,152.69163513183594,-0.13031447192533196,-0.03518748976630867,0.0366577493237322,-2.5950033461939293,1.0,,12
2019-05-13,73.934814453125,149.48023986816406,-0.13787513046590427,-0.03739742428826387,0.03872652919809408,-2.5945445734028083,1.0,,13
2019-05-14,74.23992919921875,152.21652221679688,-0.1382292793527986,-0.03942412037201832,0.040717291134290456,-2.4266142522818908,1.0,,14
2019-05-15,75.56456756591797,154.66778564453125,-0.12448277226882842,-0.04122001556863761,0.04203178598474851,-1.980947388968987,1.0,,15
2019-05-16,75.3934097290039,156.8849334716797,-0.1302596524583559,-0.04314902652824962,0.04339587334813626,-2.0073481464764087,1.0,,16
2019-05-17,74.6796875,156.14276123046875,-0.13860224277624877,-0.04534108111612989,0.04481704857043944,-2.0809304636279053,1.0,,17
2019-05-20,74.01853942871094,155.552734375,-0.14656134207072014,-0.04740266852406557,0.046547373420150404,-2.1302743046663224,1.0,,18
2019-05-21,74.68721008300781,155.92385864257812,-0.1381556182735213,-0.04953976342326839,0.04770697698669605,-1.857503041430712,1.0,,19
2019-05-22,73.25218963623047,156.28546142578125,-0.15812746310827697,-0.0520092849666692,0.04939903080828119,-2.148183403707958,1.0,,20
2019-05-23,72.25297546386719,153.6876983642578,-0.16772942781172473,-0.054647310382477714,0.051247436393720786,-2.2065907172500565,1.0,,21
2019-05-24,72.01256561279297,154.76300048828125,-0.17278137144847738,-0.057204428703571265,0.05321273513107696,-2.1719789907474163,1.0,,22
2019-05-28,70.67521667480469,155.78115844726562,-0.1931437604475188,-0.06035300379113521,0.055523873575468334,-2.3915974896076677,1.0,,23
2019-05-29,71.20114135742188,154.84860229492188,-0.18424948501429572,-0.0631479922902887,0.05743648155744582,-2.1084420465916915,1.0,,24
2019-05-30,71.93743896484375,154.87716674804688,-0.17400697272668553,-0.06569543399974516,0.05888892917954969,-1.8392512860388983,1.0,,25
2019-05-31,69.81123352050781,153.51641845703125,-0.20183307005326268,-0.06853992199194234,0.0612277052794869,-2.1770070828700074,1.0,,26
2019-06-03,70.72030639648438,150.9186248779297,-0.18468735608921794,-0.07081846165447776,0.06293988117050955,-1.8091691995137318,1.0,,27
2019-06-04,73.37239837646484,154.4679718017578,-0.15360371295419317,-0.07253631798087232,0.06376395631755027,-1.2713670803235277,1.0,,28
2019-06-05,73.78563690185547,157.37974548339844,-0.1525918363396901,-0.07447830245790422,0.06439507548658195,-1.2130358306368076,1.0,,29
2019-06-06,73.62783813476562,158.835693359375,-0.1570031800844358,-0.07649254756034779,0.06505142753856202,-1.2376458991059327,1.0,,30
2019-06-07,73.8006591796875,161.8140411376953,-0.1592390887651316,-0.07880453868100971,0.0654846797533857,-1.2282956927793975,1.0,,31
2019-06-10,75.19808197021484,162.54678344726562,-0.14159498417311678,-0.08077910368787831,0.06556201331811694,-0.9276084947262142,1.0,,32
2019-06-11,75.13797760009766,162.0614776611328,-0.14165735786637423,-0.08251557705059556,0.06577133722009383,-0.899202955504305,1.0,,33
2019-06-12,75.43097686767578,163.2794647216797,-0.13961153895926692,-0.08440830131822932,0.06575314373279421,-0.8395528260271626,1.0,,34
2019-06-13,76.64808654785156,161.14797973632812,-0.12036514075793536,-0.08593880240171729,0.06550306425372796,-0.5255683646014893,1.0,,35
2019-06-14,76.34758758544922,161.4429168701172,-0.12474418763425565,-0.08719356093744896,0.06551331654992976,-0.5731754805633781,1.0,,36
2019-06-17,76.18229675292969,161.34780883789062,-0.12676622066223553,-0.08871543087070319,0.06535412881892827,-0.5822247267185946,1.0,,37
2019-06-18,76.74577331542969,161.08135986328125,-0.11898951900969035,-0.08980423522948147,0.06530522246417382,-0.446905816701257,1.0,,38
2019-06-19,76.30250549316406,162.42306518554688,-0.1268272031597233,-0.09095472902919596,0.06533926596023792,-0.5490186276711074,1.0,,39
2019-06-20,77.68490600585938,165.3253631591797,-0.11323874099652187,-0.09205201236393955,0.06515118995405676,-0.3251932719497948,1.0,,40
2019-06-21,76.76078796386719,165.03988647460938,-0.1247796738118927,-0.09345772337111738,0.0649318980988927,-0.4823815621879912,1.0,,41
2019-06-24,74.92010498046875,165.4300537109375,-0.14963352007659902,-0.09546635189138439,0.06477433214684238,-0.8362443330549288,1.0,,42
2019-06-25,72.97420501708984,162.98448181152344,-0.17227770720094404,-0.0980283755708123,0.06472169066087992,-1.1472093956749907,1.0,,43
2019-06-26,75.1079330444336,162.77516174316406,-0.14314069029749343,-0.10047320424235785,0.0635993127458458,-0.6708796716977503,1.0,,44
2019-06-27,76.40767669677734,162.93692016601562,-0.12622859892773208,-0.10251299855990006,0.062419048253429366,-0.37994171701471047,1.0,,45
2019-06-28,77.58723449707031,165.14450073242188,-0.11422693571070774,-0.10443303584261392,0.0609609780416136,-0.16065850947155488,1.0,,46
2019-07-01,77.36181640625,165.51560974121094,-0.11768994710765401,-0.10637662966271103,0.059475557771390526,-0.19021792932869347,1.0,,47
2019-07-02,76.63307189941406,166.79074096679688,-0.1290467291363835,-0.10856180964428033,0.05783720915340917,-0.3541823644665899,1.0,,48
2019-07-03,77.53463745117188,168.30374145507812,-0.11957717283061742,-0.11053399176973203,0.056136723496523,-0.161092071243622,1.0,,49
2019-07-05,76.94862365722656,168.10394287109375,-0.126871102701841,-0.11247878417471466,0.0546274751021696,-0.2634630009937018,1.0,,50
2019-07-08,76.57296752929688,167.65673828125,-0.13110818424484028,-0.1144914492496069,0.05302877010536529,-0.31335320359527147,1.0,,51
2019-07-09,76.43022918701172,169.1221160888672,-0.13511962380358566,-0.11664946382405503,0.05115665763550052,-0.3610509527642232,1.0,,52
2019-07-10,76.34758758544922,170.62557983398438,-0.13838362433314955,-0.11895764822718159,0.04891161305325203,-0.39716490406517807,1.0,,53
2019-07-11,77.63229370117188,171.98635864257812,-0.12365510040675343,-0.12087998630323589,0.04674385167531645,-0.059368537338204914,1.0,,54
2019-07-12,79.57069396972656,171.59620666503906,-0.09843279023030793,-0.1224312783284859,0.04436830437514846,0.5408926132327018,0.0,Exit Long Spread,0
2019-07-15,79.48052215576172,171.82456970214844,-0.09989456374930339,-0.12408180835465041,0.04156888467970032,0.5818593592711565,0.0,,0
2019-07-16,79.34529113769531,170.62557983398438,-0.09987095644203392,-0.1256895577118443,0.03863218700236846,0.6683183964766869,0.0,,0
2019-07-17,76.80587768554688,170.4733123779297,-0.13217876302287923,-0.12775205127842795,0.035492634426798134,-0.12472198291116317,0.0,,0
2019-07-18,77.2341079711914,171.7864990234375,-0.1285107438475641,-0.12971832076011064,0.032044836253182454,0.037683978254892746,0.0,,0
2019-07-19,77.6172866821289,170.55897521972656,-0.12179362674468952,-0.13169829401345376,0.027501858609722245,0.36014537814774517,0.0,,0
2019-07-22,78.1431884765625,171.82456970214844,-0.11686365760114392,-0.13219531295680348,0.02695435658157975,0.5688006430150518,0.0,,0
2019-07-23,79.08984375,172.13856506347656,-0.10527223102035155,-0.1322625602235878,0.0268819730952062,1.0040308093325696,0.0,,0
2019-07-24,85.94174194335938,174.4508514404297,-0.02547691312282474,-0.13111132022532102,0.029793719611817884,3.545525985973086,-1.0,Enter Short Spread,1
2019-07-25,88.84178161621094,172.79515075683594,0.010061708836785144,-0.1295787168176015,0.03430902204403971,4.070078869492157,0.0,Stop Short Spread,0
2019-07-26,90.59232330322266,174.79347229003906,0.02673915787476222,-0.12755638691085397,0.039495350437264216,3.9066761802937937,-1.0,Enter Short Spread,1
2019-07-29,89.2174301147461,174.33670043945312,0.01209124993112276,-0.12596174490132356,0.043013286449537017,3.2095430558278646,-1.0,,2
2019-07-30,90.01380920410156,172.7380828857422,0.02324919161406247,-0.12433685055697469,0.04662606186951143,3.165312193512594,-1.0,,3
2019-07-31,89.75836181640625,169.37901306152344,0.0252490448166538,-0.12235225036367983,0.050273940820708476,2.935940425015076,-1.0,,4
2019-08-01,87.88761901855469,170.49234008789062,0.002571490889302419,-0.12039036122790202,0.0527527500641239,2.330908852481387,-1.0,,5
2019-08-02,88.05289459228516,168.82711791992188,0.006870237181984651,-0.11830351432470441,0.05521185272085066,2.267153615357983,-1.0,,6
2019-08-05,86.28732299804688,160.68173217773438,-0.001192699375946349,-0.11619442670427176,0.057192651056695354,2.010778049339305,-1.0,,7
2019-08-06,86.40003204345703,164.12637329101562,-0.005117061774923659,-0.11410780320176493,0.05889786718799827,1.850504044211817,-1.0,,8
2019-08-07,86.70807647705078,166.828857421875,-0.0055847655534895235,-0.11190296378655804,0.06042325854641604,1.7595575079982955,-1.0,,9
2019-08-08,88.31586456298828,171.18701171875,0.006429756978842516,-0.10949197984769735,0.06218507292768159,1.8641408841210425,-1.0,,10
2019-08-09,86.96350860595703,170.378173828125,-0.007833705979838568,-0.10754782874288084,0.06349565537349024,1.5704085921550064,-1.0,,11
2019-08-12,86.31739044189453,167.7994384765625,-0.011530970350190461,-0.10556901737441142,0.06459751847294426,1.4557532432705977,-1.0,,12
2019-08-13,87.02362060546875,169.95950317382812,-0.006536105284869587,-0.10336791508288844,0.06567546424025286,1.4743985583990755,-1.0,,13
2019-08-14,85.67877960205078,165.1064910888672,-0.014967909370868782,-0.10117469120455759,0.06638979228848202,1.2984945254700675,-1.0,,14
2019-08-15,85.5736083984375,167.974853515625,-0.020442747976265885,-0.09921281003293665,0.06700440162570287,1.1755953362092946,-1.0,,15
2019-08-16,87.36176300048828,169.8425750732422,-0.0024883129248369773,-0.096618824196546,0.0676826364335508,1.3907630705864142,-1.0,,16
2019-08-19,88.4906997680664,171.28155517578125,0.008271327487441082,-0.09368547827489322,0.06834780066588138,1.4917349902852142,-1.0,,17
2019-08-20,87.16475677490234,170.8050994873047,-0.006139246091594774,-0.0909081095189452,0.06846296653081349,1.2381710539697115,-1.0,,18
2019-08-21,87.8390884399414,172.42506408691406,-0.0007601136152919352,-0.08770171540507474,0.06810388415548282,1.2766026911371606,-1.0,,19
2019-08-22,87.30115509033203,171.61509704589844,-0.005742095924109902,-0.08472659225357164,0.06771917111212038,1.166353560333598,-1.0,,20
2019-08-23,84.31584930419922,166.9838104248047,-0.03379083920259607,-0.0823896566948368,0.06701355045808069,0.725208814635795,-1.0,,21
2019-08-26,86.64952850341797,169.2327423095703,-0.009787561215819585,-0.07918889821421277,0.06580762375819627,1.0546093755550523,-1.0,,22
2019-08-27,86.4752426147461,169.985595703125,-0.012895376678074166,-0.07632569855736036,0.06488600675147882,0.9775655037954782,-1.0,,23
2019-08-28,88.14216613769531,170.2619171142578,0.005797033259980822,-0.07366901945379078,0.06493078459272902,1.2238578851651556,-1.0,,24
2019-08-29,89.6878662109375,172.6442413330078,0.019755566538592895,-0.07079656273915275,0.06518751018633831,1.389102437244537,-1.0,,25
2019-08-30,89.90758514404297,172.3107147216797,0.022679162892482507,-0.06780185702287077,0.06528561910638699,1.3859257391418593,-1.0,,26
2019-09-03,88.89985656738281,170.76690673828125,0.013626336250526894,-0.06492076660594313,0.0650005725766968,1.2084063223256862,-1.0,,27
2019-09-04,90.52131652832033,173.21604919433594,0.028190185107086707,-0.062091013784606415,0.06529608586348315,1.3826433498701167,-1.0,,28
2019-09-05,91.83211517333984,176.03675842285156,0.03858424124521642,-0.059086987132746564,0.06571123483884604,1.4863703081748114,-1.0,,29
2019-09-06,90.98350524902344,176.99920654296875,0.027956070678045508,-0.056294193638791366,0.06579036046146333,1.2805867565687898,-1.0,,30
2019-09-09,92.1806640625,173.00636291503906,0.046653859635522155,-0.05351054363223373,0.06654955356044133,1.5051100707502874,-1.0,,31
2019-09-10,92.7413558959961,168.05108642578125,0.05988295856964321,-0.05043342452883542,0.06744705569690118,1.6355996856886825,-1.0,,32
2019-09-11,93.08231353759766,166.7455596923828,0.06547553023551145,-0.0472293953472063,0.06830550992661204,1.6500122128333246,-1.0,,33
2019-09-12,92.8625946044922,169.6043701171875,0.05892095556969568,-0.044264220770883204,0.0689842261215939,1.495779283784401,-1.0,,34
2019-09-13,92.94593048095705,168.92776489257812,0.06080351848420196,-0.04113704207681779,0.06942204695338382,1.468417671830849,-1.0,,35
2019-09-16,92.8701629638672,167.82237243652344,0.061606665274641204,-0.0382229519722984,0.07000158752209944,1.4261050467665963,-1.0,,36
2019-09-17,92.73377990722656,168.14637756347656,0.05966149938656984,-0.03514893241899068,0.07018257847526592,1.3509112071021168,-1.0,,37
2019-09-18,91.71088409423828,167.0409393310547,0.05019602961980718,-0.03181843992405058,0.06940787301703745,1.181630641868622,-1.0,,38
2019-09-19,90.25613403320312,167.67945861816406,0.03326585744243382,-0.028392713846660957,0.0674351780422306,0.9143383776710979,-1.0,,39
2019-09-20,91.45327758789062,165.86883544921875,0.04911932475232872,-0.025188380262497253,0.06646742899851213,1.1179566613971086,-1.0,,40
2019-09-23,90.2031021118164,166.6788330078125,0.034153838742123854,-0.022515339634666322,0.0655691507058168,0.8642658592764556,-1.0,,41
2019-09-24,89.3999252319336,166.26907348632812,0.025816739487370288,-0.02018127838136502,0.06475040720056272,0.710389630852168,-1.0,,42
2019-09-25,90.2031021118164,167.0314178466797,0.033632837236870605,-0.017659231975622944,0.06384398815823848,0.8033970103083977,-1.0,,43
2019-09-26,89.74848175048828,167.3839874267578,0.028060249660967873,-0.01504078232900042,0.06242795970840097,0.6904123119078671,-1.0,,44
2019-09-27,90.1273193359375,165.81167602539062,0.0345994194677981,-0.012471172457360161,0.061233858853170245,0.7687020352257496,-1.0,,45
2019-09-30,90.7865219116211,163.91531372070312,0.044722993040058556,-0.009611270861661836,0.05981474379306186,0.9083757691865735,-1.0,,46
2019-10-01,87.7481689453125,166.0880126953125,0.007436525067768818,-0.007302192373118351,0.05771733293650685,0.25536033442676226,-1.0,,47
2019-10-02,87.3163070678711,161.8379364013672,0.008894080095814827,-0.004901963974795009,0.05529568834318118,0.24949583745097015,-1.0,,48
2019-10-03,87.81637573242188,164.73486328125,0.010230485075463314,-0.0024250621513181286,0.05251988889370394,0.24096675551609142,-1.0,,49
2019-10-04,89.02108764648438,167.69850158691406,0.019459577775429837,-3.981751494840739e-05,0.050156617299416846,0.3887701432090987,-1.0,,50
2019-10-07,87.56633758544922,166.6692657470703,0.004500823271702092,0.001675742710085093,0.04849467789717662,0.05825547635571525,-1.0,,51
2019-10-08,85.42205810546875,164.3059539794922,-0.016770373357622104,0.0030611458832797813,0.04672839939259744,-0.42439971192429776,0.0,Exit Short Spread,0
2019-10-09,86.27067565917969,166.6502685546875,-0.010377977368738467,0.004552695534501372,0.04480786904674158,-0.3332154199893957,0.0,,0
2019-10-10,87.34658813476562,166.6502685546875,0.0020162537721044593,0.0067892791477511,0.04112491359922809,-0.11606165114803378,0.0,,0
2019-10-11,87.90729522705078,168.7276611328125,0.005360613958168559,0.009020468444513312,0.037164670417313105,-0.09847671041473344,0.0,,0
2019-10-14,87.79363250732422,169.01351928710938,0.003649432851044132,0.011111186104442205,0.03304719305700428,-0.2257908331435904,0.0,,0
2019-10-15,88.25582885742188,170.338134765625,0.006975395308918886,0.013175170319609918,0.02855140406075277,-0.2171443126754437,0.0,,0
2019-10-16,89.02867889404297,169.4995574951172,0.016910999151349637,0.015211557489138272,0.024029952698330196,0.07072180638663748,0.0,,0
2019-10-17,89.70301055908203,169.5662384033203,0.024359802042200007,0.01604216940855535,0.023463823704112603,0.35448751825504,0.0,,0
2019-10-18,88.91500854492188,167.4412078857422,0.01864582120266145,0.01618523794798662,0.023453090182552542,0.10491509799017149,0.0,,0
2019-10-21,89.80150604248047,168.12730407714844,0.02755840846233837,0.016198892124446227,0.023459468217257962,0.4842188336364552,0.0,,0
2019-10-22,87.96790313720703,162.81942749023438,0.014838094089975273,0.0162446728604271,0.02345408714792485,-0.059971584550724065,0.0,,0
2019-10-23,87.24810028076172,163.25782775878906,0.0059588986130227894,0.015956501310409772,0.0234724673944146,-0.42592892044088926,0.0,,0
2019-10-24,86.38433837890625,167.87005615234375,-0.010859409025282929,0.015354693746377494,0.02368839901603746,-1.10662196942533,0.0,,0
2019-10-25,87.67997741699219,169.48049926757812,0.0016737360204146512,0.015339731165229364,0.02369675075225316,-0.5767033331991859,0.0,,0
2019-10-28,88.0815658569336,171.3768310546875,0.0035000291668982886,0.015283561031644593,0.0237207422181893,-0.4967606728473519,0.0,,0
2019-10-29,88.58163452148438,169.2708740234375,0.012209866930113389,0.015506937136745587,0.02362745694746493,-0.13954401499760016,0.0,,0
2019-10-30,88.55890655517578,170.81460571289062,0.009714889738384525,0.015754136328634056,0.023487562433405273,-0.257125302268923,0.0,,0
2019-10-31,87.26323699951172,170.4429473876953,-0.004486748783371741,0.01577243660813602,0.023471351312595024,-0.8631452497852745,0.0,,0
2019-11-01,90.5516128540039,172.41552734375,0.029666919342302256,0.016159722647527016,0.023505684243593568,0.574635333087851,0.0,,0
2019-11-04,93.21112060546876,170.52871704101562,0.06132698302679107,0.01731240079763751,0.0239915638935087,1.8345857912606691,0.0,,0
2019-11-05,91.97606658935548,168.07012939453125,0.05156891951203035,0.018364065628674524,0.024086966518439806,1.378540293064127,0.0,,0
2019-11-06,92.40039825439452,168.45130920410156,0.0556132608104567,0.01939988839692996,0.02432900383813493,1.4884856221183802,0.0,,0
2019-11-07,93.56723022460938,170.03317260742188,0.06585768240009182,0.020746981593112637,0.0246246242478401,1.8319345851921365,0.0,,0
2019-11-08,94.18097686767578,170.54779052734375,0.07165059028588883,0.02228187056414855,0.024878222627960914,1.984415062925525,0.0,,0
2019-11-11,93.30205535888672,171.09095764160156,0.06149051869860167,0.023348184424539193,0.025163164960945356,1.515800350761183,0.0,,0
2019-11-12,93.2035675048828,171.28155517578125,0.06015986727045308,0.024212993420922726,0.025519276032683533,1.408616522016212,0.0,,0
2019-11-13,93.21112060546876,170.96710205078125,0.06069396617298173,0.025326880291999,0.02562848846035588,1.379991096068395,0.0,,0
2019-11-14,94.01426696777344,171.57797241210938,0.06839409893885695,0.026479450501234816,0.02598195342649068,1.613221598453286,0.0,,0
2019-11-15,94.48005676269533,171.59707641601562,0.07330887391224072,0.027796966665173995,0.026316765930933347,1.729388305786121,0.0,,0
2019-11-18,93.74701690673828,171.4920654296875,0.06567087485059853,0.029454661899393903,0.025505172032377597,1.4199556429272413,0.0,,0
2019-11-19,92.044189453125,174.460693359375,0.043108311889021644,0.03033625978447459,0.02504351719747945,0.5099943432000247,0.0,,0
2019-11-20,90.87588500976562,173.4011688232422,0.03183613659243889,0.031081785005649808,0.02440307083992762,0.030912158217187735,0.0,,0
2019-11-21,91.26530456542967,171.7115936279297,0.038526314214415214,0.03162727302155705,0.02419670807461272,0.2851231321047619,0.0,,0
2019-11-22,91.1125946044922,171.31072998046875,0.03742792056935329,0.031921812255403054,0.024157933753538512,0.22792132680402497,0.0,,0
2019-11-25,91.8609390258789,172.7425079345703,0.043555682700203935,0.03226975425219841,0.024172643749603193,0.4668884613910213,0.0,,0
2019-11-26,92.54814910888672,174.2506866455078,0.04886553950577488,0.032857074306452544,0.02414061194796846,0.6631341920339977,0.0,,0
2019-11-27,91.5325698852539,175.98793029785156,0.0353854280081789,0.03297699502147075,0.02413500175136804,0.09979004814332076,0.0,,0
2019-11-29,91.4256820678711,176.12161254882812,0.034029773422767695,0.032901087224429935,0.02412440672322041,0.04678607069127913,0.0,,0
2019-12-02,90.27263641357422,173.5252227783203,0.024999520099201256,0.0328518113814492,0.02413747289751978,-0.3253153847375132,0.0,,0
2019-12-03,89.28759765625,173.63021850585938,0.01387859015688031,0.032305556890138504,0.024189749489602046,-0.7617675718873822,0.0,,0
2019-12-04,88.93633270263672,172.38931274414062,0.011705164195345175,0.03150259365056687,0.024060277402156334,-0.8228263175987905,0.0,,0
2019-12-05,87.82147979736328,173.62069702148438,-0.002664367802273526,0.030366928683270452,0.024038044034322418,-1.3741257998521286,0.0,,0
2019-12-06,89.74575805664062,173.887939453125,0.018631064886929893,0.029695430505224354,0.02379250481390789,-0.4650357625157143,0.0,,0
2019-12-09,90.21154022216795,174.6038818359375,0.022794612025196948,0.029061948730907606,0.023459478300420063,-0.26715584317143304,0.0,,0
2019-12-10,90.5169906616211,173.97386169433594,0.02706607886624024,0.02848627229076759,0.023074433199053,-0.06154835580471104,0.0,,0
2019-12-11,89.18069458007812,173.7352752685547,0.01253144777585824,0.027700771430589063,0.022800368780716312,-0.6653104518011332,0.0,,0
2019-12-12,89.30284881591797,174.3366241455078,0.013048321466664126,0.02708164296137001,0.022685188794108833,-0.6186116246187129,0.0,,0
2019-12-13,90.57808685302734,176.7229461669922,0.02387528292967267,0.026925133386157325,0.02267437391952228,-0.13450649033615797,0.0,,0
2019-12-16,90.95989227294922,177.77294921875,0.026621051203190582,0.026550162160338356,0.02248951907330129,0.003152092431197566,0.0,,0
2019-12-17,91.8532943725586,177.0856475830078,0.03735013864389347,0.02660343382536785,0.02251124215851945,0.47739279524646305,0.0,,0
2019-12-18,90.06647491455078,176.49383544921875,0.01853082580401777,0.02648200193064531,0.022534797085526706,-0.3528399255804391,0.0,,0
2019-12-19,90.53225708007812,178.05926513671875,0.021511829430331364,0.026279985133869654,0.022524114597133122,-0.21169114918928633,0.0,,0
2019-12-20,89.6465072631836,179.45291137695312,0.009757605447190398,0.02597494106364003,0.022621663981946056,-0.7168940193520863,0.0,,0
2019-12-23,90.82244110107422,178.57473754882812,0.02399927978284433,0.0257982720688908,0.0225949956747266,-0.07961905865991002,0.0,,0
2019-12-24,90.35661315917967,179.04246520996094,0.018212144809654163,0.02535642459838406,0.022479516707505084,-0.31781287301184213,0.0,,0
2019-12-26,90.89879608154295,180.5601806640625,0.022113487572816393,0.025601040640134853,0.02236273831811583,-0.1559537574382485,0.0,,0
2019-12-27,90.82244110107422,180.7797393798828,0.020973508648630235,0.025802364449348445,0.02226558762986997,-0.21687529118881876,0.0,,0
2019-12-30,88.9134292602539,179.29061889648438,0.0017696364594692593,0.025661350305748544,0.022390205834353888,-1.067060929364999,0.0,,0
2019-12-31,89.3868637084961,179.35745239257812,0.006988287594156928,0.025453495469393995,0.022504409978497383,-0.8205150853934979,0.0,,0
2020-01-02,89.18069458007812,182.4310607910156,0.0004897701520216735,0.025386644584065986,0.022572406855813538,-1.1029782774641113,0.0,,0
2020-01-03,89.12723541259766,180.98019409179688,0.0018588274020905349,0.02569713126339453,0.022113861782749492,-1.0779801418447728,0.0,,0
2020-01-06,88.73017120361328,180.5888519287109,-0.0020724363588673356,0.025835556946892383,0.021912689892582403,-1.2735996102060827,0.0,,0
2020-01-07,88.57743835449219,180.11154174804688,-0.003142709753234163,0.025749574221470072,0.022015863922474902,-1.3123393238822456,0.0,,0
2020-01-08,89.08140563964844,183.19468688964844,-0.0016540822215846962,0.025632662618474186,0.022142089046892688,-1.232347353597522,0.0,,0
2020-01-09,89.28759765625,184.46424865722656,-0.001044876567535713,0.02555442412816452,0.02222775587411792,-1.1966705431866183,0.0,,0
2020-01-10,88.47817993164062,184.9605712890625,-0.01081399920956172,0.025257934219523177,0.022589302556819957,-1.596859103478358,0.0,,0
2020-01-13,89.150146484375,186.44964599609372,-0.005224992732762113,0.024889001021454648,0.02290122493393493,-1.3149512238358037,0.0,,0
2020-01-14,89.54723358154297,187.13693237304688,-0.0016879208678122204,0.02445487230628778,0.023152649549439467,-1.1291490901840617,0.0,,0
2020-01-15,90.05118560791016,190.7164459228516,-0.0007474410803107734,0.02413165126823824,0.02336587757268245,-1.0647617351909648,0.0,,0
2020-01-16,90.5704345703125,191.81417846679688,0.0035870872689178768,0.0237321292483479,0.023508372075669588,-0.8569305400895665,0.0,,0
2020-01-17,90.56280517578124,195.3936309814453,-0.0010557336150305296,0.023467232119931136,0.023695898911521927,-1.034903374061812,0.0,,0
2020-01-21,89.63886260986328,197.86590576171875,-0.014410407533210545,0.02312774368416058,0.024086993797873147,-1.558440689293726,0.0,,0
2020-01-22,89.53960418701172,198.44818115234372,-0.016242828300727874,0.023038020029569832,0.024223070470867723,-1.6216296103972232,0.0,,0
2020-01-23,89.28759765625,197.1309051513672,-0.017419203467571087,0.022719804371436735,0.024623737602757198,-1.630094037166532,0.0,,0
2020-01-24,89.08140563964844,195.6800537109375,-0.017909856737756913,0.022362972939692482,0.025051093487264652,-1.6076276150549313,0.0,,0
2020-01-27,87.75276184082031,192.52052307128903,-0.02892366629003562,0.02167741405269,0.025869052114140187,-1.9560469444130406,0.0,,0
2020-01-28,88.09637451171875,193.6278076171875,-0.02642962715177899,0.02107500543785394,0.026552427100038155,-1.789088146656268,0.0,,0
2020-01-29,88.39419555664062,195.54641723632807,-0.02548573359663031,0.020725022357632964,0.02702129806447591,-1.7101604757846613,0.0,,0
2020-01-30,82.4686508178711,198.74411010742188,-0.09887302304120027,0.018582689984574588,0.03102616976228633,-3.7856981356605424,1.0,Enter Long Spread,1
2020-01-31,79.04774475097656,189.9241485595703,-0.13004724056797068,0.01539311959132856,0.035919069382399985,-4.049112704199505,0.0,Stop Long Spread,0
2020-02-03,77.90995788574219,191.6805419921875,-0.14681513498253618,0.012086718683085784,0.041182048041166174,-3.8585223713687418,1.0,Enter Long Spread,1
2020-02-04,78.9408187866211,194.30548095703125,-0.13702397208756545,0.008876098134785414,0.04499604020098508,-3.2425091090383713,1.0,,2
2020-02-05,80.97200775146484,193.589599609375,-0.11070883877127691,0.00593332278192927,0.04690641011790036,-2.4866998190657394,1.0,,3
2020-02-06,81.33088684082031,193.80914306640625,-0.10656594595510316,0.0029630471779127365,0.04827363887210613,-2.26891934588144,1.0,,4
2020-02-07,78.74230194091797,193.5227813720703,-0.13854671627387516,-0.0003709067382952106,0.050949858669074984,-2.7119959337482613,1.0,,5
2020-02-10,78.7041244506836,196.62503051757807,-0.14295271574953383,-0.0037561164552949926,0.05349942443195968,-2.601833585541998,1.0,,6
2020-02-11,80.0785903930664,194.6682281494141,-0.12317374537708026,-0.006820578314462692,0.05496583881988122,-2.1168269157848725,1.0,,7
2020-02-12,80.59020233154297,198.0091094970703,-0.12100066288363509,-0.009977157678170893,0.055984612569218314,-1.9831075024087528,1.0,,8
2020-02-13,80.36112213134766,198.2576446533203,-0.12415651730812738,-0.013268247531843694,0.05679012493873966,-1.952597742933309,1.0,,9
2020-02-14,80.90328979492188,201.02023315429688,-0.12084440384105499,-0.01637683551003792,0.057484569327214935,-1.8173149691070045,1.0,,10
2020-02-18,81.26216888427734,201.89013671875,-0.11748296412638148,-0.019053356776961305,0.058384170680256864,-1.6858954439632905,1.0,,11
2020-02-19,81.52181243896484,203.9071044921875,-0.11674389429538978,-0.021529690625091785,0.059316727543316614,-1.605183016894634,1.0,,12
2020-02-20,81.30801391601562,202.1291046142578,-0.11721062479614708,-0.02412530627526782,0.06003503618683009,-1.5505165722095362,1.0,,13
2020-02-21,78.60484313964844,199.60548400878903,-0.1479242226096169,-0.02721450866158399,0.061538215208762265,-1.9615407034236731,1.0,,14
2020-02-24,75.9520263671875,190.0271453857422,-0.17013103751660297,-0.030775953998530774,0.06349183628967535,-2.1948504195449337,1.0,,15
2020-02-25,72.41239166259766,180.0951690673828,-0.20462003486061686,-0.035000713571303965,0.06641797922781888,-2.5538163500504183,1.0,,16
2020-02-26,72.28130340576172,178.95767211914062,-0.20486977175996857,-0.03900496690077309,0.0692363251482777,-2.395632704421798,1.0,,17
2020-02-27,69.58993530273438,172.0749969482422,-0.23314568482328113,-0.0434578912048739,0.07289112385059177,-2.602344203214906,1.0,,18
2020-02-28,69.78271484375,173.7478790283203,-0.23276468506451442,-0.04775396129093583,0.07624852218459036,-2.4264171746920598,1.0,,19
2020-03-02,71.52555847167969,183.85194396972656,-0.22203285403266948,-0.05168581869409499,0.07900181633133806,-2.15624201124857,1.0,,20
2020-03-03,70.40736389160156,177.5428466796875,-0.22918041667889222,-0.05570057837533229,0.08175125247799352,-2.1220450212705755,1.0,,21
2020-03-04,73.89302062988281,185.7255401611328,-0.19196919967278592,-0.0588556589065075,0.08328215719589495,-1.5983440540951752,1.0,,22
2020-03-05,71.71062469482422,178.71865844726562,-0.2124668341609104,-0.06270729055730483,0.08493695301501562,-1.7631847892769386,1.0,,23
2020-03-06,72.48949432373047,176.2332763671875,-0.19821127598214106,-0.0663907220240938,0.08593542671943209,-1.5339489078052069,1.0,,24
2020-03-09,67.23017120361328,163.58648681640625,-0.25517061505298044,-0.07109466692274748,0.08838079565624168,-2.082759571957226,1.0,,25
2020-03-10,71.57952117919922,174.55084228515625,-0.20847882350085567,-0.07477817144402604,0.08941820186958749,-1.4952285917337742,1.0,,26
2020-03-11,67.85481262207031,165.3262176513672,-0.2485306798479492,-0.07913782146593626,0.0913849858160764,-1.8536180409650336,1.0,,27
2020-03-12,66.45127868652344,153.02354431152344,-0.25036612225398946,-0.08370851155233063,0.0929629762143565,-1.7927310149513214,1.0,,28
2020-03-13,72.66688537597656,168.07925415039062,-0.1840870795189753,-0.08722031373103341,0.09270833979156802,-1.0448549289710405,1.0,,29
2020-03-16,67.13761138916016,145.3092803955078,-0.22733707072084464,-0.09163176722044569,0.09297288392192846,-1.4596223950023313,1.0,,30
2020-03-17,74.64105987548828,150.93008422851562,-0.13074807108054065,-0.09411974883518835,0.09198372264160898,-0.39820439087973397,1.0,,31
2020-03-18,76.54583740234375,141.9348602294922,-0.09039861975362595,-0.0959849229882543,0.09074642015829032,0.06155948879177905,0.0,Exit Long Spread,0
2020-03-19,74.2246322631836,145.53872680664062,-0.12737442809734367,-0.0982704568806632,0.08977612573260307,-0.3241838626826718,0.0,,0
2020-03-20,72.07307434082031,140.3575897216797,-0.14785261786191706,-0.10113465517474254,0.0885627319441901,-0.5275126643181575,0.0,,0
2020-03-23,70.87004852294922,129.75648498535156,-0.14532228501319544,-0.10386022900512337,0.08735603510605715,-0.47463298852487806,0.0,,0
2020-03-24,73.461181640625,147.71820068359375,-0.14137821786558136,-0.10658509076243,0.08592218786892104,-0.4049376298032606,0.0,,0
2020-03-25,72.87507629394531,154.64859008789062,-0.16069296952544887,-0.10961286539866467,0.08456395638771308,-0.6040410868738162,0.0,,0
2020-03-26,76.94684600830078,161.4356231689453,-0.11691461092854127,-0.11159093618846484,0.0833142896028067,-0.06389869931624655,0.0,,0
2020-03-27,75.20401763916016,154.4383087158203,-0.12889952679024397,-0.11385573309487151,0.08189495790496051,-0.18369621378682247,0.0,,0
2020-03-30,75.45075988769531,158.2715301513672,-0.1316688219807085,-0.1160583762970837,0.08055622897637087,-0.1937832229982332,0.0,,0
2020-03-31,72.04222869873047,154.01773071289062,-0.17117937114259152,-0.11894234627282838,0.07937182348382786,-0.6581305881224528,0.0,,0
2020-04-01,69.70560455322266,146.36077880859375,-0.19157848098066865,-0.12210078034985841,0.07842321846470142,-0.8859327886687335,0.0,,0
2020-04-02,71.74919128417969,150.4520721435547,-0.16948013660384298,-0.12487307079736856,0.07709785090402826,-0.5785772921478899,0.0,,0
2020-04-03,69.40484619140625,145.15635681152344,-0.19386517832006112,-0.12807658906567648,0.07589531790985164,-0.8668333049547039,0.0,,0
2020-04-06,73.78507232666016,161.97093200683594,-0.15968925144141766,-0.1307206619802412,0.07416746748472529,-0.390583505728337,0.0,,0
2020-04-07,71.64895629882812,161.15843200683594,-0.18782718615526095,-0.13367088176266953,0.07284802828566464,-0.7434148276494745,0.0,,0
2020-04-08,76.18339538574219,167.22853088378906,-0.1355782376366137,-0.1358434358444004,0.07090277446734172,0.0037403079044368115,0.0,,0
2020-04-09,76.10626983642578,166.0336151123047,-0.13482305368544534,-0.13806235472469425,0.06871925112990303,0.04713818887702249,0.0,,0
2020-04-13,75.89806365966797,161.54078674316406,-0.1307988711914989,-0.14022987855988073,0.066364600460962,0.14210900544680394,0.0,,0
2020-04-14,78.1961441040039,166.92259216308594,-0.10904995228593961,-0.14210716255246167,0.06381392586934631,0.5180250206546442,0.0,,0
2020-04-15,77.05480194091797,158.64434814453125,-0.11121228955563356,-0.14394310515147174,0.06126306317160623,0.5342667163761414,0.0,,0
2020-04-16,78.82847595214844,155.2603759765625,-0.08313880275831909,-0.14508857840522357,0.05944598268580243,1.0421187916824537,0.0,,0
2020-04-17,79.23721313476562,162.06654357910156,-0.08854513829413424,-0.14629361690511367,0.05752366146223025,1.0039082551950693,0.0,,0
2020-04-20,78.0418930053711,156.9810333251953,-0.09588472853534058,-0.14760137565624315,0.055432861086184344,0.9329600909557242,0.0,,0
2020-04-21,77.59461975097656,153.45372009277344,-0.09602919640999019,-0.14890336465078036,0.05324569064946672,0.9930224886907298,0.0,,0
2020-04-22,75.27342224121094,159.24655151367188,-0.13553619404808304,-0.1506802401134145,0.05094119655886352,0.29728485171784735,0.0,,0
2020-04-23,76.69234466552734,159.04588317871094,-0.11655053042056984,-0.15218225516789433,0.048526897991366384,0.7342675139396684,0.0,,0
2020-04-24,77.25531005859375,159.9444122314453,-0.11062576749982256,-0.15360125573294756,0.04597929045644721,0.934670539856036,0.0,,0
2020-04-27,79.08296966552734,164.18870544433594,-0.0937011776254486,-0.1535150583093517,0.04608653150264776,1.2978603234757788,0.0,,0
2020-04-28,74.36344146728516,163.70115661621094,-0.15450106347430093,-0.1539226220244572,0.04598520965165558,-0.012578858598786564,0.0,,0
2020-04-29,74.11666870117188,173.77655029296875,-0.17255125245474923,-0.15435155731566075,0.04603691286584023,-0.395328313871211,0.0,,0
2020-04-30,72.99847412109375,170.84185791015625,-0.1835538461271502,-0.1551270552163205,0.04613030193834544,-0.6162281562523256,0.0,,0
2020-05-01,70.87004852294922,167.83070373535156,-0.20876009735520462,-0.15676124285938595,0.0462643809204451,-1.1239500769551938,0.0,,0
2020-05-04,69.7441635131836,168.38516235351562,-0.22558745242619005,-0.15874493463390407,0.046619908806175954,-1.4337762450412825,0.0,,0
2020-05-05,71.4947280883789,170.57421875,-0.20398211635314456,-0.1598355246352252,0.04689918713184892,-0.9413082489854008,0.0,,0
2020-05-06,71.66435241699219,170.8992462158203,-0.2020817452615602,-0.16082100846042566,0.04715461597002731,-0.8750094969994227,0.0,,0
2020-05-07,71.58724975585938,174.66554260253906,-0.2085328200377523,-0.16224365970477017,0.04728479896495751,-0.9789437905252968,0.0,,0
2020-05-08,73.12959289550781,176.93104553222656,-0.19039408111167955,-0.1634002166752376,0.04711021417669227,-0.5729938805881535,0.0,,0
2020-05-11,72.42012023925781,175.46853637695312,-0.19809653508156044,-0.16463255030479482,0.047034559029663414,-0.7114765284747498,0.0,,0
2020-05-12,71.60267639160156,171.558837890625,-0.20389249741326698,-0.16601668519766502,0.04694748422422369,-0.8067697948351196,0.0,,0
2020-05-13,69.97550964355469,169.56716918945312,-0.22400056378597855,-0.167791978525325,0.047092371040008345,-1.1935815508822085,0.0,,0
2020-05-14,70.7081298828125,173.21530151367188,-0.2188335578006344,-0.16949347291707903,0.04706150506370181,-1.04841706224162,0.0,,0
2020-05-15,70.19915771484375,175.69532775878906,-0.22956285198651227,-0.17136601003691845,0.04717901473994027,-1.233532371762868,0.0,,0
2020-05-18,74.10896301269531,183.2501373291016,-0.18574283825872318,-0.1719963202977369,0.0471142059681099,-0.2917701291684902,0.0,,0
2020-05-19,74.36344146728516,181.31593322753903,-0.17969865504394011,-0.17215578058985917,0.047123813029424956,-0.16006502804369924,0.0,,0
2020-05-20,74.94180297851562,185.624755859375,-0.1777418975743572,-0.17170781163508816,0.046940469673916754,-0.12854762598640945,0.0,,0
2020-05-21,75.04206085205078,182.5224151611328,-0.17224948433444998,-0.17116414017799622,0.046741720244207884,-0.02322003021675797,0.0,,0
2020-05-22,75.3693618774414,182.7522125244141,-0.1682076211259933,-0.17008183911637476,0.04604057110786055,0.04070796571985763,0.0,,0
2020-05-26,75.64208221435547,185.011962890625,-0.16762569136037264,-0.16899618922130571,0.04531192385753062,0.030245854606442694,0.0,,0
2020-05-27,77.62919616699219,184.6289825439453,-0.1411839606795957,-0.16764870766542114,0.044915089608017704,0.5892172812475311,0.0,,0
2020-05-28,77.70712280273438,186.0078125,-0.14201509545025615,-0.16619595231161055,0.044306925238193684,0.545757953894528,0.0,,0
2020-05-29,77.6993179321289,186.94615173339844,-0.14335619296950264,-0.1653857355332225,0.04427268245343459,0.4975877074286212,0.0,,0
2020-06-01,77.36421966552734,186.09397888183597,-0.14655181179294807,-0.1642871518270898,0.04390707960440641,0.4039289379738628,0.0,,0
2020-06-02,78.83702087402344,188.01858520507807,-0.13023032407089286,-0.1631541359619023,0.04389417124997783,0.7500725256551253,0.0,,0
2020-06-03,80.76956939697266,188.5068817138672,-0.10665223114627054,-0.16067882956345717,0.04280959793100292,1.2620206922817254,0.0,,0
2020-06-04,80.41891479492188,185.41412353515625,-0.10692441185055501,-0.15898625603595215,0.04289376609627655,1.2137391729264928,0.0,,0
2020-06-05,83.1073226928711,191.1305084228516,-0.08152757558990475,-0.15620287096498472,0.0424085918159572,1.7608529823190613,0.0,,0
2020-06-08,86.06849670410156,191.12094116210935,-0.0465045981429415,-0.15280517889646728,0.0428920455080783,2.4783285454060495,0.0,,0
2020-06-09,84.02686309814453,190.6230316162109,-0.06986833793721292,-0.15090153320343794,0.043982228293234615,1.8424076817110608,0.0,,0
2020-06-10,83.09173583984375,191.96356201171875,-0.08278743572881941,-0.14849237262023748,0.04368735132250536,1.5039807839659631,0.0,,0
2020-06-11,78.29156494140625,180.85633850097656,-0.12759747255240916,-0.14843986264476863,0.04371053479205024,0.4768276158485742,0.0,,0
2020-06-12,79.07861328125,184.09274291992188,-0.12196795178241282,-0.14896601817858174,0.043195682060060935,0.6250177126183531,0.0,,0
2020-06-15,82.3202896118164,183.61398315429688,-0.08115076618078376,-0.14819562381330573,0.04397899462823851,1.5244745406133744,0.0,,0
2020-06-16,82.46835327148438,184.6864318847656,-0.0807896398667205,-0.14707790751338579,0.044817706646989454,1.4790642495117068,0.0,,0
2020-06-17,83.37227630615234,185.3374938964844,-0.07075606352398078,-0.14583513715523225,0.045870630167085084,1.6367569697162168,0.0,,0
2020-06-18,83.83204650878906,185.6726837158203,-0.06570205046692079,-0.14457386769858788,0.04700228401004146,1.6780422248165023,0.0,,0
2020-06-19,83.98008728027344,184.0352935791016,-0.061753745787855197,-0.14292488063629466,0.0481298728752638,1.6865021658961645,0.0,,0
2020-06-22,83.30216217041016,186.67803955078125,-0.07337431098109137,-0.1421992089705038,0.04883957265484016,1.4092035259156115,0.0,,0
2020-06-23,86.19317626953125,189.5601348876953,-0.043035253183626665,-0.14076813774372685,0.05044005718280593,1.9376045551632621,0.0,,0
2020-06-24,85.32820892333984,183.2788543701172,-0.04481285382359035,-0.13932053827444157,0.05190549881398475,1.82076440088826,0.0,,0
2020-06-25,86.12306213378906,185.73968505859372,-0.03882912827827423,-0.1371147008933696,0.05329828695901139,1.84406625846495,0.0,,0
2020-06-26,83.62944030761719,181.2297821044922,-0.0621503059586801,-0.13495756464300313,0.05366821010062276,1.3566179782745946,0.0,,0
2020-06-29,85.3126220703125,183.2501373291016,-0.0449569053428025,-0.13288217745531913,0.05469102353299953,1.607672821472507,0.0,,0
2020-06-30,86.63736724853516,184.96409606933597,-0.031843449945618385,-0.13018181531574508,0.05560558485536717,1.7684979957662446,0.0,,0
2020-07-01,89.16214752197266,185.54818725585935,-0.0038954322259916463,-0.12758525166215465,0.05776271825684784,2.1413434680508554,0.0,,0
2020-07-02,89.11538696289062,187.3578948974609,-0.00681309317555745,-0.12456835011249293,0.05924562137430045,1.9875773804950811,0.0,,0
2020-07-06,89.89462280273438,189.359130859375,-0.0007265605381965301,-0.12232082216085263,0.06130730073839553,1.983356960070892,0.0,,0
2020-07-07,89.18551635742188,185.9503326416016,-0.004167163461310519,-0.12014322399045038,0.06311821880054039,1.8374419103244233,0.0,,0
2020-07-08,89.20108795166016,186.7834014892578,-0.005094697773192269,-0.1180481544334786,0.06479375410404803,1.743276928805542,0.0,,0
2020-07-09,89.18551635742188,184.04489135742188,-0.0016276646019568464,-0.11625778297207891,0.0664798555035391,1.724283506663453,0.0,,0
2020-07-10,89.66864776611328,184.3704376220703,0.0033391339924973007,-0.11434859257961007,0.0682194420397173,1.725134698457218,0.0,,0
2020-07-13,88.64783477783203,180.99041748046875,-0.0035484522335877955,-0.1130220867375312,0.06957377132556083,1.573490015248371,0.0,,0
2020-07-14,89.87127685546875,185.1173248291016,0.00459955641001919,-0.11146967515912864,0.07112450473369328,1.6319162010862232,0.0,,0
2020-07-15,92.89474487304688,188.2005157470703,0.033615601293916386,-0.10931133632864103,0.07349025464968674,1.944842051559916,0.0,,0
2020-07-16,93.3077621459961,185.2801055908203,0.041907756533007046,-0.1070123871129244,0.07598494812174347,1.9598637273178214,0.0,,0
2020-07-17,92.38045501708984,186.802490234375,0.02990230042907327,-0.10425507887163847,0.0778779600445727,1.7226617033102571,0.0,,0
2020-07-20,92.2245864868164,190.0389862060547,0.02397845055546055,-0.10191292918870462,0.07956780333721113,1.5821899620708781,0.0,,0
2020-07-21,92.76229095458984,188.13351440429688,0.03227652634045053,-0.09953122429136675,0.08138925656019161,1.6194735792228123,0.0,,0
2020-07-22,92.5129165649414,190.41238403320312,0.026615995180991447,-0.09752593807792606,0.08297494864654967,1.4961375123921776,0.0,,0
2020-07-23,92.0609359741211,189.04312133789065,0.023497822895330867,-0.09455928997176553,0.0840598052897346,1.4044419025261954,0.0,,0
2020-07-24,92.2245864868164,186.85997009277344,0.02813777524423,-0.09121447284344922,0.08487869848831764,1.4061507800347148,0.0,,0
2020-07-27,94.2974090576172,188.5451812744141,0.0481511159666459,-0.08735272347521929,0.08585501620165831,1.5782868076524559,0.0,,0
2020-07-28,93.21424865722656,188.38247680664065,0.036810850991327415,-0.08325987433611041,0.08582315017586704,1.3990482181251953,0.0,,0
2020-07-29,96.37803649902344,190.1443023681641,0.06789343058074948,-0.07836852628599476,0.08593519373380783,1.7020029921594653,0.0,,0
2020-07-30,110.23313903808594,185.81629943847656,0.20788953311820157,-0.07150399879480566,0.09187210763045243,3.0411137734734837,-1.0,Enter Short Spread,1
2020-07-31,111.24615478515624,182.3117828369141,0.22173179602545057,-0.06444043977335548,0.09767054325266541,2.9299748549417064,-1.0,,2
2020-08-03,110.79418182373048,182.5894317626953,0.21728549931450858,-0.05734346778415113,0.10230322340767124,2.6844605472916756,-1.0,,3
2020-08-04,112.77349853515624,184.1214599609375,0.23293249735873234,-0.05028802480964426,0.10735671729292673,2.638125767161817,-1.0,,4
2020-08-05,113.05403137207033,187.7696533203125,0.23057948911817827,-0.04314342440631528,0.11146781079834972,2.4556229423009897,-1.0,,5
2020-08-06,113.35791778564452,190.32623291015625,0.2299295269736057,-0.03591305733320074,0.11482568313699316,2.3151839992943217,-1.0,,6
2020-08-07,122.26480865478516,188.01858520507807,0.30857623655383737,-0.02703677732753714,0.12039275401697143,2.7876512720530013,-1.0,,7
2020-08-10,124.3609619140625,188.43032836914065,0.3250359581642561,-0.017972285394788966,0.12595662073536515,2.7232251989334118,-1.0,,8
2020-08-11,121.44660186767578,189.36868286132807,0.30009755134959937,-0.009144612005853774,0.1293333163156765,2.391047969423868,-1.0,,9
2020-08-12,122.95832824707033,190.29747009277344,0.31126206636203,-0.0008611969288412198,0.13360283247118718,2.336202440604572,-1.0,,10
2020-08-13,124.1271743774414,189.4727783203125,0.3217940221542759,0.007497014357795714,0.13777487572614167,2.2812360101214364,-1.0,,11
2020-08-14,125.25714874267578,188.57135009765625,0.33203199845961895,0.015993245958361983,0.14175056303290665,2.2295414264272817,-1.0,,12
2020-08-17,124.91427612304688,191.24681091308597,0.32581733554682213,0.024294359623049853,0.14502956358995364,2.079044909603928,-1.0,,13
2020-08-18,124.67267608642578,190.84405517578125,0.32440111649471626,0.032504505250061676,0.1478161652391389,1.974727261882491,-1.0,,14
2020-08-19,124.94540405273438,192.74288940429688,0.3241452583431004,0.04070068774511956,0.15010822269172283,1.8882681142664033,-1.0,,15
2020-08-20,124.32982635498048,195.77313232421875,0.31536019526624015,0.04830975701088349,0.15225147261541577,1.7540089016407798,-1.0,,16
2020-08-21,124.7140655517578,195.7540283203125,0.3184699730392566,0.055984508152375365,0.15405948739414888,1.7037929265293035,-1.0,,17
2020-08-24,125.74923706054688,197.9404296875,0.32399752905639634,0.06377373685280702,0.15559099580815267,1.6724861927386296,-1.0,,18
2020-08-25,124.72193145751952,199.5611114501953,0.3137839889861207,0.07144600019912484,0.15637827805579144,1.5496908637178903,-1.0,,19
2020-08-26,124.61213684082033,201.63247680664065,0.3103573275807894,0.07878912772665286,0.15707853354976806,1.474219262307841,-1.0,,20
2020-08-27,125.63948059082033,202.3708953857422,0.3176665736552995,0.08586110780667905,0.15811878997483486,1.4660209952625685,-1.0,,21
2020-08-28,127.32554626464844,206.85885620117188,0.32558910508075,0.09306966642220078,0.15902193567948833,1.462184683295495,-1.0,,22
2020-08-31,128.3136749267578,203.2914886474609,0.3376088370780652,0.10005527330000027,0.16039876602262426,1.4810186491369763,-1.0,,23
2020-09-01,127.55299377441406,204.5956878662109,0.3300861975458893,0.1063317865614808,0.1619020589514737,1.3820356111189025,-1.0,,24
2020-09-02,130.00753784179688,207.5972442626953,0.34555585484959783,0.11325552310792766,0.16309720950365125,1.4243059856672144,-1.0,,25
2020-09-03,123.92204284667967,200.38580322265625,0.306333161247605,0.11974086639086806,0.1629092046132318,1.1453760105190616,-1.0,,26
2020-09-04,126.08645629882812,196.2622528076172,0.328774876486875,0.12734707220818947,0.16183387770140614,1.2446578376520934,-1.0,,27
2020-09-08,122.69078063964844,191.90850830078125,0.3070052476327476,0.13449662553177547,0.16012830014076523,1.077315015205455,-1.0,,28
2020-09-09,125.31793212890624,195.68685913085935,0.3233849120652452,0.14123888683587593,0.1594214462959639,1.1425440520168002,-1.0,,29
2020-09-10,123.82008361816406,193.270263671875,0.31442426475479945,0.14782578524623463,0.15827218785796965,1.0526074211981389,-1.0,,30
2020-09-11,124.58861541748048,192.44552612304688,0.3216662961847494,0.15436615790804678,0.15720904538857075,1.0641890093740465,-1.0,,31
2020-09-14,125.58455657958984,196.5691070556641,0.3244011467611425,0.16086787786184784,0.1560356036547742,1.0480509900875503,-1.0,,32
2020-09-15,126.67466735839844,196.9622802734375,0.33255132046151337,0.167439628966004,0.15481979410842633,1.0664766249454847,-1.0,,33
2020-09-16,125.3728256225586,196.71295166015625,0.3225334031033089,0.17403809086741068,0.1528398105862247,0.9715748250821371,-1.0,,34
2020-09-17,125.2787094116211,196.8472595214844,0.3216141495544804,0.18011558091304578,0.1513297814535529,0.9350345139093742,-1.0,,35
2020-09-18,125.20812225341795,194.2963409423828,0.32426651435499587,0.1862669037160222,0.14955258438713856,0.9227497552415521,-1.0,,36
2020-09-21,126.30603790283205,189.3480987548828,0.33935751191926045,0.19257001438598112,0.1478931646079768,0.9925238798045313,-1.0,,37
2020-09-22,126.95694732666016,192.33045959472656,0.3406445585315694,0.1992832621274853,0.14529755994618054,0.9729089494444747,-1.0,,38
2020-09-23,126.69027709960938,187.3534698486328,0.3450060621650466,0.20578264491928275,0.14292948214785559,0.9740706756478839,-1.0,,39
2020-09-24,125.79629516601562,187.49729919433597,0.3377354054292321,0.2119422925088636,0.1404990573256059,0.8953306542750926,-1.0,,40
2020-09-25,130.27418518066406,189.1563415527344,0.3705408428355559,0.21818289709322275,0.1390821085171959,1.095453235262793,-1.0,,41
2020-09-28,132.45433044433594,192.10028076171875,0.383329688556332,0.22468527678875422,0.1375223245614194,1.15359024270074,-1.0,,42
2020-09-29,132.14064025878906,191.2564697265625,0.38204398458412414,0.2310647858741262,0.1357849257409353,1.1118995564945982,-1.0,,43
2020-09-30,130.6741485595703,191.76467895507807,0.3702296998487966,0.23730473359596135,0.1334134769521326,0.9963383706769549,-1.0,,44
2020-10-01,131.47406005859375,195.0060272216797,0.3721998265024187,0.24359297566722155,0.1307042483630365,0.9839531036358223,-1.0,,45
2020-10-02,130.93292236328125,193.1935577392578,0.3703777138161326,0.24979306530752302,0.1277139233553763,0.9441777790591491,-1.0,,46
2020-10-05,132.65818786621094,195.1881561279297,0.3809358933825877,0.2560863446306912,0.12468181853194056,1.001345266069511,-1.0,,47
2020-10-06,132.80723571777344,192.2250061035156,0.38583047015882177,0.26257599333723136,0.12108053313753288,1.0179545268568333,-1.0,,48
2020-10-07,137.23019409179688,194.162109375,0.41611934241003046,0.2694346564372315,0.11788631336700524,1.2442893647555016,-1.0,,49
2020-10-08,136.61851501464844,194.6511993408203,0.41103177068947794,0.2757249259271575,0.11517349516680982,1.1748088791292715,-1.0,,50
2020-10-09,136.99493408203125,198.1609649658203,0.4093771879923822,0.2818494164514805,0.11231191200825918,1.1354785904768818,-1.0,,51
2020-10-12,138.4457550048828,197.93084716796875,0.42019831182162926,0.2883543499746898,0.1087782264293355,1.2120436798313488,-1.0,,52
2020-10-13,137.49685668945312,195.93624877929688,0.41581798498968214,0.2948850088819268,0.10438355110029354,1.1585443763219054,-1.0,,53
2020-10-14,136.75186157226562,193.90318298339844,0.41295664740945703,0.3012296775664102,0.09969269046235225,1.120713758700686,-1.0,,54
2020-10-15,136.48516845703125,191.36192321777344,0.4142572190319509,0.3076903646305929,0.09409003434949333,1.1326051174082907,-1.0,,55
2020-10-16,136.7989044189453,192.0428009033203,0.415677559844563,0.31422669357974675,0.08751271256391543,1.1592700453745048,-1.0,,56
2020-10-19,134.96383666992188,188.88780212402344,0.4062566386777895,0.3205286746369727,0.07997377021074827,1.0719510136249044,-1.0,,57
2020-10-20,137.14393615722656,189.5878753662109,0.4213686584568834,0.32674896701181005,0.07273305999099025,1.300917237041784,-1.0,,58
2020-10-21,135.4578857421875,190.2878570556641,0.4080898040861636,0.33293694956339065,0.06293655984535924,1.194104900354106,-1.0,,59
2020-10-22,135.6617431640625,189.86593627929688,0.4101409120624895,0.33864107425475304,0.05345103623431033,1.3376698160594416,0.0,Time Exit Short Spread,0
2020-10-23,134.80694580078125,189.8851318359375,0.40379510533649565,0.3419061671250579,0.051304682833832355,1.2063019356709819,0.0,,0
2020-10-26,131.74851989746094,185.14784240722656,0.3870754775761589,0.344661895150903,0.0491719726675512,0.8625560481783314,0.0,,0
2020-10-27,133.9756622314453,182.26133728027344,0.4077128288215135,0.34783568397601977,0.046943098827407354,1.2755260377172828,0.0,,0
2020-10-28,122.1653823852539,173.44837951660156,0.3276500633262984,0.3494143100754792,0.04458595911563745,-0.4881412709488507,0.0,,0
2020-10-29,126.54132080078124,177.28428649902344,0.35744995318548156,0.3515288178099342,0.0418228512750249,0.1415765591066534,0.0,,0
2020-10-30,123.2083740234375,174.2539825439453,0.3350088557905009,0.35328013995688246,0.03878392003220175,-0.47110462663936964,0.0,,0
2020-11-02,125.12189483642578,177.15960693359375,0.3463429298231995,0.3539095848447052,0.038357411503909505,-0.19726709193435804,0.0,,0
2020-11-03,128.20387268066406,180.61192321777344,0.3659178385462627,0.35459094951773856,0.038201247232482374,0.29650573866323726,0.0,,0
2020-11-04,127.49803924560548,186.01089477539065,0.3531348812710726,0.35547490501642987,0.03753794179636611,-0.06233756123474443,0.0,,0
2020-11-05,128.26663208007812,189.5303192138672,0.3545236778204044,0.3561959318740694,0.037094645032667094,-0.045080740149753266,0.0,,0
2020-11-06,131.49757385253906,190.3263092041016,0.3783676027406764,0.3571388248838428,0.03692684438385125,0.5748874080915859,0.0,,0
2020-11-09,127.99994659423828,203.95315551757807,0.33435965407322743,0.3571776191440696,0.036901661606445195,-0.6183451930754469,0.0,,0
2020-11-10,129.1841278076172,204.5573272705078,0.3428392480441844,0.3574613176856923,0.036724480973355865,-0.39815592362262064,0.0,,0
2020-11-11,130.68194580078125,203.9723358154297,0.3550730981736874,0.35797251738034175,0.036473345826718385,-0.07949419338794024,0.0,,0
2020-11-12,128.69371032714844,200.01547241210935,0.34457180080016037,0.35831295975462607,0.03625066414058299,-0.3790595091217194,0.0,,0
2020-11-13,129.13552856445312,202.1475830078125,0.3453847144686222,0.35881336840799916,0.03585940463759335,-0.3744806718095647,0.0,,0
2020-11-16,132.89907836914062,204.27967834472656,0.3715254260220038,0.35969762595771165,0.03550608075428978,0.33312040678731103,0.0,,0
2020-11-17,133.24624633789062,202.36846923828125,0.376451881555081,0.3605718651660231,0.03526122911973494,0.4503534557781552,0.0,,0
2020-11-18,132.90692138671875,199.6024627685547,0.37729523823010536,0.3616303859867561,0.03479094580768722,0.4502565791093847,0.0,,0
2020-11-19,131.3526153564453,199.35276794433597,0.36584024582824104,0.3625551012908803,0.03414725101419053,0.09620524170439154,0.0,,0
2020-11-20,129.20655822753906,195.80886840820312,0.35378961957864785,0.3631571520562694,0.03366555879987712,-0.2782526953824321,0.0,,0
2020-11-23,131.44729614257812,199.91943359375,0.3658609534665944,0.3638283495293668,0.033309436346706404,0.06102186527778265,0.0,,0
2020-11-24,136.2523193359375,201.3792266845703,0.3999696436367701,0.36486769630534527,0.0334477275728977,1.0494568653407579,0.0,,0
2020-11-25,134.52438354492188,202.54132080078125,0.38578795815894207,0.36579605898222944,0.033241846632401456,0.6014075992164089,0.0,,0
2020-11-27,133.25413513183594,202.64697265625,0.37617200319953725,0.36630632812139513,0.033162125467500074,0.29749827368003884,0.0,,0
2020-11-30,134.97412109375,202.022705078125,0.38975767532036,0.36769673668927444,0.03235758146935843,0.6817857710402903,0.0,,0
2020-12-01,132.52035522460938,202.83909606933597,0.37041652468145037,0.368390764159184,0.03195944573730329,0.06338534588232556,0.0,,0
2020-12-02,133.20677185058594,201.8594665527344,0.3767765098871423,0.3695536185300906,0.030958406393379496,0.23330953361334197,0.0,,0
2020-12-03,132.4177703857422,199.81378173828125,0.37334715605999436,0.37038632259666965,0.03037175587385489,0.09748641058561586,0.0,,0
2020-12-04,131.96017456054688,204.26043701171875,0.3644587887212145,0.3712202313294433,0.02949809960125523,-0.22921621052296834,0.0,,0
2020-12-07,132.13375854492188,204.23165893554688,0.36580809080578414,0.3719559279064606,0.028795108558761523,-0.21350282768098286,0.0,,0
2020-12-08,131.2816162109375,204.346923828125,0.3591990043417228,0.3725358921994702,0.02817522463348464,-0.47335515621399044,0.0,,0
2020-12-09,133.48291015625,201.2832489013672,0.3795521803409181,0.373319239864127,0.027702058075538903,0.22499918452971543,0.0,,0
2020-12-10,129.5852813720703,199.3912048339844,0.3522464929535922,0.3738144580282983,0.027047608114299525,-0.797407481784075,0.0,,0
2020-12-11,132.86749267578125,198.0754547119141,0.3788919926647776,0.3747690887468033,0.026185433688402485,0.15745028197872832,0.0,,0
2020-12-14,131.4630889892578,199.04544067382807,0.36706132817520376,0.37548233564380673,0.025370255724518363,-0.33192442204927114,0.0,,0
2020-12-15,131.8970489501953,200.1115264892578,0.3690398685505707,0.37597704158766193,0.02494688056201021,-0.2780777748884305,0.0,,0
2020-12-16,134.2324676513672,200.02508544921875,0.38669783874883645,0.37674459625794976,0.02455334794179854,0.40537211114671373,0.0,,0
2020-12-17,137.6725311279297,202.81985473632807,0.40858155848146294,0.3778041878632233,0.024532599829654708,1.254549898174116,0.0,,0
2020-12-18,138.2169189453125,202.94471740722656,0.41237624246767157,0.379048201813864,0.024361093522043714,1.3680847546375494,0.0,,0
2020-12-21,136.1734161376953,200.73577880859372,0.4001794363766811,0.37954217837288273,0.024483765302167414,0.8428955983323136,0.0,,0
2020-12-22,137.7277374267578,197.6912384033203,0.4152971957735623,0.3800749701598366,0.024904594560353547,1.4142862486023808,0.0,,0
2020-12-23,136.21282958984375,197.17266845703125,0.40488455963765313,0.3804556464107287,0.025105535133615003,0.9730488952699271,0.0,,0
2020-12-24,135.85781860351562,200.4380798339844,0.398225054524487,0.38092223565532357,0.025171211469635364,0.6874050893432845,0.0,,0
2020-12-28,135.2029266357422,204.2124786376953,0.3887933252688536,0.3811987939680975,0.02516501466030365,0.30178926590239497,0.0,,0
2020-12-29,133.36460876464844,205.8835601806641,0.37309394514262606,0.3812440644902057,0.025147944781769623,-0.32408689530318474,0.0,,0
2020-12-30,131.1553955078125,209.7156219482422,0.35184309965415816,0.3807591845947319,0.025428121852879366,-1.1371695128674795,0.0,,0
2020-12-31,132.86749267578125,210.07098388671875,0.36439515675767176,0.38040192937137934,0.02550482583420754,-0.6275978012066645,0.0,,0
2021-01-04,129.2381134033203,209.13938903808597,0.3377951872981373,0.37909652678618116,0.025647327596766367,-1.610356452625153,0.0,,0
2021-01-05,127.4392318725586,206.0179901123047,0.32748585288099163,0.3777040948227064,0.026138922007471775,-1.921205546554672,0.0,,0
2021-01-06,127.06048583984376,204.202880859375,0.32669134284592305,0.3763259974035987,0.026608194698337532,-1.865389783876498,0.0,,0
2021-01-07,125.45092010498048,205.34573364257807,0.3125666717104676,0.3745321367350794,0.027211258999674737,-2.2771994866298724,0.0,,0
2021-01-08,124.96963500976562,206.9208068847656,0.3068389017721076,0.3727158186814531,0.02801995393113539,-2.351071563902322,0.0,,0
2021-01-11,127.70746612548828,204.4621734619141,0.3314574582605412,0.37135749886230457,0.02801169254145392,-1.4244066310065393,0.0,,0
2021-01-12,129.3248748779297,200.5917205810547,0.3487548969751111,0.3702657934946905,0.027591749227825646,-0.7796133670962112,0.0,,0
2021-01-13,128.69371032714844,201.06231689453125,0.34328473938066284,0.36905924648695887,0.027159001253190953,-0.9490226413707957,0.0,,0
2021-01-14,128.97772216796875,193.86883544921875,0.3544719644247951,0.36819616858274234,0.026783430682758402,-0.5124139741658287,0.0,,0
2021-01-15,125.37201690673828,193.6094970703125,0.32644776214791404,0.3666141536442595,0.02639652093009745,-1.5216547514997518,0.0,,0
2021-01-19,123.3048324584961,193.67672729492188,0.30973631091929055,0.36497492875814497,0.026820457040791366,-2.059570340462198,0.0,,0
2021-01-20,126.1136703491211,197.85450744628903,0.32699848147847965,0.3635892215817448,0.026598010072819755,-1.375694647948752,0.0,,0
2021-01-21,126.3188247680664,197.01898193359372,0.3296672929548874,0.3623537580420513,0.02642279644985227,-1.237055477803018,0.0,,0
2021-01-22,125.4430160522461,194.02247619628903,0.32648855396664045,0.3613439759818926,0.02661572849273094,-1.3095798608244584,0.0,,0
2021-01-25,127.62067413330078,193.023681640625,0.3449718384796565,0.36029829280952835,0.025998778614529143,-0.5895067055691152,0.0,,0
2021-01-26,127.36817169189452,194.01284790039065,0.34173107159430494,0.3605329762806618,0.025765519466335204,-0.7297312484199318,0.0,,0
2021-01-27,124.3857650756836,187.2516021728516,0.3267825558588713,0.360021852991885,0.02612330716316634,-1.2724000420544326,0.0,,0
2021-01-28,124.08595275878906,190.37290954589844,0.3202933336048659,0.35977659428879105,0.0264243343474249,-1.494200768307069,0.0,,0
2021-01-29,122.294921875,185.5996551513672,0.3120151125415458,0.35920446400076345,0.027072674586502515,-1.743062042445729,0.0,,0
2021-02-01,123.28905487060548,190.5073699951172,0.3136763978882,0.35833377332312916,0.027676112391613737,-1.6135711115431435,0.0,,0
2021-02-02,126.46871185302734,194.589111328125,0.3339128878590971,0.35801340676626286,0.027845174600286685,-0.8655186851267801,0.0,,0
2021-02-03,126.0111083984375,193.3886566162109,0.3318137682671165,0.3576349082737081,0.028043677865687018,-0.9207472760976607,0.0,,0
2021-02-04,128.02310180664062,200.9662628173828,0.3381780430998218,0.3569650822796938,0.02802043214776915,-0.6704764252312841,0.0,,0
2021-02-05,129.6957244873047,200.5052947998047,0.3517246271033525,0.3572544984968625,0.02787475212030773,-0.19838280066646108,0.0,,0
2021-02-08,128.96197509765625,198.69967651367188,0.3482814691875371,0.3573452021825851,0.0278365259224795,-0.3256057534007333,0.0,,0
2021-02-09,131.69979858398438,198.3443603515625,0.3697302413534016,0.35758948790224704,0.0278797945753545,0.43546782306232934,0.0,,0
2021-02-10,130.70565795898438,198.2675018310547,0.3622486301977166,0.35788410172553964,0.027834036814958253,0.1568054429615257,0.0,,0
2021-02-11,128.1098175048828,202.63455200195312,0.3368168654629393,0.3577413042421116,0.027919642613417204,-0.7494522429566028,0.0,,0
2021-02-12,128.91464233398438,201.9612274169922,0.34390014976655303,0.3572808829711874,0.027916316286008165,-0.4793158620050759,0.0,,0
2021-02-16,127.62067413330078,199.97972106933597,0.3362430129585614,0.3566107351612454,0.027930676624326207,-0.7292240885043493,0.0,,0
2021-02-17,127.02888488769533,199.6045379638672,0.33205813153020425,0.35585678338291366,0.02797267621637684,-0.8507820870845488,0.0,,0
2021-02-18,127.91255950927734,201.37448120117188,0.3368138993634542,0.35537301094183393,0.028046733810217446,-0.6617209584532318,0.0,,0
2021-02-19,127.46793365478516,196.93045043945312,0.3388338747736559,0.35512374852841744,0.02812604505827521,-0.5791739905489753,0.0,,0
2021-02-22,128.30963134765625,200.3836975097656,0.3411294087254797,0.3547115561160655,0.02814688391834143,-0.48254533006174805,0.0,,0
2021-02-23,127.68231964111328,204.029296875,0.331783079715265,0.35357511338404035,0.027669102767586308,-0.7875945183992089,0.0,,0
2021-02-24,127.09481048583984,211.07041931152344,0.31880593502461707,0.3524587463318017,0.027698136745207578,-1.2149846618476001,0.0,,0
2021-02-25,125.0621566772461,205.6068420410156,0.30914962186064465,0.3513417066428201,0.028068280377367374,-1.5031945033653253,0.0,,0
2021-02-26,125.31623077392578,204.29864501953125,0.31275289313521837,0.35005829360640106,0.028042878697249217,-1.3302985358219324,0.0,,0
2021-03-01,128.20639038085938,208.3771209716797,0.33068031776838436,0.3493960234911833,0.028023476768137646,-0.6678580919009482,0.0,,0
2021-03-02,128.12696838378906,207.54991149902344,0.33104135721843964,0.34863377094670495,0.027890038846833127,-0.6307776702958198,0.0,,0
2021-03-03,127.38060760498048,206.66493225097656,0.3262527037426717,0.3478488634080829,0.02784614036314972,-0.7755530706866139,0.0,,0
2021-03-04,126.60250854492188,203.44256591796875,0.32400014868294313,0.34717455274077835,0.027925508610714377,-0.8298650664125677,0.0,,0
2021-03-05,130.53277587890625,207.2035980224609,0.35005573687357217,0.34691201350857487,0.02782295177855423,0.11299028909723594,0.0,,0
2021-03-08,127.72998809814452,211.87844848632807,0.32284908297192105,0.3463061814857448,0.02794429914317349,-0.8394233970099086,0.0,,0
2021-03-09,129.6355743408203,211.96499633789065,0.337557062582561,0.3456062628564388,0.02762694601068398,-0.2913532415332833,0.0,,0
2021-03-10,131.1917724609375,214.66796875,0.346365795395976,0.3455082512304786,0.027613642947475838,0.031055089946970198,0.0,,0
2021-03-11,132.7877197265625,217.53445434570312,0.35518689526438063,0.3451131662738052,0.027300986868806405,0.3689877233736725,0.0,,0
2021-03-12,133.14503479003906,215.8126220703125,0.3598334603915472,0.3449927018107444,0.027219701072169394,0.5452212183173695,0.0,,0
2021-03-15,129.13536071777344,214.76417541503903,0.3304563200697921,0.34434964266939805,0.02709949453705889,-0.5126782929698808,0.0,,0
2021-03-16,129.2782745361328,216.1396942138672,0.3299883058405122,0.34340448378759264,0.026590172061454035,-0.5045540102588868,0.0,,0
2021-03-17,127.55525970458984,214.523681640625,0.31842108666038893,0.3419018092572414,0.02538466473981848,-0.9249963644396894,0.0,,0
2021-03-18,127.19800567626952,212.2535858154297,0.3182393390692253,0.3403328608672673,0.02384269386808118,-0.9266369781989747,0.0,,0
2021-03-19,126.47544860839844,199.0177764892578,0.3284176849598026,0.339136831676986,0.02257689553521611,-0.474783909083662,0.0,,0
2021-03-22,127.88080596923828,200.075927734375,0.3381606739716885,0.3378512229802881,0.02028314454654596,0.015256558996079918,0.0,,0
2021-03-23,126.92801666259766,200.22015380859372,0.33050450791904473,0.3366115554516446,0.018326964026465508,-0.33322745239096074,0.0,,0
2021-03-24,126.96772003173828,200.1432037353516,0.33091203749072906,0.33548967183441536,0.01648908754883705,-0.2776159887639842,0.0,,0
2021-03-25,129.6196746826172,200.0470123291016,0.35170226578715624,0.33487148750972034,0.015117341098471754,1.1133424963955705,0.0,,0
2021-03-26,133.37527465820312,205.3951873779297,0.37375946219731504,0.3348825794606319,0.015145599492467453,2.5668764551722285,-1.0,Enter Short Spread,1
2021-03-29,133.50230407714844,206.3378448486328,0.3735824566262085,0.3352449020768327,0.015793192428953322,2.4274734017102424,-1.0,,2
2021-03-30,133.89930725097656,203.82730102539065,0.37957007676989307,0.3354978174103697,0.01636899580484051,2.6924229124972134,-1.0,,3
2021-03-31,134.97120666503906,203.6637725830078,0.3877413576688056,0.33633025358321417,0.01768199367103684,2.907540011724071,-1.0,,4
2021-04-01,135.99545288085938,208.59837341308597,0.3893987270904926,0.33736213482003924,0.01890032042689216,2.7532121728694903,-1.0,,5
2021-04-05,136.5274200439453,210.6952972412109,0.39083663906061883,0.3384312230902841,0.020045949945478706,2.6142645328791003,-1.0,,6
2021-04-06,137.33731079101562,210.32015991210935,0.3971905642632143,0.3398416212994965,0.02112452694676775,2.7148036549283634,-1.0,,7
2021-04-07,136.5274200439453,210.9165496826172,0.390577865419923,0.34123727069362686,0.021657506420348777,2.278221405948061,-1.0,,8
2021-04-08,137.3770294189453,212.2920684814453,0.39517885465524105,0.3422992939668718,0.02268965667579748,2.330557991420585,-1.0,,9
2021-04-09,139.69544982910156,214.04269409179688,0.4098895286193982,0.3433182044942766,0.024274027784975564,2.7424918812330774,-1.0,,10
2021-04-12,141.79161071777344,213.03271484375,0.4259494308072669,0.3446959493513867,0.026478838432146528,3.0686195568622345,-1.0,,11
2021-04-13,142.4585723876953,212.5998992919922,0.43114365150995826,0.3459738108028061,0.028678502990737226,2.9698147331700295,-1.0,,12
2021-04-14,139.90985107421875,213.52325439453125,0.4120221973774978,0.34740005138996577,0.02977875783386611,2.1700752713748193,-1.0,,13
2021-04-15,142.6332550048828,217.6595001220703,0.42657013273423217,0.3493472817535482,0.03104521089104474,2.4874319988259312,-1.0,,14
2021-04-16,142.6888427734375,217.78451538085935,0.42681821060236746,0.35101094390561294,0.032445985060753364,2.336414399341228,-1.0,,15
2021-04-19,141.37876892089844,217.18809509277344,0.41827060712332753,0.3524876658084203,0.03344198588583869,1.9670764032815298,-1.0,,16
2021-04-20,142.67291259765625,214.77377319335935,0.430138825520026,0.3542151703343101,0.03470751063629117,2.187528111172801,-1.0,,17
2021-04-21,141.78366088867188,218.784912109375,0.4193242932225856,0.3554543779133589,0.0356693842223652,1.79060885691375,-1.0,,18
2021-04-22,140.94200134277344,218.90032958984372,0.4132403467267953,0.35664619916556706,0.03637855619036003,1.5557007613244742,-1.0,,19
2021-04-23,142.0933380126953,221.23776245117188,0.41875725066376224,0.35817911074564857,0.037020021043041036,1.6363615743946491,-1.0,,20
2021-04-26,139.59225463867188,221.56480407714844,0.40063460717431476,0.35951813197180604,0.03707840249130427,1.1089063292883632,-1.0,,21
2021-04-27,154.13821411132812,221.1511688232422,0.5002193152070828,0.3626548686828983,0.04071003458517366,3.3791287068639497,-1.0,,22
2021-04-28,157.50479125976562,224.5563507080078,0.5180580839575735,0.36606123011738784,0.04481322085027653,3.3917859720017804,-1.0,,23
2021-04-29,161.752685546875,227.83639526367188,0.5410954091538822,0.36951427213896765,0.04989681415137232,3.4387192836478024,-1.0,,24
2021-04-30,161.8638153076172,224.66213989257807,0.545241415189242,0.3730713995876697,0.054479512237573774,3.160270871199705,-1.0,,25
2021-05-03,168.4857177734375,223.74832153320312,0.5863419802956493,0.3772074652076002,0.06073458750421458,3.443417065663558,-1.0,,26
2021-05-04,170.1610565185547,223.19044494628903,0.5968518848597386,0.38129291950354,0.06682243223607008,3.225847341124498,-1.0,,27
2021-05-05,170.3278350830078,220.47787475585935,0.6008464252565786,0.385502335438024,0.07233775893710528,2.97692509393037,-1.0,,28
2021-05-06,170.5342254638672,222.5074920654297,0.5997981230870872,0.3893368001335854,0.07732580644743743,2.7217475332321803,-1.0,,29
2021-05-07,172.6938934326172,223.27696228027344,0.6115315741177818,0.3934915158655865,0.08229599721243869,2.6494612816872154,-1.0,,30
2021-05-10,171.6061553955078,217.36129760742188,0.6118335270185107,0.3980751268915127,0.08656004831572177,2.4694810629879624,-1.0,,31
2021-05-11,170.17694091796875,216.8899688720703,0.60400540901778,0.4024102145456998,0.09017605851122111,2.23557336393223,-1.0,,32
2021-05-12,167.29473876953125,212.2247314453125,0.5922850463028546,0.4066775817681047,0.0929592221985384,1.9966546636797078,-1.0,,33
2021-05-13,171.24090576171875,215.5288848876953,0.6117901792043501,0.41133978256267384,0.09606282387095595,2.0866594231182214,-1.0,,34
2021-05-14,171.80462646484375,218.6114044189453,0.6115754595581349,0.41591914189925183,0.09890786579463193,1.9781674196179246,-1.0,,35
2021-05-17,171.73316955566406,218.12977600097656,0.6117032455190081,0.42046696474500767,0.10149829803393419,1.884132881815062,-1.0,,36
2021-05-18,169.90699768066406,217.2917022705078,0.6019616403543575,0.424814168605489,0.10357173430544298,1.7103843334943456,-1.0,,37
2021-05-19,170.1928253173828,216.34767150878903,0.6047159882884512,0.4293630504150421,0.10536401904068421,1.664258249352657,-1.0,,38
2021-05-20,169.8673095703125,218.12977600097656,0.6007789134090133,0.43406260005478203,0.10660909645506128,1.56380945808416,-1.0,,39
2021-05-21,169.02957153320312,218.44764709472656,0.595475959007026,0.4388347056738884,0.10731686785887826,1.4596144712229298,-1.0,,40
2021-05-24,170.274169921875,220.9040679931641,0.6000551633861766,0.4436230768447377,0.10799184461848116,1.4485546301583216,-1.0,,41
2021-05-25,168.72645568847656,220.61509704589844,0.5912467968574824,0.44796585149622264,0.10860014001129235,1.3193440206095612,-1.0,,42
2021-05-26,170.5773468017578,218.7366485595703,0.6042651487022059,0.4525195813542854,0.10932774657241215,1.3879876985062833,-1.0,,43
2021-05-27,169.7715301513672,218.53433227539065,0.5997580531296309,0.45707800384406805,0.10966938652827767,1.3010016177009762,-1.0,,44
2021-05-28,171.2075958251953,218.9582061767578,0.6077035299068587,0.46180639353113334,0.10994539052902347,1.3269963904235835,-1.0,,45
2021-06-01,170.16249084472656,218.3127899169922,0.6023083453267202,0.4660106036720191,0.11041372198351819,1.2344275621380347,-1.0,,46
2021-06-02,169.0615234375,221.2315826416016,0.5925426788354209,0.47050549693641075,0.10998290028027953,1.1096014161111551,-1.0,,47
2021-06-03,169.11734008789062,219.73846435546875,0.5945424535344446,0.47478858678560887,0.10972567992720902,1.0913932529584622,-1.0,,48
2021-06-04,168.04034423828125,221.69395446777344,0.5859693201248548,0.4787819788644235,0.10933857213788878,0.9803250505709505,-1.0,,49
2021-06-07,169.86729431152344,222.83067321777344,0.5955217712463603,0.48278756013078983,0.1091394486415985,1.032937334013632,-1.0,,50
2021-06-08,167.3462371826172,223.5338897705078,0.5797923403739393,0.4864535414638297,0.10864092281355198,0.8591495404572032,-1.0,,51
2021-06-09,160.40541076660156,223.7843170166016,0.5371557615076474,0.48989853215446055,0.10690295528889811,0.44205727732668726,-1.0,,52
2021-06-10,162.11268615722656,225.3641662597656,0.5460085289506491,0.4934988692062962,0.1050788447323794,0.4997167591448821,-1.0,,53
2021-06-11,162.11268615722656,226.3370513916016,0.5449464526775794,0.4972742919732494,0.1027645538352256,0.4638969267629798,-1.0,,54
2021-06-14,160.42933654785156,225.48936462402344,0.535433483924507,0.5008941943875042,0.10018729123138011,0.34474721406765213,-1.0,,55
2021-06-15,161.4265899658203,224.42971801757807,0.5427917712526136,0.5044670958257176,0.09776595544278652,0.39200430511134243,-1.0,,56
2021-06-16,159.89479064941406,221.1737823486328,0.5368604516517981,0.5077787587870527,0.09541352100864872,0.3047963491684714,-1.0,,57
2021-06-17,158.00404357910156,223.63021850585935,0.5222417959664589,0.5109743802545096,0.09259181921259876,0.12168910609779016,-1.0,,58
2021-06-18,157.78062438964844,221.9540863037109,0.5226817059101163,0.5141705413948328,0.08958202819541476,0.09500973227260773,-1.0,,59
2021-06-21,162.20843505859375,225.72056579589844,0.5462093819846519,0.5174123266647911,0.08712982487448086,0.3305074394599757,0.0,Time Exit Short Spread,0
2021-06-22,163.86785888671875,227.271484375,0.5546993207051079,0.5204279909732542,0.08521589283901543,0.4021706349612145,0.0,,0
2021-06-23,162.7668914794922,226.06735229492188,0.549267795525398,0.5233560799549074,0.08311223381718057,0.31176776727584715,0.0,,0
2021-06-24,164.4263153076172,227.5701141357422,0.5577777388442597,0.5263262076561469,0.08108018058070414,0.38790652614305876,0.0,,0
2021-06-25,164.03538513183594,228.6104888916016,0.5542727667783149,0.5291017311413053,0.07911518803446559,0.318156807338234,0.0,,0
2021-06-28,163.73220825195312,225.49899291992188,0.5558015981610567,0.5318751123258147,0.0770592016601637,0.310494857457249,0.0,,0
2021-06-29,165.63096618652344,227.2906951904297,0.5653803345314159,0.5347841739169947,0.07494556071394971,0.40824513584199873,0.0,,0
2021-06-30,165.91819763183594,225.2389373779297,0.5693487659503766,0.5376534772784474,0.07289020964685794,0.4348360201663319,0.0,,0
2021-07-01,167.71322631835938,226.5201110839844,0.5787109686966436,0.540789028999726,0.07050337352022731,0.5378741158540143,0.0,,0
2021-07-02,168.7583465576172,229.87237548828125,0.5813011913573478,0.5438910679447612,0.06808145787134089,0.5494906334597539,0.0,,0
2021-07-06,168.56687927246094,230.8068084716797,0.5791657638878502,0.5467123385325687,0.06594384124917237,0.49213732079474237,0.0,,0
2021-07-07,170.93634033203125,231.19210815429688,0.5927131448503482,0.5494917337666202,0.06428897053530452,0.6722990074944942,0.0,,0
2021-07-08,169.18917846679688,227.9265594482422,0.585946808105952,0.5520717863765533,0.06257097403914089,0.5413855585532104,0.0,,0
2021-07-09,170.6650848388672,229.71826171875,0.5927018236705772,0.5550831134814379,0.060055590168354774,0.6263981435147369,0.0,,0
2021-07-12,170.19439697265625,229.1402740478516,0.5905611843731653,0.5578162976754201,0.0578353012400351,0.5661747409569704,0.0,,0
2021-07-13,168.5509490966797,233.45587158203125,0.5762575546389843,0.5603069534093639,0.055302607436122475,0.2884240358475729,0.0,,0
2021-07-14,168.7583465576172,236.96229553222656,0.5738116304258214,0.5628993037977387,0.05213884335069487,0.2092936077366452,0.0,,0
2021-07-15,169.8194122314453,239.4283599853516,0.5775267909120569,0.5653557698876059,0.04921620742611297,0.24729701171556226,0.0,,0
2021-07-16,167.9924774169922,239.01409912109372,0.5671373624053353,0.5678193210406517,0.04539602428306605,-0.015022430842490808,0.0,,0
2021-07-19,168.66259765625,231.58712768554688,0.5789012818940171,0.5705803366267721,0.04070599861096382,0.20441570164560097,0.0,,0
2021-07-20,169.5002899169922,233.7930145263672,0.5815183154485175,0.5732930210398514,0.03560116335197098,0.23104004572397704,0.0,,0
2021-07-21,169.49232482910156,234.7178192138672,0.5804979578616267,0.5762907435513065,0.02761291145506794,0.1523640242415675,0.0,,0
2021-07-22,170.11460876464844,235.18017578125,0.5836774951887491,0.5776817132176676,0.025787589661884575,0.23250649051328787,0.0,,0
2021-07-23,168.8461151123047,239.88104248046875,0.5713132205599034,0.5785692988277066,0.02460971992047797,-0.2948460320251479,0.0,,0
2021-07-26,167.42601013183594,241.06594848632807,0.5616521280673248,0.5789119108095971,0.024225728112519863,-0.7124567180027293,0.0,,0
2021-07-27,155.72230529785156,241.72097778320312,0.4885158945752579,0.5779664854660307,0.026519571981779514,-3.373002812874602,1.0,Enter Long Spread,1
2021-07-28,153.20925903320312,237.8773956298828,0.4761982204423527,0.5761307561351425,0.029518835401462596,-3.385382056361152,1.0,,2
2021-07-29,153.02577209472656,238.82144165039065,0.47402332993386564,0.5740836135530447,0.03215245256385581,-3.112057576959522,1.0,,3
2021-07-30,152.66676330566406,237.3475799560547,0.47320081246514034,0.5719561866731873,0.03445198279479575,-2.8664641682964245,1.0,,4
2021-08-02,153.1294403076172,230.9801788330078,0.48293163154579144,0.5700084118141658,0.03608760532552297,-2.4129276377002857,1.0,,5
2021-08-03,154.89260864257812,228.38888549804688,0.49716174285966397,0.5681022479598637,0.036856336411249135,-1.924784501330621,1.0,,6
2021-08-04,152.21200561523438,227.9843292236328,0.4801411593543279,0.5659073751654606,0.03808741094839145,-2.2518258310428667,1.0,,7
2021-08-05,151.9168243408203,231.3944396972656,0.4745394164896546,0.5637496086233252,0.03950872027524399,-2.2579873889149837,1.0,,8
2021-08-06,153.6560516357422,232.54071044921875,0.4847045675901416,0.56195660064478,0.0405991160246452,-1.9028008641307252,1.0,,9
2021-08-09,152.3636016845703,231.19210815429688,0.4776917170570767,0.5597216262756588,0.04147585075420687,-1.9777752047741146,1.0,,10
2021-08-10,152.06838989257812,229.33297729492188,0.4777429801425901,0.5574910849520666,0.042219255335897626,-1.888903633543468,1.0,,11
2021-08-11,153.49647521972656,226.4333953857422,0.4902274417409058,0.5554664882224315,0.04248282615691242,-1.5356569320638422,1.0,,12
2021-08-12,154.48570251464844,223.5878143310547,0.49976947833531216,0.553763285522114,0.04263287754558273,-1.2664828248825581,1.0,,13
2021-08-13,154.75697326660156,224.41737365722656,0.5006108169951027,0.5520281993338915,0.042642332334486104,-1.2057825996821951,1.0,,14
2021-08-16,157.22218322753906,227.03146362304688,0.5135594650386053,0.5505745418610514,0.042441829721795256,-0.8721366883821611,1.0,,15
2021-08-17,157.77264404296875,226.2308654785156,0.5179254992096642,0.549282034197762,0.04223508075221892,-0.7424286737382495,1.0,,16
2021-08-18,155.41122436523438,223.43345642089844,0.5059128636926087,0.5477129958695358,0.04206807661298967,-0.9936306943973805,1.0,,17
2021-08-19,154.82080078125,223.37559509277344,0.5021703809959617,0.5462283889385106,0.042077325380713786,-1.047072444455867,1.0,,18
2021-08-20,154.98118591308594,223.17303466796875,0.5034294670153809,0.5445477942437301,0.041738091514006176,-0.9851511110552571,1.0,,19
2021-08-23,154.78872680664062,225.85467529296875,0.49924192698530234,0.542872525474658,0.041505050774728096,-1.0512117844684534,1.0,,20
2021-08-24,155.00526428222656,225.95111083984372,0.5005346202449343,0.5410863769802925,0.040979298409010295,-0.9895668864463006,1.0,,21
2021-08-25,154.6844940185547,224.3594665527344,0.5002059926043179,0.5393846711015858,0.04051902888979893,-0.966920470967447,1.0,,22
2021-08-26,154.27545166015625,222.3627471923828,0.4997622031952995,0.5378383298409172,0.040230212119216416,-0.9464560249591666,1.0,,23
2021-08-27,155.0293731689453,224.45594787597656,0.5023270724141855,0.5363014068222463,0.03979366822491701,-0.853762317563565,1.0,,24
2021-08-30,155.5987548828125,223.0476226806641,0.5075449390531557,0.5349943338043845,0.039427082122563926,-0.6962065989539641,1.0,,25
2021-08-31,156.89804077148438,220.9929962158203,0.5181421991173416,0.5337046742689009,0.03868469092960288,-0.4022902801493067,1.0,,26
2021-09-01,157.5155792236328,221.97689819335935,0.5209751209249918,0.532724387278085,0.03824714140634086,-0.307193320103797,1.0,,27
2021-09-02,158.95120239257812,216.24708557128903,0.5364958364316998,0.5327133885268193,0.038245960361455625,0.09889797168467868,0.0,Exit Long Spread,0
2021-09-03,158.26947021484375,217.1441650390625,0.5311769771664994,0.5324661959970834,0.03820714213127684,-0.03374287524972227,0.0,,0
2021-09-07,156.84188842773438,218.2631378173828,0.5208488359956542,0.5320645690523846,0.038200495325061916,-0.29360177037736424,0.0,,0
2021-09-08,156.0478973388672,220.98333740234372,0.5127197972156718,0.5316860076072375,0.038277700790568726,-0.49548980215234745,0.0,,0
2021-09-09,151.58863830566406,219.43995666503903,0.48545535019512354,0.5307304005896126,0.03870187060100573,-1.1698413976225879,0.0,,0
2021-09-10,154.9972381591797,216.9512481689453,0.5105043317031421,0.5302911319238017,0.03877929563567585,-0.5102413516365238,0.0,,0
2021-09-13,155.90353393554688,216.68115234375,0.516641620261131,0.5301977956620463,0.03880528762504722,-0.3493383564606101,0.0,,0
2021-09-14,153.19271850585938,215.1378173828125,0.5008633056561609,0.5298341556578137,0.03897587020951642,-0.7433021981528255,0.0,,0
2021-09-15,155.06944274902344,215.8901824951172,0.5121788803711047,0.5292669806309213,0.0389810567183751,-0.438369343942425,0.0,,0
2021-09-16,154.7646942138672,216.39183044433597,0.5096394694942896,0.5285159831107409,0.03891785417348551,-0.4850348000253239,0.0,,0
2021-09-17,152.40673828125,213.9030914306641,0.4971385512233635,0.5276471623723736,0.039026609928985156,-0.7817386958417656,0.0,,0
2021-09-20,151.89344787597656,212.26324462890625,0.49566242164374885,0.5266119070856985,0.039037469979363734,-0.7928148381109323,0.0,,0
2021-09-21,152.16616821289062,212.3789825439453,0.4973218837166653,0.5256627257013377,0.0390457358609495,-0.7258370564611807,0.0,,0
2021-09-22,148.6132354736328,214.86769104003903,0.47082354374599067,0.5242464247944199,0.03946576556211606,-1.3536512034549464,0.0,,0
2021-09-23,149.8082733154297,220.23089599609372,0.4727540479159087,0.5227026533508281,0.03963779165022074,-1.260125838383866,0.0,,0
2021-09-24,150.79469299316406,223.3948974609375,0.47580001502176805,0.521143507502018,0.039612164194281596,-1.144686068094096,0.0,,0
2021-09-27,149.8483428955078,221.47532653808597,0.47163222618880685,0.519358861793554,0.03938986119546504,-1.211647722440867,0.0,,0
2021-09-28,149.78414916992188,217.5782623291016,0.4755807392694069,0.517596854258755,0.03894163613380676,-1.0789509419937358,0.0,,0
2021-09-29,148.16409301757812,218.6586151123047,0.4634846775042296,0.5156688361523613,0.038708617321760626,-1.348127684705378,0.0,,0
2021-09-30,146.0467529296875,214.86769104003903,0.4534031436312551,0.5133470027987097,0.03819231154146181,-1.569526869364248,0.0,,0
2021-10-01,145.55755615234375,222.30487060546875,0.441658316521472,0.5109421946056351,0.03808777352282977,-1.819058235121944,0.0,,0
2021-10-04,143.09536743164062,216.77761840820312,0.4308057479300307,0.508243926676626,0.0379343915349326,-2.0413713154008257,0.0,,0
2021-10-05,144.09786987304688,216.343505859375,0.43828139540289857,0.5057059301937882,0.03743287836609877,-1.8012116015089263,0.0,,0
2021-10-06,144.9239501953125,218.4946136474609,0.44155839923724427,0.5034609442704259,0.037172615205835674,-1.6652728007004363,0.0,,0
2021-10-07,145.64578247070312,222.3916778564453,0.44216800154915403,0.5012668837891481,0.03683905784527141,-1.6042452140936025,0.0,,0
2021-10-08,147.1615753173828,222.1215667724609,0.4528212519986816,0.4991884581405918,0.03598591983684339,-1.2884818938110942,0.0,,0
2021-10-11,145.75804138183594,217.1441650390625,0.4488258853171436,0.49721660018912195,0.035446021712362,-1.365194527743061,0.0,,0
2021-10-12,145.9585723876953,216.1217041015625,0.4513644111394719,0.4950909856765462,0.03428900919780868,-1.275235871786833,0.0,,0
2021-10-13,147.6186981201172,214.5879669189453,0.4644301186447757,0.4931395157298172,0.03260523486714261,-0.8805149603131036,0.0,,0
2021-10-14,153.52151489257812,217.21170043945312,0.5006419376563609,0.4918085820597294,0.030579019578110673,0.28886981069055184,0.0,,0
2021-10-15,155.39024353027344,222.8161163330078,0.5064600210407553,0.4905216241572628,0.028219372225373976,0.5648033824494919,0.0,,0
2021-10-18,155.1015167236328,222.4881591796875,0.5049633830536131,0.489415793532158,0.026264008578312497,0.5919732121277745,0.0,,0
2021-10-19,155.42233276367188,225.25662231445312,0.5039806656120291,0.4884546024912364,0.024605725273703354,0.6309939230844688,0.0,,0
2021-10-20,156.60931396484375,223.2309112548828,0.5138160644101704,0.488876271988485,0.024819023167303632,1.0048659954732158,0.0,,0
2021-10-21,159.9536895751953,222.0926513671875,0.5362065484740957,0.489876410789014,0.02548804951434035,1.8177200126284638,0.0,,0
2021-10-22,163.45848083496094,223.0476226806641,0.556823347621153,0.4912564110838022,0.026800108274817876,2.4465175985486356,0.0,,0
2021-10-25,163.5306854248047,225.60385131835935,0.5544554094481662,0.49261065436685253,0.02788452930483057,2.2178877184991603,0.0,,0
2021-10-26,174.8952178955078,223.6167449951172,0.6238230658958814,0.4949588449393541,0.032517941712159215,3.9628652421239194,-1.0,Enter Short Spread,1
2021-10-27,170.19541931152344,208.14431762695312,0.6142618408269191,0.4969105132388083,0.035926963762416345,3.2663858923384326,-1.0,,2
2021-10-28,171.55079650878906,202.41456604003903,0.6290762456644985,0.49939276467731114,0.0396361953221291,3.2718448360956676,-1.0,,3
2021-10-29,171.2059326171875,204.27622985839844,0.6248066735297939,0.5018972189613135,0.042621649608057345,2.883732931473521,-1.0,,4
2021-11-01,169.14479064941406,204.9418182373047,0.6118926147460699,0.5040170197472457,0.04482002666760202,2.406861463935757,-1.0,,5
2021-11-02,167.7332305908203,201.7393035888672,0.607395530884447,0.5061787499777018,0.0465910931718594,2.172449153175894,-1.0,,6
2021-11-03,170.62049865722656,200.73611450195312,0.6256916160315595,0.5086445605758513,0.048879736191471075,2.39459261803732,-1.0,,7
2021-11-04,169.00038146972656,201.3919982910156,0.6153465235052777,0.5107298786052575,0.05068512637823429,2.064050193331386,-1.0,,8
2021-11-05,166.99537658691406,209.00279235839844,0.5942658581494149,0.5123048182688258,0.051776478824260654,1.5829782507763936,-1.0,,9
2021-11-08,167.86155700683594,212.68768310546875,0.5951302051057736,0.5138801414040037,0.05282401947763812,1.5381272478927,-1.0,,10
2021-11-09,168.39088439941406,205.83889770507807,0.606348609449552,0.5154266271441862,0.05413400651579339,1.679572382636037,-1.0,,11
2021-11-10,169.73828125,208.29818725585935,0.611390069741967,0.5169843699863912,0.055510747288999414,1.7006742723905681,-1.0,,12
2021-11-11,171.0615997314453,203.3313140869141,0.6251064132944453,0.5189709291464218,0.05718647812707519,1.8559541979867635,-1.0,,13
2021-11-12,170.9813995361328,204.945068359375,0.6226883831296304,0.5209795625153163,0.05865869816101047,1.7339085899100017,-1.0,,14
2021-11-15,169.6420440673828,205.14797973632807,0.6145802129993465,0.5228320749483824,0.05981885711278245,1.5337661479887896,-1.0,,15
2021-11-16,169.92271423339844,207.9309539794922,0.6129111177950699,0.5247265614618785,0.06083312339329556,1.4496141479217604,-1.0,,16
2021-11-17,166.6986541748047,198.15191650390625,0.6056322152590372,0.5264781880454469,0.06161933099851071,1.284564858639952,-1.0,,17
2021-11-18,166.3938751220703,196.4801788330078,0.6058911444115385,0.528239607242234,0.062349358549565796,1.2454264001380857,-1.0,,18
2021-11-19,168.02195739746094,194.0933532714844,0.6186415723971057,0.530220930062264,0.06329462392232574,1.3969692345964526,-1.0,,19
2021-11-22,169.96435546875,188.99127197265625,0.6367034916307142,0.5324605370492062,0.0646312725265988,1.6128872371901257,-1.0,,20
2021-11-23,170.71389770507812,191.80323791503903,0.6374623624215121,0.5346258274386788,0.06592361370862242,1.5599347365477159,-1.0,,21
2021-11-24,168.02195739746094,196.40286254882807,0.6157251348859372,0.5362522097014887,0.06669608324008769,1.1915681000092262,-1.0,,22
2021-11-26,165.46701049804688,190.99148559570312,0.6072908526330172,0.5376908052299557,0.06727938974858487,1.0344928463701681,-1.0,,23
2021-11-29,164.93504333496094,189.6773376464844,0.605773058301865,0.5388454255944585,0.06784108310827967,0.9865354390139203,-1.0,,24
2021-11-30,159.88160705566406,187.24221801757807,0.5778407526764673,0.5396231551862913,0.06801596529150716,0.5618915695216635,-1.0,,25
2021-12-01,156.4803466796875,183.7538299560547,0.5609743321566223,0.5402919134556406,0.06802534521677779,0.3040398932937796,-1.0,,26
2021-12-02,161.11473083496094,191.60997009277344,0.5798386084884095,0.5414105603101864,0.06811454724196354,0.5641680042548768,-1.0,,27
2021-12-03,161.78367614746094,189.70635986328125,0.5864437269603449,0.5430936999229401,0.06795862905484239,0.6378884865735216,-1.0,,28
2021-12-06,162.85562133789062,195.85208129882807,0.5851869127480169,0.5443384096070214,0.06803422291929422,0.6004111076487517,-1.0,,29
2021-12-07,165.53953552246094,200.38406372070312,0.5958926719896065,0.5456592604691627,0.06825264101162115,0.7359922015602404,-1.0,,30
2021-12-08,164.99951171875,201.94949340820312,0.5907064917329787,0.5471566469037762,0.06823897051447549,0.6381960996900494,-1.0,,31
2021-12-09,166.4663848876953,204.26861572265625,0.5967421439695264,0.5485660346304166,0.06837513202355695,0.704585247784412,-1.0,,32
2021-12-10,168.5377655029297,206.2109222412109,0.6067752802068691,0.5501849648089595,0.06858392710835311,0.8251250370732597,-1.0,,33
2021-12-13,166.2810516357422,203.9111328125,0.5960600520100228,0.5518336564887373,0.06847783267018442,0.6458498144106987,-1.0,,34
2021-12-14,164.20968627929688,202.9061279296875,0.5847429874479617,0.5533183325854741,0.06820903834118887,0.4607110087859341,-1.0,,35
2021-12-15,165.84580993652344,205.1576385498047,0.5919365118244375,0.5548952430539369,0.06798957485895285,0.54480806575632,-1.0,,36
2021-12-16,167.61898803710938,207.1482391357422,0.6001907422921071,0.5570513630297056,0.0673374137949803,0.6406450267565424,-1.0,,37
2021-12-17,166.50668334960938,204.74212646484372,0.5964133226379531,0.5591123509417397,0.06661432579335293,0.5599542028230726,-1.0,,38
2021-12-20,163.15383911132812,201.7079315185547,0.579752624970822,0.5608448944408906,0.06577145749121782,0.2874762283085503,-1.0,,39
2021-12-21,166.91775512695312,208.12420654296875,0.5948395690087038,0.5628983501545555,0.06487125893277401,0.4923785876770018,-1.0,,40
2021-12-22,167.9977264404297,210.6173095703125,0.5983528894095771,0.5649445526568917,0.06401539614728664,0.5218797158705304,-1.0,,41
2021-12-23,171.02015686035156,209.3224639892578,0.6177043363925208,0.5675148803050298,0.06297768786037802,0.7969402782579332,-1.0,,42
2021-12-27,173.3736572265625,210.2984313964844,0.6302251489929782,0.5704619137277253,0.061692968141554734,0.9687203755236091,-1.0,,43
2021-12-28,173.0270233154297,210.7042999267578,0.6277484168882947,0.5735634154005056,0.0597878969246582,0.9062871295852815,-1.0,,44
2021-12-29,172.96258544921875,210.8202362060547,0.6272403070171544,0.5768373247186244,0.057203424323349794,0.8811182703612394,-1.0,,45
2021-12-30,172.3983612060547,210.5303649902344,0.6243120967970421,0.5799378364085268,0.054591394824036875,0.8128434990816009,-1.0,,46
2021-12-31,172.75302124023438,209.4094390869141,0.627683437601974,0.5830399203812723,0.051859846643473935,0.8608493875351569,-1.0,,47
2022-01-03,172.07598876953125,213.9704132080078,0.6184442826497569,0.5859778583996157,0.0486924539323593,0.666765004188158,-1.0,,48
2022-01-04,175.1306915283203,214.9657287597656,0.6348963812965043,0.5890124438879127,0.04589246882774803,0.9998140997995005,-1.0,,49
2022-01-05,172.93032836914062,212.58860778808597,0.6249942966331872,0.5919485840765134,0.04232656555029197,0.7807321980189772,-1.0,,50
2022-01-06,174.60678100585938,212.34703063964844,0.6349223245645756,0.5950078826335985,0.03851700129130219,1.0362811380124373,-1.0,,51
2022-01-07,175.8318634033203,209.6510162353516,0.6450644375081125,0.5980184546146542,0.03510101065184314,1.3403028009675821,-1.0,,52
2022-01-10,170.64944458007812,204.8291015625,0.6208845790817958,0.6000224986384114,0.03284421790135904,0.6351827437645031,-1.0,,53
2022-01-11,170.27865600585938,207.15792846679688,0.6159219826330509,0.6018468646649495,0.030556973199329946,0.46061885371585126,-1.0,,54
2022-01-12,170.23838806152344,208.4431304931641,0.6141605737706246,0.6036668178435664,0.02786580978987748,0.3765817683457458,-1.0,,55
2022-01-13,169.63392639160156,207.75701904296875,0.6114164781396687,0.605457414719027,0.024671358350824988,0.24153771089148032,-1.0,,56
2022-01-14,166.4663848876953,207.43817138671875,0.5929458165029529,0.6067762439205734,0.021669717637065277,-0.6382375464811815,0.0,Exit Short Spread,0
2022-01-18,165.70074462890625,208.4431304931641,0.5871442545458592,0.6076252056884363,0.019806012838955032,-1.0340774445169785,0.0,,0
2022-01-19,164.22581481933594,207.4477996826172,0.5793833767294336,0.6080012061735742,0.019037234661133114,-1.5032555911372707,0.0,,0
2022-01-20,163.04098510742188,207.12893676757807,0.5725218539265748,0.6083023135815477,0.018317191542929767,-1.9533813123652002,0.0,,0
2022-01-21,162.76698303222656,198.9925842285156,0.5807203155538061,0.6075839344091797,0.01853828430838216,-1.4490887294908457,0.0,,0
2022-01-24,164.52401733398438,195.05003356933597,0.5963911847635037,0.6072860901414561,0.018572129497332918,-0.5866266105627213,0.0,,0
2022-01-25,162.7589111328125,195.19497680664065,0.585421506943121,0.6065585111627666,0.01855933120851737,-1.1388882488365348,0.0,,0
2022-01-26,160.3893280029297,198.9346160888672,0.5660766831215907,0.6055796779892966,0.019111611916729016,-2.0669630086579804,0.0,,0
2022-01-27,157.02841186523438,199.20518493652344,0.5445641701242878,0.6044575372456003,0.02062470591384254,-2.9039622369167564,1.0,Enter Long Spread,1
2022-01-28,159.78489685058594,220.319091796875,0.5371275470730592,0.603286404182077,0.022347674097026024,-2.9604359192718888,1.0,,2
2022-01-31,162.97653198242188,218.5507354736328,0.5588921693607507,0.6021730800708969,0.022861757509566025,-1.8931576319990349,1.0,,3
2022-02-01,185.9307403564453,224.5322113037109,0.6840029518516915,0.6033173538766704,0.025101003942989922,3.2144370861929015,0.0,Exit Long Spread,0
2022-02-02,187.07522583007807,227.48912048339844,0.6869137796789555,0.6048614859021628,0.027254050508149944,3.0106458396800906,-1.0,Enter Short Spread,1
2022-02-03,184.31878662109372,223.73980712890625,0.6761671720445164,0.6062121020178085,0.02870753366941351,2.436819227743051,-1.0,,2
2022-02-04,181.17552185058597,220.69595336914065,0.6623439470051464,0.607145357643735,0.029593314781786707,1.8652384759338807,-1.0,,3
2022-02-07,181.39309692382807,219.50738525390625,0.6648755586126522,0.6080367824582464,0.030499436338385595,1.8636008719567834,-1.0,,4
2022-02-08,181.5059509277344,220.26112365722656,0.6646523514209817,0.6086958814270221,0.03127853968314534,1.7889732244792769,-1.0,,5
2022-02-09,181.4011688232422,223.09239196777344,0.660925827647904,0.6093331721689933,0.03193969095330462,1.6153147992051147,-1.0,,6
2022-02-10,177.8629150390625,218.34490966796875,0.6465313772859469,0.6098656915737699,0.03228719867662114,1.1356106201535,-1.0,,7
2022-02-11,172.0679473876953,217.4738006591797,0.6143933312164402,0.6098903951307928,0.03229008624612645,0.13945258774858874,-1.0,,8
2022-02-14,172.47096252441406,218.10296630859372,0.616020507461829,0.6100635333341727,0.03229464035978205,0.18445705111721147,-1.0,,9
2022-02-15,175.10646057128906,220.50331115722656,0.6284870953523982,0.6104401325165204,0.03237543743579096,0.5574276138096884,-1.0,,10
2022-02-16,173.5348358154297,221.47122192382807,0.6183914224088285,0.6104359633500491,0.032374397111876486,0.24573304118336534,-1.0,,11
2022-02-17,169.82733154296875,217.3964080810547,0.6013738710650323,0.6098471363406209,0.032212169217350456,-0.26304547261054095,0.0,Exit Short Spread,0
2022-02-18,169.96536254882812,215.5380706787109,0.6043029671757085,0.609294479753191,0.03201750617064717,-0.15589948045543026,0.0,,0
2022-02-22,169.6487579345703,214.2120513916016,0.6039599984321165,0.6090983941456274,0.03201354881786895,-0.1605069073330241,0.0,,0
2022-02-23,166.0035858154297,209.01454162597656,0.588295260708924,0.6087818009468925,0.03212359666301939,-0.6377411736573239,0.0,,0
2022-02-24,168.20367431640625,210.32118225097656,0.5999249356847391,0.6086843322366069,0.03214144501913893,-0.2725265322281522,0.0,,0
2022-02-25,170.44432067871094,212.2279052734375,0.610932877922113,0.6092358676573678,0.03189039232368056,0.05321384094372182,0.0,,0
2022-02-28,170.82589721679688,209.1790771484375,0.6167367528980208,0.610165241336391,0.03127701251129015,0.21010675361841483,0.0,,0
2022-03-01,166.8966064453125,202.25872802734372,0.601761225991656,0.6105306182947784,0.031047813528115826,-0.2824479828565412,0.0,,0
2022-03-02,171.67019653320312,201.7844390869141,0.6305407446733131,0.6112655685899946,0.03099081078856038,0.6219642401364199,0.0,,0
2022-03-03,172.45767211914062,200.5745849609375,0.636600138922758,0.612122455692907,0.030968669660624833,0.7904015089473859,0.0,,0
2022-03-04,170.80154418945312,193.85748291015625,0.6353490317647186,0.6127800616891589,0.03103590159023356,0.7271891235362642,0.0,,0
2022-03-07,163.32455444335938,184.57542419433597,0.602683329082262,0.6129796756449803,0.030931629450009858,-0.3328743666530346,0.0,,0
2022-03-08,165.1349334716797,185.55303955078125,0.6124044440836567,0.6132407139802157,0.030859500703903458,-0.02709926853914616,0.0,,0
2022-03-09,167.87081909179688,193.3444976806641,0.6186947585968625,0.6134393719533823,0.030855605620113233,0.17032194111447022,0.0,,0
2022-03-10,168.19557189941406,191.61196899414065,0.622846732115129,0.6138858166218008,0.03079464314455775,0.29098942472765305,0.0,,0
2022-03-11,165.5327606201172,190.39244079589844,0.6084626713234327,0.6142811446863919,0.03056941056568149,-0.19033645907099458,0.0,,0
2022-03-14,165.8574981689453,193.89617919921875,0.6059264739044161,0.6145143107210582,0.03045121444270828,-0.28201951790131347,0.0,,0
2022-03-15,170.91517639160156,199.5195770263672,0.6289159876024639,0.6149930648095641,0.030448064803850913,0.4572679046301479,0.0,,0
2022-03-16,176.89840698242188,205.0655517578125,0.6565643003013206,0.6159955811039537,0.03080793660836088,1.316826885003298,0.0,,0
2022-03-17,180.48670959472656,206.59483337402344,0.6748139763909842,0.6175799369609563,0.031343042351230914,1.826052454916847,0.0,,0
2022-03-18,178.42465209960938,212.0730133056641,0.656870605742077,0.6186137875731792,0.03159791125038269,1.210738832252226,0.0,,0
2022-03-21,177.43418884277344,210.0695343017578,0.6536442952712278,0.6195353110042067,0.031799203310873214,1.072636441031783,0.0,,0
2022-03-22,177.320556640625,211.45358276367188,0.6513845618610614,0.620096648095349,0.032058144109491565,0.9759739571589505,0.0,,0
2022-03-23,174.203125,207.78530883789065,0.6379621698960716,0.6202255984437339,0.032114137300139754,0.5522979268155667,0.0,,0
2022-03-24,174.26808166503906,210.3308563232422,0.635332815768733,0.6203520050917413,0.032158395837751035,0.4658444641509649,0.0,,0
2022-03-25,174.82823181152344,211.4148712158203,0.6372745141168215,0.6205192418767357,0.032219815303423126,0.5200300523853606,0.0,,0
2022-03-28,178.23793029785156,213.67974853515625,0.6539626101025466,0.6210134170984941,0.03250036165748895,1.0138100416018032,0.0,,0
2022-03-29,180.5922393798828,220.79367065429688,0.6590101774524504,0.6215355294293354,0.03285303614045763,1.1406753355427608,0.0,,0
2022-03-30,178.76560974121094,216.7576141357422,0.6533926930529723,0.6221180029360556,0.03310193487877057,0.9447994575378825,0.0,,0
2022-03-31,174.10569763183594,214.64761352539065,0.6293915831662831,0.622026256300552,0.03307400755181155,0.2226923016266798,0.0,,0
2022-04-01,167.75718688964844,219.09017944335935,0.5871957545351492,0.6213962805989179,0.03337013159472899,-1.0248843630323277,0.0,,0
2022-04-04,166.5962371826172,220.42588806152344,0.5787526895605613,0.6204601200155176,0.033763115760640006,-1.2352956625992921,0.0,,0
2022-04-05,160.10159301757812,218.8288726806641,0.54078094675421,0.618722061836286,0.03510912193676734,-2.219967654629771,0.0,,0
2022-04-06,157.81222534179688,211.9762420654297,0.5342226214514028,0.6172776958757795,0.03673539028264542,-2.260900831196933,0.0,,0
2022-04-07,156.44020080566406,209.2080535888672,0.5287315418390397,0.615824521862546,0.038445028830490315,-2.2653899001483864,0.0,,0
2022-04-08,155.0357666015625,210.01144409179688,0.5187685538115299,0.6142346548632278,0.04040351595533275,-2.36281667063922,0.0,,0
2022-04-11,154.93019104003906,207.8530731201172,0.5206344064038275,0.612721620334297,0.042143080506697954,-2.1851087491298538,0.0,,0
2022-04-12,152.53526306152344,204.61065673828125,0.5089320462345139,0.6113213908298232,0.04412593885504835,-2.3203890331184445,0.0,,0
2022-04-13,153.33090209960938,206.42059326171875,0.511963207514436,0.6100683733792993,0.04582925199391931,-2.1406669669817004,0.0,,0
2022-04-14,152.640869140625,205.95599365234372,0.5080083228824233,0.6088787891485159,0.04750596428323924,-2.123322150976338,0.0,,0
2022-04-18,151.94265747070312,206.3238067626953,0.5029836909610079,0.6077198197657564,0.0491969428298858,-2.128915391489004,0.0,,0
2022-04-19,154.8084259033203,208.7725524902344,0.5187598798973818,0.6066871458381494,0.050388699754288675,-1.7449798540055392,0.0,,0
2022-04-20,154.59732055664062,210.79542541503903,0.5150178276094934,0.6053309232189158,0.05172493925856779,-1.7460261317651093,0.0,,0
2022-04-21,153.2740478515625,209.4984436035156,0.5079431973049091,0.604039618058279,0.053153252744514934,-1.8079123250511964,0.0,,0
2022-04-22,151.93453979492188,201.484375,0.5087822533251354,0.6030847108950046,0.05432834847554336,-1.7357873047129482,0.0,,0
2022-04-25,153.9559783935547,203.20721435546875,0.5198999230900647,0.6026736401111009,0.05486028973120379,-1.5088093305120776,0.0,,0
2022-04-26,148.60604858398438,194.64144897460935,0.4951504767932333,0.6019740222731039,0.055948585891225755,-1.9093162727571888,0.0,,0
2022-04-27,151.3256378173828,207.23361206054688,0.4978297304470283,0.6009563149578752,0.05726291696675618,-1.8009313875979585,0.0,,0
2022-04-28,154.378173828125,213.5732421875,0.5103714552534284,0.5980624566812375,0.05738015155337274,-1.5282462498594547,0.0,,0
2022-04-29,146.1136932373047,206.28509521484372,0.463911798613339,0.5943457569968105,0.058711429552548676,-2.221611011306219,0.0,,0
2022-05-02,144.97714233398438,204.73648071289065,0.45796076355101634,0.5907089835219188,0.06026807789708862,-2.2026290633920342,0.0,,0
2022-05-03,144.60369873046875,201.8618927001953,0.4588678384692222,0.58731771504632,0.06184590396403515,-2.076934256661435,0.0,,0
2022-05-04,149.21490478515625,207.6304626464844,0.4833115543982882,0.584291648309414,0.06241628897812268,-1.6178484104769513,0.0,,0
2022-05-05,145.95941162109375,198.6484832763672,0.47215598648890844,0.5810833755605461,0.0631462021810629,-1.7250030137885985,0.0,,0
2022-05-06,146.06500244140625,196.30621337890625,0.4758035690395259,0.57799800458374,0.06368992864592882,-1.6045619412190455,0.0,,0
2022-05-09,147.2908935546875,186.8015899658203,0.49639755730624,0.5754957742507448,0.06389712579334023,-1.2378994510696588,0.0,,0
2022-05-10,147.76170349121094,187.36297607421875,0.4988490721313803,0.573570036599327,0.06443468917655383,-1.1596387818866958,0.0,,0
2022-05-11,144.06788635253906,190.40213012695312,0.4695656209919259,0.5711291218248287,0.0655447865012864,-1.549528288278267,0.0,,0
2022-05-12,145.03395080566406,188.0990295410156,0.4792493728592788,0.5686418264499433,0.06614981671627672,-1.3513635869027092,0.0,,0
2022-05-13,145.779052734375,193.1997985839844,0.4777767383041214,0.5662982483815316,0.06683310002682442,-1.3245159964430933,0.0,,0
2022-05-16,147.1956024169922,191.8227996826172,0.48921050633400087,0.5644288589693478,0.06739217798486447,-1.116128828070227,0.0,,0
2022-05-17,149.95492553710938,197.825439453125,0.5001858137194339,0.5626935730784097,0.06768294843643553,-0.9235377713735384,0.0,,0
2022-05-18,141.0218505859375,193.9368133544922,0.4436606816750095,0.5600219177991247,0.06914917900229087,-1.6827565822619561,0.0,,0
2022-05-19,137.058837890625,191.39610290527344,0.4184075395497915,0.5571904557798057,0.07137585457504647,-1.9443958612655798,0.0,,0
2022-05-20,140.0474853515625,193.005859375,0.4379137699074478,0.5544902696835177,0.07275919056515166,-1.602223703570236,0.0,,0
2022-05-23,142.79042053222656,201.2776641845703,0.44696352996995525,0.5517574472176483,0.07366162742710956,-1.422639180099433,0.0,,0
2022-05-24,142.56118774414062,196.49688720703125,0.4512837542756274,0.5489998972406085,0.07427185752431956,-1.315655030345578,0.0,,0
2022-05-25,142.35647583007812,197.6702880859375,0.4483788116676415,0.5464435236685415,0.07504745959576486,-1.3067026189709174,0.0,,0
2022-05-26,146.05746459960938,202.2377166748047,0.4684124802023901,0.5437413859273595,0.07488943848189687,-1.0058682138894497,0.0,,0
2022-05-27,149.45547485351562,206.43667602539065,0.48634417507011785,0.5412371198631488,0.07425194617686658,-0.7392795424146477,0.0,,0
2022-05-31,149.2261962890625,205.74815368652344,0.4856326083504585,0.5387418461395779,0.07355976220559268,-0.7219876219920883,0.0,,0
2022-06-01,147.57223510742188,203.5759429931641,0.4771040208879982,0.5366488576696734,0.07349718692590959,-0.8101648412979487,0.0,,0
2022-06-02,150.71644592285156,208.54095458984372,0.4922453827591924,0.534646206647599,0.07304134813076218,-0.5805043988577344,0.0,,0
2022-06-03,151.87911987304688,206.21359252929688,0.5026971756745289,0.5327129135988934,0.07232272998859247,-0.4150249572865809,0.0,,0
2022-06-06,153.20559692382812,206.49481201171875,0.5110570194072201,0.5308497517204283,0.07141092663381099,-0.2771667200833776,0.0,,0
2022-06-07,151.89547729492188,208.00759887695312,0.5006691757496495,0.5290531934608652,0.07078896702450616,-0.400966688797557,0.0,,0
2022-06-08,146.92539978027344,207.03787231445312,0.4685536380546673,0.5267636461967028,0.0704865051506908,-0.8258319520536619,0.0,,0
2022-06-09,144.55905151367188,199.87159729003903,0.46100205939306726,0.5239650807265461,0.0697041858886907,-0.9032889564770661,0.0,,0
2022-06-10,141.69325256347656,193.47129821777344,0.4490028919928857,0.5205057239214056,0.06817124999610584,-1.0488707766485783,0.0,,0
2022-06-13,141.42306518554688,186.4407501220703,0.4562206440433576,0.5168625017156118,0.06562066623076371,-0.9241274305109779,0.0,,0
2022-06-14,142.60211181640625,187.6626434326172,0.46291250018881125,0.5136298666230574,0.06338317966770526,-0.8001707503495203,0.0,,0
2022-06-15,144.0104522705078,190.2227325439453,0.46939929667836333,0.5105591166465097,0.060941526708007385,-0.6753985696052172,0.0,,0
2022-06-16,140.9890899658203,183.32791137695312,0.4572985700907193,0.5073243501170039,0.05848208238137077,-0.8554035353949737,0.0,,0
2022-06-17,140.0720672607422,184.2588806152344,0.4495242340506189,0.504183717852913,0.05640508794710666,-0.9690523637433301,0.0,,0
2022-06-21,142.8805389404297,188.50631713867188,0.46375711817018717,0.5013241228929373,0.05398080273839899,-0.6959326800827099,0.0,,0
2022-06-22,144.23153686523438,187.9535675048828,0.47389215932906237,0.49860108364647465,0.051098064386643216,-0.4835589099901615,0.0,,0
2022-06-23,146.26214599609375,190.688232421875,0.4843113302001183,0.49577356231476755,0.04694820400924352,-0.24414633864146282,0.0,,0
2022-06-24,150.08595275878906,199.28973388671875,0.4992409385074359,0.49311074166568397,0.04187051964670665,0.14640842515156358,0.0,,0
2022-06-27,148.86593627929688,197.3987274169922,0.49342960346512355,0.4904446901725531,0.03630237660438661,0.08222363304472366,0.0,,0
2022-06-28,147.3184051513672,192.12339782714844,0.4896583758662434,0.4881158033842191,0.03147504546589441,0.04900938058042735,0.0,,0
2022-06-29,148.30918884277344,193.46163940429688,0.4946498818769016,0.48657337217324836,0.028729723587268233,0.28112034141645603,0.0,,0
2022-06-30,149.4636688232422,190.9306182861328,0.5056509430192135,0.4853550097308926,0.02623664224482789,0.7735720561697245,0.0,,0
2022-07-01,151.46969604492188,193.1513214111328,0.5161320519287826,0.4849441948171354,0.02554954320365344,1.2206815935240496,0.0,,0
2022-07-05,151.17494201660156,194.4701385498047,0.512506461432316,0.4845822588168173,0.024996734728173,1.1171140118563672,0.0,,0
2022-07-06,151.61709594726562,195.03260803222656,0.514714888095914,0.48434864792109855,0.02464607694850516,1.2320922408163326,0.0,,0
2022-07-07,152.45230102539062,196.6617584228516,0.5181574397078148,0.48433846268603664,0.024631972716143015,1.372970708091694,0.0,,0
2022-07-08,151.805419921875,197.408447265625,0.5129708877284078,0.48421073737477965,0.024462722048545153,1.1756725313133576,0.0,,0
2022-07-11,151.18316650390625,198.85336303710935,0.5070653724048297,0.4841796261442849,0.024432430414499377,0.9366954442225014,0.0,,0
2022-07-12,146.86807250976562,198.62060546875,0.47839672730492033,0.4836201848074596,0.024172765462476827,-0.21608853611092213,0.0,,0
2022-07-13,145.68084716796875,197.9709014892578,0.4710880849793102,0.48300484750907446,0.024013506357231137,-0.4962524985933921,0.0,,0
2022-07-14,145.9755859375,199.6776580810547,0.4709927160970824,0.48247166459467566,0.023918956683035744,-0.4799100834416664,0.0,,0
2022-07-15,149.50460815429688,203.6826019287109,0.4899843083045865,0.48199207173479575,0.023470830838609718,0.3405178378535905,0.0,,0
2022-07-18,147.4494171142578,200.93829345703125,0.47948681135314564,0.48139988813052326,0.023074996897252394,-0.08290691374287533,0.0,,0
2022-07-19,152.14114379882812,207.19302368164065,0.5032526360250735,0.48132171210919267,0.022992737095182004,0.9538196268280023,0.0,,0
2022-07-20,152.99269104003906,206.9118194580078,0.5091689723317467,0.4813281574259695,0.02300048681846871,1.2104445929997392,0.0,,0
2022-07-21,153.12368774414062,209.6464691162109,0.5067875796792336,0.4811096183691223,0.022693199843806074,1.131526690235352,0.0,,0
2022-07-22,153.91790771484375,207.2318420410156,0.5148171731740716,0.48143739664213636,0.0230331233874618,1.449207559496933,0.0,,0
2022-07-25,153.8606414794922,207.7845764160156,0.513788302836165,0.4817033728486219,0.023311339980926764,1.3763657521959176,0.0,,0
2022-07-26,148.63665771484375,206.0584716796875,0.48130256146049755,0.4812188912854064,0.023010625321169754,0.0036361539038301345,0.0,,0
2022-07-27,150.57720947265625,204.099609375,0.4966287977201904,0.48176417460385396,0.022981667471415213,0.6468035069615903,0.0,,0
2022-07-28,154.13082885742188,204.9529571533203,0.5189258966907866,0.4827802601561834,0.023252909425754063,1.5544565143564189,0.0,,0
2022-07-29,159.57582092285156,205.68995666503903,0.552758282689602,0.4843451008931898,0.02470494685299569,2.76920983491679,-1.0,Enter Short Spread,1
2022-08-01,159.9442901611328,204.9626617431641,0.5559380107964689,0.48555554183315947,0.026349139908313682,2.671148629830696,-1.0,,2
2022-08-02,158.46229553222656,200.01702880859372,0.5526513216056019,0.486897130751771,0.02764987473290778,2.378100859009423,-1.0,,3
2022-08-03,158.37217712402344,202.16981506347656,0.5494429525461202,0.48812445381021424,0.02874296080892666,2.133339677270212,-1.0,,4
2022-08-04,159.2729034423828,207.0087890625,0.5492824062147212,0.4890058679586889,0.029775466749937463,2.024369215174736,-1.0,,5
2022-08-05,161.1069793701172,209.33612060546875,0.5579754376703332,0.48999130738433816,0.03103663229065633,2.190448037316918,-1.0,,6
2022-08-08,160.55841064453125,206.86334228515625,0.5574944006999787,0.49145678704613904,0.032095418608931996,2.0575401884760494,-1.0,,7
2022-08-09,161.0169219970703,203.8959503173828,0.5639084365190596,0.49286777144046867,0.033363583359083245,2.1292876221957173,-1.0,,8
2022-08-10,165.700439453125,205.6802673339844,0.5904322982957477,0.4947453641069958,0.03555917557152641,2.690921053450184,-1.0,,9
2022-08-11,167.3871612548828,205.0536956787109,0.601312419741828,0.4966137293304596,0.038075309895699676,2.749779074633175,-1.0,,10
2022-08-12,169.0205841064453,205.29653930664065,0.6107316454145291,0.4984561598587112,0.04078198527712471,2.753065717445468,-1.0,,11
2022-08-15,169.83724975585938,210.24122619628903,0.6096837163593676,0.5012232104367839,0.04256364844759882,2.5481956993445283,-1.0,,12
2022-08-16,170.2249755859375,210.9406890869141,0.6111451228014322,0.5044355034909779,0.043455937842011266,2.4555820127138572,-1.0,,13
2022-08-17,169.09478759765625,208.39547729492188,0.6074766400387253,0.5072615513264992,0.04453804628698542,2.250100690687687,-1.0,,14
2022-08-18,171.62738037109375,209.1046600341797,0.6215053232727901,0.5101705812148797,0.046174721579960505,2.41116217376888,-1.0,,15
2022-08-19,171.9407958984375,206.7440185546875,0.6261290629176572,0.5130846696922469,0.04785315927776994,2.362318286431819,-1.0,,16
2022-08-22,170.26620483398438,202.6542053222656,0.6212682311817894,0.5159661600174826,0.04906019209366068,2.146385219268504,-1.0,,17
2022-08-23,169.3340301513672,200.8958740234375,0.6179269582106177,0.5184580679842864,0.05036139766417284,1.9751018605485133,-1.0,,18
2022-08-24,167.4944305419922,200.7696075439453,0.6071587975240464,0.5204716450251853,0.05144081878465492,1.6851822064061006,-1.0,,19
2022-08-25,169.11131286621094,203.8296661376953,0.6130362909402942,0.5225950397350159,0.052575881213963026,1.720204190914428,-1.0,,20
2022-08-26,164.1039581298828,197.0975341796875,0.59126006162735,0.524497640414005,0.052959364327850283,1.2606348671416348,-1.0,,21
2022-08-29,162.7345733642578,196.5534820556641,0.5835619458638059,0.5260195831324153,0.05332151874505369,1.0791583601832146,-1.0,,22
2022-08-30,160.90322875976562,195.6305694580078,0.5734049998503314,0.5271980468686787,0.05357380860364272,0.862491470851131,-1.0,,23
2022-08-31,160.45773315429688,193.03683471679688,0.5739232204745852,0.5282458168864681,0.05386186310961968,0.8480472258294232,-1.0,,24
2022-09-01,162.19009399414062,194.41629028320312,0.5829060858803461,0.5296164320553131,0.0541880332072182,0.9834210741927151,-1.0,,25
2022-09-02,161.72813415527344,192.11395263671875,0.5829909728554292,0.5315237209686591,0.05401889920921424,0.9527638037835313,-1.0,,26
2022-09-06,161.6539306640625,192.9688873291016,0.5814372779931936,0.5335309746119944,0.05359707745431855,0.8938230526101036,-1.0,,27
2022-09-07,161.92611694335938,194.6980133056641,0.5809201639347281,0.5357295958110252,0.05278407352940326,0.8561402162061178,-1.0,,28
2022-09-08,161.7941131591797,194.979736328125,0.5797481198615329,0.5377883870746615,0.052046636916936596,0.8061948912056828,-1.0,,29
2022-09-09,163.9059600830078,199.34158325195312,0.5872615011638755,0.5398608704242458,0.051496702840811315,0.9204595270139233,-1.0,,30
2022-09-12,165.1268310546875,200.7307586669922,0.5929702620470361,0.5419203865137238,0.05110706114307447,0.9988810624504102,-1.0,,31
2022-09-13,158.9728546142578,193.96945190429688,0.5634378060454068,0.5436893737796352,0.0499717070772175,0.3951922682020018,-1.0,,32
2022-09-14,157.52923583984375,193.7168426513672,0.5546367116415938,0.5454412484061514,0.048459418980615614,0.18975595310213492,-1.0,,33
2022-09-15,152.61264038085938,189.7921905517578,0.5279750390690854,0.5465115470877997,0.04733972191448654,-0.39156351725509214,0.0,Exit Short Spread,0
2022-09-16,145.77394104003906,187.78131103515625,0.48475539671452506,0.5466926010442241,0.047081708418241636,-1.3155258466725843,0.0,,0
2022-09-19,148.51272583007812,187.61618041992188,0.5035858850822164,0.5470138436255925,0.04671934115116886,-0.9295498924708102,0.0,,0
2022-09-20,144.9242401123047,186.58644104003903,0.4804833163204014,0.5467012165891418,0.04709918731008019,-1.4059244766324965,0.0,,0
2022-09-21,143.39816284179688,181.6805725097656,0.4764666758359333,0.5464185011286553,0.04746757436824361,-1.4736760035398115,0.0,,0
2022-09-22,138.47329711914062,180.48568725585935,0.4431459793436081,0.5456432945199448,0.0487506721668449,-2.102480040183827,0.0,,0
2022-09-23,135.56124877929688,178.70797729492188,0.42433254115353436,0.5444713388412219,0.050766006366747676,-2.3665205574724872,0.0,,0
2022-09-26,133.43296813964844,175.43417358398438,0.4130668295102109,0.5429282702827386,0.05326795510309102,-2.4378904825838177,0.0,,0
2022-09-27,135.92425537109375,172.79183959960938,0.4353071652056748,0.5415811888373534,0.05492478033435068,-1.9349012046064282,0.0,,0
2022-09-28,137.86282348632812,174.06443786621094,0.44765933071049635,0.5405004033253231,0.056111463402104635,-1.6545829851114608,0.0,,0
2022-09-29,136.37796020507812,174.91928100585938,0.43562243437211823,0.5391821957632599,0.057610765026027036,-1.7975765700100677,0.0,,0
2022-09-30,133.2596893310547,172.578125,0.4158142929306723,0.5374764766503074,0.05968571091330935,-2.0383804072693987,0.0,,0
2022-10-03,134.53834533691406,176.46388244628906,0.4198739186177809,0.5359248604984637,0.06148555822847789,-1.887450406637638,0.0,,0
2022-10-04,139.32296752929688,180.3497314453125,0.4494490129731692,0.5349645878412694,0.06237231049347601,-1.3710502976644574,0.0,,0
2022-10-05,138.53099060058594,182.31202697753903,0.44108016857985244,0.5343426451958515,0.06311490309385691,-1.4776617255881754,0.0,,0
2022-10-06,136.60894775390625,180.29144287109372,0.4298564149184323,0.533655450694837,0.06401788269763393,-1.6214068851146346,0.0,,0
2022-10-07,131.2798614501953,178.5816650390625,0.39241470292780534,0.5323458171420157,0.06605764911868546,-2.118318106700963,0.0,,0
2022-10-10,131.77481079101562,176.97874450683594,0.39840083324063147,0.5308194258909498,0.06804701187310633,-1.945986884732745,0.0,,0
2022-10-11,131.5026092529297,174.0255889892578,0.40048190035630027,0.5295026773743357,0.06977016472430134,-1.8492256328742296,0.0,,0
2022-10-12,131.56036376953125,173.15126037597656,0.4021628443306675,0.5278178475127623,0.07158079379838009,-1.7554290266188473,0.0,,0
2022-10-13,135.008544921875,179.38795471191406,0.41931069999337756,0.526320209640456,0.07288347410008375,-1.4682273446533676,0.0,,0
2022-10-14,133.3751983642578,177.4061737060547,0.40987779399585933,0.5247050465457331,0.07435733938583873,-1.5442625233541172,0.0,,0
2022-10-17,135.88299560546875,179.9611358642578,0.4249802775125755,0.5232077649513749,0.07543800806191603,-1.3020954550944506,0.0,,0
2022-10-18,137.75558471679688,181.82632446289065,0.4361248306723102,0.521913373748644,0.07625043911151723,-1.125089167694719,0.0,,0
2022-10-19,136.7656707763672,181.0880126953125,0.42991605504951114,0.5210569319751276,0.07698679831681025,-1.1838507239976443,0.0,,0
2022-10-20,132.7977294921875,181.8748779296875,0.3994051512990897,0.5194365378681092,0.0784923465779884,-1.529211341003275,0.0,,0
2022-10-21,136.5676727294922,184.9349365234375,0.42328447024190696,0.5178425140939612,0.07945181064917815,-1.190130760764888,0.0,,0
2022-10-24,138.2175750732422,185.2652740478516,0.4348532685098303,0.5158774305242984,0.08001997914123536,-1.0125491518994314,0.0,,0
2022-10-25,137.7638397216797,188.83045959472656,0.4268655461293467,0.5137262227798464,0.08064659813987135,-1.0770532006799691,0.0,,0
2022-10-26,139.4054718017578,197.5249481201172,0.42761260697615255,0.5116422442026888,0.08122727795078265,-1.034500223895864,0.0,,0
2022-10-27,137.34312438964844,198.45751953125,0.41154688975777476,0.5093439764895498,0.08207166638157715,-1.1916059590783183,0.0,,0
2022-10-28,137.904052734375,203.3633575439453,0.40960201041665334,0.5070159698929152,0.08288281990288755,-1.1753214911172207,0.0,,0
2022-10-31,138.39906311035156,201.2455902099609,0.4157661313663512,0.5046458147878489,0.083423249923199,-1.0654066282879409,0.0,,0
2022-11-01,138.0937957763672,201.02218627929688,0.41383184624704894,0.5022514388803,0.08393216897738807,-1.0534648837333385,0.0,,0
2022-11-02,135.7675018310547,195.21290588378903,0.4040727056716975,0.4995875100328441,0.08446776768263843,-1.1307840491300063,0.0,,0
2022-11-03,135.29727172851562,189.1898651123047,0.40833017467824506,0.496552474639219,0.08442063984875053,-1.045032353687848,0.0,,0
2022-11-04,136.6831817626953,191.3562469482422,0.41571428575547653,0.49345917240611314,0.08392424376683694,-0.926369820699628,0.0,,0
2022-11-07,139.5209197998047,194.38717651367188,0.432388495956185,0.4904867865818074,0.08286971817833076,-0.7010798624969169,0.0,,0
2022-11-08,139.24044799804688,196.01919555664065,0.4283148553469083,0.48746397223159976,0.0817672110350158,-0.7233843020445152,0.0,,0
2022-11-09,135.29727172851562,188.8143768310547,0.40882000378352723,0.4840918869146346,0.0807628418303222,-0.932011323836883,0.0,,0
2022-11-10,143.48223876953125,200.14735412597656,0.4531852994217014,0.48152036457101755,0.0792351829942272,-0.357607114397408,0.0,,0
2022-11-11,148.36990356445312,199.59239196777344,0.4873671383015541,0.4792847281548303,0.07711802268135469,0.10480572330179726,0.0,,0
2022-11-14,148.03683471679688,201.4033203125,0.48289281671472994,0.47689745738478156,0.07471492279371672,0.08024313090038514,0.0,,0
2022-11-15,151.1010284423828,204.4507598876953,0.4996776701316279,0.47487094803394553,0.07238425181411653,0.34270882790066365,0.0,,0
2022-11-16,147.42901611328125,204.59678649902344,0.47489977116411386,0.47248716158317045,0.0699479362518886,0.0344915048280395,0.0,,0
2022-11-17,146.59634399414062,205.4243927001953,0.4682404883234017,0.47017185642982634,0.06771543073572586,-0.02852183151521576,0.0,,0
2022-11-18,149.01937866210938,205.2393798828125,0.48485615054674547,0.4680355207566006,0.0651478216088468,0.25819174570620945,0.0,,0
2022-11-21,150.38490295410156,200.8775787353516,0.4992741658911848,0.4665024224943311,0.06328570950891657,0.5178379708650709,0.0,,0
2022-11-22,152.158447265625,204.7817840576172,0.5062525158865552,0.4652139319947103,0.06165527648817028,0.6656134921350797,0.0,,0
2022-11-23,152.24169921875,206.1448211669922,0.5051638585240317,0.46407657963927196,0.06026268364047197,0.6818030064822039,0.0,,0
2022-11-25,151.9752655029297,208.1505279541016,0.5010249629848276,0.4628616086811093,0.05875170800870295,0.6495701248049688,0.0,,0
2022-11-28,149.8020477294922,205.687255859375,0.489557085284946,0.4613057920045193,0.056754225932170575,0.4977830781128269,0.0,,0
2022-11-29,153.94863891601562,203.54527282714844,0.5194424168421319,0.46024664940429777,0.055040561799992255,1.0754935179066876,0.0,,0
2022-11-30,157.97866821289062,211.2758636474609,0.5360927335648089,0.45949090699715794,0.05366547583954396,1.4273949008983933,0.0,,0
2022-12-01,158.3616943359375,211.2758636474609,0.5385143424112986,0.4587841433051008,0.0523240967168949,1.5237759294266753,0.0,,0
2022-12-02,157.695556640625,211.9184417724609,0.5335502982492977,0.45801417961156354,0.05085777382232581,1.4852423328953281,0.0,,0
2022-12-05,150.84283447265625,208.0434112548828,0.4936725588187838,0.456454363905812,0.04823751269618133,0.7715612359075498,0.0,,0
2022-12-06,145.7969970703125,203.5647735595703,0.4650149865114397,0.4543217759802188,0.04486559108517402,0.23833878641921016,0.0,,0
2022-12-07,145.43896484375,202.3282623291016,0.46405849290539525,0.4526654540945519,0.042583088840775,0.26754843579909754,0.0,,0
2022-12-08,149.56887817382812,203.58425903320312,0.49053317420334563,0.4515970618039144,0.04077713952052695,0.9548514892720967,0.0,,0
2022-12-09,147.9119110107422,203.1947784423828,0.4798652060319937,0.45079523125329624,0.039726863933963165,0.7317460252342,0.0,,0
2022-12-12,151.98358154296875,208.92941284179688,0.5001588093063214,0.45105195479649285,0.03999436182410437,1.227844432817831,0.0,,0
2022-12-13,153.0826873779297,207.4202880859375,0.5091518923521126,0.4511447215843244,0.04012235686728137,1.4457568123345053,0.0,,0
2022-12-14,153.46571350097656,207.69293212890625,0.5113269812046113,0.4516587826657279,0.040688554274988256,1.4664615050125325,0.0,,0
2022-12-15,150.884521484375,202.42562866210935,0.5006981445124161,0.4520626404770026,0.04105142066526695,1.1847459417296937,0.0,,0
2022-12-16,148.37823486328125,201.4325408935547,0.4851605764412088,0.45276288376196266,0.04125120087101253,0.7853757465279562,0.0,,0
2022-12-19,148.56971740722656,199.41714477539065,0.48892953697655006,0.45383950035901294,0.041338015317648115,0.8488563456155189,0.0,,0
2022-12-20,144.57301330566406,199.94287109375,0.4610107311343121,0.4546385653860813,0.0410041860041479,0.15540281052247337,0.0,,0
2022-12-21,147.11257934570312,201.35459899902344,0.4766894815142322,0.45532827065789055,0.041021253527735196,0.5207352047859516,0.0,,0
2022-12-22,146.22166442871094,199.6508331298828,0.4727101726304743,0.4557457846898902,0.041068530786450196,0.41307511166630834,0.0,,0
2022-12-23,147.38734436035156,200.40049743652344,0.4797265178232608,0.4564808527474093,0.04109646377490153,0.5656366251650131,0.0,,0
2022-12-27,147.32077026367188,200.8483428955078,0.47872434522457463,0.4575293536189743,0.04084731788700063,0.5188833123446155,0.0,,0
2022-12-28,144.55633544921875,199.5826416015625,0.4613399754558696,0.45822045456627575,0.04055410676618626,0.0769224411125451,0.0,,0
2022-12-29,146.33822631835938,202.5716552734375,0.46992612267062484,0.4585617397279,0.040565015814255784,0.2801523114094549,0.0,,0
2022-12-30,144.74786376953125,202.27957153320312,0.45935467952370623,0.45886631491029756,0.04050117034149773,0.012058037071296553,0.0,,0
2023-01-03,145.9468994140625,201.9193420410156,0.46804364388972797,0.4595027687264858,0.04034001995618231,0.21172213530184963,0.0,,0
2023-01-04,147.4706573486328,207.00164794921875,0.4723010296802581,0.4608342075056934,0.0394114314553061,0.2909516795290333,0.0,,0
2023-01-05,144.74786376953125,205.5412139892578,0.45541082410935774,0.46178437402017214,0.03857308509881075,-0.16523308660657027,0.0,,0
2023-01-06,149.00271606445312,212.00607299804688,0.4767465820368595,0.4630554520481815,0.03778048651368268,0.3623862806456868,0.0,,0
2023-01-09,151.28416442871094,212.8336334228516,0.49098144974493896,0.4645357621384193,0.037099501853699327,0.712831339644596,0.0,,0
2023-01-10,148.85284423828125,215.2579498291016,0.4719871365839128,0.46541370274826155,0.03663931227061036,0.17940931279226022,0.0,,0
2023-01-11,151.73382568359375,216.2413482666016,0.4900329649971895,0.4667496222649504,0.03604653064101551,0.6459246512269382,0.0,,0
2023-01-12,152.33331298828125,217.72120666503903,0.49229452714021704,0.46787152642541113,0.03577557037573463,0.682672574002376,0.0,,0
2023-01-13,151.66720581054688,217.1759796142578,0.4885304531554475,0.46874495346679673,0.035629260497786606,0.5553160355343305,0.0,,0
2023-01-17,149.04432678222656,217.11756896972656,0.47115184631867857,0.4694322166546162,0.03526953882996132,0.048756794704713946,0.0,,0
2023-01-18,147.1459197998047,213.67095947265625,0.46227815295533703,0.4704801000155536,0.034087614889063804,-0.24061369758222642,0.0,,0
2023-01-19,146.67129516601562,214.5959014892578,0.45798241273853924,0.47105839905716423,0.03357246596547008,-0.38948542928225466,0.0,,0
2023-01-20,148.31993103027344,218.3930206298828,0.46483557973235357,0.47155810424420624,0.03325145559373334,-0.20217233777638366,0.0,,0
2023-01-23,150.27667236328125,218.26644897460935,0.47808495538259055,0.47241176106509364,0.03274675790135134,0.17324445780517397,0.0,,0
2023-01-24,149.86865234375,217.9840850830078,0.47568530427902456,0.4732129726868081,0.032224794971498175,0.07672140643262856,0.0,,0
2023-01-25,147.76206970214844,218.9674530029297,0.46041962995799635,0.47402751835681184,0.031258971888819605,-0.4353274460598183,0.0,,0
2023-01-26,149.627197265625,218.7824859619141,0.47317149525558344,0.47508700977079404,0.030113710828454113,-0.06360938132542121,0.0,,0
2023-01-27,151.61721801757812,225.3349609375,0.4791078376574849,0.47614270487564625,0.029109123914602374,0.10186265964367255,0.0,,0
2023-01-30,147.3540802001953,223.05667114257807,0.4530927268003686,0.4767970528848683,0.02812573963819974,-0.8427983188859861,0.0,,0
2023-01-31,154.2317352294922,224.1373748779297,0.49751890248463715,0.47835448949841725,0.02660152303180165,0.7204254043390368,0.0,,0
2023-02-01,154.02359008789062,224.80918884277344,0.49543052670185816,0.47980616203214416,0.025073294840166984,0.623147646502527,0.0,,0
2023-02-02,159.27760314941406,223.50454711914065,0.5304083760560852,0.4817177302038209,0.024479166902858392,1.9890646624325565,0.0,,0
2023-02-03,159.58567810058594,224.05946350097656,0.5317293206157321,0.48337341061481337,0.024446228714653857,1.9780519345273335,0.0,,0
2023-02-06,157.17098999023438,223.3876800537109,0.5172230391442116,0.48485521367810175,0.023748576914009396,1.3629374755089412,0.0,,0
2023-02-07,156.7796630859375,225.21810913085935,0.5127180846843715,0.4865868483597825,0.021853591330789485,1.1957410536808553,0.0,,0
2023-02-08,155.17262268066406,224.12765502929688,0.5036115410836459,0.48742728572081495,0.02151997670251191,0.7520572901429706,0.0,,0
2023-02-09,153.8320770263672,223.7374267578125,0.49536459924792786,0.4875605767365878,0.021543945466271894,0.36223738699847846,0.0,,0
2023-02-10,154.22344970703125,221.6400451660156,0.5002277103485548,0.48784949163048485,0.02159558409976011,0.5731828627968201,0.0,,0
2023-02-13,156.04690551757812,223.2789306640625,0.51016541383942,0.4880242873589481,0.021732623910137087,1.018796744103427,0.0,,0
2023-02-14,155.51402282714844,223.77647399902344,0.5061958814278389,0.4885458891966768,0.021786863900906187,0.8101208283780564,0.0,,0
2023-02-15,155.5723114013672,223.3179626464844,0.5070763267487044,0.48919315317043194,0.02175085327458003,0.8221826221030288,0.0,,0
2023-02-16,154.4981689453125,220.3036193847656,0.5034985913467698,0.489503860517099,0.021819723767225435,0.641379835004682,0.0,,0
2023-02-17,153.89340209960938,218.089111328125,0.5020674498553339,0.48955041524983484,0.021843487048412498,0.5730328027643722,0.0,,0
2023-02-21,149.90350341796875,215.22105407714844,0.47906298161368777,0.48909725634528706,0.02177421276995528,-0.46083295123509066,0.0,,0
2023-02-22,148.34951782226562,214.63575744628903,0.4693137260768534,0.48849975413783403,0.02181697058718063,-0.8794084396049969,0.0,,0
2023-02-23,151.1466522216797,215.7185821533203,0.4867524709291815,0.48826187927023995,0.02175683394970674,-0.06937628629917426,0.0,,0
2023-02-24,151.3230743408203,214.17726135253903,0.489686991118234,0.4882640443674614,0.021756969195641934,0.06540188286232519,0.0,,0
2023-02-27,153.07025146484375,214.95767211914065,0.5002700940332019,0.4879445056539792,0.021435123253610647,0.5750183114597449,0.0,,0
2023-02-28,153.2886199951172,214.5577087402344,0.5021548512779654,0.48737887428253185,0.02058816661529415,0.7176927053066052,0.0,,0
2023-03-01,153.7842254638672,213.01638793945312,0.5071603646250471,0.48685630798609425,0.01966063876637755,1.0327261937020904,0.0,,0
2023-03-02,155.12818908691406,213.69921875,0.5150726020150709,0.4865483463821905,0.019062433870127925,1.4963595848890903,0.0,,0
2023-03-03,155.9681854248047,218.2939910888672,0.5152278148705081,0.48690760064971933,0.01939355425366312,1.4602900453607939,0.0,,0
2023-03-06,156.6653594970703,221.20106506347656,0.5164260617275673,0.4877644519033214,0.01954251695736565,1.4666283717074249,0.0,,0
2023-03-07,153.94381713867188,217.70867919921875,0.5028254575170352,0.48841056798018206,0.019388317608263404,0.7434832577071802,0.0,,0
2023-03-08,154.80899047851562,216.7526397705078,0.5095148838254844,0.4887269298072177,0.019574342552823743,1.0620001137799566,0.0,,0
2023-03-09,153.61622619628906,214.6259765625,0.5042113197628302,0.4891326983693983,0.019638673783711855,0.7678024269611289,0.0,,0
2023-03-10,152.4906463623047,210.85069274902344,0.5012326472899526,0.4891505956691255,0.019649200535759515,0.6148876947354202,0.0,,0
2023-03-13,153.07025146484375,209.2215881347656,0.5069387340746085,0.48911370969783374,0.01961366414267894,0.908806444686075,0.0,,0
2023-03-14,155.44740295410156,213.3090362548828,0.5175788148779201,0.48921790692572226,0.019747544414538472,1.4361739037952532,0.0,,0
2023-03-15,154.8594207763672,211.0750732421875,0.5163848941875206,0.4894793527536407,0.020000032804485524,1.3452748651415063,0.0,,0
2023-03-16,157.84974670410156,212.12863159179688,0.5342831678743565,0.4902980626108598,0.020796069981908402,2.11506814998034,0.0,,0
2023-03-17,156.90052795410156,212.0701141357422,0.5283196059597579,0.49095456376057994,0.02135669171953345,1.7495707055134768,0.0,,0
2023-03-20,154.1285858154297,212.8115081787109,0.509634356821006,0.4917649575220248,0.021126363524321328,0.8458341293999496,0.0,,0
2023-03-21,156.90052795410156,216.51852416992188,0.5232013207359683,0.4925401548423871,0.02141039982805638,1.4320688142125433,0.0,,0
2023-03-22,155.85060119628906,214.6552734375,0.5186180760423096,0.4933052865659177,0.021508144749589515,1.1768932081822152,0.0,,0
2023-03-23,155.6405792236328,217.14285278320312,0.5144287488474757,0.4938836570829879,0.021601606570288027,0.951090915281577,0.0,,0
2023-03-24,156.2957763671875,215.6307678222656,0.520352500935152,0.49457745967816424,0.02177141766224543,1.1838935643444617,0.0,,0
2023-03-27,157.34576416015625,216.3819580078125,0.5261905600442389,0.49565830275463707,0.021704163223295332,1.4067465755524369,0.0,,0
2023-03-28,157.69012451171875,214.9381561279297,0.5300273739106576,0.4966599902753043,0.021879643263512775,1.525042398245947,0.0,,0
2023-03-29,160.8316650390625,217.83551025390625,0.5464524100810544,0.49811161911792673,0.022242711406342274,2.1733317525912685,0.0,,0
2023-03-30,160.51246643066406,216.9185028076172,0.5455058617566688,0.4994026560823758,0.022703310021783107,2.030682117720213,0.0,,0
2023-03-31,162.94845581054688,219.942626953125,0.5571546158601997,0.500816882518708,0.023596329402563922,2.387563437530673,0.0,,0
2023-04-03,162.7216339111328,223.39601135253903,0.5519204965414393,0.5024253770592427,0.023735290048488806,2.085296593430415,0.0,,0
2023-04-04,160.1092987060547,222.0887908935547,0.5371831999507224,0.5034326540244738,0.023905950774659433,1.4118052130361007,0.0,,0
2023-04-05,159.09291076660156,222.5863037109375,0.5302631727106721,0.5040873494072361,0.024093151042268418,1.0864425021664388,0.0,,0
2023-04-06,158.40414428710938,220.4596405029297,0.5282914378691845,0.5050257544286573,0.0239204841174014,0.9726259437869073,0.0,,0
2023-04-10,159.81527709960938,220.8888702392578,0.5366808544399049,0.5058032192527026,0.02417725106833534,1.2771358952235226,0.0,,0
2023-04-11,161.6548614501953,222.85948181152344,0.5459359645892807,0.5066972432101869,0.02464838193091885,1.5919390363662316,0.0,,0
2023-04-12,159.47091674804688,222.235107421875,0.5330256842685039,0.5074388303954045,0.024759752746213785,1.0334050640716572,0.0,,0
2023-04-13,160.43687438964844,226.9956817626953,0.5338389016026455,0.5084836146501373,0.02452802664342879,1.033727144914899,0.0,,0
2023-04-14,162.00767517089844,228.2931365966797,0.5421768119331014,0.5098152589664333,0.02414930493094194,1.3400614659183832,0.0,,0
2023-04-17,162.36045837402344,227.76632690429688,0.544921624866155,0.5112642458352269,0.023597731148248705,1.4262972494890045,0.0,,0
2023-04-18,163.0576171875,227.8834381103516,0.5490795882138713,0.5126683126432522,0.023297807403179906,1.5628627595938198,0.0,,0
2023-04-19,164.66200256347656,226.8786163330078,0.5599604315484294,0.5140329039126829,0.023627695309708933,1.9438005710558812,0.0,,0
2023-04-20,163.780029296875,228.8589630126953,0.5524470091034697,0.515312265659757,0.02359483638074919,1.5738504325467837,0.0,,0
2023-04-21,163.97323608398438,228.3224029541016,0.5542047146178537,0.5168753504040879,0.02300572585490188,1.622611885806329,0.0,,0
2023-04-24,164.51080322265625,227.06398010253903,0.5588404111798688,0.5183031656694926,0.022907249693710642,1.7696251646266374,0.0,,0
2023-04-25,148.08070373535156,223.97157287597656,0.4570025305015115,0.5179347438835599,0.023698760645896086,-2.571113919942475,1.0,Enter Long Spread,1
2023-04-26,144.95596313476562,222.5668029785156,0.4372263921000761,0.5176703049718883,0.024495928423923053,-3.283970767699075,1.0,,2
2023-04-27,149.31552124023438,223.4057464599609,0.46593043815783663,0.5171438305664416,0.02525118308738385,-2.0281581354575247,1.0,,3
2023-04-28,151.03749084472656,227.0347137451172,0.47342404045972386,0.5167770557957393,0.025719388243459793,-1.6856161167456893,1.0,,4
2023-05-01,153.0449981689453,226.82009887695312,0.4868611125804876,0.5160512680711461,0.02593799034692062,-1.1253823098952611,1.0,,5
2023-05-02,149.3826904296875,221.4254302978516,0.46857544914042015,0.5149987035465575,0.026554484593336158,-1.7482265281016705,1.0,,6
2023-05-03,147.69430541992188,220.44989013671875,0.4582973339134191,0.5140166084593776,0.027525947190747913,-2.0242454931646088,1.0,,7
2023-05-04,145.56077575683594,220.07920837402344,0.44416132912471684,0.5128739958667168,0.028942588630938907,-2.3741023174598768,1.0,,8
2023-05-05,147.61875915527344,226.10797119140625,0.4515374344170533,0.5120060940889402,0.029969871452202628,-2.01764828282047,1.0,,9
2023-05-08,146.4847412109375,226.5469665527344,0.44334747246277706,0.5111391419758544,0.031167173518188193,-2.1750984083788105,1.0,,10
2023-05-09,145.32557678222656,227.5517578125,0.4343116712744701,0.5100405413246196,0.032658472054872226,-2.318812402579983,1.0,,11
2023-05-10,144.11602783203125,225.6104431152344,0.4280662783821314,0.5086722224003315,0.03430305482233261,-2.34981824317648,1.0,,12
2023-05-11,142.99041748046875,225.7961578369141,0.4200222993024503,0.507235996031575,0.03613190788355605,-2.4137584156970693,1.0,,13
2023-05-12,142.89712524414062,226.1577911376953,0.41897508394239846,0.5057676419848032,0.03785751473848573,-2.292611087704917,1.0,,14
2023-05-15,143.19395446777344,227.5555419921875,0.41953102483616367,0.5043681825429598,0.03943466784297816,-2.1513344056707315,1.0,,15
2023-05-16,141.2943115234375,225.26834106445312,0.4086667307860845,0.5028115038918056,0.041294402620140676,-2.279843444443086,1.0,,16
2023-05-17,145.32257080078125,227.39915466308597,0.4344563897200471,0.5020680606935782,0.04210877345656075,-1.605643323790447,1.0,,17
2023-05-18,145.05120849609375,228.3277130126953,0.43158260280002136,0.5014392086389644,0.04286812222091565,-1.6295699979333251,1.0,,18
2023-05-19,144.95790100097656,228.04425048828125,0.43124540502859343,0.5005140908739546,0.0437646496221225,-1.5827542649935138,1.0,,19
2023-05-22,145.44976806640625,226.06007385253903,0.43678746048183315,0.4996324320300146,0.04450054145472402,-1.4122293683127776,1.0,,20
2023-05-23,143.99111938476562,219.5112762451172,0.43395633242685205,0.49852720266990874,0.045287515372297395,-1.4257984725422808,1.0,,21
2023-05-24,142.23565673828125,217.23385620117188,0.4242613072697736,0.4972289769364389,0.04627070399608914,-1.5769734057392473,1.0,,22
2023-05-25,145.21231079101562,218.3383636474609,0.44372253968358844,0.4961716798540813,0.04675395110513334,-1.121811930986389,1.0,,23
2023-05-26,145.5006866455078,219.9315643310547,0.4439138943999341,0.494985701393829,0.04716021544056261,-1.082942614167278,1.0,,24
2023-05-30,143.96568298339844,216.63763427734372,0.43702865803417223,0.4936823821132234,0.04766069527961435,-1.188688577593692,1.0,,25
2023-05-31,141.6250457763672,216.04139709472656,0.4213162557373331,0.4920972186800528,0.04845295470347755,-1.460818300470737,1.0,,26
2023-06-01,142.32894897460938,221.387939453125,0.42024671366405,0.49072090628250303,0.049294197593531416,-1.4296650733533993,1.0,,27
2023-06-02,144.28794860839844,223.62625122070312,0.43143649108657933,0.4894195997368546,0.049808784257581645,-1.1641141118887957,1.0,,28
2023-06-05,142.34591674804688,221.65187072753903,0.42007216160186256,0.48801728043417186,0.05055148886400508,-1.3440775011611827,1.0,,29
2023-06-06,142.1254119873047,223.06912231445312,0.41695041579049796,0.48661257657584756,0.05132975799271342,-1.3571496050154488,1.0,,30
2023-06-07,145.44131469726562,220.18569946289065,0.443221023274152,0.4855506147291733,0.05155687018184765,-0.821027174568965,1.0,,31
2023-06-08,145.42434692382812,218.0157928466797,0.44554618267616375,0.48435007085914406,0.05163569863653071,-0.7514934281440654,1.0,,32
2023-06-09,144.5847625732422,218.51431274414065,0.43919297557598536,0.4830635388822851,0.051782935718574355,-0.8472011618793471,1.0,,33
2023-06-12,145.44131469726562,221.06539916992188,0.4422379317468632,0.4815294516134936,0.051605946084573494,-0.7613758267746542,1.0,,34
2023-06-13,146.62008666992188,218.35792541503903,0.4533483638784195,0.48027993091213794,0.0513649681722592,-0.5243177985314796,1.0,,35
2023-06-14,148.30770874023438,218.39703369140625,0.46474864091300194,0.4795318356470046,0.05125874838784223,-0.2884033496516075,1.0,,36
2023-06-15,151.8017120361328,221.06539916992188,0.48504040504422896,0.4788958203854755,0.050948766203802225,0.12060320821458653,0.0,Exit Long Spread,0
2023-06-16,151.4455108642578,223.74354553222656,0.47972215396288087,0.47824755501748506,0.050685996918093015,0.029092827113151518,0.0,,0
2023-06-20,150.33457946777344,221.35862731933597,0.4750017795030639,0.47759043886174485,0.050467772751208034,-0.05129331487328224,0.0,,0
2023-06-21,147.24765014648438,222.1210174560547,0.4534065909156968,0.47647467369475394,0.05024959930558152,-0.4590699845937843,0.0,,0
2023-06-22,145.33953857421875,223.2352752685547,0.43912963690775575,0.4750236583091459,0.050049640275170955,-0.717168419274269,0.0,,0
2023-06-23,143.5670928955078,224.36911010742188,0.4256103475102857,0.4732833745358064,0.04992202933873792,-0.9549497017046923,0.0,,0
2023-06-26,146.50137329101562,221.1924743652344,0.44935837734061,0.47166514065679893,0.04909075229830408,-0.45439848182891956,0.0,,0
2023-06-27,148.129638671875,222.20899963378903,0.45928091274357397,0.47022805817324737,0.048161381887253614,-0.22730131488545743,0.0,,0
2023-06-28,148.96922302246094,222.8150177001953,0.4642613114240177,0.4686798364326444,0.046816428476795506,-0.09437979684453497,0.0,,0
2023-06-29,149.29991149902344,229.03143310546875,0.4596941417587346,0.4671427305195993,0.045555214128484456,-0.16350683238710395,0.0,,0
2023-06-30,152.0137481689453,232.12013244628903,0.4744051884035885,0.46609643032714704,0.044646396522814914,0.18610142639833313,0.0,,0
2023-07-03,155.846923828125,232.5990753173828,0.49880028727952075,0.46557204890329457,0.044070722750886804,0.7539753446761331,0.0,,0
2023-07-05,152.62432861328125,234.0456695556641,0.4763769083697318,0.4647068067449703,0.04333432450598759,0.26930387764897606,0.0,,0
2023-07-06,152.03915405273438,233.4885406494141,0.47312306237490853,0.4636475102105537,0.0423271118968643,0.22386484075368202,0.0,,0
2023-07-07,152.4462127685547,231.11338806152344,0.47831773267339206,0.4625205396786223,0.04100054593946667,0.38529225971997555,0.0,,0
2023-07-10,153.77767944335938,232.7847900390625,0.48523715921443644,0.46172406426105445,0.04007694537680119,0.5866987798674075,0.0,,0
2023-07-11,157.0935821533203,235.1208648681641,0.5041089960714229,0.46122856583553407,0.03935964401145125,1.0894516785622668,0.0,,0
2023-07-12,158.15362548828125,236.74339294433597,0.5091385846177616,0.46067792871361174,0.03844378013877947,1.260559074295248,0.0,,0
2023-07-13,157.19534301757812,237.8185577392578,0.5019437743238977,0.4599616312045741,0.037249281565047566,1.1270591365906246,0.0,,0
2023-07-14,157.11053466796875,237.67193603515625,0.5015561745974242,0.45916957431096667,0.03582387312903635,1.183194238483998,0.0,,0
2023-07-17,154.9734344482422,238.4832000732422,0.48702013206826367,0.4579539026529639,0.0335482683030096,0.8664002908517419,0.0,,0
2023-07-18,156.52537536621094,235.3358917236328,0.5002600621449165,0.4570841202036547,0.03171347007229666,1.361438588802623,0.0,,0
2023-07-19,157.75506591796875,235.97122192382807,0.5074208142015932,0.45630438853005034,0.029835533919554364,1.7132733675679566,0.0,,0
2023-07-20,158.5352325439453,234.21185302734372,0.5141992269028901,0.4555603687921007,0.027753230293378554,2.112866051660286,0.0,,0
2023-07-21,158.84056091308594,233.8501739501953,0.5165043434429568,0.4565520656744581,0.028829264054804293,2.0795632401343895,0.0,,0
2023-07-24,159.7225341796875,235.3065643310547,0.5205107983414365,0.45794013911181414,0.029852197269690448,2.096015199964918,0.0,,0
2023-07-25,156.6271514892578,233.30284118652344,0.5030493019237234,0.45855878684124557,0.030391130586535035,1.4639308977267744,0.0,,0
2023-07-26,156.3727264404297,231.7487335205078,0.5030714646059458,0.45905291057701597,0.03086610933271226,1.4261128137156702,0.0,,0
2023-07-27,158.1790771484375,229.14874267578125,0.5173385678215725,0.45956086816436736,0.03156248902507216,1.8305812197291702,0.0,,0
2023-07-28,159.34091186523438,230.42919921875,0.5232828950279476,0.46047265892915945,0.03258343011945681,1.9276741542714904,0.0,,0
2023-07-31,158.69638061523438,232.36447143554688,0.517167646223484,0.4614538308009939,0.03337978998132112,1.6690882553085802,0.0,,0
2023-08-01,157.31407165527344,234.3682403564453,0.5063020599736991,0.4624895096484769,0.03378870569609083,1.296662580664968,0.0,,0
2023-08-02,155.49075317382812,232.1983184814453,0.49693745351190444,0.4632461766333911,0.03404236530804963,0.9896867204625965,0.0,,0
2023-08-03,153.92184448242188,233.3712158203125,0.4855538744246153,0.4639496166660884,0.034059982243658776,0.6343003235871947,0.0,,0
2023-08-04,153.44696044921875,233.59605407714844,0.48222645083910054,0.46474819632549896,0.03391713296607554,0.5153222865589379,0.0,,0
2023-08-07,154.47308349609375,236.0591735839844,0.48630518447796045,0.4657188447604294,0.03368603213238746,0.6111239114368205,0.0,,0
2023-08-08,153.11618041992188,233.88926696777344,0.47975917471856233,0.46671445935069794,0.03320000184318601,0.39291309167627947,0.0,,0
2023-08-09,152.11549377441406,234.34866333007807,0.4727184521606824,0.467610182154336,0.0326198477791471,0.15660005653404718,0.0,,0
2023-08-10,152.9720458984375,235.1811065673828,0.47745933843297905,0.46857565404761625,0.032034549187935746,0.27731572975306323,0.0,,0
2023-08-11,151.1407470703125,235.0635528564453,0.4655389127100471,0.469523523746349,0.031074903001754015,-0.128226016862449,0.0,,0
2023-08-14,150.19088745117188,237.86422729492188,0.4563142445787305,0.46988782132732704,0.030788470298085163,-0.44086557783420427,0.0,,0
2023-08-15,148.2654571533203,234.85791015625,0.4465474974981598,0.4701372362389627,0.03053673816893932,-0.7725035532707083,0.0,,0
2023-08-16,146.1090087890625,234.3290863037109,0.4324519686538304,0.4701573456327166,0.030511506920806526,-1.2357756395563015,0.0,,0
2023-08-17,146.1090087890625,232.4488677978516,0.43443826967450194,0.4701181924525944,0.030555778081169365,-1.1676980597028537,0.0,,0
2023-08-18,146.53684997558594,233.23231506347656,0.4365326283361004,0.47016113071774857,0.030506702494032655,-1.1023316069059301,0.0,,0
2023-08-21,144.18356323242188,234.49557495117188,0.4190111092296309,0.47007362741707953,0.03064544700266448,-1.66623505876775,0.0,,0
2023-08-22,142.78872680664062,235.58255004882807,0.4081497428297507,0.4694807474695155,0.031482191415491884,-1.94811739215793,0.0,,0
2023-08-23,144.51734924316406,237.2766876220703,0.4184165019398074,0.46905579092851346,0.03199238463843975,-1.5828544686806976,0.0,,0
2023-08-24,142.9085235595703,234.50537109375,0.4101183072247241,0.4686072850816893,0.032620694041629726,-1.7930022513415265,0.0,,0
2023-08-25,144.50872802734375,237.54112243652344,0.41808222224613334,0.46855338452350265,0.03270136260854553,-1.5433963068003829,0.0,,0
2023-08-28,144.48309326171875,238.77496337890625,0.41662746483195434,0.4684930637096344,0.03279362116773862,-1.5815758379469198,0.0,,0
2023-08-29,146.9732666015625,240.25364685058597,0.4321935176669278,0.4685056808193069,0.03277950408269389,-1.107770363479973,0.0,,0
2023-08-30,147.19577026367188,241.12521362304688,0.4328134689325749,0.46871803594148537,0.03250517286990554,-1.104580097223609,0.0,,0
2023-08-31,144.96231079101562,240.5866241455078,0.4180751155916338,0.468736780938171,0.0324756251161588,-1.5599904594701592,0.0,,0
2023-09-01,143.7642364501953,242.96624755859372,0.40734936353209505,0.4681389199424701,0.03326055934123904,-1.8276769126670518,0.0,,0
2023-09-05,140.31565856933594,240.25364685058597,0.3858373959250816,0.4671437734966187,0.034780161623403444,-2.337722821760159,0.0,,0
2023-09-06,138.8950958251953,241.05667114257807,0.37483903564384446,0.466071207831083,0.03657172684197908,-2.4946093626215413,0.0,,0
2023-09-07,138.835205078125,242.016357421875,0.3734281191742437,0.4649243776215393,0.03833737860701593,-2.3866070600495197,0.0,,0
2023-09-08,137.8083038330078,242.1632537841797,0.36585447507634394,0.4634661461415047,0.04036056884729464,-2.4184909641506125,0.0,,0
2023-09-11,137.67996215820312,242.09469604492188,0.36499254642291157,0.4618035445666699,0.0422824000953771,-2.2896287326495224,0.0,,0
2023-09-12,133.983154296875,242.1730499267578,0.3376949625020933,0.4593477871909677,0.045049828943341495,-2.700405918119586,1.0,Enter Long Spread,1
2023-09-13,135.0699462890625,242.69204711914065,0.3452458257606563,0.45710651505426386,0.04727084549044678,-2.366378010230726,1.0,,2
2023-09-14,137.5430450439453,236.4932861328125,0.3697692442340226,0.45535263946644655,0.04851030193214713,-1.7642313451714264,1.0,,3
2023-09-15,137.3376922607422,236.0721893310547,0.3687145259955831,0.4539411050511113,0.04976240104224814,-1.71267015398174,1.0,,4
2023-09-18,135.58338928222656,239.58775329589844,0.35221398613209653,0.452492510871517,0.05141026406573962,-1.9505545548490422,1.0,,5
2023-09-19,135.21539306640625,238.5105743408203,0.350607132439952,0.45124245728701146,0.052937878164231296,-1.9010079046775252,1.0,,6
2023-09-20,134.8988037109375,236.8458251953125,0.34998995135552513,0.44958631685392675,0.05450215420879787,-1.8273840170949522,1.0,,7
2023-09-21,133.00762939453125,231.7046813964844,0.34128239665767457,0.4476196749191617,0.05621873678090085,-1.8914917757030256,1.0,,8
2023-09-22,131.59564208984375,230.2063751220703,0.33220932538669645,0.4454188084852063,0.05807821706464081,-1.9492589273618401,1.0,,9
2023-09-25,132.0491943359375,228.5220489501953,0.3374605373356083,0.44338158174482095,0.05966391196338694,-1.7752949969859773,1.0,,10
2023-09-26,129.98684692382812,224.8889617919922,0.3256705473988921,0.4409026710614093,0.061388335888909934,-1.877101276552674,1.0,,11
2023-09-27,130.4232940673828,224.7420959472656,0.32918361659080553,0.4380757265499307,0.06255146990604148,-1.740840145286625,1.0,,12
2023-09-28,133.0675048828125,226.85728454589844,0.34694526586886676,0.43591853250824963,0.063419207712323,-1.4029387917139569,1.0,,13
2023-09-29,133.3841552734375,225.2414703369141,0.351084462106406,0.4338845558371079,0.06414620970927107,-1.290802591547896,1.0,,14
2023-10-02,132.70811462402344,226.47537231445312,0.34465622433195886,0.43165686403141734,0.06488114832734629,-1.3409232410701524,1.0,,15
2023-10-03,131.56997680664062,224.0663604736328,0.33867963960768654,0.4292142387046382,0.06557308081025912,-1.3806671575935354,1.0,,16
2023-10-04,131.54429626464844,226.42642211914065,0.3359010794008004,0.42641077342679445,0.06590603052595863,-1.3733142977006438,1.0,,17
2023-10-05,131.25335693359375,228.63951110839844,0.3312887786489418,0.4234466099939808,0.06611775087372515,-1.3938440150670954,1.0,,18
2023-10-06,132.01495361328125,230.16720581054688,0.3354325776485967,0.4206714233827258,0.06625908544924458,-1.2864476645911946,1.0,,19
2023-10-09,132.07484436035156,229.5796356201172,0.3365163521421759,0.41792075967513836,0.06626987101500469,-1.22837733476999,1.0,,20
2023-10-10,133.11032104492188,231.69488525390625,0.34206459638059883,0.41550483408034394,0.0663489488382685,-1.1068786919105873,1.0,,21
2023-10-11,132.89637756347656,230.7939300537109,0.34141664924234116,0.412857443865301,0.06608278528581406,-1.0810802588597301,1.0,,22
2023-10-12,132.9647979736328,231.87115478515625,0.3407832428108062,0.41008015100878786,0.0655496921909242,-1.0571660351377867,1.0,,23
2023-10-13,132.70811462402344,232.74267578125,0.3379259390682119,0.4071422628782099,0.0647628115916265,-1.0687665051735857,1.0,,24
2023-10-16,134.05160522460938,235.09292602539065,0.34552144239470683,0.40429254786073904,0.06364001809997549,-0.9234929093468444,1.0,,25
2023-10-17,134.50515747070312,236.19949340820312,0.3477413483953513,0.4014130570283043,0.06220891985812104,-0.8627654805028165,1.0,,26
2023-10-18,131.6298828125,232.5468292236328,0.32997547264068205,0.39852849320692035,0.06143711449864354,-1.1158242232836615,1.0,,27
2023-10-19,130.12379455566406,228.96270751953125,0.3222972882888202,0.3955155902683015,0.06066416445789084,-1.206944868255867,1.0,,28
2023-10-20,130.0382080078125,228.5416259765625,0.3220931938279563,0.39226150070174126,0.059262567649839476,-1.1840240755072147,1.0,,29
2023-10-23,126.78638458251952,226.7299652099609,0.2987307834701791,0.3885189655091118,0.057945967731685276,-1.5495156186654875,1.0,,30
2023-10-24,127.77903747558594,229.78530883789065,0.3032293074855126,0.38495332653014563,0.05648379213223103,-1.4468578677103257,1.0,,31
2023-10-25,125.73381805419922,231.93966674804688,0.2847931036907203,0.38126151059209595,0.05566475714098452,-1.733024841140436,1.0,,32
2023-10-26,118.27178955078124,226.4851531982422,0.22947876406779466,0.3768038657680275,0.05691788731487194,-2.5883796579663034,1.0,,33
2023-10-27,115.37938690185548,224.516845703125,0.20687129956052308,0.3721591561869592,0.05917979199479317,-2.7929779922338813,1.0,,34
2023-10-30,118.7595443725586,228.24786376953125,0.23168281286435288,0.3679834288873801,0.06009817781558789,-2.2679658681377597,1.0,,35
2023-10-31,120.8732452392578,230.2259521484375,0.2471968918927554,0.3639982906776267,0.06004774887333516,-1.9451420074256636,1.0,,36
2023-11-01,119.63240051269533,233.63381958007807,0.23325533274000354,0.3598898933113174,0.06041858595477573,-2.0959537296371322,1.0,,37
2023-11-02,121.50647735595705,238.2069854736328,0.2440197230028387,0.35607824782535336,0.06039429138629026,-1.8554489546995891,1.0,,38
2023-11-03,122.25098419189452,238.5497283935547,0.24977382884762678,0.35228348933226417,0.059798477508346125,-1.7142520136960013,1.0,,39
2023-11-06,121.7460708618164,238.4420318603516,0.24574647512759595,0.3486202820392233,0.05947964272895221,-1.7295632958056195,1.0,,40
2023-11-07,121.3866729736328,239.6954803466797,0.2414973757472232,0.34504000089203146,0.05935456969900395,-1.7444760474195784,1.0,,41
2023-11-08,121.47224426269533,239.36183166503903,0.24254551209095876,0.34163996780191147,0.05928541578889787,-1.6714811626489379,1.0,,42
2023-11-09,119.7607421875,237.13414001464844,0.23066104153127642,0.3382767856832023,0.05976014202004927,-1.8007946519909752,1.0,,43
2023-11-10,119.5703125,240.6768493652344,0.22541347364378828,0.33479303908269037,0.06014418525979736,-1.818622448145715,1.0,,44
2023-11-13,119.62224578857422,240.10765075683597,0.2264315042031091,0.33129135368047385,0.06023494990652983,-1.7408472928106034,1.0,,45
2023-11-14,123.9510498046875,242.3353271484375,0.2597024541494697,0.3286362094291378,0.05981947550439591,-1.1523630840695422,1.0,,46
2023-11-15,127.4141082763672,243.4834899902344,0.28609280398964265,0.326601927115136,0.05915254574090851,-0.6848246786017566,1.0,,47
2023-11-16,127.18901824951172,243.9349365234375,0.2838679204803405,0.3243594507574782,0.058171582010715574,-0.6960706392629807,1.0,,48
2023-11-17,128.11538696289062,244.9064483642578,0.2901449277606305,0.32235989443307667,0.05724394230097323,-0.5627663885039319,1.0,,49
2023-11-20,129.49195861816406,245.30882263183597,0.3004276416213707,0.3203989847559973,0.05593145886934225,-0.35706816053699475,1.0,,50
2023-11-21,129.6650848388672,247.5266571044922,0.2995446241744597,0.31844760407837236,0.05456589231680822,-0.34642482879529246,1.0,,51
2023-11-22,130.51351928710938,248.98892211914065,0.3046143432743791,0.3163212845051632,0.05254016692184211,-0.22281888156539728,1.0,,52
2023-11-24,131.62168884277344,249.55807495117188,0.31250639268756886,0.31431616656774647,0.05030424814745346,-0.03597656155942821,1.0,,53
2023-11-27,129.50924682617188,249.40106201171875,0.2964820338550851,0.31228961520547066,0.04850030327439011,-0.32592747432844477,1.0,,54
2023-11-28,130.50486755371094,248.2234344482422,0.30530722519700726,0.3105889128998858,0.04689982583138317,-0.11261636070606279,1.0,,55
2023-11-29,131.84678649902344,249.4893951416016,0.314282981470678,0.30939633932564586,0.045869670048602276,0.10653318717693835,0.0,Exit Long Spread,0
2023-11-30,131.25807189941406,251.8936920166016,0.3074431932993775,0.3082730752865714,0.04507160280671442,-0.018412524417042244,0.0,,0
2023-12-01,134.11509704589844,251.66799926757807,0.3291971668487974,0.3075358927478139,0.04435594555260631,0.48835108419215545,0.0,,0
2023-12-04,134.98953247070312,249.6954803466797,0.3376361018713887,0.3070655865277313,0.04388216961743136,0.6966500428345694,0.0,,0
2023-12-05,133.4657745361328,249.8623046875,0.32611926665252855,0.3064176985315583,0.04330531397958878,0.45494574015226474,0.0,,0
2023-12-06,134.44410705566406,249.5482482910156,0.33373283891032157,0.30635166313836204,0.04326056733028471,0.6329361231652467,0.0,,0
2023-12-07,135.4916534423828,251.0497131347656,0.34001531392307704,0.30626448794106914,0.04318731115182062,0.7814986643498201,0.0,,0
2023-12-08,135.31851196289062,250.97122192382807,0.33881371927834514,0.30574856252514115,0.04260658366930753,0.7760574518210692,0.0,,0
2023-12-11,134.86830139160156,251.73667907714844,0.33473028398536275,0.3051821584916375,0.04198714825782385,0.703742138243916,0.0,,0
2023-12-12,134.51333618164062,254.72003173828125,0.329190103055893,0.3047984271070341,0.0416594908622144,0.5855010573588754,0.0,,0
2023-12-13,136.1409912109375,257.4874572753906,0.33855352942641503,0.30459753372347514,0.041466721334333434,0.818873414880408,0.0,,0
2023-12-14,140.5650177001953,253.90548706054688,0.3739865958334845,0.30499747779810776,0.04201470213695243,1.6420232567756317,0.0,,0
2023-12-15,141.06716918945312,253.21853637695312,0.3782205779426928,0.305613114152858,0.04280506167699317,1.6962354671447606,0.0,,0
2023-12-18,139.88108825683594,253.5521697998047,0.36945247525576663,0.3062338333173426,0.04345138784654152,1.4549280258134694,0.0,,0
2023-12-19,139.92434692382812,255.1419677734375,0.3682205787144741,0.306746500673657,0.04399486073005672,1.3973013443094915,0.0,,0
2023-12-20,135.88990783691406,252.31565856933597,0.34171017163185824,0.30701382774420644,0.04415746768782543,0.7857412506745234,0.0,,0
2023-12-21,136.0630645751953,254.7003936767578,0.3406642528680226,0.30720517168216005,0.04427782966290544,0.755662177676552,0.0,,0
2023-12-22,137.00672912597656,253.61105346679688,0.34863257333551223,0.30723329347327083,0.04430358884091819,0.9344452886400388,0.0,,0
2023-12-26,136.8162841796875,254.32742309570312,0.346546107248455,0.3071576542256383,0.044232474516240426,0.8904872145092142,0.0,,0
2023-12-27,135.7860107421875,254.10174560546875,0.3392061470986898,0.30706681960508386,0.044160913371726784,0.7277776893578144,0.0,,0
2023-12-28,136.19293212890625,255.5443572998047,0.3408026389571934,0.3071022029275756,0.044187071297228264,0.7626763901804858,0.0,,0
2023-12-29,136.12364196777344,255.49526977539065,0.3403411101648761,0.3071762034403102,0.044238926541609776,0.749677022415361,0.0,,0
2024-01-02,137.0846710205078,254.04283142089844,0.3487818937290492,0.307467755358312,0.044453997631108105,0.9293683486820167,0.0,,0
2024-01-03,136.39205932617188,253.16944885253903,0.3445657519001739,0.30761997492917165,0.044564992639406546,0.8290313715508841,0.0,,0
2024-01-04,135.91587829589844,254.76907348632807,0.3395154423308102,0.30766995976564887,0.04459904417001215,0.7140395754618852,0.0,,0
2024-01-05,137.4136505126953,254.8475646972656,0.35039906445749414,0.30780886756693043,0.04471877161587709,0.95240086772514,0.0,,0
2024-01-08,138.45257568359375,257.6444091796875,0.35524009122612554,0.3080392582666602,0.044926451986584647,1.0506245401608805,0.0,,0
2024-01-09,138.46987915039062,258.419677734375,0.3546242735865208,0.3082699421129221,0.04512906814764414,1.0271502022143695,0.0,,0
2024-01-10,139.5780487060547,259.626708984375,0.3614464496149643,0.3086619506220346,0.04548571388669051,1.1604632418086522,0.0,,0
2024-01-11,137.8724822998047,259.1066589355469,0.3496460953942264,0.3087306948386933,0.045544447980304735,0.8983619819747642,0.0,,0
2024-01-12,137.05868530273438,259.2440795898437,0.3435953433857417,0.3086615947551998,0.045488319132120855,0.767971850731104,0.0,,0
2024-01-16,134.4787139892578,260.2940368652344,0.3235955246092521,0.3085552622880093,0.04544580896017698,0.3309493804901183,0.0,,0
2024-01-17,133.8120574951172,261.6581726074219,0.3173370962976516,0.30847259242148983,0.04542524268771168,0.1951448875486092,0.0,,0
2024-01-18,135.5176239013672,263.1400146484375,0.32861016180505387,0.30858120855444143,0.04546545455331883,0.4405312439387101,0.0,,0
2024-01-19,135.8292999267578,265.8485412597656,0.3283825653474488,0.3090754049190626,0.04551682152752048,0.42417637656690654,0.0,,0
2024-01-22,137.3097381591797,266.1429748535156,0.3389499369525013,0.30967074874351236,0.04566981265397398,0.6411059408285356,0.0,,0
2024-01-23,138.57376098632812,266.2018127441406,0.34805895316728597,0.31072517956812185,0.045813381382994164,0.8149098030345855,0.0,,0
2024-01-24,135.5609130859375,266.5845947265625,0.32572300422101397,0.31232925023734215,0.04460970129440768,0.3002430770669804,0.0,,0
2024-01-25,138.270751953125,267.5265808105469,0.3446459784915743,0.314625494886193,0.04262396707828391,0.7043099378864748,0.0,,0
2024-01-26,137.915771484375,262.9437255859375,0.3463355980106837,0.31653637463863193,0.041415598636047546,0.7195169055486004,0.0,,0
2024-01-29,136.80764770507812,268.5570983886719,0.3330602405765444,0.31796743045002834,0.040467540007780654,0.3729608996152015,0.0,,0
2024-01-30,125.58733367919922,271.98199462890625,0.24436130473809503,0.3181525299833299,0.04010340263837432,-1.8400240476010177,0.0,,0
2024-01-31,122.8515396118164,268.16455078125,0.22582161575279103,0.31784922819582906,0.04072689105982197,-2.2596277311681527,0.0,,0
2024-02-01,123.29307556152344,271.8838195800781,0.22601316474745303,0.3174532171274928,0.04149517489845829,-2.203630966824462,0.0,,0
2024-02-02,122.80825805664062,272.0113830566406,0.22195752417686299,0.3170567346116473,0.04228457382465806,-2.249028471449974,0.0,,0
2024-02-05,120.41008758544922,270.4412536621094,0.20366389012552344,0.3164261765179523,0.04366615303833878,-2.5823728115784284,1.0,Enter Long Spread,1
2024-02-06,126.33189392089844,271.5992736816406,0.25061961115409814,0.3165607448356713,0.04345017073632403,-1.5176265723266043,1.0,,2
2024-02-07,127.47471618652344,274.1802673339844,0.25729318757951436,0.3170046139364752,0.04269994210565015,-1.3983959558825658,1.0,,3
2024-02-08,128.0634002685547,271.1422424316406,0.26464778302963965,0.3176585190929061,0.04157798868688986,-1.2749711502995695,1.0,,4
2024-02-09,126.62625122070312,271.7812805175781,0.252781763469879,0.3180976900806856,0.040742852440623416,-1.6031260134767134,1.0,,5
2024-02-12,127.65650939941406,270.4441833496094,0.26210104241634746,0.31813766655180026,0.04068667402295087,-1.3772721777121226,1.0,,6
2024-02-13,125.44882202148438,271.17169189453125,0.2439934323027928,0.3174360103570194,0.04158631216193526,-1.7660276719956427,1.0,,7
2024-02-14,124.86009979248048,272.8923034667969,0.23772998122156785,0.3166670447027065,0.04261377662323874,-1.8523836593748793,1.0,,8
2024-02-15,127.24962615966795,276.2547912597656,0.2536673792786377,0.31605908556134,0.04324338018377657,-1.4428036387893082,1.0,,9
2024-02-16,129.92855834960938,273.8754577636719,0.2766341465802318,0.31566252731065436,0.04349328378235787,-0.8973427006735607,1.0,,10
2024-02-20,130.12989807128906,270.5227966308594,0.2812194145528413,0.315357107150294,0.04366938064915379,-0.7817306334550513,1.0,,11
2024-02-21,129.8059844970703,272.1057434082031,0.27728865651915546,0.314901679037707,0.04392080817574946,-0.8563827507008233,1.0,,12
2024-02-22,131.08413696289062,278.9781494140625,0.28093736932211244,0.31437552864828266,0.04413492009971223,-0.7576349804332884,1.0,,13
2024-02-23,130.12115478515625,278.8306884765625,0.27369431932535737,0.3139957334061206,0.0443846068104289,-0.9080043054767746,1.0,,14
2024-02-26,129.1318817138672,279.3714294433594,0.2655848778246701,0.31333369428324825,0.04480353823791852,-1.0657376255647362,1.0,,15
2024-02-27,129.8059844970703,278.407958984375,0.2716433331352881,0.31262303347765846,0.04511989676736206,-0.908240117517588,1.0,,16
2024-02-28,129.3682403564453,280.8265991210937,0.2661326635339356,0.3119345246482344,0.045507213008229894,-1.0064747561230702,1.0,,17
2024-02-29,129.79722595214844,277.8868103027344,0.27203781370630686,0.31098186876252626,0.045733591170427634,-0.8515415925045811,1.0,,18
2024-03-01,129.6221466064453,278.3980712890625,0.2702348346391399,0.3098585143086554,0.045892599042786454,-0.8634002104037231,1.0,,19
2024-03-04,131.85458374023438,275.81231689453125,0.28961156065689986,0.3092500525420616,0.04591498526919451,-0.42771421508737156,1.0,,20
2024-03-05,131.0228729248047,274.6816711425781,0.2842965838838811,0.3084261149582877,0.045911815602925954,-0.5255625541602149,1.0,,21
2024-03-06,133.55296325683594,275.7139892578125,0.3024979245347541,0.3078008251351489,0.04573246392992433,-0.11595484136871352,1.0,,22
2024-03-07,134.30589294433594,273.5805053710937,0.31003505291871325,0.3073211806958217,0.04555525656999253,0.059573195877447555,0.0,Exit Long Spread,0
2024-03-08,134.78741455078125,275.3305969238281,0.3120417119136685,0.3069430378279601,0.04542013669060635,0.11225580672377955,0.0,,0
2024-03-11,135.47901916503906,275.84185791015625,0.31670226583399974,0.3067349072075952,0.04534626786155465,0.21980548998730323,0.0,,0
2024-03-12,137.78150939941406,279.14532470703125,0.33061944858223513,0.3066026725268589,0.04526478358401031,0.5305841352538819,0.0,,0
2024-03-13,135.48777770996094,280.34478759765625,0.31277456043938723,0.3055824719369573,0.04441641747898156,0.16192410173182717,0.0,,0
2024-03-14,134.7261199951172,281.59344482421875,0.3060413812831406,0.30437948532596476,0.04339857410225681,0.03829379170983963,0.0,,0
2024-03-15,134.2708740234375,278.2801208496094,0.30557487018806007,0.3033148585748363,0.04256467689801716,0.05309594193886707,0.0,,0
2024-03-18,132.80006408691406,280.2562866210937,0.2928156916754474,0.30205811045751924,0.04173484120309814,-0.22145570740510512,0.0,,0
2024-03-19,134.12203979492188,282.5176696777344,0.30073963359179734,0.3013752681568515,0.04141442869022946,-0.01534814278879877,0.0,,0
2024-03-20,135.48777770996094,284.4151611328125,0.30922051786565286,0.300851205906812,0.04111178650402052,0.2035745140392368,0.0,,0
2024-03-21,135.97804260253906,285.4868469238281,0.31190522077595495,0.3002390833641527,0.04066681487078185,0.28687118597488365,0.0,,0
2024-03-22,136.80975341796875,278.4964294433594,0.32411538778844795,0.2998652380398193,0.04034119931625223,0.6011261479491766,0.0,,0
2024-03-25,137.0723876953125,276.4808959960937,0.32782411091513786,0.29967553743676006,0.04018220460273576,0.7005233723901084,0.0,,0
2024-03-26,125.88387298583984,275.881103515625,0.24321024024644533,0.2980489974582476,0.040458770654701395,-1.3554232203402323,0.0,,0
2024-03-27,128.98304748535156,274.3277282714844,0.268923559929499,0.29685870495432465,0.04024702637312489,-0.6940921489663008,0.0,,0
2024-03-28,130.12115478515625,274.3866577148437,0.27765559748595225,0.2956732666836064,0.039744562286981616,-0.45333671226656935,0.0,,0
2024-04-01,129.23690795898438,273.60015869140625,0.2715445759844204,0.2944562470850105,0.03934477184350087,-0.5823307653612626,0.0,,0
2024-04-02,130.57640075683594,273.7574768066406,0.2817141350790042,0.293492891964147,0.03893520502961065,-0.3025220202689294,0.0,,0
2024-04-03,133.307861328125,272.3023681640625,0.3037308502186127,0.2927150883934991,0.03825075512535142,0.28798808779104845,0.0,,0
2024-04-04,131.32054138183594,269.3921203613281,0.29136012457319427,0.29165042228261684,0.03737460482994001,-0.007767244917865185,0.0,,0
2024-04-05,132.51119995117188,272.47930908203125,0.29757666115783277,0.29069962874213867,0.03647529735529089,0.18853944763514185,0.0,,0
2024-04-08,131.4168243408203,273.0888977050781,0.2887326523120477,0.28948773212042345,0.035293406786720265,-0.021394358808678637,0.0,,0
2024-04-09,131.81956481933594,272.0663757324219,0.2927174757869071,0.2885389217936348,0.03441774296952318,0.1214069730537655,0.0,,0
2024-04-10,128.92176818847656,269.8641052246094,0.2724930852480838,0.2873538841580071,0.033718655154829136,-0.4407292889258358,0.0,,0
2024-04-11,130.45382690429688,271.0438537597656,0.2832311576589768,0.2866811447088359,0.03338993061693333,-0.10332417546592572,0.0,,0
2024-04-12,126.86439514160156,271.3191223144531,0.2550803000768185,0.2856435314384887,0.033388489915920194,-0.915382260133219,0.0,,0
2024-04-15,126.8118896484375,266.7178955078125,0.25888347160200365,0.28448141993510456,0.03308484416883042,-0.7737061780456266,0.0,,0
2024-04-16,125.095947265625,266.78668212890625,0.24519610949983872,0.28309497900431096,0.03295883967434535,-1.1498848223704956,0.0,,0
2024-04-17,124.5356674194336,268.10418701171875,0.2394926504141306,0.2814373575620049,0.03260716459130935,-1.2863647506184466,0.0,,0
2024-04-18,124.96463775634766,266.806396484375,0.24412766915072992,0.27970516949506224,0.03177188964044617,-1.1197791741993697,0.0,,0
2024-04-19,124.99089813232422,265.2430725097656,0.24578670468254415,0.2783728978360877,0.03148901992638491,-1.034843041470443,0.0,,0
2024-04-22,127.25836944580078,267.7502136230469,0.2614456533205276,0.27698622574990367,0.030351425385062407,-0.5120211730492377,0.0,,0
2024-04-23,130.3312530517578,269.50030517578125,0.2836992252630839,0.27594228620411027,0.028995080535981727,0.26752603943788233,0.0,,0
2024-04-24,128.36143493652344,270.3949890136719,0.2676527541093263,0.2748521614296566,0.028040992322702084,-0.256745811185207,0.0,,0
2024-04-25,129.0355682373047,270.5326232910156,0.272765380281756,0.27532556268871766,0.027760598821338887,-0.09222360163908655,0.0,,0
2024-04-26,129.2106475830078,269.9033203125,0.274695487171043,0.2761401272123552,0.0270027764394368,-0.05349968528430181,0.0,,0
2024-04-29,130.05111694335938,267.2684936523437,0.2835977960862015,0.277099871068001,0.02621597289480197,0.24786129602265888,0.0,,0
2024-04-30,129.11431884765625,264.0927429199219,0.27931559869489697,0.2780558389766349,0.025214424654343287,0.049961866492364684,0.0,,0
2024-05-01,127.74861907958984,262.8244934082031,0.2698686965099031,0.27915925241637457,0.02331160248093127,-0.3985378488703682,0.0,,0
2024-05-02,128.88671875,263.10955810546875,0.27847087224853406,0.2796234401012818,0.023014083784067444,-0.05008097926304034,0.0,,0
2024-05-03,128.19512939453125,263.9748229980469,0.2722810596464964,0.2798732379690649,0.022851115793244673,-0.33224540942604225,0.0,,0
2024-05-06,128.4052276611328,268.08453369140625,0.2701096689031386,0.2799642694002899,0.02280110566737242,-0.4321983609440878,0.0,,0
2024-05-07,128.77293395996094,271.8107604980469,0.2695658288618703,0.2802440038234897,0.022567664565111677,-0.473162605320146,0.0,,0
2024-05-08,129.3682403564453,272.5285339355469,0.273527868013405,0.280434450916774,0.022461720126058123,-0.3074823684298591,0.0,,0
2024-05-09,129.6221466064453,273.85577392578125,0.2742907729183781,0.28093940659370037,0.021972039197149996,-0.30259520364339487,0.0,,0
2024-05-10,130.45423889160156,276.0187683105469,0.27874990604061844,0.28162307200735126,0.02124300902912082,-0.13525230643145505,0.0,,0
2024-05-13,133.3134765625,274.6915283203125,0.30161914732362183,0.2824222681414343,0.021077604766333666,0.9107713800976985,0.0,,0
2024-05-14,130.95880126953125,273.0692138671875,0.28525906693871317,0.28256601681407567,0.02106704797248621,0.127832344054784,0.0,,0
2024-05-15,130.95880126953125,276.7659912109375,0.2819436204361756,0.2825780869121313,0.021066480450733168,-0.030117345773040052,0.0,,0
2024-05-16,132.4813690185547,275.6430969238281,0.2945052243945623,0.2828650297100547,0.021109687459929093,0.5514148282206095,0.0,,0
2024-05-17,132.1095733642578,275.8992004394531,0.29146590799731387,0.2830405053546414,0.02113667665850984,0.3986152969454774,0.0,,0
2024-05-20,130.6489715576172,274.36260986328125,0.2817253509650941,0.2831743558819703,0.021102468058633205,-0.06866518706959572,0.0,,0
2024-05-21,128.7280731201172,271.8114624023437,0.2692167598273476,0.2832348872486817,0.0210570868499786,-0.6657201692335859,0.0,,0
2024-05-22,127.26746368408205,271.4469909667969,0.2581362534820537,0.28300976925446103,0.021251114088427128,-1.170457024930889,0.0,,0
2024-05-23,123.1334991455078,270.1172180175781,0.2263252960380684,0.28234631312952996,0.022360110824299128,-2.5053997957193728,1.0,Enter Long Spread,1
2024-05-24,122.74403381347656,270.373291015625,0.2229237058325506,0.2815277446649674,0.023587797411033715,-2.484506620571679,1.0,,2
2024-05-28,121.78797149658205,266.9159851074219,0.21827721409033063,0.28066178432248723,0.024903533137714543,-2.5050489778769514,1.0,,3
2024-05-29,118.9818344116211,264.8277587890625,0.19690297001094126,0.2791166411450545,0.027081158947562505,-3.035825434698136,1.0,,4
2024-05-30,121.15060424804688,267.2311706542969,0.21273908342938785,0.27792401613747963,0.028371686970636224,-2.2975346082013406,1.0,,5
2024-05-31,122.98299407958984,268.3737487792969,0.22669880512718432,0.27666069748068683,0.028931397051473812,-1.72690908304953,1.0,,6
2024-06-03,122.53154754638672,266.3249816894531,0.22491067440928125,0.27524195783886296,0.029344219214271116,-1.715202679684994,1.0,,7
2024-06-04,120.06179809570312,268.3343811035156,0.20269548300185258,0.27341952069033265,0.03037940216643562,-2.32802598619333,1.0,,8
2024-06-05,121.77913665771484,270.3831787109375,0.21502257700315486,0.2717248592098186,0.030751417016733104,-1.8438916871963884,1.0,,9
2024-06-06,121.77027130126952,272.8851318359375,0.2126787994342847,0.26975918172401947,0.03069337880585998,-1.8596969284736091,1.0,,10
2024-06-07,121.8410873413086,274.4906616210937,0.21181381698804702,0.26807650266649713,0.03105437921639009,-1.811747234952145,1.0,,11
2024-06-10,121.87647247314452,270.9151306152344,0.2153369424557927,0.2665647620193746,0.03137554135700658,-1.6327310174726932,1.0,,12
2024-06-11,121.58438873291016,270.5506896972656,0.21326940566988317,0.26502633761073835,0.03168650533379974,-1.6334061265395043,1.0,,13
2024-06-12,120.76996612548828,266.2658996582031,0.21048447879380938,0.26365415072937776,0.03223136918432218,-1.6496249858796226,1.0,,14
2024-06-13,119.40673828125,267.12286376953125,0.1983402299068151,0.26194749400129463,0.032926049503038055,-1.9318219177375213,1.0,,15
2024-06-14,120.07949829101562,266.60076904296875,0.20444097238796477,0.2602011682433332,0.03315035600014969,-1.682039126672325,1.0,,16
2024-06-17,120.25655364990234,267.1031188964844,0.20545022900636134,0.25842691838050663,0.0331843951079142,-1.5964337816575358,1.0,,17
2024-06-18,118.79593658447266,269.516357421875,0.19101243267338486,0.2562085357952556,0.03316793363903717,-1.965636564260906,1.0,,18
2024-06-20,121.15947723388672,272.6684265136719,0.20784609747632965,0.2542089022379421,0.03239777052298573,-1.4310492362034222,1.0,,19
2024-06-21,120.92046356201172,271.0924072265625,0.20730065106724394,0.2536104090849554,0.0329228527294346,-1.4066143781127554,1.0,,20
2024-06-24,122.6908950805664,272.1561889648437,0.2208701874520953,0.2528095195436654,0.03312446175436477,-0.9642219193904777,1.0,,21
2024-06-25,118.93756866455078,269.4277648925781,0.19228501094935369,0.25138667643472207,0.033852182990094605,-1.745874571889853,1.0,,22
2024-06-26,122.2925262451172,269.49664306640625,0.22003919646993508,0.250528253442814,0.03398291918390663,-0.8971876962034996,1.0,,23
2024-06-27,120.23885345458984,262.59185791015625,0.2095028188451411,0.24932473150558293,0.034135501300672624,-1.166583502309871,1.0,,24
2024-06-28,121.14178466796876,258.5335998535156,0.2208244164342228,0.24794295760917645,0.03357867160430768,-0.8076120906306111,1.0,,25
2024-07-01,120.3450698852539,259.2920837402344,0.21350369759710963,0.24664535049290834,0.033379538740547374,-0.992873303415074,1.0,,26
2024-07-02,119.42444610595705,264.20721435546875,0.20119446866677104,0.24503898061805734,0.03320857700307226,-1.3202767449875996,1.0,,27
2024-07-03,119.9909896850586,264.955810546875,0.2052296067616739,0.24364726319221777,0.033097837756987145,-1.16073009701166,1.0,,28
2024-07-05,120.69915008544922,266.30523681640625,0.2098615129993151,0.2422663304790912,0.03274832934512048,-0.9895105529896122,1.0,,29
2024-07-08,119.97325897216795,262.40460205078125,0.20746736794010778,0.2411825685239583,0.03280600127649152,-1.0277144202884163,1.0,,30
2024-07-09,118.8667449951172,261.4590759277344,0.19909158900473067,0.23978024237972087,0.032776922465087996,-1.2413811399874195,1.0,,31
2024-07-10,120.07949829101562,259.0556335449219,0.21151944642599751,0.23905422815220717,0.03291214411121263,-0.8366146439188995,1.0,,32
2024-07-11,122.3722152709961,258.61236572265625,0.23085502246311496,0.2385870873332257,0.032826180772184695,-0.23554567385623243,1.0,,33
2024-07-12,126.0104522705078,261.75457763671875,0.25717487099829217,0.23878673335819994,0.03290210825584286,0.5588741456051469,0.0,Exit Long Spread,0
2024-07-15,127.60383605957033,264.4239807128906,0.2672387797756921,0.23924916884755926,0.03310315027614349,0.8455271082856478,0.0,,0
2024-07-16,130.4188232421875,265.2119140625,0.28832573896251534,0.23998580334442238,0.03369007411647591,1.4348420680515106,0.0,,0
2024-07-17,130.4630889892578,268.61016845703125,0.2855259589521766,0.24064812424891624,0.034184597120153044,1.3128086472841083,0.0,,0
2024-07-18,128.14381408691406,265.1134033203125,0.2708195286317372,0.2408043555041031,0.03430051329807177,0.8750648384413952,0.0,,0
2024-07-19,128.5155792236328,261.4787902832031,0.2771200594569918,0.2406947027406682,0.034173491634334086,1.0658950834197776,0.0,,0
2024-07-22,128.5155792236328,263.6950378417969,0.2750391053454364,0.2408178085946034,0.03428351012331365,0.9981853266408004,0.0,,0
2024-07-23,113.02433776855467,260.8188781738281,0.14929613313714563,0.23875998780885987,0.03596828142988879,-2.487298561820413,0.0,,0
2024-07-24,113.77677154541016,250.35809326171875,0.16602383421331202,0.23694879359289767,0.036838702157145006,-1.9252838788141042,0.0,,0
2024-07-25,112.49320220947266,249.9345550537109,0.15509570334185652,0.23480709204715863,0.03778756065531218,-2.1094610851546536,0.0,,0
2024-07-26,114.0423355102539,255.5687713623047,0.16327632932911995,0.23287310422439564,0.038424213011639445,-1.8112739192392429,0.0,,0
2024-07-29,113.84758758544922,257.6766967773437,0.15954194492620588,0.23103432503133403,0.03924094954551966,-1.8218820118559236,0.0,,0
2024-07-30,114.21936798095705,259.1541748046875,0.16139254855187857,0.2290830196363898,0.03974133505740706,-1.7032762232756185,0.0,,0
2024-07-31,115.40555572509766,261.6856384277344,0.16932745380704173,0.22736712620573218,0.04006045895469615,-1.4488019836299622,0.0,,0
2024-08-01,115.59146118164062,261.94171142578125,0.17069589656904305,0.22571023000016394,0.04031344013059555,-1.3646648178101828,0.0,,0
2024-08-02,113.3607177734375,262.5819396972656,0.15060684877674335,0.22372758033207849,0.041026771269314,-1.782268730711106,0.0,,0
2024-08-05,111.55487823486328,252.59405517578125,0.14410987511924533,0.2215706137838425,0.04174755835093403,-1.8554555457699984,0.0,,0
2024-08-06,110.20935821533205,254.3867645263672,0.13023136481389863,0.21916962364876783,0.04277637114525132,-2.0791445476492316,0.0,,0
2024-08-07,109.16478729248048,252.67282104492188,0.12237490353800573,0.2165633736070576,0.04381798168484608,-2.149539217631875,0.0,,0
2024-08-08,111.72306060791016,255.9331817626953,0.14237841360776815,0.21390936137846006,0.043406456495359125,-1.6479333616725835,0.0,,0
2024-08-09,111.3778305053711,256.3773498535156,0.1388560547834059,0.2114693111758716,0.04344195659667762,-1.6715005971443524,0.0,,0
2024-08-12,110.52802276611328,256.5056457519531,0.13107349360962206,0.20895480906209574,0.04365579601467118,-1.7839856917578711,0.0,,0
2024-08-13,111.9709243774414,256.7425842285156,0.1438159966667667,0.20644332193329915,0.04299136517978625,-1.4567419528230907,0.0,,0
2024-08-14,111.9089584350586,257.7393493652344,0.14230707042133606,0.20395734130703283,0.04231021575574209,-1.45710131192914,0.0,,0
2024-08-15,113.7944793701172,263.3256530761719,0.15372859590503696,0.20182406205603184,0.04155543930593678,-1.1573807654133925,0.0,,0
2024-08-16,114.76819610595705,263.8981018066406,0.1617135851139917,0.20003234247747592,0.040923858416025645,-0.9363427312728344,0.0,,0
2024-08-19,115.60193634033205,263.0,0.16979239578810157,0.19855994484924339,0.04039266514985641,-0.7121973495537983,0.0,,0
2024-08-20,115.53917694091795,264.54949951171875,0.16780100380311724,0.19758453997866088,0.04041702543946308,-0.7369056938678883,0.0,,0
2024-08-21,114.66062927246094,264.7074584960937,0.160020881598828,0.1965361595747655,0.04056171547549113,-0.9002399811714417,0.0,,0
2024-08-22,113.7103500366211,264.4508056640625,0.15193776112782587,0.19543050202539045,0.04085710071180519,-1.064508742417884,0.0,,0
2024-08-23,114.72337341308594,263.95733642578125,0.16126762336682177,0.19483657958132175,0.04108972503326774,-0.8169671660572401,0.0,,0
2024-08-26,115.87985229492188,264.7173156738281,0.1705888831705462,0.1941340762436744,0.04113793275461787,-0.5723475025731614,0.0,,0
2024-08-27,114.66062927246094,267.1946105957031,0.15771509792048155,0.19298434779022935,0.04117570856772567,-0.8565547769927762,0.0,,0
2024-08-28,114.02410888671876,265.6845092773437,0.15354569795662898,0.19179493151601848,0.041266930397952234,-0.9268737265054132,0.0,,0
2024-08-29,113.83586883544922,270.74774169921875,0.14723898033894556,0.19087065647163667,0.04163186407254751,-1.0480356117770453,0.0,,0
2024-08-30,115.24333953857422,272.77105712890625,0.15769153035873207,0.189915139027563,0.04172439028881544,-0.7722966937510581,0.0,,0
2024-09-03,114.3020248413086,274.91278076171875,0.1475616014062242,0.188829852393762,0.04196436023335414,-0.9834118942372657,0.0,,0
2024-09-04,115.57503509521484,276.8373413085937,0.15691726068991985,0.1879149097887932,0.04205163006556035,-0.7371331158993513,0.0,,0
2024-09-05,114.2123794555664,274.9917297363281,0.14670621327804567,0.1867710643024974,0.042223228463524276,-0.9488817525894042,0.0,,0
2024-09-06,114.33789825439452,275.7319641113281,0.14714180760166196,0.18566893766802706,0.04237992768149241,-0.9090890941560089,0.0,,0
2024-09-09,115.53917694091795,281.8907165527344,0.15214692533755958,0.18469664511042289,0.042468554892134754,-0.7664428388377201,0.0,,0
2024-09-10,116.3908462524414,281.6242370605469,0.15972433669939923,0.1840530468902993,0.04254944279672725,-0.5717750595965819,0.0,,0
2024-09-11,115.1985092163086,280.26220703125,0.15062257097148035,0.1831560735333579,0.04267726960974941,-0.7623145261955891,0.0,,0
2024-09-12,115.1268081665039,281.65380859375,0.14877875766861526,0.18221154901106212,0.04280035112083605,-0.7811335764058984,0.0,,0
2024-09-13,114.0689468383789,283.60809326171875,0.13784277580410653,0.18132538806324083,0.04315789208884375,-1.0075240044074,0.0,,0
2024-09-16,115.56607818603516,286.69732666015625,0.14821107264912792,0.18033147098278743,0.043222323815543064,-0.7431437159819894,0.0,,0
2024-09-17,117.12594604492188,287.7632141113281,0.16070347059904377,0.17955485130831747,0.043149331782861865,-0.43688696743065497,0.0,,0
2024-09-18,117.12594604492188,284.72332763671875,0.16332190016092007,0.17859571318679784,0.04285892457519997,-0.35637415491092045,0.0,,0
2024-09-19,118.45277404785156,281.5255126953125,0.17737124089313006,0.17834715035252746,0.0428220426872991,-0.022789885725999198,0.0,,0
2024-09-20,115.28816986083984,281.0616149902344,0.15069831914723908,0.17719146906381586,0.04261645527216564,-0.6216647946756947,0.0,,0
2024-09-23,115.41368103027344,284.87139892578125,0.1484667939107842,0.1761742019815766,0.04256147109315913,-0.6509974246460146,0.0,,0
2024-09-24,116.11295318603516,269.2278137207031,0.1684327851354448,0.17530100812659694,0.04217212134622527,-0.16286169089682037,0.0,,0
2024-09-25,117.89693450927734,266.1188049316406,0.18654389908169122,0.17485167815133998,0.041905471480283805,0.2790141840034503,0.0,,0
2024-09-26,119.52855682373048,268.1520080566406,0.19841182875679908,0.17480530081950713,0.041877822577925085,0.5636999844814182,0.0,,0
2024-09-27,120.36227416992188,271.586669921875,0.20222467673777955,0.1747552186524422,0.04184319035047555,0.656485747268675,0.0,,0
2024-09-30,122.22697448730467,271.3695678710937,0.21779546465502486,0.17488745118003737,0.04196627941357206,1.0224402561908041,0.0,,0
2024-10-01,119.47476196289062,273.9850158691406,0.1926559408241375,0.17464059406143786,0.04181720706658909,0.43081181232434473,0.0,,0
2024-10-02,119.24166107177734,273.392822265625,0.19123647192872495,0.17450967544350443,0.04175269892242436,0.4006159342249601,0.0,,0
2024-10-03,117.18872833251952,273.254638671875,0.17399462106579278,0.17388426168750104,0.04147375588434619,0.0026609448779966786,0.0,,0
2024-10-04,117.66384887695312,274.31072998046875,0.1770896777056541,0.17298817260821003,0.0408086539432255,0.10050576779989419,0.0,,0
2024-10-07,117.61903381347656,270.224609375,0.18040904047964368,0.17170874209956588,0.03932561225376993,0.2212374552221688,0.0,,0
2024-10-08,117.40389251708984,271.3793640136719,0.17752686443685683,0.1702135435105853,0.03731933191344036,0.19596601952131112,0.0,,0
2024-10-09,119.2327117919922,273.32379150390625,0.19122367978787724,0.16859517585767464,0.034131544634508744,0.6629791933683548,0.0,,0
2024-10-10,119.0892562866211,273.856689453125,0.18953955982301918,0.1669954025388554,0.030689314930049505,0.7345930443722491,0.0,,0
2024-10-11,120.6670913696289,274.2218933105469,0.20237316070081213,0.16585462974000661,0.02795952369391783,1.3061213545905135,0.0,,0
2024-10-14,120.64019775390624,277.0248718261719,0.19964286965207512,0.164563343243258,0.02434669791734054,1.4408330249923664,0.0,,0
2024-10-15,119.94989013671876,275.65301513671875,0.19512840199023862,0.16323149818733804,0.020078430424074686,1.5886154011647826,0.0,,0
2024-10-16,121.77873992919922,283.7758483886719,0.20309970912301645,0.16412822445376923,0.020629927638417173,1.889075199501635,0.0,,0
2024-10-17,121.39324951171876,286.6085205078125,0.19748025633725597,0.16465249815583494,0.021066524702117558,1.5582901615529048,0.0,,0
2024-10-18,121.8593978881836,286.8354797363281,0.2011177235504873,0.1654195318259788,0.0215371723919344,1.657515251996467,0.0,,0
2024-10-21,117.7355728149414,283.1145935058594,0.16991031407605806,0.16553009823842776,0.021542913757883145,0.20332513451331297,0.0,,0
2024-10-22,117.7355728149414,281.0813903808594,0.17168735483199837,0.16573252173685762,0.021542757214077342,0.2764192640693876,0.0,,0
2024-10-23,117.80728912353516,280.0648193359375,0.17318961941058086,0.16592913958450267,0.02155608062970835,0.3368181790929043,0.0,,0
2024-10-24,124.0289077758789,279.5318603515625,0.22512377697149866,0.16685907830391028,0.0228474820353655,2.550158419094093,-1.0,Enter Short Spread,1
2024-10-25,123.20413970947266,278.0612487792969,0.21975231118286898,0.16767668521414072,0.02382691411261284,2.1855799589742877,-1.0,,2
2024-10-28,121.33049011230467,280.4891967773437,0.20228429994590935,0.16853797606696017,0.024126440728387537,1.3987278214329704,-1.0,,3
2024-10-29,120.4071044921875,278.20928955078125,0.19665696557147516,0.16941376090783067,0.02417748058380541,1.12680080826505,-1.0,,4
2024-10-30,119.94989013671876,286.3814697265625,0.18571445624605087,0.17033847909836652,0.023717848526566988,0.6482871804523632,-1.0,,5
2024-10-31,120.18297576904295,286.0754699707031,0.1879193488201203,0.1714308865197351,0.022981572866441573,0.7174644832278724,-1.0,,6
2024-11-01,120.17401885986328,286.953857421875,0.18708893618025968,0.17217606189594328,0.022751180424074095,0.6554769469691508,-1.0,,7
2024-11-04,119.2327117919922,288.0494689941406,0.17828565634032945,0.17283322192189204,0.022345083483710473,0.24401047426885727,-1.0,,8
2024-11-05,119.9857406616211,289.4707336425781,0.18336788147551752,0.17370479505299027,0.021710094086033097,0.44509647835860233,-1.0,,9
2024-11-06,120.05747985839844,303.3969421386719,0.17238050160515117,0.17418087013529668,0.021359816536582844,-0.08428764016123574,0.0,Exit Short Spread,0
2024-11-07,120.26366424560548,301.8178100585937,0.17538304213879807,0.17473213633058773,0.020953034065430243,0.031064990691932692,0.0,,0
2024-11-08,118.73068237304688,303.8608093261719,0.16089095582611868,0.1748515089959391,0.020853198303929458,-0.6694682017765003,0.0,,0
2024-11-11,117.9865951538086,306.8711242675781,0.15217364057405458,0.17469250992027346,0.020988694020054814,-1.0729047421770015,0.0,,0
2024-11-12,116.66875457763672,306.396484375,0.14132302950453557,0.17421802048221402,0.021411647644505413,-1.5363129229393917,0.0,,0
2024-11-13,119.8423080444336,306.03057861328125,0.1684556646930444,0.17422893149704616,0.02140854143767301,-0.26967118805405527,0.0,,0
2024-11-14,118.90997314453124,304.8143005371094,0.16162741907853717,0.17425570712170796,0.021391752774762192,-0.5903344235573597,0.0,,0
2024-11-15,120.19196319580078,306.1888427734375,0.17124157007140806,0.17457743727076766,0.021197959374287305,-0.15736737392779154,0.0,,0
2024-11-18,122.63317108154295,308.68072509765625,0.18935052009991638,0.17504548554965257,0.021208943701763072,0.6744812354362864,0.0,,0
2024-11-19,120.88166046142578,308.3741760253906,0.1752099985857407,0.17512250413990582,0.021201009183783464,0.004126900048787033,0.0,,0
2024-11-20,119.8743133544922,303.9638977050781,0.17039337337660299,0.17533380873084117,0.02108934775873498,-0.23426212184262135,0.0,,0
2024-11-21,119.22087860107422,306.4459228515625,0.16292238315812302,0.17549008681753275,0.0209616680620232,-0.5995564676543549,0.0,,0
2024-11-22,122.35186004638672,306.4657287597656,0.18882954563993115,0.17618326290588252,0.020702044277312755,0.6108712050194782,0.0,,0
2024-11-25,124.8202896118164,309.69921875,0.20621581738451322,0.17699200102297885,0.020910621284801274,1.3975584925721687,0.0,,0
2024-11-26,122.47888946533205,308.344482421875,0.18836037068735756,0.17767198051099775,0.020603638041196998,0.5187622765935006,0.0,,0
2024-11-27,123.13229370117188,311.1923828125,0.19141426294219932,0.17824693054853574,0.020497500624379886,0.6423872175909218,0.0,,0
2024-11-29,123.16861724853516,311.5681457519531,0.191411680829086,0.1789920216743864,0.02014697498701739,0.6164528006166063,0.0,,0
2024-12-02,121.62582397460938,313.12066650390625,0.1775811905861202,0.17949934472412737,0.01971722925722731,-0.09728314830564092,0.0,,0
2024-12-03,117.71441650390624,309.5212707519531,0.1477439969761818,0.1794259625847711,0.019826779845668042,-1.5979380340732183,0.0,,0
2024-12-04,116.87042236328124,306.4459228515625,0.14301030771224266,0.17914739543498515,0.02021524252503823,-1.7876158387901482,0.0,,0
2024-12-05,115.79047393798828,305.6350402832031,0.13438005856194457,0.17887668689482622,0.020698395136650272,-2.1497622419089044,0.0,,0
2024-12-06,113.99358367919922,307.5435791015625,0.11720509369720133,0.17835045916196932,0.021827466947324296,-2.8013037707182713,1.0,Enter Long Spread,1
2024-12-09,116.64353942871094,304.8637390136719,0.142343367052989,0.17842546901611736,0.021695467838015785,-1.6631170266770492,1.0,,2
2024-12-10,118.17725372314452,308.8982849121094,0.1521649048531326,0.17849136621951744,0.021609429430410845,-1.2182858159751193,1.0,,3
2024-12-11,117.17897033691406,310.2925720214844,0.14257130048495026,0.17818916338428256,0.021979690897518583,-1.6204897086770866,1.0,,4
2024-12-12,117.05191040039062,310.7276611328125,0.14114091295548126,0.1778194802641919,0.022408981132778467,-1.6367797844704106,1.0,,5
2024-12-13,116.85226440429688,311.23193359375,0.13903403273392012,0.17718052679487173,0.022952618025687013,-1.6619670147545105,1.0,,6
2024-12-16,116.66168975830078,312.369140625,0.13650255418713142,0.1769439307122033,0.023294989420184053,-1.7360547281481595,1.0,,7
2024-12-17,115.5454330444336,314.75225830078125,0.12501428549753957,0.1765530555719825,0.02395689380755525,-2.151312707250438,1.0,,8
2024-12-18,112.36912536621094,306.3272399902344,0.10382920870528967,0.1754763292981466,0.025686969588162207,-2.789239904183769,1.0,,9
2024-12-19,111.30731964111328,311.37042236328125,0.0903089289711052,0.17387241312963686,0.02785853147314318,-2.999565294354817,1.0,,10
2024-12-20,114.05712127685548,314.1688842773437,0.11250725948986173,0.1724406703085212,0.028753658451858507,-2.08437513852383,1.0,,11
2024-12-23,114.12064361572266,313.6842956542969,0.11344463114107639,0.17096100288190952,0.0294585734885545,-1.9524493188096799,1.0,,12
2024-12-24,114.58348083496094,317.0760803222656,0.1148404834404122,0.16924508652833262,0.029678229078931338,-1.8331485663523772,1.0,,13
2024-12-26,114.6742172241211,317.33319091796875,0.1154322043801086,0.16795802425426545,0.030302971060082284,-1.733355444587031,1.0,,14
2024-12-27,114.44734191894533,315.1083374023437,0.11518652398926554,0.16669052512194113,0.03088763376475844,-1.6674634750247397,1.0,,15
2024-12-30,113.73040771484376,311.7956237792969,0.11150824924511205,0.16564908559159647,0.031667389417406,-1.7096716004233008,1.0,,16
2024-12-31,114.43826293945312,312.5174865722656,0.11714277489746738,0.16464997054479333,0.03223132387586348,-1.4739449062128611,1.0,,17
2025-01-02,112.41451263427734,310.8957824707031,0.10058307852100867,0.16331953784548278,0.033186721648319026,-1.8904084588196086,1.0,,18
2025-01-03,112.3418960571289,311.40008544921875,0.09953728539341578,0.16201971152809208,0.03411902311942773,-1.8313075938888226,1.0,,19
2025-01-06,112.72305297851562,309.5509033203125,0.10439285358990702,0.16057253109145928,0.0346864016194102,-1.6196455924708721,1.0,,20
2025-01-07,113.4218521118164,308.1961975097656,0.11165435728684403,0.159274444382523,0.03503369441618306,-1.3592653555167709,1.0,,21
2025-01-08,115.0372314453125,309.1158447265625,0.1250614948277069,0.15798591661797123,0.034846088495875796,-0.9448527284249163,1.0,,22
2025-01-10,111.87906646728516,304.2803039550781,0.10111157799113957,0.15634372842362232,0.03516451211613748,-1.5706787072736312,1.0,,23
2025-01-13,113.4490737915039,303.4991760253906,0.11568085548242313,0.15501960264849207,0.03517494243776857,-1.1183741731963588,1.0,,24
2025-01-14,114.20230865478516,305.6448974609375,0.12056132112427553,0.15364396284851306,0.03488044532529729,-0.9484581236193136,1.0,,25
2025-01-15,115.68157196044922,312.7547912597656,0.1277614862275498,0.15248198334668464,0.03456057439552243,-0.7152802738816044,1.0,,26
2025-01-16,117.92314910888672,313.7139587402344,0.1461982844980081,0.1515666593624766,0.033982784543351616,-0.15797336612072224,1.0,,27
2025-01-17,117.7325668334961,316.0575866699219,0.14274575165042314,0.1511139166553827,0.033916269180211844,-0.2467301152876185,1.0,,28
2025-01-21,120.5821762084961,320.0228881835937,0.1635874874805756,0.15097891886619233,0.033850167171624174,0.372481723663473,0.0,Exit Long Spread,0
2025-01-22,120.29177856445312,319.9537048339844,0.16122959303041484,0.15077958509318956,0.03375386548673083,0.30959440604908917,0.0,,0
2025-01-23,121.25373840332033,324.55181884765625,0.16567659924513212,0.14978879879775012,0.03240251246261354,0.49032618892481133,0.0,,0
2025-01-24,120.72737884521484,326.5196533203125,0.15983576326889515,0.14879018966585056,0.031129188888488684,0.3548301127476261,0.0,,0
2025-01-27,123.65866088867188,330.811279296875,0.18060636015598552,0.1484288906693518,0.030627983039322716,1.0505905480397337,0.0,,0
2025-01-28,122.89634704589844,330.7519836425781,0.17446681556141486,0.14805905483585083,0.03017400103696276,0.875182601512304,0.0,,0
2025-01-29,121.40802764892578,332.1363525390625,0.16125271513994854,0.14765135915074915,0.029825713398921226,0.45602785111223354,0.0,,0
2025-01-30,104.2740478515625,339.2264099121094,0.0039104330436672274,0.14458454388780823,0.03460491590317857,-4.065148178303177,1.0,Enter Long Spread,1
2025-01-31,103.66600799560548,337.9903564453125,-0.0010377807146875195,0.14144909860622576,0.038871452530878314,-3.665591842952768,1.0,,2
2025-02-03,100.99787902832033,341.9655456542969,-0.029995414691490696,0.1379777474223621,0.04434197817781504,-3.78812964636504,1.0,,3
2025-02-04,101.43350219726562,341.30303955078125,-0.025213371551688235,0.13450139320524201,0.04861732140697989,-3.2851411829118238,1.0,,4
2025-02-05,101.55147552490234,345.54522705078125,-0.027096631785822556,0.13117677431539246,0.05257289317849565,-3.0105515700618692,1.0,,5
2025-02-06,102.9762954711914,343.6070861816406,-0.011776822145074695,0.12805744324399457,0.05533718895335799,-2.5269492005987373,1.0,,6
2025-02-07,102.64958190917967,344.1410217285156,-0.015337400837623694,0.12512030396626553,0.0581232459818621,-2.416549565172605,1.0,,7
2025-02-10,103.60247802734376,347.3153076171875,-0.00836097572439276,0.12244472702795807,0.06046411466001355,-2.1633609205702293,1.0,,8
2025-02-11,103.9382553100586,347.3944702148437,-0.0051813908567934774,0.12000298668860258,0.06257380437078562,-2.00058760697379,1.0,,9
2025-02-12,103.6932373046875,348.1571655273437,-0.008082228415884574,0.11706068847012044,0.0643515854246773,-1.9446749611551248,1.0,,10
2025-02-13,104.94561004638672,352.2579345703125,0.0010360043512238626,0.11438416489133188,0.06576641746107582,-1.7234960473131091,1.0,,11
2025-02-14,105.4719696044922,350.4551696777344,0.007304061800369466,0.11165187308681457,0.06674563141556253,-1.5633654079436154,1.0,,12
2025-02-18,106.24519348144533,353.3475341796875,0.01258189169181545,0.10870572928001289,0.06715104298642041,-1.4314571049571938,1.0,,13
2025-02-19,105.85858917236328,351.8617553710937,0.009975380343993479,0.10595181897598377,0.06775268470661339,-1.4165702665155344,1.0,,14
2025-02-20,107.3313980102539,347.1666564941406,0.027104549781090226,0.10356367191605857,0.06796415234523269,-1.1249919184835022,1.0,,15
2025-02-21,107.0828628540039,345.22528076171875,0.026168899977580207,0.10128444719638287,0.0682278489626344,-1.1009514202908606,1.0,,16
2025-02-24,106.92637634277344,346.5426330566406,0.023767426299411643,0.09853341187404085,0.06796972548993747,-1.0999895179170303,1.0,,17
2025-02-25,108.72135925292967,348.7514953613281,0.03884861506317305,0.09574395850201851,0.06691946982475762,-0.8502061296635733,1.0,,18
2025-02-26,107.5983428955078,347.3053283691406,0.029490106829263896,0.0930961207710503,0.06634305249660245,-0.9587441570470967,1.0,,19
2025-02-27,108.2795181274414,352.3668518066406,0.03223357990857978,0.09044310938715663,0.06553618854115159,-0.8882043764572276,1.0,,20
2025-02-28,109.5682373046875,359.2707824707031,0.03928104055713533,0.08790759871595745,0.06451572114818216,-0.7537164166100662,1.0,,21
2025-03-03,109.77995300292967,358.3892517089844,0.04181715716575707,0.08564486482561806,0.06370668127704324,-0.6879609293924145,1.0,,22
2025-03-04,107.5063018798828,348.89019775390625,0.027511772549533076,0.08364099441850725,0.06361272131255181,-0.8823584451479672,1.0,,23
2025-03-05,109.55902862548828,349.3358764648437,0.04611102924076915,0.0820260064439827,0.06331429413688296,-0.5672491132186802,1.0,,24
2025-03-06,110.92138671875,340.896728515625,0.06449860988620659,0.08086131563272039,0.06298238683670178,-0.2597981208450923,1.0,,25
2025-03-07,111.95236206054688,342.0456848144531,0.07292073729332293,0.08012324302598908,0.06281140562680106,-0.11466875579031628,1.0,,26
2025-03-10,111.03184509277344,338.2421569824219,0.06742138861355818,0.07887454338533191,0.06230473481645098,-0.18382478964904667,1.0,,27
2025-03-11,107.1104736328125,328.9906921386719,0.03830273221210878,0.07697684050798152,0.061775307504704655,-0.626044771900608,1.0,,28
2025-03-12,106.09791564941406,329.6839904785156,0.028285334856725353,0.07507207441417776,0.06148466726871002,-0.760949707233148,1.0,,29
2025-03-13,106.0703125,325.4346618652344,0.03122366975210711,0.0732401203607882,0.06112529296107392,-0.6873824005299769,1.0,,30
2025-03-14,107.47868347167967,328.6539001464844,0.04198703246794677,0.0716226703563553,0.06064501000372174,-0.48867397147085667,1.0,,31
2025-03-17,108.6753387451172,331.3778076171875,0.05102434334583372,0.07019803350900035,0.06010576104418185,-0.3189992078974368,1.0,,32
2025-03-18,109.4117431640625,331.59576416015625,0.05761556196887074,0.0690747214501892,0.059699237565080644,-0.19194817134517578,1.0,,33
2025-03-19,108.13224792480467,336.6473693847656,0.04212457240110168,0.0680463108451194,0.05962311022835608,-0.43475991682986104,1.0,,34
2025-03-20,107.6811981201172,336.2808837890625,0.03821312387301501,0.0671780474268179,0.05967189153968521,-0.48540314051448447,1.0,,35
2025-03-21,105.95063018798828,332.477294921875,0.024815983053731117,0.0657165261528824,0.059617632006127234,-0.6860477634359531,1.0,,36
2025-03-24,106.5949935913086,340.6094665527344,0.024921284895497164,0.06424113704878939,0.059513499320750174,-0.6606879548684652,1.0,,37
2025-03-25,101.2100067138672,341.3523254394531,-0.02745477332238777,0.06186954943607607,0.06028014827167518,-1.481819891283116,1.0,,38
2025-03-26,102.18575286865234,340.91650390625,-0.017545151370118806,0.059653260173572274,0.06071309536844681,-1.2715281781500447,1.0,,39
2025-03-27,102.18575286865234,346.5426330566406,-0.021580836134159842,0.057373804171515184,0.061151189247917674,-1.291138263649772,1.0,,40
2025-03-28,100.9430694580078,339.59912109375,-0.028826130797881433,0.05503489783746529,0.06171706118260071,-1.3587981512475005,1.0,,41
2025-03-31,101.24683380126952,347.136962890625,-0.031234152465369203,0.052561949048084686,0.062150056391147825,-1.348286813869877,1.0,,42
2025-04-01,100.57485961914062,343.0659484863281,-0.034984720942359715,0.050302485723695216,0.06282380794002061,-1.3575618776162162,1.0,,43
2025-04-02,101.4401397705078,343.0461120605469,-0.026403917936677956,0.04820346566819365,0.063246252115239,-1.1796332764340223,1.0,,44
2025-04-03,92.16141510009766,336.17193603515625,-0.1173404253715562,0.04450791101883592,0.0662612769638802,-2.4425779853083354,1.0,,45
2025-04-04,89.94297790527344,310.16094970703125,-0.12185062784253042,0.04061616126667968,0.06900376616904132,-2.3544626348539968,1.0,,46
2025-04-07,87.96387481689453,309.358642578125,-0.14346169934907782,0.03614077469706662,0.07202350126202978,-2.493664857984757,1.0,,47
2025-04-08,84.61322021484375,305.34698486328125,-0.17907923478648513,0.03147092781743953,0.07659776792343768,-2.748776737389755,1.0,,48
2025-04-09,91.73797607421876,329.2779235839844,-0.11683677207195431,0.027595634024866575,0.07810632399295891,-1.849176849109441,1.0,,49
2025-04-10,88.88438415527344,321.53204345703125,-0.1425674893961726,0.023210153849525773,0.08012436107639424,-2.0690042456330895,1.0,,50
2025-04-11,89.3630599975586,330.2387084960937,-0.14378416728758237,0.0186843929576069,0.08174370167022021,-1.9875361272558771,1.0,,51
2025-04-14,90.82667541503906,332.0018310546875,-0.1288513824797406,0.014100231841311092,0.08217543289356721,-1.739590645128711,1.0,,52
2025-04-15,88.82915496826172,332.6258850097656,-0.1515524972767328,0.009195261025858492,0.08312798755032132,-1.9337381192499463,1.0,,53
2025-04-16,86.71199035644531,328.1883239746094,-0.1723638088761128,0.0035960727532470186,0.08385119961030943,-2.0984778088699607,1.0,,54
2025-04-17,88.76472473144531,326.4846496582031,-0.14768341315797495,-0.0015524773498928114,0.0834973175834605,-1.7501273099224492,1.0,,55
2025-04-21,88.59903717041016,317.0648498535156,-0.1423334408908512,-0.006685978018825867,0.08252077198172744,-1.6437977931430614,1.0,,56
2025-04-22,89.14212799072266,328.2576599121094,-0.14477602446230442,-0.011762841147679193,0.08148349186176052,-1.6323942466811139,1.0,,57
2025-04-23,89.48271942138672,331.1995544433594,-0.14316236136620963,-0.017158986506382444,0.07925553482025192,-1.589836913542976,1.0,,58
2025-04-24,91.05679321289062,332.5267944335937,-0.12671054120153546,-0.022178609119098285,0.07644776936207302,-1.3673640572473937,1.0,,59
2025-04-25,90.1270751953125,331.991943359375,-0.13657644292153592,-0.027142428420123026,0.07400643327466777,-1.4787094805023107,0.0,Time Exit Long Spread,0
2025-04-28,89.37226104736328,334.30975341796875,-0.14670206168961797,-0.02965263666567778,0.07545078825947354,-1.551334687470857,0.0,,0
2025-04-29,89.04087829589844,338.2817077636719,-0.15332892144557575,-0.032190822344525916,0.07699131522256243,-1.5733995289062177,0.0,,0
2025-04-30,87.72454833984375,342.2239990234375,-0.17107943198780595,-0.03454222263279784,0.07901616271971804,-1.7279655788819523,0.0,,0
2025-05-01,87.08019256591797,339.2029113769531,-0.17626554841075137,-0.03705975891378223,0.08105876803575326,-1.7173440069502228,0.0,,0
2025-05-02,88.73711395263672,344.3040771484375,-0.1610970397524052,-0.039293099046558595,0.08258512246718479,-1.4748896298391447,0.0,,0
2025-05-05,87.96387481689453,345.3341979980469,-0.17058561226497138,-0.04193991221522354,0.08419010121058305,-1.5280383109169673,0.0,,0
2025-05-06,86.35298919677734,344.40313720703125,-0.18840276797953281,-0.044824335000922026,0.0861706513581756,-1.6662103711136507,0.0,,0
2025-05-07,86.4910659790039,346.5327453613281,-0.18832493972296427,-0.047823734400898224,0.08796267508719846,-1.597282087917239,0.0,,0
2025-05-08,89.2433853149414,347.93927001953125,-0.15799746766214007,-0.05037066901432066,0.0888985003615589,-1.2106705761074785,0.0,,0
2025-05-09,88.26765441894531,349.1972351074219,-0.16988085287917665,-0.05306731275537553,0.09002172520964398,-1.297614990734336,0.0,,0
2025-05-12,93.16475677490234,352.4758605957031,-0.11818919362442548,-0.05505439938830302,0.09012134784389497,-0.700553151351912,0.0,,0
2025-05-13,91.87603759765624,353.3489990234375,-0.13272844834138797,-0.057388274557332315,0.09028928526618288,-0.8344309467280024,0.0,,0
2025-05-14,91.72876739501952,353.6664428710937,-0.134554059904602,-0.0598405404172726,0.0903536772748391,-0.826900705546989,0.0,,0
2025-05-15,92.37312316894533,359.4606628417969,-0.13156069892577782,-0.062199475071768796,0.09034774151462753,-0.7677139759246696,0.0,,0
2025-05-16,93.2660140991211,362.2585754394531,-0.12385265302773862,-0.06471542845191594,0.08992672647032536,-0.6576156710801342,0.0,,0
2025-05-19,92.73269653320312,365.0168151855469,-0.13145747101205663,-0.06734253463507654,0.08953485409765348,-0.7160891367182157,0.0,,0
2025-05-20,91.27307891845705,363.9651489257813,-0.14661132723517434,-0.07018218052731964,0.0893017456966808,-0.8558527732195883,0.0,,0
2025-05-21,89.68245697021484,355.49200439453125,-0.1583843276870358,-0.07346939623982314,0.0888567821662604,-0.9556381558846896,0.0,,0
2025-05-22,90.73039245605467,355.16461181640625,-0.14653994297708262,-0.07640323040326225,0.08831325558967822,-0.7941810332493023,0.0,,0
2025-05-23,89.23335266113281,350.76934814453125,-0.1601072211813055,-0.079608910421427,0.08780107110447434,-0.9168260676922004,0.0,,0
2025-05-27,91.27307891845705,356.48419189453125,-0.14149080741326636,-0.08262177455426703,0.08676516130147166,-0.6784869868962121,0.0,,0
2025-05-28,90.51519012451172,356.9108581542969,-0.15012392341242897,-0.08582079256390346,0.08564938823867078,-0.7507716303745015,0.0,,0
2025-05-29,91.78768157958984,359.5599060058594,-0.13798672132232892,-0.08857910079510115,0.08461378732114262,-0.5839192653049131,0.0,,0
2025-05-30,91.2637176513672,362.3280334472656,-0.14560238722020857,-0.09177432440278413,0.08307298368714781,-0.6479611111614878,0.0,,0
2025-06-02,91.09530639648438,362.45703125,-0.14753718159887308,-0.09530825426086878,0.0808296752187355,-0.6461603018528295,0.0,,0
2025-06-03,91.76896667480467,362.9927673339844,-0.14053343300424648,-0.09886582376582827,0.07799477855429902,-0.5342358810520851,0.0,,0
2025-06-04,92.20872497558594,365.1159973144531,-0.1371908225534353,-0.10227602728527815,0.07506782801268987,-0.4651099704423971,0.0,,0
2025-06-05,90.63683319091795,363.8956604003906,-0.1535594525041002,-0.10547373036388165,0.0730712907524999,-0.6580658647879905,0.0,,0
2025-06-06,91.9280242919922,367.318603515625,-0.14172256084583723,-0.10830719529225769,0.0710991784653406,-0.46998244248165055,0.0,,0
2025-06-09,92.9198226928711,363.78656005859375,-0.12860919913988078,-0.11097107644045749,0.06877779728961435,-0.25645082271465386,0.0,,0
2025-06-10,95.8671417236328,367.7948913574219,-0.10008468642087553,-0.11333893842193786,0.06585451745902979,0.2012656460402769,0.0,,0
2025-06-11,94.65078735351562,370.3843994140625,-0.11458360679095048,-0.1160990709242176,0.06228137885245314,0.024332539856853803,0.0,,0
2025-06-12,94.42623138427734,368.4893798828125,-0.11569418894828343,-0.11898756677283684,0.058031743448155475,0.05675131624290518,0.0,,0
2025-06-13,93.56542205810548,350.08477783203125,-0.11221955272640316,-0.12155996885829526,0.054122183426873104,0.17258017952125584,0.0,,0
2025-06-16,94.58528137207033,352.69415283203125,-0.10320946901392114,-0.12391701207307752,0.05003808630336081,0.4138356317948466,0.0,,0
2025-06-17,93.25666046142578,355.03564453125,-0.11898730441556982,-0.1263137335308992,0.04614952990146435,0.15875414399609972,0.0,,0
2025-06-18,92.82625579833984,337.71246337890625,-0.11127972239670791,-0.1285837503191026,0.04179943355413563,0.4139775698152405,0.0,,0
2025-06-20,92.88239288330078,335.91668701171875,-0.109360600717469,-0.12994884744235397,0.039762253626952536,0.5177836980278547,0.0,,0
2025-06-23,93.93968963623048,341.0560607910156,-0.10178534707672515,-0.13135285070413075,0.03717134361356126,0.7954381185354422,0.0,,0
2025-06-24,94.14552307128906,348.87432861328125,-0.10518477774662527,-0.13274624973100516,0.03450142663014582,0.7988502121908748,0.0,,0
2025-06-25,92.97595977783205,342.5542297363281,-0.11317804236429119,-0.13415211492377868,0.0318553612899977,0.6584157802684588,0.0,,0
2025-06-26,94.12681579589844,343.31817626953125,-0.10142527084686015,-0.1353219668968035,0.02923544329613568,1.1594384154395156,0.0,,0
2025-06-27,94.66949462890624,345.8779296875,-0.09750790564112477,-0.13636401997511624,0.02663952467954906,1.4585888750417901,0.0,,0
2025-06-30,94.44493865966795,352.2675170898437,-0.1043959140299402,-0.1376638865766706,0.02287983576414181,1.4540302163737255,0.0,,0
2025-07-01,97.747802734375,352.6842346191406,-0.070313691185804,-0.13688010767357475,0.024322609597293782,2.73681227425437,-1.0,Enter Short Spread,1
2025-07-02,98.74894714355467,351.4440002441406,-0.05925511477209988,-0.13583684912240088,0.026213804000954837,2.9214277465228435,-1.0,,2
2025-07-03,97.42967224121094,356.04766845703125,-0.07591378201573629,-0.13471105050017856,0.027290536055029332,2.154492984889779,-1.0,,3
2025-07-07,94.36073303222656,353.8450622558594,-0.10638957058219423,-0.13349955609677372,0.026904742090309318,1.00762852227244,-1.0,,4
2025-07-08,95.7922821044922,351.7714538574219,-0.08988335562344041,-0.13305033248929848,0.027399673136148047,1.575455906038106,-1.0,,5
2025-07-09,95.57708740234376,354.956298828125,-0.09435455843116447,-0.13224678363988168,0.027812638160624445,1.3624103182833938,-1.0,,6
2025-07-10,96.29753112792967,353.0910339355469,-0.08554595276981636,-0.13127614673125226,0.028403021760969396,1.6100467882004375,-1.0,,7
2025-07-11,94.7537078857422,345.2032775878906,-0.09613736252836547,-0.130730913065396,0.028756134591249902,1.2029972396761863,-1.0,,8
2025-07-14,93.67770385742188,347.7531433105469,-0.10937263520175478,-0.13002791536414635,0.02875410171203342,0.7183420427892365,-1.0,,9
2025-07-15,93.12567138671876,344.3004150390625,-0.11282275402691644,-0.1290355644499931,0.028299736745810954,0.5728961569042348,-1.0,,10
2025-07-16,93.21923065185548,347.1578674316406,-0.113856396084554,-0.12847178083210273,0.02825954109255099,0.5171840795178814,-1.0,,11
2025-07-17,93.09759521484376,347.068603515625,-0.11509867572404708,-0.12801786807932267,0.028251970987028304,0.45728463905075295,-1.0,,12
2025-07-18,92.83561706542967,346.3145446777344,-0.11738039701069902,-0.1275612742884626,0.028198771601821476,0.36103974391231786,-1.0,,13
2025-07-21,92.53620910644533,348.189697265625,-0.12194214679377535,-0.12720760404558867,0.028133881977802155,0.18715715292926183,-1.0,,14
2025-07-22,94.63207244873048,349.1024780273437,-0.10019121430926603,-0.12676561526405086,0.028345733337484767,0.937509735182702,-1.0,,15
2025-07-23,96.8682861328125,352.5056457519531,-0.07922735049542351,-0.125809797056949,0.02895906734155798,1.6085616989010179,-1.0,,16
2025-07-24,95.93263244628906,351.19598388671875,-0.08801559959267324,-0.12483168935533323,0.029226747976668868,1.259671099639602,-1.0,,17
2025-07-25,96.89635467529295,354.2419128417969,-0.0801490611869522,-0.1236120250176895,0.02953736559990318,1.4714570154787188,-1.0,,18
2025-07-28,95.04375457763672,352.6842346191406,-0.09836705130781964,-0.1224001520063564,0.029052651570424755,0.8272257229354639,-1.0,,19
2025-07-29,84.99482727050781,348.5369873046875,-0.20719756142587853,-0.12291568555660852,0.030253530653551693,-2.785852561620788,0.0,Exit Short Spread,0
2025-07-30,81.5703353881836,348.15997314453125,-0.24805545679679786,-0.1243649925073484,0.033909852088514936,-3.6476261815173965,1.0,Enter Long Spread,1
2025-07-31,80.61597442626953,342.7626037597656,-0.25597211423298494,-0.12578810087348194,0.03742887892895888,-3.478170254754253,1.0,,2
2025-08-01,79.06278228759766,336.6905212402344,-0.2710197758347366,-0.12716505100440204,0.041051419392469875,-3.5042570259269046,1.0,,3
2025-08-04,79.54931640625,339.4685974121094,-0.2669108775677733,-0.12847481663514884,0.04412077684068863,-3.1376614566984986,1.0,,4
2025-08-05,81.19608306884766,334.7855834960937,-0.24299608681207374,-0.12989146028764773,0.04635401791044933,-2.4400177508437615,1.0,,5
2025-08-06,80.70018005371094,337.0774841308594,-0.2508044255870938,-0.13124018649944633,0.04861984308567462,-2.459165466185471,1.0,,6
2025-08-07,80.92473602294922,329.4874267578125,-0.24241048278463007,-0.1333105413187831,0.050623557216802374,-2.1551219918942364,1.0,,7
2025-08-08,81.09315490722656,334.1406555175781,-0.24378911986386242,-0.13516155251082432,0.052561753467721954,-2.066665592116253,1.0,,8
2025-08-11,80.75631713867188,333.267578125,-0.2473064154602913,-0.13704075843675248,0.05448677087147855,-2.023714293578335,1.0,,9
2025-08-12,81.80425262451172,334.6888732910156,-0.2354626311220398,-0.1387724573066902,0.05591740920204347,-1.7291604742627478,1.0,,10
2025-08-13,82.50598907470703,340.4634704589844,-0.23113867152274814,-0.14056055761494035,0.0571142827901902,-1.585910029555081,1.0,,11
2025-08-14,82.85218811035156,343.38555908203125,-0.22905848060367928,-0.14218724110813408,0.05821121429110091,-1.492345427826365,1.0,,12
2025-08-15,82.78668975830078,342.3717956542969,-0.22912036529591484,-0.14356239174247973,0.059264528646516754,-1.4436624319370799,1.0,,13
2025-08-18,82.47209167480469,340.6523132324219,-0.23168632121140043,-0.14478409163455247,0.060303903337449824,-1.4410713862178817,1.0,,14
2025-08-19,83.70187377929688,340.3641052246094,-0.21667622454449953,-0.1459530296606761,0.06100233004536504,-1.1593523531187966,1.0,,15
2025-08-20,82.88201904296875,341.8350830078125,-0.22758271144708342,-0.14707762116510573,0.06186871014571313,-1.3012246431576184,1.0,,16
2025-08-21,82.12889862060547,341.5965270996094,-0.23653877985614336,-0.14866175403915366,0.0629134002040825,-1.3967934578631676,1.0,,17
2025-08-22,84.67427062988281,347.9078674316406,-0.21053073315264892,-0.14966853420149065,0.06341011640817472,-0.959818439054498,1.0,,18
2025-08-25,83.64468383789062,346.6953125,-0.2219038300916536,-0.15106715268097942,0.06405917537389702,-1.1058006444388115,1.0,,19
2025-08-26,83.37775421142578,349.0408935546875,-0.2267626292206273,-0.15241982338098642,0.06478230666376497,-1.1475788632457482,1.0,,20
2025-08-27,83.75907897949219,348.2159729003906,-0.2216161992160255,-0.1536544736746056,0.06538063831106838,-1.0394778530315227,1.0,,21
2025-08-28,83.19661712646484,347.7289428710937,-0.2280089976320192,-0.15511239975173516,0.06604374466665287,-1.103762335830896,1.0,,22
2025-08-29,83.35868835449219,349.63726806640625,-0.22741223133469068,-0.15661608989808942,0.0666429528970014,-1.0623199957243603,1.0,,23
2025-09-02,81.25183868408203,347.93768310546875,-0.2518101960291519,-0.1582536022901736,0.06774568599423834,-1.3809970681666006,1.0,,24
2025-09-03,81.30903625488281,348.7327880859375,-0.25166927383779436,-0.1600860475067062,0.06875323256412014,-1.3320570235832399,1.0,,25
2025-09-04,80.5368423461914,348.8520812988281,-0.26129600901121264,-0.1622974943378951,0.06983070644785194,-1.417693156910098,1.0,,26
2025-09-05,81.07070922851562,341.1294250488281,-0.24916962714021818,-0.16478224334988412,0.07022411137564191,-1.2016867445844939,1.0,,27
2025-09-08,80.38430786132812,340.2149963378906,-0.25701057106883773,-0.1671560260878489,0.07089118654225744,-1.2674995209373106,1.0,,28
2025-09-09,80.46057891845703,341.89471435546875,-0.2572764956707656,-0.1695157311998903,0.07149276252708696,-1.2275475358449712,1.0,,29
2025-09-10,79.93624877929688,336.0604858398437,-0.25957079683617335,-0.17197158526838646,0.07201135272210109,-1.216463908209597,1.0,,30
2025-09-11,80.69890594482422,341.3977355957031,-0.2539601848810036,-0.1744840971995045,0.07219801868408116,-1.1008070460945025,1.0,,31
2025-09-12,80.41291046142578,337.36248779296875,-0.2545788688513624,-0.1767439566067677,0.07254677740127861,-1.0728927601300022,1.0,,32
2025-09-15,80.09830474853516,336.9848022460937,-0.2582227408066853,-0.17919300691360063,0.07277539077512206,-1.0859403577411035,1.0,,33
2025-09-16,81.22322845458984,337.9588623046875,-0.24498780423552113,-0.1814534603055682,0.0726775138970735,-0.874195339426866,1.0,,34
2025-09-17,80.25084686279297,344.0912780761719,-0.2614655157657897,-0.18411479645038592,0.07263507184601452,-1.0649224589381059,1.0,,35
2025-09-18,81.08023834228516,336.1200866699219,-0.24540468550572903,-0.18645179491303765,0.0723129804695666,-0.815246311379768,1.0,,36
2025-09-19,80.13643646240234,339.5292053222656,-0.25960141674335735,-0.1888921844860221,0.07226969431105303,-0.9784077950156886,1.0,,37
2025-09-22,80.29851531982422,342.2624206542969,-0.2595577525761432,-0.19152772584817684,0.07191440743277433,-0.9459860569881066,1.0,,38
2025-09-23,80.4701156616211,336.6369323730469,-0.25333689792139746,-0.1941248757195147,0.07128310408712842,-0.8306599854224737,1.0,,39
2025-09-24,79.98391723632812,336.6170654296875,-0.2593826483524544,-0.19670798795822325,0.07079121860450396,-0.8853451265527951,1.0,,40
2025-09-25,78.72552490234375,332.8899230957031,-0.2724956184778371,-0.20007768674642384,0.06949469432726872,-1.0420641810492501,1.0,,41
2025-09-26,79.81231689453125,335.3150329589844,-0.2605748644532384,-0.2034330159077761,0.0674443190200375,-0.8472447994987634,1.0,,42
2025-09-29,80.555908203125,338.0880432128906,-0.2533318450236153,-0.20638998362457409,0.06565418097052453,-0.714986626976822,1.0,,43
2025-09-30,79.63117980957031,339.3006286621094,-0.26576029111431243,-0.2090461623001094,0.06477264371476849,-0.8755876796375371,1.0,,44
2025-10-01,80.4415054321289,345.7113037109375,-0.2602506415978525,-0.21188561706634962,0.06320180593819298,-0.7652475085727858,1.0,,45
2025-10-02,81.57597351074219,343.8428039550781,-0.24490994796472232,-0.2143948735585756,0.0614501655855772,-0.4965824601994049,1.0,,46
2025-10-03,82.7294921875,347.7091064453125,-0.233625464779331,-0.21686286542540084,0.05915652728829959,-0.28336009773253845,1.0,,47
2025-10-06,82.57695770263672,347.1524963378906,-0.23507594014359623,-0.21917850838565467,0.057067944906410456,-0.2785702513733905,1.0,,48
2025-10-07,81.96682739257812,350.2733764648437,-0.244698613382198,-0.2214339413553287,0.055331387634111745,-0.4204606647624838,1.0,,49
2025-10-08,82.22422790527344,349.2198181152344,-0.2408205212797363,-0.22356723747620905,0.053541283102993845,-0.3222426285589429,1.0,,50
2025-10-09,81.29949951171875,344.9261474609375,-0.2490804636807249,-0.22582097193614523,0.0516897534382524,-0.44998264060912996,1.0,,51
2025-10-10,79.00199890136719,341.5567932128906,-0.27532689206850147,-0.2284914422085528,0.050012225370663486,-0.9364800208914864,1.0,,52
2025-10-13,79.29752349853516,341.2089233398437,-0.2713419075039789,-0.2310574673834408,0.04816097834186708,-0.8364539406691874,1.0,,53
2025-10-14,80.12691497802734,346.25799560546875,-0.26455869002582766,-0.23343440977064167,0.04619631614374538,-0.6737394418710586,1.0,,54
2025-10-15,80.1650390625,343.5843505859375,-0.26217183043137227,-0.2361340867060101,0.042949732709941235,-0.6062376197124834,1.0,,55
2025-10-16,81.6427001953125,333.3570251464844,-0.23645635865851133,-0.23875457017539492,0.037782080489185424,0.06082808270818797,0.0,Exit Long Spread,0
2025-10-17,82.37675476074219,339.8075256347656,-0.23223078460204993,-0.24115815659221787,0.032306558991314537,0.2763331121883955,0.0,,0
2025-10-20,82.85342407226562,342.3121643066406,-0.22827164382136345,-0.24362686630279137,0.02466417340382051,0.6225719479838471,0.0,,0
2025-10-21,83.94974517822266,345.0950622558594,-0.21712268790163236,-0.24560612691268827,0.01626155806816449,1.7515811763952918,0.0,,0
2025-10-22,83.01548767089844,343.2563781738281,-0.22699667469072637,-0.24593611213376904,0.01566889521883836,1.208728323122118,0.0,,0
2025-10-23,82.96781921386719,343.85272216796875,-0.22799902384871018,-0.24560183825130094,0.01583319288466029,1.1117665609723568,0.0,,0
2025-10-24,83.1489486694336,345.2640686035156,-0.22682819242608998,-0.24511610622118601,0.01595417961575214,1.1462772913149175,0.0,,0
2025-10-27,85.05559539794922,345.7013854980469,-0.20446874150207406,-0.24400692231564167,0.016421297987513232,2.4077378562664458,0.0,,0
2025-10-28,91.86233520507812,344.7869567871094,-0.12682970971802843,-0.24167223618481254,0.022006970138976432,5.218461502948427,-1.0,Enter Short Spread,1
2025-10-29,92.85379791259766,339.20123291015625,-0.11206758541100337,-0.23949009449479472,0.027558517274539982,4.623706994625252,0.0,Stop Short Spread,0
2025-10-30,90.62301635742188,342.9283752441406,-0.13907992720612383,-0.23762801952177856,0.030362932630877408,3.2456710790655583,-1.0,Enter Short Spread,1
2025-10-31,91.9195327758789,338.6645202636719,-0.1217897957340277,-0.23561767473760184,0.033780564837195146,3.369626279257486,-1.0,,2
2025-11-03,89.69828796386719,334.8478698730469,-0.14345727914394946,-0.23394547739226995,0.03575998345591055,2.53043177047008,-1.0,,3
2025-11-04,88.89749145507812,338.2271728515625,-0.1549008171080588,-0.23240538408639944,0.03711554378243737,2.0881969945706373,-1.0,,4
2025-11-05,88.57337188720703,337.9687805175781,-0.1583650414576161,-0.23112042425865903,0.03830304028132709,1.8994675688057985,-1.0,,5
2025-11-06,89.23116302490234,334.90753173828125,-0.14872254831459375,-0.22974682220518977,0.03972899368610438,2.0394242686024815,-1.0,,6
2025-11-07,91.47146606445312,333.9732360839844,-0.12323703063112634,-0.2279831313723139,0.04200412716316959,2.4937097331957396,-1.0,,7
2025-11-10,88.71636199951172,332.8103942871094,-0.15295980600750703,-0.2267137887175071,0.04308737907354879,1.7117305414215234,-1.0,,8
2025-11-11,90.59441375732422,336.8555908203125,-0.13499032173289938,-0.22510218872619875,0.04465123499038894,2.0181270912819254,-1.0,,9
2025-11-12,91.69073486328124,337.4830017089844,-0.12342033312107548,-0.22354792386914168,0.04650219093443754,2.153180070359136,-1.0,,10
2025-11-13,91.49054718017578,334.69451904296875,-0.12356036304128848,-0.22181421806237844,0.0482265684663225,2.03733871485595,-1.0,,11
2025-11-14,91.50007629394533,328.6595153808594,-0.11896990855763834,-0.21985473687407003,0.04994628442104278,2.019866532332645,-1.0,,12
2025-11-17,91.35458374023438,324.4071350097656,-0.11735036502073415,-0.21830173073853812,0.0516322539969433,1.9551996649958459,-1.0,,13
2025-11-18,90.03553009033203,319.85595703125,-0.12841097957768155,-0.21674351656330523,0.05289534782755029,1.6699490713929308,-1.0,,14
2025-11-19,89.628173828125,322.7838439941406,-0.1351922850183629,-0.21521734415993418,0.053895815843102934,1.4848102378584205,-1.0,,15
2025-11-20,88.13453674316406,322.4352722167969,-0.1517311247115809,-0.21405259291819342,0.054496742090716976,1.1435815392940418,-1.0,,16
2025-11-21,91.81044006347656,326.6279602050781,-0.11405492476045898,-0.21215335837033408,0.05594372481975509,1.753519879592182,-1.0,,17
2025-11-24,90.74354553222656,327.9424743652344,-0.1267338664096238,-0.21047538562158297,0.05696149893458145,1.4701424783103714,-1.0,,18
2025-11-25,91.6940460205078,333.15093994140625,-0.12019885157060362,-0.20828186321394052,0.05785460731698007,1.5224891452592217,-1.0,,19
2025-11-26,92.79003143310548,332.4140014648437,-0.10777109443700605,-0.20588356022392737,0.0589779861577876,1.6635438437052552,-1.0,,20
2025-11-28,92.90641784667967,333.0613098144531,-0.10699723138219142,-0.20331191393011036,0.05986308486110251,1.6089161253783255,-1.0,,21
2025-12-01,92.35358428955078,329.02801513671875,-0.10996148496803593,-0.20099177822724065,0.06073216153612692,1.4988811686713104,-1.0,,22
2025-12-02,92.70274353027344,328.2611694335937,-0.10561263222228279,-0.19846847924646474,0.061492652781644744,1.510031570013824,-1.0,,23
2025-12-03,95.25357055664062,328.2511901855469,-0.07846070520548976,-0.19548821607204347,0.06288764394889981,1.8608983183031307,-1.0,,24
2025-12-04,91.90743255615234,325.7515869140625,-0.1123366189118673,-0.19303431310663835,0.06321097719195291,1.2766405105511371,-1.0,,25
2025-12-05,92.01412200927734,329.8744812011719,-0.11427741817526971,-0.1907062669948761,0.06349582098841237,1.2036831342578314,-1.0,,26
2025-12-08,92.67365264892578,325.4926147460937,-0.10383822175157009,-0.18819392287654627,0.06389976429506505,1.3201253878723762,-1.0,,27
2025-12-09,94.0509033203125,325.1540222167969,-0.08882965985355429,-0.18537070486066076,0.06448278587413711,1.4971599582490644,-1.0,,28
2025-12-10,96.6405258178711,324.38720703125,-0.061085503094757465,-0.18230566650831467,0.06593061070542619,1.83860216243349,-1.0,,29
2025-12-11,97.45523834228516,344.2051696777344,-0.06731124636884944,-0.1790697620183657,0.06672579410493981,1.6748922534178217,-1.0,,30
2025-12-12,97.88198852539062,346.3960876464844,-0.0645062603818416,-0.1760547882663009,0.067739570632152,1.6467262317058997,-1.0,,31
2025-12-15,97.05757904052734,345.4599914550781,-0.07229722367015201,-0.17293305171508078,0.06813220536831635,1.477066939208864,-1.0,,32
2025-12-16,97.09637451171876,343.68731689453125,-0.07062916879513437,-0.16978424198539732,0.06842114561052881,1.4491875619078312,-1.0,,33
2025-12-17,97.92078399658205,342.9902038574219,-0.06167377540542218,-0.16658985661013107,0.06891803958254433,1.522331189920878,-1.0,,34
2025-12-18,99.00707244873048,344.5836181640625,-0.051784073800532626,-0.163129880367599,0.06938219635051998,1.6048181294888038,-1.0,,35
2025-12-19,98.85188293457033,347.81024169921875,-0.05565072506001245,-0.1595157988106353,0.06923878480164843,1.5000996052742688,-1.0,,36
2025-12-22,97.69771575927734,350.6385192871094,-0.06939194434976748,-0.1563294168089108,0.06891307953105517,1.261552568115398,-1.0,,37
2025-12-23,97.17396545410156,351.9232177734375,-0.07566899222386736,-0.15336836926224828,0.0684971187578338,1.134345187760101,-1.0,,38
2025-12-24,97.62982177734376,353.6759948730469,-0.0722137632810187,-0.15014259379836006,0.0676807585927308,1.151417805262473,-1.0,,39
2025-12-26,97.513427734375,353.5365295410156,-0.07330942854586198,-0.1470269069141602,0.06683788943258288,1.102929475992125,-1.0,,40
2025-12-29,96.67931365966795,353.1481628417969,-0.081629065830233,-0.1443055588785854,0.06611727605971827,0.9479593955404622,-1.0,,41
2025-12-30,96.6405258178711,352.1622314453125,-0.08134104238421203,-0.14176748517200008,0.06556035733991854,0.9216917850903089,-1.0,,42
2025-12-31,96.20407104492188,349.26422119140625,-0.08383019534008107,-0.1392467227586082,0.0648278019663714,0.8548265672692982,-1.0,,43
