Date,UPS,V,spread,rolling_spread_mean,rolling_spread_std,zscore,target_position,signal_event,signal_holding_days
2014-01-02,65.76459503173828,50.56215286254883,0.012279215500437424,,,,0.0,,0
2014-01-03,65.61820220947266,50.59647750854492,0.00988340156730505,,,,0.0,,0
2014-01-06,64.76526641845703,50.29219055175781,-0.0017130206737203668,,,,0.0,,0
2014-01-07,64.97530364990234,50.676544189453125,-0.0003523295416695271,,,,0.0,,0
2014-01-08,64.92438507080078,50.83895111083984,-0.001925188802634814,,,,0.0,,0
2014-01-09,65.00076293945312,50.76803970336914,-0.00040532585866381865,,,,0.0,,0
2014-01-10,65.25538635253906,50.58959579467773,0.004372400381416619,,,,0.0,,0
2014-01-13,63.79775238037109,50.07942962646485,-0.01571924290445026,,,,0.0,,0
2014-01-14,64.24331665039062,50.93734359741211,-0.012947494049889707,,,,0.0,,0
2014-01-15,64.31969451904297,51.19130325317383,-0.01298552008028897,,,,0.0,,0
2014-01-16,63.96326446533203,50.73601531982422,-0.016339831550410522,,,,0.0,,0
2014-01-17,63.59407424926758,53.11759567260742,-0.03343851327320935,,,,0.0,,0
2014-01-21,62.74114990234375,53.060394287109375,-0.04667562216267829,,,,0.0,,0
2014-01-22,63.00848388671875,53.30290222167969,-0.04354806398349231,,,,0.0,,0
2014-01-23,62.34016418457031,52.21849060058594,-0.04914380582118261,,,,0.0,,0
2014-01-24,61.31537628173828,50.61704254150391,-0.05803927313489643,,,,0.0,,0
2014-01-27,60.57701110839844,49.46630859375,-0.06448453441796098,,,,0.0,,0
2014-01-28,60.98434829711914,50.55071258544922,-0.06312937026040588,,,,0.0,,0
2014-01-29,60.67884826660156,49.67219543457031,-0.06382890159078702,,,,0.0,,0
2014-01-30,60.965293884277344,50.53241729736328,-0.06335261727510577,,,,0.0,,0
2014-01-31,60.61516952514648,49.28556823730469,-0.06295230075728409,,,,0.0,,0
2014-02-03,59.59041595458984,48.83715438842773,-0.07774923167743542,,,,0.0,,0
2014-02-04,59.762245178222656,49.08194732666016,-0.07610263257873151,,,,0.0,,0
2014-02-05,59.67950820922852,49.326751708984375,-0.0787147073249227,,,,0.0,,0
2014-02-06,60.30330657958984,50.1046028137207,-0.07217416952093914,,,,0.0,,0
2014-02-07,60.704322814941406,50.73830795288086,-0.06864498676552477,,,,0.0,,0
2014-02-10,60.29692459106445,50.45690155029297,-0.0740075375339283,,,,0.0,,0
2014-02-11,61.207149505615234,50.86414337158203,-0.06100661581485378,,,,0.0,,0
2014-02-12,61.1243896484375,51.37751770019531,-0.06483568080695945,,,,0.0,,0
2014-02-13,61.461761474609375,51.35002517700195,-0.0591994572980179,,,,0.0,,0
2014-02-14,61.89458084106445,51.79692840576172,-0.054318553284338544,,,,0.0,,0
2014-02-18,61.41720581054688,51.81069564819336,-0.06212668525954623,,,,0.0,,0
2014-02-19,60.58336639404297,51.3110580444336,-0.07340713016094613,,,,0.0,,0
2014-02-20,61.326961517333984,51.21480178833008,-0.06074497164128234,,,,0.0,,0
2014-02-21,61.60902786254883,51.19186782836914,-0.0560456987152973,,,,0.0,,0
2014-02-24,61.50643157958984,51.84048461914063,-0.06081667652867773,,,,0.0,,0
2014-02-25,61.18592834472656,52.05134582519531,-0.06704202102103951,,,,0.0,,0
2014-02-26,61.02566146850586,51.82215118408203,-0.06857675887006076,,,,0.0,,0
2014-02-27,61.25004577636719,51.861122131347656,-0.06509196095228065,,,,0.0,,0
2014-02-28,61.391056060791016,51.783180236816406,-0.06242157382849223,,,,0.0,,0
2014-03-03,61.39749526977539,50.751834869384766,-0.05735658103568697,,,,0.0,,0
2014-03-04,62.16668701171875,51.68234634399414,-0.049385884952431125,,,,0.0,,0
2014-03-05,62.23080825805664,51.06580352783203,-0.04539601535664717,,,,0.0,,0
2014-03-06,62.73081207275391,51.30645751953125,-0.03855264902208433,,,,0.0,,0
2014-03-07,62.96158981323242,51.69609832763672,-0.03674590409303746,,,,0.0,,0
2014-03-10,63.29492568969727,51.68234634399414,-0.03139999957745654,,,,0.0,,0
2014-03-11,63.01924514770508,52.067378997802734,-0.03759503065609038,,,,0.0,,0
2014-03-12,63.153900146484375,51.81986999511719,-0.034285753957537746,,,,0.0,,0
2014-03-13,62.243614196777344,50.600582122802734,-0.04293378258494229,,,,0.0,,0
2014-03-14,61.71158218383789,50.59827423095703,-0.051506852810138004,,,,0.0,,0
2014-03-17,62.17310333251953,51.28814697265625,-0.04739490478084929,,,,0.0,,0
2014-03-18,62.442359924316406,51.89090347290039,-0.045954212050561605,,,,0.0,,0
2014-03-19,62.14746856689453,51.297306060791016,-0.047851328792603454,,,,0.0,,0
2014-03-20,62.121826171875,50.838905334472656,-0.04605085759033034,,,,0.0,,0
2014-03-21,62.089786529541016,51.19417190551758,-0.048283704319802445,,,,0.0,,0
2014-03-24,62.397457122802734,50.59367752075195,-0.0404315606352893,,,,0.0,,0
2014-03-25,62.59619140625,50.05510330200195,-0.034612972755495686,,,,0.0,,0
2014-03-26,62.01925659179688,49.43169784545898,-0.04078250270843753,,,,0.0,,0
2014-03-27,62.211570739746094,49.452335357666016,-0.037789336864688106,,,,0.0,,0
2014-03-28,62.397457122802734,48.6088981628418,-0.03056440507948499,-0.04487245379827401,0.023473154714426157,0.6095494573635457,0.0,,0
2014-03-31,62.423099517822266,49.47294616699219,-0.03449769093614474,-0.04565206890555038,0.022310010441029135,0.4999718847684726,0.0,,0
2014-04-01,62.397457122802734,49.20709228515625,-0.033580065451194296,-0.04637646002252537,0.021171621804540307,0.6044125806454211,0.0,,0
2014-04-02,62.80132293701172,49.19792938232422,-0.027082534000445357,-0.04679928524463745,0.020518674456391776,0.9609173967887641,0.0,,0
2014-04-03,63.153900146484375,49.27813720703125,-0.021885700570272726,-0.047158174761780844,0.01988156557926857,1.2711511118551397,0.0,,0
2014-04-04,62.8846435546875,47.60274887084961,-0.01762995639232956,-0.04741992088827575,0.019381426242743766,1.537036754820832,0.0,,0
2014-04-07,62.41029739379883,46.61955261230469,-0.02005593547300344,-0.04774743104851475,0.018739601903402434,1.4776992445332329,0.0,,0
2014-04-08,62.44873809814453,46.431602478027344,-0.01844417407868537,-0.04812770728951645,0.017890355040946607,1.6591919580630343,0.0,,0
2014-04-09,62.72439193725586,47.56608963012695,-0.019991604124583673,-0.04819891330985201,0.017769316123183214,1.5874167013364635,0.0,,0
2014-04-10,61.94235610961914,46.1932373046875,-0.025316993204444804,-0.04840507162909459,0.01742760519111856,1.3247992579276417,0.0,,0
2014-04-11,61.71158218383789,45.06563568115234,-0.022956346645162218,-0.04857125207184247,0.017134138134567475,1.4949631680045319,0.0,,0
2014-04-14,61.59619522094727,46.069480895996094,-0.03025966897742194,-0.04880324936229266,0.01678687067268856,1.1046478373744932,0.0,,0
2014-04-15,61.39749526977539,46.76622009277344,-0.03719163749278831,-0.04886580143261898,0.016736418009998925,0.6975306145470385,0.0,,0
2014-04-16,62.40388870239258,47.983211517333984,-0.02726710707702673,-0.04854232618119146,0.01696166747240162,1.2543117673295803,0.0,,0
2014-04-17,62.820533752441406,47.66005325317383,-0.018946585090118595,-0.048132301532968554,0.01736988189835165,1.680248410072356,0.0,,0
2014-04-21,63.397457122802734,47.930511474609375,-0.011200006129596929,-0.047499904871442136,0.0180008072042836,2.0165706087450914,0.0,,0
2014-04-22,63.46156692504883,48.12303161621094,-0.011177624826399724,-0.04671887739963385,0.018535269582574156,1.9174931562175965,0.0,,0
2014-04-23,63.61542510986328,47.85945892333984,-0.007402017242996606,-0.04576750211338445,0.01905661002429712,2.0132376546233544,0.0,,0
2014-04-24,63.23080825805664,47.99238967895508,-0.014150200930751144,-0.04495118262455687,0.019342311028389243,1.592414766187881,0.0,,0
2014-04-25,62.43592834472656,45.5927734375,-0.014154343847320838,-0.04412327332883244,0.019578240784232537,1.5307263717814357,0.0,,0
2014-04-28,62.987213134765625,46.16346740722656,-0.008430518446335356,-0.043207905015019595,0.019938397572617332,1.7442418048903907,0.0,,0
2014-04-29,62.826961517333984,46.44992065429688,-0.012503150783902406,-0.042367085848796567,0.020150642679070244,1.48203387557027,0.0,,0
2014-04-30,63.14106369018555,46.43618392944336,-0.007443201002017674,-0.04119531867087293,0.020103193449868644,1.6789430869788398,0.0,,0
2014-05-01,62.89106750488281,47.23375701904297,-0.015609190692969177,-0.04018709463944357,0.019842480377444953,1.2386507875503416,0.0,,0
2014-05-02,63.17952728271485,46.85102462768555,-0.009027056780626652,-0.03902563379703863,0.01959127067283262,1.531221609735159,0.0,,0
2014-05-05,62.78850173950195,47.47212600708008,-0.018482503213845036,-0.038130772691920396,0.019280482966047865,1.0190755860563843,0.0,,0
2014-05-06,62.423099517822266,47.06646347045898,-0.022203135974559918,-0.03735674184540431,0.018969645195255437,0.7988344386448784,0.0,,0
2014-05-07,63.35260009765625,47.83195114135742,-0.011400290657559653,-0.036313287730798165,0.01864402275723616,1.3362457983253224,0.0,,0
2014-05-08,63.45515060424805,48.33616638183594,-0.01236830793462873,-0.035502649266127756,0.018610099675842835,1.2431067933251836,0.0,,0
2014-05-09,63.9487533569336,48.3155517578125,-0.004514466259949446,-0.03449729569034425,0.018627643076262076,1.6095879284160797,0.0,,0
2014-05-12,65.07056427001953,48.51951599121094,0.01183714111072065,-0.03331335238353194,0.019266518944770647,2.3434691873337825,0.0,,0
2014-05-13,65.7115707397461,48.60203552246094,0.021220907706385517,-0.032054361367019876,0.020293508276804678,2.625237014060236,-1.0,Enter Short Spread,1
2014-05-14,65.41029357910156,48.188697814941406,0.018731330464594742,-0.030706727771617526,0.020926643122630255,2.362445708396944,-1.0,,2
2014-05-15,64.82310485839844,47.63530731201172,0.012561569788703264,-0.029273916105790037,0.020897012464420873,2.001984061871148,-1.0,,3
2014-05-16,65.38447570800781,48.17722702026367,0.018395242843978976,-0.02795491253103568,0.02136143056575608,2.169805773650633,-1.0,,4
2014-05-19,65.42317962646484,48.303524017333984,0.01834150965504544,-0.0267151257248633,0.021848220792638737,2.0622565016868353,-1.0,,5
2014-05-20,64.8682632446289,47.74323654174805,0.012699968680367602,-0.02548984830471255,0.021962559323616238,1.7388600491571498,-1.0,,6
2014-05-21,65.64904022216797,48.24382019042969,0.02209280101530997,-0.024004267937440055,0.02211573694597318,2.0843559979647592,-1.0,,7
2014-05-22,65.59742736816406,48.07620620727539,0.02216440004079645,-0.022491915288925763,0.022118602865290778,2.0189482853728675,-1.0,,8
2014-05-23,66.28787231445312,48.69616317749024,0.029475799315580198,-0.020915785951128085,0.02239448742141483,2.2501781049259963,-1.0,,9
2014-05-27,66.57174682617188,49.25414657592773,0.03094002084330305,-0.019359759373264833,0.022697946001196536,2.2160498669754656,-1.0,,10
2014-05-28,66.72663879394531,49.09342956542969,0.034069840300048226,-0.01783598568433591,0.023160115014788638,2.2411730663358207,-1.0,,11
2014-05-29,67.14602661132812,49.29317855834961,0.03933419629813151,-0.016357317663493205,0.023918368696821,2.3283993430967844,-1.0,,12
2014-05-30,67.02989959716797,49.32992172241211,0.03741951523509213,-0.014977058820297547,0.024583089238830683,2.1314072265834545,-1.0,,13
2014-06-02,67.15896606445312,49.02911758422852,0.04085121928054014,-0.013653661015253806,0.02540196904073153,2.1456950919197055,-1.0,,14
2014-06-03,66.73953247070312,48.52396011352539,0.037139741864717246,-0.012422233582624561,0.02603565988640409,1.9036189466134192,-1.0,,15
2014-06-04,66.44269561767578,48.5492057800293,0.03255388731095199,-0.011356335467817752,0.026541119878483132,1.6544223823188309,-1.0,,16
2014-06-05,66.8621597290039,48.73061752319336,0.03792763742242655,-0.010097624333175802,0.027052800933136816,1.7752417531293958,-1.0,,17
2014-06-06,66.84276580810547,48.90972518920898,0.03673299226744675,-0.008913978562759394,0.027518243129954045,1.6587894297844434,-1.0,,18
2014-06-09,66.77826690673828,48.81328201293945,0.03625424492646778,-0.007594178104235893,0.027752937156873353,1.5799561243860663,-1.0,,19
2014-06-10,66.40401458740234,49.19675064086914,0.028704749515617523,-0.006257318065473302,0.027536517787213718,1.2696619031955116,-1.0,,20
2014-06-11,66.13945770263672,48.83623123168945,0.026526182221180195,-0.00502529994877281,0.027321229060512472,1.1548339242012555,-1.0,,21
2014-06-12,65.1005630493164,48.627288818359375,0.011751005783612545,-0.004063546318203241,0.026875560095886115,0.588436186832681,-1.0,,22
2014-06-13,65.19091033935547,48.517066955566406,0.013697348414307364,-0.003037735031421394,0.026354217242522356,0.6350059002597432,-1.0,,23
2014-06-16,65.28770446777344,48.27597427368164,0.01640927319590124,-0.0019967328516508676,0.02586365605516499,0.7116552280270685,-1.0,,24
2014-06-17,65.56515502929688,48.406856536865234,0.019982390448999743,-0.0008589646055041644,0.025297776388070056,0.8238413817402659,-1.0,,25
2014-06-18,66.32656860351562,48.50788497924805,0.03101451684346812,0.0003318033524751259,0.02508768030136309,1.2230191521264686,-1.0,,26
2014-06-19,66.0555648803711,48.29433822631836,0.028008056870839848,0.001375487179580718,0.02491418045007132,1.0689723366430417,-1.0,,27
2014-06-20,66.13945770263672,48.10375213623047,0.030252203143963707,0.0025593989437874055,0.02456808669781686,1.1271860336864208,-1.0,,28
2014-06-23,66.11361694335938,48.099151611328125,0.029885006787603863,0.0036873046713256047,0.024241077782133167,1.0807152368277626,-1.0,,29
2014-06-24,65.6426010131836,47.71338653564453,0.024720565087619217,0.004608720840777342,0.023970839604198275,0.839012924825523,-1.0,,30
2014-06-25,66.08135986328125,48.005001068115234,0.02988007121370473,0.005681683543274833,0.023634834408051197,1.0238441806974,-1.0,,31
2014-06-26,66.22976684570312,47.98204803466797,0.032241291136118067,0.0067787061530633725,0.023312387320463316,1.0922341257046617,-1.0,,32
2014-06-27,66.2749252319336,48.05551910400391,0.03254566105497081,0.007772509403986975,0.023117863886631222,1.0716021070316035,-1.0,,33
2014-06-30,66.24268341064453,48.383880615234375,0.030380081997589126,0.008643605780118005,0.022968130901590462,0.9463754935307317,-1.0,,34
2014-07-01,66.36529541015625,49.19675064086914,0.02812149456996116,0.009406129962822852,0.022842323189452195,0.8193284217158973,-1.0,,35
2014-07-02,66.81694030761719,49.33222198486328,0.0342258819000566,0.010310826919040518,0.022732209862149588,1.0520338817052712,-1.0,,36
2014-07-03,67.02989959716797,49.7157096862793,0.03549881196593074,0.011209876686450787,0.022643722085195776,1.072656482361608,-1.0,,37
2014-07-07,66.616943359375,49.76852416992188,0.02905719519130856,0.01202735667504899,0.022386449381043713,0.7607208372525573,-1.0,,38
2014-07-08,66.3975601196289,49.42866897583008,0.027447988765225473,0.012906773041210162,0.021933984282704676,0.6629536857779783,-1.0,,39
2014-07-09,66.44916534423828,49.63533782958984,0.02719616523183932,0.013742648239160188,0.02150274483470339,0.6256650997860715,-1.0,,40
2014-07-10,65.87487030029297,49.49296951293945,0.01922418656532776,0.014567379164872683,0.020734477970112457,0.22459245934079433,-1.0,,41
2014-07-11,66.1587905883789,49.828216552734375,0.021860474083553405,0.015551581024478378,0.01962616825893536,0.3214531219665218,-1.0,,42
2014-07-14,66.75242614746094,50.753604888916016,0.02625642298008113,0.016443639858763508,0.018861157743014872,0.5202640927464663,-1.0,,43
2014-07-15,67.29447174072266,50.92582321166992,0.03350866756312276,0.017317894069650865,0.018410813945213562,0.8794164962859325,-1.0,,44
2014-07-16,67.44286346435547,51.130184173583984,0.034723923775468846,0.01808329290140196,0.018162247164362218,0.9162209237367371,-1.0,,45
2014-07-17,66.2362060546875,50.03029251098633,0.022032064202456514,0.018636787718549565,0.01776374745622917,0.19113514714578625,-1.0,,46
2014-07-18,66.99118041992188,50.56300735473633,0.030754399896477658,0.019272728004207474,0.01750123585139783,0.656049206453791,-1.0,,47
2014-07-21,67.14602661132812,50.337982177734375,0.0341628915797203,0.020077946212715324,0.017050570660289074,0.8260688540946571,-1.0,,48
2014-07-22,67.4170913696289,50.806396484375,0.03590802392982528,0.020912319009001094,0.016573215635715264,0.9048156525827408,-1.0,,49
2014-07-23,67.32671356201172,50.79263687133789,0.03463332977138256,0.021630049812629726,0.01621555033833134,0.8019018588604335,-1.0,,50
2014-07-24,67.1654052734375,51.1462516784668,0.03052399688971863,0.022347168940523413,0.015631067188737174,0.5231138635938407,-1.0,,51
2014-07-25,66.82986450195312,49.316165924072266,0.034499549106220995,0.02304621477566072,0.01521551290905095,0.7527406009262598,-1.0,,52
2014-07-28,66.24268341064453,49.18986511230469,0.026306763972264613,0.023744814020081287,0.014363041889975092,0.17837098657851014,-1.0,,53
2014-07-29,63.79067993164063,49.0245361328125,-0.010581080514660002,0.023718913624514063,0.014423389343928615,-2.378081414935409,0.0,Exit Short Spread,0
2014-07-30,64.10686492919922,49.15312576293945,-0.006282582026861605,0.023922245644297124,0.013903656074052154,-2.1724377753797297,0.0,,0
2014-07-31,62.64856719970703,48.4527702331543,-0.025754925902945813,0.02386304914549069,0.014106003109463945,-3.5175077350682704,1.0,Enter Long Spread,1
2014-08-01,62.60981369018555,48.636474609375,-0.027306728778776157,0.023597941843470416,0.01489372661520655,-3.4178598773441107,1.0,,2
2014-08-04,62.70665740966797,48.71682357788086,-0.026168123336765547,0.02336794492010147,0.015539895835476743,-3.1876705469144038,1.0,,3
2014-08-05,62.27431106567383,48.3448600769043,-0.03119701752937465,0.022923235732277718,0.016672003505299567,-3.2461757367342825,1.0,,4
2014-08-06,61.77099990844727,48.37929153442383,-0.03948755426552575,0.02206782414267361,0.01844163926543107,-3.3378474398197984,1.0,,5
2014-08-07,61.33222961425781,48.00041580200195,-0.044677612245837106,0.020969515476803226,0.020325477699793617,-3.229795072580602,1.0,,6
2014-08-08,61.906517028808594,48.32648468017578,-0.0370268274161083,0.02004021284545818,0.021638797231459925,-2.6372556501707316,1.0,,7
2014-08-11,61.99039840698242,48.35404586791992,-0.035813349656355964,0.019233964188040523,0.022773866918675566,-2.4171263510482395,1.0,,8
2014-08-12,62.209774017333984,48.28974151611328,-0.03195262859472159,0.018394832997395517,0.023698120960560443,-2.1245339103428402,1.0,,9
2014-08-13,62.34529495239258,48.64171600341797,-0.03156712445526344,0.01756302242889037,0.024546125303019178,-2.001543880251878,1.0,,10
2014-08-14,62.42325973510742,48.89249420166016,-0.031585254777145244,0.016824935371265157,0.02533441452312558,-1.9108470063210246,1.0,,11
2014-08-15,62.93007278442383,48.35646057128906,-0.02078101635091334,0.016110371748494764,0.025776531535488277,-1.4312006271525421,1.0,,12
2014-08-18,63.43040466308594,49.30660629272461,-0.017659391722271933,0.01544664188577696,0.026122496086218173,-1.267338063666708,1.0,,13
2014-08-19,63.852760314941406,49.46305084228516,-0.011803949899979571,0.01475864606551763,0.026287026364739674,-1.010483102840691,1.0,,14
2014-08-20,64.19712829589844,49.73912048339844,-0.007797565450802013,0.014113019627282545,0.02635728902487129,-0.8312913007634916,1.0,,15
2014-08-21,63.94370651245117,49.63560485839844,-0.011239275054670261,0.013357867704703904,0.02642367939719386,-0.9308750075883198,1.0,,16
2014-08-22,63.52787780761719,49.71382522583008,-0.018151794576952596,0.012399767856785836,0.026506496632566864,-1.1526065800865457,1.0,,17
2014-08-25,63.61235427856445,49.697731018066406,-0.016743091497953277,0.011497057744568412,0.02656127732358724,-1.0632074993412894,1.0,,18
2014-08-26,63.300437927246094,49.86106491088867,-0.022467532708713822,0.010441745211414178,0.02663180827389556,-1.2357132336517158,1.0,,19
2014-08-27,63.27445983886719,49.95307922363281,-0.02333258817180628,0.009433873044138787,0.02674639131674245,-1.225079706189531,1.0,,20
2014-08-28,63.31345748901367,49.37101745605469,-0.01982667691486184,0.008560863640375223,0.026832220341460412,-1.0579646482469218,1.0,,21
2014-08-29,63.24197769165039,48.89249420166016,-0.018554928214097877,0.007619487546433149,0.026776161766166533,-0.977526801231241,1.0,,22
2014-09-02,63.64483642578125,49.40093231201172,-0.014755732341797834,0.006761342136279073,0.02665415534548763,-0.8072690430131978,1.0,,23
2014-09-03,63.657833099365234,49.440040588378906,-0.014746655537705045,0.00591132712854286,0.026512905960755916,-0.7791670478077959,1.0,,24
2014-09-04,63.98272705078125,49.29280471801758,-0.008920526096295234,0.005284239201677646,0.02641114043950631,-0.5378323336891999,1.0,,25
2014-09-05,64.23612213134766,49.28131484985352,-0.00491050334111609,0.004760294442306042,0.026296115652486653,-0.36776525899206813,1.0,,26
2014-09-08,63.95021057128906,49.64019775390625,-0.01116037812886772,0.004378438043764704,0.026358107802613554,-0.5895269982578819,1.0,,27
2014-09-09,63.48889923095703,49.29739761352539,-0.016691579774271603,0.003871955907288388,0.026465922405720103,-0.7769816357171657,1.0,,28
2014-09-10,63.43040466308594,49.89555740356445,-0.02058696607149757,0.0032553519194984076,0.026597288532868444,-0.8964191203750742,1.0,,29
2014-09-11,63.63835144042969,49.45155334472656,-0.015110146457137152,0.002670476304396126,0.02660887019447513,-0.6682216355516333,1.0,,30
2014-09-12,63.70982360839844,49.242183685302734,-0.012941586509432113,0.001937874581847789,0.026422865077988526,-0.5631282242619172,1.0,,31
2014-09-15,63.43040466308594,49.3802375793457,-0.01802730709981959,0.0011706185156701318,0.02632289912430831,-0.729324134276725,1.0,,32
2014-09-16,63.65133285522461,49.99220657348633,-0.017587139596685453,0.0003732961366593124,0.026153926615601283,-0.6867204300646407,1.0,,33
2014-09-17,64.58049774169922,49.58498001098633,-0.0010783152159162812,-0.00014275923006602334,0.025870465775454488,-0.03616309014188293,1.0,,34
2014-09-18,64.73643493652344,49.79431915283203,0.0002946683785008952,-0.0005498575085513287,0.02566739912568189,0.03290266703365442,0.0,Exit Long Spread,0
2014-09-19,64.61300659179688,49.750614166259766,-0.0013972809045329493,-0.0010711467105219566,0.025359861885490203,-0.01286025119078398,0.0,,0
2014-09-22,63.76826858520508,49.20537185668945,-0.011840259254386476,-0.0018058392170303657,0.025020399868912743,-0.4010495471666558,0.0,,0
2014-09-23,63.23550033569336,48.87868881225586,-0.01858772746395776,-0.0026580623590125086,0.024704673552855203,-0.6448037077221045,0.0,,0
2014-09-24,63.729305267333984,49.32731246948242,-0.013061717542140916,-0.0033820923513413425,0.02435998002668957,-0.39735768174662983,0.0,,0
2014-09-25,62.722164154052734,48.47607803344727,-0.02469943156915333,-0.004262441120326584,0.02415918380904691,-0.8459305003993425,0.0,,0
2014-09-26,63.33944320678711,48.759063720703125,-0.016341178055524375,-0.0051052254529196,0.023679068636776855,-0.47450990471617593,0.0,,0
2014-09-29,63.24845886230469,48.52669143676758,-0.016600842462949572,-0.005973553026734272,0.023122903248912627,-0.4596001341966025,0.0,,0
2014-09-30,63.86576461791992,49.08805465698242,-0.009723967096558983,-0.006619905731532065,0.022672290450148506,-0.1369099152929468,0.0,,0
2014-10-01,62.97560119628906,48.31504821777344,-0.01984656169613619,-0.0074081482392214255,0.0222931262473667,-0.5579483702239388,0.0,,0
2014-10-02,63.1185188293457,48.24832534790039,-0.017238992739936787,-0.008148734205417694,0.02186522643043668,-0.4157404252564855,0.0,,0
2014-10-03,64.19062805175781,48.77056503295898,-0.0030503598249019825,-0.008519976645254857,0.021584614498955126,0.2534034981545605,0.0,,0
2014-10-06,64.04119873046875,48.72455596923828,-0.0051482681800657515,-0.008970122349648509,0.021224974969081378,0.18006401303888878,0.0,,0
2014-10-07,62.65718078613281,47.86412048339844,-0.022603712676104726,-0.009784457943918273,0.02079068320506581,-0.6165865068379736,0.0,,0
2014-10-08,63.76826858520508,48.85569763183594,-0.010081875890395331,-0.010510967001476908,0.020012194326055274,0.02144148233274518,0.0,,0
2014-10-09,62.722164154052734,47.785911560058594,-0.021163928678396338,-0.011442431209041327,0.019167901997574496,-0.5071758750949983,0.0,,0
2014-10-10,62.23484802246094,47.1578483581543,-0.02570167840075177,-0.012237993585761466,0.01874802973515794,-0.7181386527109048,0.0,,0
2014-10-13,61.513614654541016,46.996803283691406,-0.036514818600052346,-0.0133591472273703,0.018145208891595987,-1.2761314301212963,0.0,,0
2014-10-14,62.247840881347656,46.63790512084961,-0.02275941076229515,-0.01430785226640389,0.017093339175566505,-0.4944357804572237,0.0,,0
2014-10-15,62.67019271850586,46.06964874267578,-0.01297473063541088,-0.01512256484249116,0.015796229637948057,0.13597132077140942,0.0,,0
2014-10-16,62.13737106323242,46.70232772827149,-0.024876005431797354,-0.01611438709587749,0.014452052978758647,-0.606254235906658,0.0,,0
2014-10-17,63.19648742675781,47.39250564575195,-0.011591875015256048,-0.01681631829429374,0.01313231505888157,0.39783109494500946,0.0,,0
2014-10-20,63.729305267333984,47.818115234375,-0.005400402718636066,-0.017481317491374684,0.011414853900203817,1.0583503633386764,0.0,,0
2014-10-21,65.46417999267578,49.07424545288086,0.015065072297906767,-0.01766867901928065,0.010768548744144584,3.039755132741211,-1.0,Enter Short Spread,1
2014-10-22,64.3660659790039,48.52440643310547,0.0009265744560509326,-0.0174768847697688,0.010993210647562928,1.674075010097216,-1.0,,2
2014-10-23,65.28875732421875,49.29739761352539,0.011263196715264434,-0.0171844551240667,0.011508395330154141,2.4719042944929934,-1.0,,3
2014-10-24,65.3602294921875,49.11336517333984,0.013279446961681596,-0.016533882242989576,0.012093931977793432,2.465147750079432,-1.0,,4
2014-10-27,66.43882751464844,49.09726333618164,0.029727969105966756,-0.01558330394491053,0.013382625653381244,3.385828328795028,-1.0,,5
2014-10-28,66.8612060546875,49.85646057128906,0.03228190804430764,-0.014609136755225977,0.014644555403015479,3.20194389717548,-1.0,,6
2014-10-29,66.67925262451172,49.38484191894531,0.03190023862857916,-0.013557515819260079,0.015646826084734677,2.905238046468008,-1.0,,7
2014-10-30,67.11459350585938,54.44386291503906,0.014362176820747363,-0.012660020301155529,0.01567811768173644,1.723561314594625,-1.0,,8
2014-10-31,68.16722106933594,55.54353713989258,0.024994108331313547,-0.011498824958203016,0.015842983291353994,2.3034129758523374,-1.0,,9
2014-11-03,68.64155578613281,55.56886672973633,0.03181599790917666,-0.010351444536114935,0.01643447252716553,2.565792262306593,-1.0,,10
2014-11-04,69.57722473144531,55.89785385131836,0.04389976909115556,-0.009022892556989742,0.01750928124394547,3.022549064739332,-1.0,,11
2014-11-05,69.8761215209961,57.40705108642578,0.041617945195971284,-0.007796716327144861,0.01841331354642536,2.683637651557244,-1.0,,12
2014-11-06,70.3634262084961,57.5358772277832,0.04801490657472873,-0.006470349143311658,0.01948818312872399,2.795809920204084,-1.0,,13
2014-11-07,70.38943481445312,58.07421875,0.04608826928880072,-0.005175790408879225,0.020338163571228692,2.5205844922105185,-1.0,,14
2014-11-10,70.85726165771484,57.5634880065918,0.05489045611474952,-0.003914599201118178,0.021636176705534416,2.7179041896448224,-1.0,,15
2014-11-11,70.66883850097656,57.45305252075195,0.05270119167113019,-0.0027419228112281423,0.022738134930003557,2.4383316684958056,-1.0,,16
2014-11-12,70.57787322998047,58.07541275024414,0.048756706975748854,-0.001732578529966002,0.02363973659892552,2.135780375319821,-1.0,,17
2014-11-13,70.4732666015625,57.838008880615234,0.04828341161460181,-0.0007978955788759382,0.0244753706334357,2.0053345842464174,-1.0,,18
2014-11-14,69.84558868408203,57.35855484008789,0.04138926588689218,7.924677015010243e-05,0.025022389149118952,1.650922254887744,-1.0,,19
2014-11-17,69.6102294921875,57.57982635498047,0.03706456346037901,0.000999519404105629,0.025348216966427525,1.4227842575294258,-1.0,,20
2014-11-18,69.32257843017578,57.56369018554688,0.03299279606112526,0.0018284508634236049,0.025566732313171144,1.2189412716480317,-1.0,,21
2014-11-19,69.06759643554688,57.59367370605469,0.029179428071170133,0.0026892335430883374,0.02560364309936687,1.0346259876094293,-1.0,,22
2014-11-20,69.76713562011719,58.01087188720703,0.0374772409955082,0.003702730695876912,0.025756627647400655,1.3112939613831702,-1.0,,23
2014-11-21,70.18556213378906,58.598670959472656,0.040971132243502906,0.004716027515182991,0.026005745061034903,1.394119054971507,-1.0,,24
2014-11-24,70.12673950195312,58.69084548950195,0.039745157069149606,0.005687695603237116,0.026206481633089147,1.299581605144219,-1.0,,25
2014-11-25,70.03521728515625,59.29939651489258,0.035895896304301234,0.006531889414005434,0.02634976996331274,1.1143932919027315,-1.0,,26
2014-11-26,69.94367980957031,59.29939651489258,0.034588020752571724,0.00735413401884338,0.02644252493181633,1.029927618635232,-1.0,,27
2014-11-28,71.86585235595703,59.51375198364258,0.06080925417108807,0.008516297023299767,0.027222532157471963,1.9209439021062953,-1.0,,28
2014-12-01,71.78087615966797,59.50453567504883,0.059664311130534164,0.009592543931160605,0.027937524752729634,1.7922764325956009,-1.0,,29
2014-12-02,72.18621826171875,59.93327331542969,0.06352526997326025,0.010837304732862738,0.028640125335985693,1.8396555399915178,-1.0,,30
2014-12-03,72.50657653808594,60.299781799316406,0.06645023020244256,0.012223001565807974,0.029278876176624332,1.852093922919368,-1.0,,31
2014-12-04,72.19929504394531,60.19374847412109,0.06263717731753182,0.013610070622291798,0.029660527337491083,1.652941167814959,-1.0,,32
2014-12-05,72.55888366699219,60.70316696166992,0.06552750157949494,0.014954031422902333,0.030151563764415027,1.6773083662174624,-1.0,,33
2014-12-08,72.05545806884766,60.645538330078125,0.058799333323474645,0.016149713420117444,0.03044269850035002,1.4009802679899364,-1.0,,34
2014-12-09,71.9377670288086,60.88525390625,0.05619201134652929,0.017386702060889925,0.03053658514982646,1.2707809041267308,-1.0,,35
2014-12-10,71.95740509033203,60.32744216918945,0.05873423696978297,0.018658725003664403,0.030642657755024123,1.3078340751806312,-1.0,,36
2014-12-11,72.33004760742188,60.65013122558594,0.06258422710872691,0.019719767375741784,0.031040483990300013,1.38092111406446,-1.0,,37
2014-12-12,71.91817474365234,59.18876647949219,0.06288709564045103,0.02076297449677429,0.03141960260562994,1.3406955419648976,-1.0,,38
2014-12-15,72.40850830078125,59.170318603515625,0.06975875330947434,0.02194890840034108,0.0319000022837869,1.4987411124240733,-1.0,,39
2014-12-16,71.8070297241211,58.411956787109375,0.06459774754095537,0.02322287518026344,0.032051116696666104,1.290902677503142,-1.0,,40
2014-12-17,70.97014617919922,59.71889877319336,0.04741891959210642,0.024322985964531176,0.03172831341710579,0.7279281859061396,-1.0,,41
2014-12-18,72.52620697021484,60.88986206054688,0.0643199248443771,0.025612680004306478,0.03175518140349911,1.218926900408305,-1.0,,42
2014-12-19,72.54579162597656,60.31591796875,0.0669249634814355,0.027139753255149626,0.03150105072069187,1.2629804186230669,-1.0,,43
2014-12-22,73.22576141357422,60.90139389038086,0.07387255346252242,0.028643315447117068,0.031542746937589294,1.4339029541370079,-1.0,,44
2014-12-23,73.51995849609375,61.14342880249024,0.0769042546429084,0.0302017337322147,0.031578752729252715,1.4789222776183686,-1.0,,45
2014-12-24,73.49382019042969,61.689727783203125,0.07435554488502838,0.031603058931907825,0.03164141066962961,1.3511561288939526,-1.0,,46
2014-12-26,73.18000030517578,61.4569206237793,0.0710086062208315,0.03311731173052395,0.03131530194434556,1.2099929471428705,-1.0,,47
2014-12-29,73.51995849609375,61.182594299316406,0.07674637376658189,0.0346837345056326,0.031107181643347696,1.3521841915223596,-1.0,,48
2014-12-30,73.3172836303711,60.979740142822266,0.07480466056463797,0.0359813181787916,0.031129891427449926,1.2471403080966887,-1.0,,49
2014-12-31,72.68310546875,60.43809127807617,0.06831705588243775,0.037205740246499995,0.030932241246495552,1.005789247148798,-1.0,,50
2015-01-02,72.16661071777344,61.088077545166016,0.058548124808627255,0.03855827087124552,0.030049065234026836,0.6652404586198478,-1.0,,51
2015-01-05,70.72171020507812,59.73964691162109,0.04382656221222825,0.03945674483962259,0.029379764854594637,0.14873561426487297,-1.0,,52
2015-01-06,70.25749206542969,59.35473251342773,0.03883465865041558,0.040456721295102784,0.0283006945537367,-0.0573152945630812,0.0,Exit Short Spread,0
2015-01-07,70.91130828857422,60.14995574951172,0.04481625421901181,0.04163202017209884,0.026961376931769216,0.11810353955479591,0.0,,0
2015-01-08,72.18621826171875,60.95671844482422,0.0593505310451663,0.04322977599951915,0.02505620301104809,0.643383797558592,0.0,,0
2015-01-09,71.6566390991211,60.05315017700195,0.05566927427972512,0.04453692075021949,0.02358193138254793,0.47207132227279114,0.0,,0
2015-01-12,71.68279266357422,59.93558120727539,0.05651735905409061,0.04569512224504451,0.02240606475881237,0.4830047991711567,0.0,,0
2015-01-13,71.99008178710938,60.11077880859375,0.060075332813265936,0.047110977882462234,0.020505337452238474,0.6322429445992094,0.0,,0
2015-01-14,71.50627899169922,58.90753173828125,0.058317646457304306,0.04827613657367157,0.019072773193518376,0.5264839979875189,0.0,,0
2015-01-15,71.4539566040039,58.347415924072266,0.05994122405445834,0.04936516368655648,0.017799805818165284,0.5941671766502444,0.0,,0
2015-01-16,72.11431121826172,58.76693344116211,0.06737407128203587,0.05023698033629197,0.017374409273953683,0.986340926792513,0.0,,0
2015-01-20,72.77462768554688,59.20259094238281,0.07466787825535515,0.051466002066280374,0.01642504634058476,1.4125912163635785,0.0,,0
2015-01-21,73.01655578613281,59.30401992797852,0.07756466120572503,0.05257102647445471,0.01590520803156783,1.5714119979860843,0.0,,0
2015-01-22,74.69681549072266,59.37775802612305,0.10000954022207242,0.05401652802879456,0.0162068681084108,2.8378716902995644,-1.0,Enter Short Spread,1
2015-01-23,67.29579162597656,59.53681945800781,-0.004989808315742694,0.0534378984050994,0.01762170977931167,-3.315666155700606,0.0,Exit Short Spread,0
2015-01-26,66.91656494140625,59.13113021850586,-0.008955165831448397,0.05275061384050347,0.01916961843868811,-3.2189362490083426,1.0,Enter Long Spread,1
2015-01-27,65.93586730957031,57.8541259765625,-0.01833616237243363,0.05191334049048659,0.021065369001912727,-3.3348337195774542,1.0,,2
2015-01-28,64.92250061035156,56.78691864013672,-0.029233901405576246,0.051186739186714535,0.02301017683486763,-3.4950031531451904,1.0,,3
2015-01-29,65.65474700927734,57.16493225097656,-0.019654063862623805,0.05044260298348224,0.02451776071290733,-2.8590158647401998,1.0,,4
2015-01-30,64.62174224853516,58.75770950317383,-0.04228882118365007,0.04920752266526846,0.02715016164176776,-3.3700110171042486,1.0,,5
2015-02-02,65.4651107788086,58.8568229675293,-0.029737945307987346,0.04798022742528275,0.028965990425438133,-2.683083560816807,1.0,,6
2015-02-03,65.75281524658203,59.88257598876953,-0.029612738690263818,0.046793049360512165,0.030615176609428262,-2.4956833999528856,1.0,,7
2015-02-04,65.72663879394531,61.05813217163086,-0.03480416314211077,0.04541273153189817,0.03234698281763332,-2.4798880045863285,1.0,,8
2015-02-05,66.3346939086914,62.65092849731445,-0.03194474417914406,0.04411218130743242,0.033828458110541075,-2.2483119164948535,1.0,,9
2015-02-06,65.81817626953125,61.64131546020508,-0.03575617783178253,0.042601404074990225,0.03530526669898854,-2.2194303919255653,1.0,,10
2015-02-09,65.68089294433594,61.18953704833984,-0.036030455845703635,0.041122543283042996,0.036682751017289114,-2.10325008318987,1.0,,11
2015-02-10,66.08624267578125,60.979740142822266,-0.029031117344144874,0.0398260795443781,0.037749141244614814,-1.824073200561773,1.0,,12
2015-02-11,65.9751205444336,61.42313003540039,-0.03250024820970787,0.03847968521397294,0.03884813690114825,-1.8271129347668362,1.0,,13
2015-02-12,66.30199432373047,62.55928039550781,-0.03207687955326444,0.03725524945663698,0.03988117204856864,-1.7384676891006714,1.0,,14
2015-02-13,66.55046844482422,62.263702392578125,-0.027168594788028022,0.036184696819163545,0.040725115798318605,-1.5556319574616704,1.0,,15
2015-02-17,67.02119445800781,62.55005645751953,-0.021251596422983576,0.03528062361109507,0.041382726278848016,-1.3660825450007628,1.0,,16
2015-02-18,67.09310913085938,62.14591979980469,-0.01858099117334433,0.03448461662368649,0.04194791083175542,-1.2650357728151524,1.0,,17
2015-02-19,66.96797180175781,62.141334533691406,-0.020429669980298826,0.03351950144075637,0.042530061843075326,-1.2684950146584164,1.0,,18
2015-02-20,67.13919067382812,63.04190826416016,-0.02142372874654419,0.03247958709092225,0.043094221587324115,-1.250824677926698,1.0,,19
2015-02-23,67.01406860351562,63.04423522949219,-0.02329818995589461,0.03142886464050485,0.04366899107645888,-1.2532246165380674,1.0,,20
2015-02-24,67.37625885009766,62.91949844360352,-0.017419745111064255,0.030540270616915423,0.044109277792130634,-1.0872999543088424,1.0,,21
2015-02-25,67.13919067382812,63.04423522949219,-0.021432829289036004,0.029606589782888628,0.0446038519411505,-1.1442827659652604,1.0,,22
2015-02-26,67.07335662841797,63.215110778808594,-0.02308123281883523,0.028208414999723243,0.044917576979288006,-1.1418614107837717,1.0,,23
2015-02-27,66.98776245117188,62.651634216308594,-0.022150615745841762,0.026844832885116972,0.0451830205030348,-1.0843774516506233,1.0,,24
2015-03-02,67.11943817138672,64.26349639892578,-0.026449879386110764,0.02534524706246079,0.04543314996405613,-1.1400293946061106,1.0,,25
2015-03-03,66.8363037109375,63.57305908203125,-0.02801388125413684,0.02377084520485113,0.04561781804708168,-1.1351863959284831,1.0,,26
2015-03-04,66.1251220703125,63.215110778808594,-0.037319392091628156,0.022104902381365133,0.04599167004182724,-1.2920664637520167,1.0,,27
2015-03-05,66.32266235351562,63.30283737182617,-0.03467839379114612,0.020434804125187785,0.04620344318088481,-1.1928374623633076,1.0,,28
2015-03-06,66.25682830810547,62.19671630859375,-0.03132525195821656,0.01893272770382626,0.04639636875100777,-1.083230886704925,1.0,,29
2015-03-09,66.21074676513672,62.67704772949219,-0.033917771415201026,0.017430897991130758,0.046623844666146275,-1.1013392347631987,1.0,,30
2015-03-10,65.49954223632812,61.240718841552734,-0.0390015067940761,0.015801968928399773,0.046859082967401246,-1.1695379476504344,1.0,,31
2015-03-11,65.0057144165039,61.13679885864258,-0.04615074262994301,0.013989719432755275,0.04711668552428468,-1.2764153801035294,1.0,,32
2015-03-12,65.63127136230469,62.25214767456055,-0.04103113932536395,0.012257748849991692,0.04719733069079414,-1.129065720357564,1.0,,33
2015-03-13,64.8805923461914,61.201454162597656,-0.04833799046868403,0.010289469787022386,0.04722081324686441,-1.2415597323411078,1.0,,34
2015-03-16,66.019775390625,62.12282180786133,-0.03461635489371284,0.008635901413111248,0.04702683612884268,-0.9197356204938577,1.0,,35
2015-03-17,65.58516693115234,61.07906723022461,-0.03704343325466075,0.007228195532331796,0.04710891280553193,-0.9397718213058357,1.0,,36
2015-03-18,66.019775390625,61.81109237670898,-0.03337603620681984,0.005599929514811847,0.04679479013184603,-0.8329125018365395,1.0,,37
2015-03-19,65.789306640625,61.71177291870117,-0.03647655881384537,0.0038765708098904986,0.04640700668622596,-0.8695482106091764,1.0,,38
2015-03-20,66.0132064819336,62.26599884033203,-0.035283451817502254,0.0020573040552234207,0.0457624485919255,-0.8159693596315608,1.0,,39
2015-03-23,65.76956176757812,61.961181640625,-0.03777117501463412,0.0001460468942643789,0.04498465841527552,-0.8428922936096561,1.0,,40
2015-03-24,65.36129760742188,61.97967529296875,-0.044071594449728524,-0.0018277387613149028,0.044277829288383835,-0.9540633849341883,1.0,,41
2015-03-25,64.17601013183594,60.7142333984375,-0.057286396229531356,-0.003965988802154283,0.043804066160777325,-1.2172478972995615,1.0,,42
2015-03-26,63.63603973388672,60.58488845825195,-0.06521007130374157,-0.006331929553326341,0.043210389253206256,-1.3625922554272385,1.0,,43
2015-03-27,63.60311508178711,60.53870391845703,-0.06553957150500334,-0.008671000087820364,0.04254847978412454,-1.3365594189431291,1.0,,44
2015-03-30,64.0509033203125,60.649539947509766,-0.058974876663487885,-0.010792532296919123,0.041824166303308645,-1.1520216330709534,1.0,,45
2015-03-31,63.833587646484375,60.41861724853516,-0.06143295417168493,-0.012792216946590993,0.04132635448394209,-1.1769907564431783,1.0,,46
2015-04-01,63.57020950317383,60.20619201660156,-0.06469911190796074,-0.014600978181927477,0.041183410303716264,-1.2164639440146743,1.0,,47
2015-04-02,63.52413940429688,60.30778884887695,-0.06583979394091988,-0.016345552391783067,0.04109984461871255,-1.2042440064749622,1.0,,48
2015-04-06,63.76775360107422,60.22465896606445,-0.061672049339614565,-0.01812035745109351,0.04071784261203172,-1.0695972353813255,1.0,,49
2015-04-07,63.66239547729492,60.77888107299805,-0.06558420198394255,-0.020202603001578653,0.039888907313558326,-1.137699727536497,1.0,,50
2015-04-08,63.655799865722656,61.42543411254883,-0.06829676415479735,-0.022268703642154032,0.03910836991906852,-1.1769363082095858,1.0,,51
2015-04-09,63.675559997558594,61.37004089355469,-0.06776394764797011,-0.02434005875385504,0.03816041113851897,-1.1379303209415155,1.0,,52
2015-04-10,63.73483657836914,61.27765655517578,-0.06646202914001531,-0.02644901478640973,0.03691306431301242,-1.08397975346361,1.0,,53
2015-04-13,63.31339645385742,60.60336685180664,-0.07036829051811888,-0.028593780402666785,0.03564219731536999,-1.1720520411752973,1.0,,54
2015-04-14,63.5767936706543,60.52947235107422,-0.06591589535415121,-0.03069139905947694,0.034037348794261,-1.0348777899121637,1.0,,55
2015-04-15,63.62289810180664,60.66801071166992,-0.0657546465076626,-0.03291021102263858,0.03184066426054616,-1.0315248204705842,1.0,,56
2015-04-16,63.30681991577149,60.64031600952149,-0.07062244487351377,-0.03533171640811973,0.02896176215362063,-1.2185283574322219,1.0,,57
2015-04-17,62.80634307861328,59.59653472900391,-0.07427860923654372,-0.03786243758215755,0.025401448589135966,-1.4336257842381923,1.0,,58
2015-04-20,64.17601013183594,59.781288146972656,-0.053468372164523714,-0.04042040278860082,0.01805375639411718,-0.7227287823698884,1.0,,59
2015-04-21,64.2748031616211,60.36320877075195,-0.05431855347502279,-0.04124254854125548,0.017537371213959776,-0.7456080375010131,0.0,Time Exit Long Spread,0
2015-04-22,64.62377166748047,62.82020950317383,-0.05874075317987115,-0.04207230833039586,0.01716389881439061,-0.9711339497935098,0.0,,0
2015-04-23,64.67646789550781,62.55234909057617,-0.056872113458001916,-0.042714574181822,0.016983739592171344,-0.8335937559185043,0.0,,0
2015-04-24,64.59744262695312,62.33067321777344,-0.057219408956497686,-0.043180999307670685,0.016991396441307368,-0.826206939336579,0.0,,0
2015-04-27,64.15625762939453,61.97967529296875,-0.0626802649009719,-0.043898102658309825,0.016890975704920652,-1.111964315784936,0.0,,0
2015-04-28,66.35559844970703,61.67483139038086,-0.027758100351774173,-0.04365592397777855,0.017016019154826454,0.9342857152047276,0.0,,0
2015-04-29,66.67166137695312,62.20134353637695,-0.025102126811502812,-0.043578660336170486,0.01708940683165106,1.0811688027958664,0.0,,0
2015-04-30,66.19754791259766,61.00978088378906,-0.027469723836390125,-0.04354294342193925,0.017120769004008714,0.9388141141198555,0.0,,0
2015-05-01,66.75727081298828,60.75115585327149,-0.018002539235194348,-0.04326291635682398,0.01739659206718799,1.452030203620953,0.0,,0
2015-05-04,66.79020690917969,60.57565689086914,-0.0167960054639813,-0.04301043737823793,0.017666850570969197,1.4838203226404783,0.0,,0
2015-05-05,65.92100524902344,60.92665481567383,-0.0313198485441073,-0.042936498556776684,0.01770629554451349,0.6560745574061619,0.0,,0
2015-05-06,65.33495330810547,60.65876388549805,-0.039163337240935236,-0.04298871324669721,0.01769046534743932,0.2162394222329314,0.0,,0
2015-05-07,65.61151123046875,61.49934005737305,-0.03833252231720152,-0.04314373666291482,0.01760803677659509,0.27323968065017046,0.0,,0
2015-05-08,66.08563995361328,64.1688003540039,-0.04160851302025592,-0.04329554107642396,0.01755480368158399,0.09610065066907163,0.0,,0
2015-05-11,66.19754791259766,63.75312423706055,-0.03831422114756844,-0.04339949676966235,0.0175064629554489,0.290479900767797,0.0,,0
2015-05-12,65.82878875732422,63.44832992553711,-0.04271880864067423,-0.04365866700053979,0.017378897988320693,0.054080434817971645,0.0,,0
2015-05-13,65.47322845458984,63.522369384765625,-0.04842228132055437,-0.044111511748832634,0.01714150753039062,-0.25148135682226685,0.0,,0
2015-05-14,66.780029296875,64.77149200439453,-0.03346082811828488,-0.044359509031248315,0.016875927750637273,0.6458122524583501,0.0,,0
2015-05-15,67.74855041503906,64.37364196777344,-0.017542734066069432,-0.04431139343267783,0.016948047853446575,1.5794538461351282,0.0,,0
2015-05-18,67.60260772705078,64.77149200439453,-0.021218343192183298,-0.04430797034010514,0.016952690363741807,1.3620037087037016,0.0,,0
2015-05-19,67.71537780761719,64.91957092285156,-0.020114626420008053,-0.04425491094784036,0.017023200215407572,1.4180814548596519,0.0,,0
2015-05-20,67.63577270507812,64.56793975830078,-0.019951825631648656,-0.0442971122898501,0.016959642148167472,1.435483511120664,0.0,,0
2015-05-21,67.69549560546875,64.1885757446289,-0.017616317102760348,-0.04423350375341218,0.017052181844539018,1.5609255691333142,0.0,,0
2015-05-22,67.28419494628906,64.4198989868164,-0.024597537193288055,-0.04425877549298639,0.017021911681205135,1.1550546535503077,0.0,,0
2015-05-26,66.6805648803711,63.42058181762695,-0.029754690356284197,-0.0443855100698271,0.016884589964439117,0.8665191008106851,0.0,,0
2015-05-27,66.94586181640625,64.29962158203125,-0.02917787100282987,-0.04443097659677241,0.016839845655319673,0.905774667187886,0.0,,0
2015-05-28,66.24935150146484,64.3643798828125,-0.039884644366350974,-0.04462882264864265,0.016715074850438192,0.2838263259208383,0.0,,0
2015-05-29,65.81817626953125,63.55010223388672,-0.04327519794357171,-0.04472808607950838,0.01668903680384072,0.08705644028553593,0.0,,0
2015-06-01,65.99066162109375,63.947998046875,-0.04219689674775329,-0.044853394462118494,0.016641266698228577,0.15963314347026145,0.0,,0
2015-06-02,65.95748138427734,63.88322067260742,-0.04244994538140845,-0.045038806019171686,0.016551237980104206,0.1564149244228882,0.0,,0
2015-06-03,66.73358154296875,63.79994583129883,-0.030430354120384084,-0.04498068239759142,0.016596252325618566,0.876723732064915,0.0,,0
2015-06-04,66.40193176269531,63.11520385742188,-0.032752007995900057,-0.04487652408428848,0.016652964938616326,0.728069513932204,0.0,,0
2015-06-05,66.67389678955078,63.26327896118164,-0.02924240149324686,-0.04459471839867688,0.016771658516889998,0.915372614459648,0.0,,0
2015-06-08,65.85132598876953,62.62480163574219,-0.039155386017879046,-0.04456345584355213,0.016780018059448957,0.3222922529947911,0.0,,0
2015-06-09,66.08351135253906,62.87464904785156,-0.03661738377359258,-0.04436811239863393,0.016803146416937472,0.46126650525574553,0.0,,0
2015-06-10,66.64073944091797,64.42915344238281,-0.034242224846586566,-0.044361876897848505,0.016806833065718653,0.602115342711606,0.0,,0
2015-06-11,66.99893951416016,64.43843078613281,-0.028917027277733487,-0.04422643679823304,0.016897761875038584,0.906002205127216,0.0,,0
2015-06-12,66.3753890991211,64.15157318115234,-0.03716744651645776,-0.04428962697006034,0.01686412363276233,0.42232733871602773,0.0,,0
2015-06-15,66.30906677246094,63.44833755493164,-0.035449458469581474,-0.044272508630989284,0.016872564968471164,0.5229228737832664,0.0,,0
2015-06-16,66.5677719116211,63.85546112060547,-0.03313254265513699,-0.04423666014494986,0.01689389707834696,0.6572857309545889,0.0,,0
2015-06-17,66.61418914794922,63.61490631103516,-0.03150492057331933,-0.04413222257092794,0.016952809881041465,0.7448500918853506,0.0,,0
2015-06-18,67.26429748535156,64.308837890625,-0.02446787047609522,-0.04380549383803405,0.017138720167800738,1.1283003148781943,0.0,,0
2015-06-19,66.89280700683594,63.55936813354492,-0.02711573677520951,-0.043302649513795366,0.01717837102098288,0.9422844994332708,0.0,,0
2015-06-22,67.25763702392578,63.92948913574219,-0.023108191846901383,-0.04260095152284802,0.017128983255883412,1.1379986415277348,0.0,,0
2015-06-23,66.83312225341797,64.2348403930664,-0.030614804100363324,-0.04201887206610402,0.0169318646819786,0.6735269965793308,0.0,,0
2015-06-24,65.93096160888672,63.7166862487793,-0.042208525819477094,-0.04173943288537051,0.01678745920711151,-0.027943057273840687,0.0,,0
2015-06-25,65.6324462890625,63.4946174621582,-0.04588569302893064,-0.04148031186632461,0.0166004293459531,-0.2653775436043158,0.0,,0
2015-06-26,65.90441131591797,63.61490631103516,-0.04221714688555478,-0.041105612449284505,0.016323531858170853,-0.06809399129600058,0.0,,0
2015-06-29,64.55115509033203,61.73650741577149,-0.05557466056651572,-0.040934526893044436,0.016115871546805178,-0.9084295336403048,0.0,,0
2015-06-30,64.28582763671875,62.1343879699707,-0.06127738219702694,-0.040927949107334646,0.016107484425699106,-1.263352647246721,0.0,,0
2015-07-01,64.30570983886719,62.78212738037109,-0.06352514217687011,-0.04089363144388343,0.0160570311380163,-1.4094455281589868,0.0,,0
2015-07-02,64.47819519042969,63.14296722412109,-0.062259481259064,-0.040793010062287874,0.015903173328113026,-1.3498231298799033,0.0,,0
2015-07-06,64.11998748779297,63.03193283081055,-0.0673965165264625,-0.04078688621026275,0.015892853816566497,-1.6743141680735922,0.0,,0
2015-07-07,64.67720794677734,62.70808029174805,-0.057473736403548914,-0.040637081331321635,0.015691218170731578,-1.0729985963506807,0.0,,0
2015-07-08,63.3438606262207,61.74575805664063,-0.07449162339331195,-0.0407058035459082,0.01582969862570622,-2.1343312116213102,0.0,,0
2015-07-09,63.51630783081055,62.0418701171875,-0.07295249621295063,-0.040823080226888186,0.016040696547962866,-2.002993815760626,0.0,,0
2015-07-10,64.31900787353516,63.309532165527344,-0.06538092185207112,-0.04081685148262833,0.01603108387106607,-1.5322775781728395,0.0,,0
2015-07-13,64.84968566894531,64.32737731933594,-0.06109647328217682,-0.04065808528943938,0.015780323330851637,-1.2951818263938206,0.0,,0
2015-07-14,64.92263793945312,64.86402130126953,-0.06202049130826626,-0.04045378332396809,0.0154189410944369,-1.398715245891909,0.0,,0
2015-07-15,64.46492004394531,64.78999328613281,-0.0688141166641052,-0.04070954573229444,0.015756283819652772,-1.783705552241703,0.0,,0
2015-07-16,64.6639404296875,65.2989273071289,-0.06766076544660016,-0.04093191593182074,0.016038404445962405,-1.6665529046131695,0.0,,0
2015-07-17,64.74354553222656,65.58577728271484,-0.06751117935203022,-0.04107808970135672,0.016238763080930415,-1.6277772832165112,0.0,,0
2015-07-20,64.73690032958984,67.26982116699219,-0.07386470885514473,-0.04136129962464243,0.016654601126708968,-1.9516173928883,0.0,,0
2015-07-21,64.98234558105469,66.64061737060547,-0.06776345732767397,-0.04153703376416204,0.01687517193587157,-1.5541425985570196,0.0,,0
2015-07-22,64.49808502197266,66.5943603515625,-0.07507234995907175,-0.04174356851513037,0.017205283822661475,-1.9371247686157478,0.0,,0
2015-07-23,63.755157470703125,66.39080810546875,-0.0859030260299265,-0.04271265060976625,0.018008990646796584,-2.3982674136067086,0.0,,0
2015-07-24,62.85297775268555,69.21296691894531,-0.11041880677705929,-0.04413459527585885,0.019837717477690205,-3.3413224871129787,1.0,Enter Long Spread,1
2015-07-27,63.09840393066406,68.34319305419922,-0.1034036393194353,-0.0454001605339096,0.021115201632900094,-2.7470009424465602,1.0,,2
2015-07-28,66.29578399658203,69.15747833251953,-0.05689306923633586,-0.04604833603392863,0.020859591642202475,-0.519891922546868,1.0,,3
2015-07-29,66.92597961425781,70.33261108398438,-0.05158645477111978,-0.04662817685571427,0.020519158852733956,-0.2416413826215335,1.0,,4
2015-07-30,67.26429748535156,70.67499542236328,-0.04774142212771837,-0.04690186974877445,0.02042243567451444,-0.041109316847628134,1.0,,5
2015-07-31,67.90109252929688,69.71266174316406,-0.03493864944660463,-0.0468314582855356,0.020456249664815088,0.5813777712826167,0.0,Exit Long Spread,0
2015-08-03,68.15984344482422,70.11054992675781,-0.032538414664616155,-0.04673488982465918,0.020509749176205752,0.6921818028137064,0.0,,0
2015-08-04,68.08685302734375,69.64791870117188,-0.0319775478974611,-0.04657437373927927,0.02058678465790126,0.709038642234783,0.0,,0
2015-08-05,68.28584289550781,69.37953186035156,-0.028107289637743227,-0.04640425821411552,0.020696219006503206,0.8840730072784302,0.0,,0
2015-08-06,67.94754791259766,68.08414459228516,-0.028426739739344287,-0.04616605706576002,0.020819147082528126,0.8520674385024614,0.0,,0
2015-08-07,67.75518798828125,68.66706848144531,-0.03336373806678239,-0.04591508134486382,0.02088110893038301,0.6010860495928274,0.0,,0
2015-08-10,68.61091613769531,68.82438659667969,-0.021377340234479236,-0.045713689880133725,0.021057778220013226,1.155694080894314,0.0,,0
2015-08-11,68.31903076171875,67.88057708740234,-0.022236139922429787,-0.04579191331107307,0.020961483280859623,1.123764624526956,0.0,,0
2015-08-12,68.20626831054688,68.15861511230469,-0.02489585705212405,-0.04585320520873874,0.020894810478924924,1.0029929765456762,0.0,,0
2015-08-13,68.03921508789062,68.52005767822266,-0.028652117069938532,-0.04599549671957092,0.020747600053846883,0.8359222080925304,0.0,,0
2015-08-14,68.63385009765625,68.78882598876953,-0.020915710244364893,-0.0460115614631162,0.020727792084144003,1.2107344147835555,0.0,,0
2015-08-17,68.74742126464844,68.96495819091797,-0.0198928308559152,-0.046049503359002104,0.020677803595485985,1.2649637753981264,0.0,,0
2015-08-18,68.65386962890625,69.02055358886719,-0.021453237845808326,-0.045997098369877434,0.02073600666307163,1.1836348687029896,0.0,,0
2015-08-19,68.35324096679688,68.9556655883789,-0.02560985448466635,-0.045928017772017146,0.020796817027000414,0.976984278939023,0.0,,0
2015-08-20,67.51144409179688,68.53858184814453,-0.03650586934113509,-0.04605015107765557,0.020719463626775163,0.46064328249244246,0.0,,0
2015-08-21,66.23536682128906,65.9805679321289,-0.046210310707655244,-0.046155578850010634,0.020703910925259368,-0.0026435516382480166,0.0,,0
2015-08-24,63.8101692199707,63.35766220092773,-0.0735109205270581,-0.0466595075597354,0.02099360900031928,-1.2790279635537811,0.0,,0
2015-08-25,63.10863876342773,62.06938171386719,-0.07950082663169744,-0.047281239724467815,0.02140067811291059,-1.5055404663926144,0.0,,0
2015-08-26,64.55841827392578,65.51712799072266,-0.07011646119548987,-0.04774234832136917,0.02158884360337448,-1.0363738459165768,0.0,,0
2015-08-27,66.24203491210938,67.10200500488281,-0.050265003832446586,-0.04807292581657022,0.02147277029427829,-0.10208640924457141,0.0,,0
2015-08-28,65.90130615234375,67.15763092041016,-0.055626276007542774,-0.04845416361676425,0.021400309143901147,-0.3351405973881688,0.0,,0
2015-08-31,65.23989868164062,66.0825424194336,-0.061734411340728546,-0.04899569711422229,0.021318251785445663,-0.5975496656439341,0.0,,0
2015-09-01,63.60305404663086,63.91374588012695,-0.07891655261935826,-0.04965838322424694,0.021617950970632665,-1.3534201014174592,0.0,,0
2015-09-02,64.61187744140625,64.52545928955078,-0.06552832860424052,-0.05014023230475773,0.021644092742066034,-0.7109605601335968,0.0,,0
2015-09-03,64.65196228027344,65.24836730957031,-0.06765504127436239,-0.050697112578554006,0.02165772379212953,-0.7829968125261132,0.0,,0
2015-09-04,63.669883728027344,64.09912872314453,-0.07858047665790457,-0.05152483673489018,0.02175830195247401,-1.2434628392468858,0.0,,0
2015-09-08,65.42697143554688,65.36885833740234,-0.056193800049182174,-0.05184194262710226,0.021685268973443465,-0.2006826582326163,0.0,,0
2015-09-09,64.83903503417969,64.5069351196289,-0.06194797722920509,-0.05228358460642932,0.02161664827830835,-0.4470809950899601,0.0,,0
2015-09-10,64.68536376953125,65.0908203125,-0.06654249294350989,-0.052840417111235535,0.021546352854611713,-0.6359348110899244,0.0,,0
2015-09-11,64.92585754394531,65.58202362060547,-0.06468511489401063,-0.05339342034991373,0.021417074177025437,-0.5272286237963237,0.0,,0
2015-09-14,64.81232452392578,64.88691711425781,-0.06380810251246039,-0.054049090883853144,0.021121650786318807,-0.46203830028893744,0.0,,0
2015-09-15,67.15734100341797,65.35031127929688,-0.030020176366699847,-0.05409749821037799,0.021063115664405517,1.1431035288082436,0.0,,0
2015-09-16,66.86336517333984,65.7951889038086,-0.03607996419255444,-0.05431369441613887,0.0208089646005267,0.8762439926070572,0.0,,0
2015-09-17,67.2241439819336,65.76739501953125,-0.03059453257033229,-0.05431335655730502,0.020809349539080542,1.139815732463339,0.0,,0
2015-09-18,65.68751525878906,64.68302154541016,-0.04961902352946934,-0.05443686485247155,0.020759068810130572,0.23208369156958866,0.0,,0
2015-09-21,66.57609558105469,65.6005630493164,-0.039655181777263016,-0.0543330229982771,0.02081708629105884,0.705086245778708,0.0,,0
2015-09-22,65.81443786621094,65.10935974121094,-0.04930843221857306,-0.05445121108716073,0.020768035877291015,0.24762952543870953,0.0,,0
2015-09-23,65.18646240234375,65.75813293457031,-0.06134046041448027,-0.054547307751293475,0.02078634343162864,-0.32680844928455705,0.0,,0
2015-09-24,65.13966369628906,65.10009765625,-0.05957895381571787,-0.05451900061160499,0.020778313966681602,-0.243520875285002,0.0,,0
2015-09-25,65.98148345947266,65.51712799072266,-0.04831283574342882,-0.054265462171047635,0.020759676004980875,0.28673985211477304,0.0,,0
2015-09-28,64.98601531982422,62.28251647949219,-0.051031570662841474,-0.054078330327777265,0.02073736622758061,0.14692124503658582,0.0,,0
2015-09-29,65.5672607421875,63.51521682739258,-0.046959353730791964,-0.05373771094784942,0.0206835868640873,0.32771671865224916,0.0,,0
2015-09-30,65.93472290039062,64.56255340576172,-0.04540307622553974,-0.053536533278215934,0.020704961497315013,0.3928264756121825,0.0,,0
2015-10-01,65.86124420166016,64.86836242675781,-0.04768319900010143,-0.05308972620499575,0.020536509506695878,0.26326417364798727,0.0,,0
2015-10-02,66.39570617675781,65.49861145019531,-0.04198490467579963,-0.05257359967937657,0.02041963825850666,0.5185544851249151,0.0,,0
2015-10-05,67.83211517333984,66.94446563720703,-0.025964942176464945,-0.051916666684783126,0.020629993170060697,1.2579608870632422,0.0,,0
2015-10-06,67.76530456542969,66.805419921875,-0.026437732230989663,-0.05133902100059668,0.02084893437378861,1.194367458938959,0.0,,0
2015-10-07,68.30647277832031,67.8620376586914,-0.022352622632591856,-0.050677889856002106,0.021126829581658537,1.340724935273824,0.0,,0
2015-10-08,69.0680923461914,68.49225616455078,-0.01354342650417717,-0.04975671168666998,0.02151732138795795,1.6829829572913,0.0,,0
2015-10-09,69.26852416992188,68.56640625,-0.010912461706409804,-0.04881090662433347,0.021952355593153075,1.726395363682254,0.0,,0
2015-10-12,69.75624084472656,69.50247955322266,-0.007239400464371659,-0.04780637697620582,0.022447085965582037,1.8072268522531267,0.0,,0
2015-10-13,69.01467895507812,69.5117416381836,-0.017959925643044272,-0.04687463058933748,0.022506289868196524,1.284738849256197,0.0,,0
2015-10-14,68.7206802368164,68.77030181884766,-0.019584984655884652,-0.04607165604480767,0.022605928655773884,1.171669246251378,0.0,,0
2015-10-15,69.34870910644531,69.8268814086914,-0.014246876371338812,-0.04505789815167879,0.022646484154352185,1.3605211992440218,0.0,,0
2015-10-16,69.44890594482422,70.43856811523438,-0.014953525347738195,-0.043875406473642305,0.022333027212930692,1.2950273534417451,0.0,,0
2015-10-19,69.6560287475586,71.35614013671875,-0.015166617382648129,-0.04228786998373546,0.02088492294708211,1.2986043889080527,0.0,,0
2015-10-20,69.85647583007812,70.69806671142578,-0.010008701047842017,-0.040731287679208895,0.019719800103696533,1.5579562911293325,0.0,,0
2015-10-21,70.32414245605469,69.93809509277344,-0.0006716265276278666,-0.03979426363406377,0.020257971020725556,1.9312218911958288,0.0,,0
2015-10-22,71.10582733154297,70.82784271240234,0.007265628526201384,-0.03881339557910842,0.021071693074850593,2.1867736940562152,0.0,,0
2015-10-23,71.35301208496094,71.43028259277344,0.00864763701590121,-0.03787357792671475,0.02189399440721482,2.1248390804048816,0.0,,0
2015-10-26,70.93878936767578,72.45905303955078,-0.0007002108067681867,-0.03730293728271749,0.022403320825034434,1.6338080752317685,0.0,,0
2015-10-27,68.88101959228516,71.84736633300781,-0.0280467181145434,-0.037228075673549604,0.022426609084316387,0.4093957104476845,0.0,,0
2015-10-28,68.5670166015625,73.09855651855469,-0.03687246705198266,-0.03730965765945829,0.022416261500520594,0.01950327923616862,0.0,,0
2015-10-29,69.12822723388672,72.76490020751953,-0.027592960892522278,-0.03730108551370461,0.022419876965740257,0.43301417915973794,0.0,,0
2015-10-30,68.82758331298828,71.9029541015625,-0.029013480131247604,-0.03731086452023633,0.02241613170682003,0.370152374973077,0.0,,0
2015-11-02,69.8631591796875,69.71566772460938,-0.00646294535752423,-0.036862517975082026,0.022757024949747823,1.335832459853003,0.0,,0
2015-11-03,69.80302429199219,72.19953918457031,-0.015955627941072414,-0.03677215610352525,0.022828983215411693,0.9118464876876224,0.0,,0
2015-11-04,69.48231506347656,72.61663818359375,-0.021980964533104608,-0.03676790318036983,0.022831714410510736,0.6476490718742501,0.0,,0
2015-11-05,69.63599395751953,73.46003723144531,-0.022618730851167834,-0.03672995107702056,0.022853299598376293,0.6174697078252681,0.0,,0
2015-11-06,70.14373016357422,72.98734283447266,-0.01376225320544644,-0.036481786679279024,0.02301990687831017,0.9869515803836459,0.0,,0
2015-11-09,69.48900604248047,72.32929992675781,-0.020907135716614178,-0.03648164377048318,0.023020003539302572,0.6765641033581203,0.0,,0
2015-11-10,69.70947265625,73.79631805419922,-0.022690195561985593,-0.03652826651558436,0.022989170887587368,0.6019386702227877,0.0,,0
2015-11-11,70.01679992675781,73.51776123046875,-0.01735877110262818,-0.036460025403198024,0.023039839532119598,0.82905326983467,0.0,,0
2015-11-12,69.02779388427734,72.70996856689453,-0.028860673306272178,-0.03651420571689144,0.023018072665081178,0.3325010100532791,0.0,,0
2015-11-13,68.47610473632812,72.5242919921875,-0.03625463388291261,-0.036510018459254404,0.023018096652037245,0.011094947605895468,0.0,,0
2015-11-16,69.39112091064453,73.25780487060547,-0.025461707627711272,-0.03616420840792201,0.02302562371069151,0.46480828987234935,0.0,,0
2015-11-17,69.39112091064453,73.19277954101562,-0.02524276203280973,-0.035359739099684546,0.022544929832345385,0.4487473299810369,0.0,,0
2015-11-18,69.75442504882812,74.70625305175781,-0.02506707753183357,-0.03445250994802014,0.02183443421843363,0.42984545980417294,0.0,,0
2015-11-19,70.0369873046875,74.41840362548828,-0.02007261128626525,-0.0336184457828664,0.021407816073960445,0.6327518159630362,0.0,,0
2015-11-20,70.0369873046875,74.45552825927734,-0.020195578195970842,-0.033117288688925134,0.021364172234834333,0.6048308519009883,0.0,,0
2015-11-23,69.69387817382812,74.38125610351562,-0.024860516885712558,-0.03260452603689463,0.021186243789717882,0.3655206287648024,0.0,,0
2015-11-24,69.5660171508789,74.08415222167969,-0.02571001271625395,-0.03200411939315338,0.02086015754290326,0.30172862615990753,0.0,,0
2015-11-25,69.62657928466797,73.87060546875,-0.024128100944335484,-0.031090978531903006,0.019966637199896945,0.34872560250673856,0.0,,0
2015-11-27,70.0907974243164,74.13057708740234,-0.018349149631012196,-0.0303046588823492,0.019518931524973773,0.6125083863345879,0.0,,0
2015-11-30,69.30365753173828,73.35994720458984,-0.027066472634881267,-0.029628182738357847,0.018906479867820104,0.13549376305828115,0.0,,0
2015-12-01,70.22537231445312,74.1955795288086,-0.0166470834672372,-0.028595959518513393,0.017867825661088448,0.668736995643392,0.0,,0
2015-12-02,69.49876403808594,73.3877944946289,-0.024348761112557904,-0.028065208869569654,0.01750954394445361,0.2122526873801865,0.0,,0
2015-12-03,68.81924438476562,72.69140625,-0.03182353415703654,-0.027563134818366846,0.016953861932042385,-0.2512937380136169,0.0,,0
2015-12-04,69.47185516357422,74.65055084228516,-0.02894232448749756,-0.026936465344099974,0.0161786665041457,-0.12398173501404437,0.0,,0
2015-12-07,68.92688751220703,73.86132049560547,-0.03419714800676954,-0.026428332562645953,0.01544734066952016,-0.5029225165890583,0.0,,0
2015-12-08,68.05899047851562,73.4156494140625,-0.04537645810270363,-0.026121138489150007,0.014873545975806602,-1.2946018148513099,0.0,,0
2015-12-09,67.58806610107422,72.31072998046875,-0.04858094962983994,-0.026430484710202342,0.015142017208583372,-1.4628476915929955,0.0,,0
2015-12-10,67.5813217163086,72.53359985351562,-0.049439484653919674,-0.02665314338455843,0.015378647599683892,-1.4816869377922164,0.0,,0
2015-12-11,65.56967163085938,70.66727447509766,-0.07323081705043855,-0.027363748125893535,0.016489297392158545,-2.7816266414333097,1.0,Enter Long Spread,1
2015-12-14,65.84552001953125,71.37298583984375,-0.07148267862421132,-0.027728142377472568,0.017203212618584818,-2.5433933310497046,1.0,,2
2015-12-15,66.53849792480469,72.99784088134766,-0.06656344234167055,-0.02817661338687936,0.017846983939264795,-2.1508860592594075,1.0,,3
2015-12-16,67.62169647216797,74.14916229248047,-0.05427357789068643,-0.028259365814747917,0.017955954005575647,-1.4487791663901919,1.0,,4
2015-12-17,67.27855682373047,73.06282806396484,-0.05572197481840635,-0.028165724388146685,0.017797137881031003,-1.5483529213779013,1.0,,5
2015-12-18,65.93299102783203,70.86228942871094,-0.06838460748360986,-0.02831248528261155,0.018089482328208648,-2.2152166366038037,1.0,,6
2015-12-21,65.18621063232422,71.6514892578125,-0.08250632646958733,-0.02888237679471419,0.019214245617104,-2.790843353596904,1.0,,7
2015-12-22,65.93299102783203,71.84648132324219,-0.07178540468300243,-0.02922827402838354,0.019788101811132094,-2.1506423941420056,1.0,,8
2015-12-23,65.42168426513672,72.9421157836914,-0.0833020840122689,-0.02983398619974149,0.02084934487458062,-2.5644977400568285,1.0,,9
2015-12-24,65.48895263671875,72.66356658935547,-0.08133104353883391,-0.03043278565496306,0.021782924354125034,-2.336612708946595,1.0,,10
2015-12-28,65.26019287109375,72.91424560546875,-0.0856793811481229,-0.031066055357430084,0.022803616426309428,-2.394941432521347,1.0,,11
2015-12-29,65.74463653564453,73.5456314086914,-0.08040933931035243,-0.031706462601339296,0.023625983733181474,-2.06141159068913,1.0,,12
2015-12-30,65.32076263427734,72.74711608886719,-0.08418589637027862,-0.03267681183790286,0.024547864026257832,-2.0983122799311027,1.0,,13
2015-12-31,64.74217224121094,72.00436401367188,-0.09055275374055016,-0.03374539552972887,0.02562487202097785,-2.216883587333269,1.0,,14
2016-01-04,63.8069953918457,70.2866439819336,-0.09914965824979327,-0.03502534612334889,0.026909623390722937,-2.3829509315448525,1.0,,15
2016-01-05,64.43939971923828,70.81584930419922,-0.09113666842610368,-0.03631856682204767,0.027699077089119496,-1.9790587761347895,1.0,,16
2016-01-06,63.5244026184082,69.88739776611328,-0.10218387144364072,-0.037839756984334845,0.028748408448844933,-2.2381800569516788,1.0,,17
2016-01-07,62.29996871948242,68.51322174072266,-0.1167508258326011,-0.039664947407138676,0.03018800950249243,-2.5535263734131903,1.0,,18
2016-01-08,61.48589706420898,67.66831970214844,-0.12684450188053487,-0.041479690344430185,0.03204437659872308,-2.6639560695809053,1.0,,19
2016-01-11,61.66752243041992,68.63394165039062,-0.12738838312255263,-0.04327641365220798,0.03374358130939437,-2.4926805693540146,1.0,,20
2016-01-12,62.569068908691406,69.413818359375,-0.11566052193990628,-0.04496664107835078,0.034771417799624185,-2.033103201857923,1.0,,21
2016-01-13,60.96110153198242,67.87255096435547,-0.13615936742248436,-0.046986738446263214,0.036449409772868153,-2.446476624227769,1.0,,22
2016-01-14,61.32443618774414,68.52250671386719,-0.1325667644301194,-0.048943407563721064,0.0378142997352873,-2.211421537666695,1.0,,23
2016-01-15,60.5776252746582,66.69339752197266,-0.1381486764589379,-0.05107907382057266,0.03914998515831136,-2.2240009105056013,1.0,,24
2016-01-19,60.78618240356445,66.28483581542969,-0.1331967445694473,-0.05328782578793632,0.0399735258775917,-1.9990460442796771,1.0,,25
2016-01-20,59.67609405517578,65.62561798095703,-0.14916341344927142,-0.05589497648752753,0.04102652387155551,-2.2733692294708088,1.0,,26
2016-01-21,59.925025939941406,66.44268035888672,-0.14805145785771168,-0.05850662806875442,0.041814743078005284,-2.1414655022969202,1.0,,27
2016-01-22,60.48342514038086,67.50115203857422,-0.14267312769452323,-0.060872843350217004,0.04248820299366824,-1.9252469763547406,1.0,,28
2016-01-25,60.16051483154297,66.60980224609375,-0.14474881107395854,-0.06281787823287391,0.04359768293533316,-1.8792497060591449,1.0,,29
2016-01-26,61.176414489746094,66.73979949951172,-0.12848403190969981,-0.0643447376471692,0.04426143521488582,-1.4491010955957333,1.0,,30
2016-01-27,61.13604736328125,65.83918762207031,-0.1257943322348678,-0.06598142716954163,0.0446857757498033,-1.338522249232508,1.0,,31
2016-01-28,61.2234992980957,64.3721694946289,-0.11880906649237089,-0.06747802027556034,0.044925652689452825,-1.1425776398093714,1.0,,32
2016-01-29,62.70361709594727,69.16315460205078,-0.11262047552392662,-0.06924731244500039,0.04457690627558682,-0.9729962597848602,1.0,,33
2016-02-01,63.29568099975586,69.06100463867188,-0.10285809689035652,-0.07069568692748845,0.04423231252177186,-0.72712476760145,1.0,,34
2016-02-02,63.70605850219727,68.15110778808594,-0.09312550207936265,-0.07188142921992609,0.04386256216945581,-0.4843326930461467,1.0,,35
2016-02-03,64.13666534423828,69.06100463867188,-0.08965899041520231,-0.07299876687932666,0.0434453264131936,-0.3834756212308311,1.0,,36
2016-02-04,64.755615234375,68.41109466552734,-0.07772353653542363,-0.07406478826815961,0.04275803199963656,-0.08556867788711882,1.0,,37
2016-02-05,64.16358184814453,66.42413330078125,-0.0796410482035701,-0.07504368680960889,0.0421985035551669,-0.10894607643967726,1.0,,38
2016-02-08,65.4620361328125,62.92369079589844,-0.046258512364854676,-0.0754364920896567,0.041817313519730066,0.6977487855845976,0.0,Exit Long Spread,0
2016-02-09,65.61677551269531,63.44367218017578,-0.04592658254084858,-0.0759126222802937,0.04131292648584087,0.7258270543899185,0.0,,0
2016-02-10,64.66815948486328,65.1335220336914,-0.06697019256639924,-0.07654778093462916,0.04087528781660807,0.23431243863531745,0.0,,0
2016-02-11,63.97519302368164,63.573638916015625,-0.07176713244384048,-0.07713965591064462,0.04054331987452025,0.13251316082234654,0.0,,0
2016-02-12,65.42840576171875,65.38421630859375,-0.05622979748659773,-0.07765245740829273,0.040078356816133906,0.5345194170503295,0.0,,0
2016-02-16,66.30976104736328,66.01556396484375,-0.0452184993562923,-0.07798538636368411,0.039723002586471344,0.8248844466392729,0.0,,0
2016-02-17,66.13484954833984,67.01101684570312,-0.05154985294810821,-0.07842676595395535,0.03927718106183899,0.684288237578238,0.0,,0
2016-02-18,66.09412384033203,66.27604675292969,-0.049446705447450556,-0.0789163341899751,0.038725976003707946,0.7609783350509455,0.0,,0
2016-02-19,66.0331039428711,66.54586029052734,-0.05137206302462838,-0.07943594227045274,0.03813931330933798,0.7358254989597108,0.0,,0
2016-02-22,66.47390747070312,67.96927642822266,-0.049936963788580035,-0.07985388305216719,0.03767352416666957,0.7941099200391553,0.0,,0
2016-02-23,65.76184844970703,67.1226806640625,-0.057616332029778894,-0.08038565504072595,0.0371267308197769,0.6132865056574858,0.0,,0
2016-02-24,65.69403076171875,66.84355926513672,-0.05762071760705201,-0.08094386531843788,0.03652357287708231,0.6385779340339566,0.0,,0
2016-02-25,66.27044677734375,68.16463470458984,-0.05371005472212431,-0.08153321373662309,0.03578664198100033,0.777473310551756,0.0,,0
2016-02-26,66.08060455322266,67.66224670410156,-0.054754927888400085,-0.0819946879908484,0.035255897344525666,0.772629890433861,0.0,,0
2016-02-29,65.47701263427734,67.34593200683594,-0.06277575025235249,-0.08276349910393366,0.03431284787880229,0.5825150078530541,0.0,,0
2016-03-01,66.70450592041016,69.4391860961914,-0.051749154254315144,-0.08322017232296294,0.0337093920441917,0.9335979132281746,0.0,,0
2016-03-02,66.98255920410156,69.12284088134766,-0.046463581481516636,-0.08346417311170427,0.03338793372157393,1.1082025003026574,0.0,,0
2016-03-03,67.55897521972656,68.76004028320312,-0.03659744514044494,-0.08359175845592007,0.03319340512408562,1.4157725951826308,0.0,,0
2016-03-04,68.08795928955078,68.750732421875,-0.02876460243718837,-0.08350121602976038,0.033335123179544256,1.6420102394030016,0.0,,0
2016-03-07,68.69832611083984,66.92730712890625,-0.013212663720483464,-0.08296515279005671,0.0341915115768624,2.0400528041227397,0.0,,0
2016-03-08,68.2371597290039,65.69926452636719,-0.015382173557448198,-0.08241183985551685,0.03500247233587539,1.9149980508481783,0.0,,0
2016-03-09,67.51827239990234,65.75509643554688,-0.026182627053001895,-0.08202422556216822,0.03549082455411282,1.5734094434471282,0.0,,0
2016-03-10,67.72853088378906,65.3271484375,-0.021463488685306453,-0.08116143675608269,0.0363138018293846,1.6439465179454034,0.0,,0
2016-03-11,68.37278747558594,66.63890075683594,-0.016897831170360256,-0.0802516892985185,0.037217380889386066,1.7022653559758145,0.0,,0
2016-03-14,68.6915283203125,66.5086441040039,-0.011764450404652127,-0.07933837276623486,0.03820145969663194,1.7688832546767954,0.0,,0
2016-03-15,68.77967834472656,66.89940643310547,-0.01192636339748998,-0.07863258585801493,0.039040009036157,1.7086630896715422,0.0,,0
2016-03-16,68.94921112060547,67.32732391357422,-0.011036582085171665,-0.077887829312461,0.03988700335984862,1.676015784494447,0.0,,0
2016-03-17,70.3598403930664,68.04366302490234,0.006606499323760007,-0.07663797753233817,0.041314572650969716,2.0148938138452293,0.0,,0
2016-03-18,71.20074462890625,68.63909912109375,0.016338953325634842,-0.0749905562024178,0.04298470021029918,2.1246980688763766,0.0,,0
2016-03-21,71.30926513671875,68.62977600097656,0.017895432934644795,-0.07349587557545703,0.044599057707024305,2.049175772063628,0.0,,0
2016-03-22,71.1125717163086,67.87623596191406,0.017855404328443125,-0.07180991743644513,0.04608378316115362,1.9457022755994509,0.0,,0
2016-03-23,71.1261215209961,68.76004028320312,0.014856292113346825,-0.07020679517557546,0.04737951107865204,1.795355953498842,0.0,,0
2016-03-24,71.4991226196289,68.9739990234375,0.01932080113145007,-0.06845679213758259,0.04869653018935803,1.802543074993365,0.0,,0
2016-03-28,71.24820709228516,68.91819763183594,0.01600482702311501,-0.06684988936535813,0.04985263227506146,1.6619928097542165,0.0,,0
2016-03-29,71.9535140991211,70.12759399414062,0.021566341643983744,-0.06508735206512042,0.05106329359858033,1.696985987435666,0.0,,0
2016-03-30,71.70258331298828,71.4300308227539,0.013535723818601797,-0.06335254410580123,0.05192945937321647,1.480629085155843,0.0,,0
2016-03-31,71.52622985839844,71.1509780883789,0.012038275580732893,-0.06149941187529247,0.0525985458315812,1.398093545998222,0.0,,0
2016-04-01,71.17359161376953,72.18360137939453,0.003543312888167449,-0.05992141218672127,0.053103547512318744,1.1951127193558289,0.0,,0
2016-04-04,71.1261215209961,72.4068832397461,0.002114647673783443,-0.0581831035347642,0.05339791814699502,1.1292153945507502,0.0,,0
2016-04-05,70.47510528564453,71.60678100585938,-0.004340857896757422,-0.05630960406916681,0.05328202777849866,0.9753522592730747,0.0,,0
2016-04-06,70.98371124267578,72.76040649414062,-0.0010904480667728311,-0.054213703172270776,0.05293846811747612,1.0034905994561791,0.0,,0
2016-04-07,70.52255249023438,72.17430114746094,-0.005614211694528359,-0.052184133648470375,0.05242599737351288,0.8882982544356987,0.0,,0
2016-04-08,70.73957824707031,72.59295654296875,-0.003967583990413859,-0.05032258468264549,0.052121136779897596,0.8893704849144832,0.0,,0
2016-04-11,70.43441009521484,72.3975830078125,-0.007626418826908843,-0.04818036887271924,0.05118209940119105,0.7923463578140499,0.0,,0
2016-04-12,71.3635025024414,73.0488052368164,0.0032703548018575557,-0.045916416885519624,0.050397589631887986,0.975974685429307,0.0,,0
2016-04-13,71.57373809814453,74.1558837890625,0.0025034083403938645,-0.043572215472197424,0.04931243849090668,0.9343610906827844,0.0,,0
2016-04-14,71.26175689697266,74.73271942138672,-0.003775455532539107,-0.04141519398824896,0.048162062660013744,0.7815225589779404,0.0,,0
2016-04-15,71.57373809814453,74.50011444091797,0.001361549001737128,-0.03890644461406548,0.04637125516209514,0.8683826537591445,0.0,,0
2016-04-18,72.00777435302734,75.77465057373047,0.003225060642396249,-0.036385169305730346,0.04444071301312241,0.89130500530967,0.0,,0
2016-04-19,72.45531463623047,75.12340545654297,0.011549171854857265,-0.033814797646574,0.04264246332842274,1.063821504682975,0.0,,0
2016-04-20,72.0009765625,75.49555206298828,0.004040459788694495,-0.03133497646552979,0.040385739050218104,0.8759388112282976,0.0,,0
2016-04-21,71.20074462890625,75.16064453125,-0.006039762116247571,-0.029294238635638917,0.03847347730575778,0.604428768800453,0.0,,0
2016-04-22,71.5601577758789,73.59770202636719,0.004176529419992692,-0.02712805760805791,0.036592119186768066,0.8555007942631135,0.0,,0
2016-04-25,71.2549819946289,72.69526672363281,0.0029446909078065797,-0.02509882831805495,0.0347828711957689,0.8062450931098762,0.0,,0
2016-04-26,72.04166412353516,73.05809783935547,0.012697043066724145,-0.023010203008210772,0.033190770690132466,1.0758185282377488,0.0,,0
2016-04-27,72.19763946533203,73.27210235595703,0.014138610054680978,-0.021060257892460146,0.03185222298301912,1.1050678618539795,0.0,,0
2016-04-28,71.1465072631836,72.26732635498047,0.002876889787564174,-0.019460218028011365,0.03057772241977978,0.7305026682146333,0.0,,0
2016-04-29,71.2549819946289,71.8580093383789,0.005800838428567712,-0.0178692208806152,0.029342291297749356,0.8066874897052937,0.0,,0
2016-05-02,71.04475402832031,72.99301147460938,-0.001017809557617877,-0.016590792097651772,0.028361232832866384,0.5490939914990988,0.0,,0
2016-05-03,70.78706359863281,71.8115005493164,-0.0006280042957811371,-0.015273908032521955,0.027214272128465233,0.5381699597771599,0.0,,0
2016-05-04,69.92578125,71.69985961914062,-0.012486256066642998,-0.014711037094218426,0.026915210174790895,0.08265887626837796,0.0,,0
2016-05-05,69.2679672241211,71.96967315673828,-0.022864172890149526,-0.01432666360004011,0.026629842624389367,-0.3205993144807473,0.0,,0
2016-05-06,69.24762725830078,72.30457305908203,-0.024302505118975137,-0.013615535475916374,0.02577037872294097,-0.4146997511350172,0.0,,0
2016-05-09,69.64093780517578,72.76971435546875,-0.020219836939635805,-0.01275641388417963,0.02465240635474525,-0.3027462288288773,0.0,,0
2016-05-10,70.29200744628906,73.68142700195312,-0.01398415667146402,-0.012052319870594068,0.023995241095017064,-0.08050916401382294,0.0,,0
2016-05-11,69.47817993164062,72.04116821289062,-0.020078801338384134,-0.01163332490362893,0.023629145579352646,-0.35741776639333644,0.0,,0
2016-05-12,69.56018829345703,72.59101867675781,-0.0207738274531184,-0.011120391145379101,0.02308485245130987,-0.4181718868725776,0.0,,0
2016-05-13,68.78801727294922,71.60314178466797,-0.028558295776196063,-0.010772250984191526,0.02265778998400154,-0.7849858615762219,0.0,,0
2016-05-16,69.46454620361328,72.50714874267578,-0.021864698943719674,-0.010280461582843048,0.022084199884625868,-0.5245486556631426,0.0,,0
2016-05-17,69.08182525634766,71.56586456298828,-0.024167790332112693,-0.009850975358568593,0.02155298328160657,-0.6642614057870191,0.0,,0
2016-05-18,69.22535705566406,72.16232299804688,-0.024138614791850088,-0.009293013404603112,0.02072671116794135,-0.7162545599713441,0.0,,0
2016-05-19,69.218505859375,71.64974212646484,-0.02248001506053421,-0.008707335028827815,0.019829919406441944,-0.6945403937058969,0.0,,0
2016-05-20,69.36886596679688,72.38597106933594,-0.02283064415880931,-0.008192678186105898,0.01904025253727873,-0.7687905369975465,0.0,,0
2016-05-23,69.08182525634766,71.95726776123047,-0.025512561139549916,-0.007705305406958396,0.018197782060657794,-0.9785398942154295,0.0,,0
2016-05-24,69.69003295898438,73.97962188720703,-0.023580765608764986,-0.007052055662898604,0.016863781971577736,-0.9801306713834366,0.0,,0
2016-05-25,69.90872955322266,73.68144226074219,-0.019451780242925487,-0.00651376609604211,0.01591737297776507,-0.8128234580515549,0.0,,0
2016-05-26,70.01121520996094,73.62550354003906,-0.01779960622319421,-0.006036033175070069,0.015121427657583819,-0.7779406359309188,0.0,,0
2016-05-27,70.3734130859375,74.2406005859375,-0.014690783167754073,-0.005670922142191889,0.014635778590125862,-0.6162884311223116,0.0,,0
2016-05-31,70.44859313964844,73.56957244873047,-0.011384412177751102,-0.0053812523045346,0.01434494816900083,-0.41848599259418867,0.0,,0
2016-06-01,70.3119125366211,73.8305435180664,-0.014199494585677375,-0.005397699485621165,0.014354480392230827,-0.6131740654869029,0.0,,0
2016-06-02,70.42123413085938,74.51089477539062,-0.014907507039854329,-0.005389788376994601,0.014349105315864084,-0.6632970107437379,0.0,,0
2016-06-03,70.46908569335938,74.50157165527344,-0.014197381051086255,-0.005190034276962674,0.014140159622167761,-0.6370046035408692,0.0,,0
2016-06-06,70.46223449707031,75.0607681274414,-0.016138302854300957,-0.005101281179779249,0.014054188870314621,-0.785319008899489,0.0,,0
2016-06-07,70.98161315917969,75.11664581298828,-0.008977790031311494,-0.0049692804941284365,0.01397976917220233,-0.2867364609391165,0.0,,0
2016-06-08,71.54198455810547,76.09523010253906,-0.004305456886813053,-0.004844963935497785,0.013951926878718983,0.03866899915506638,0.0,,0
2016-06-09,71.7332992553711,75.73175811767578,-0.0004543621466210901,-0.00465376391464997,0.01393216514436834,0.30141774264902127,0.0,,0
2016-06-10,71.42581176757812,74.7252197265625,-0.0014512128152355253,-0.0044940077601510345,0.013913002420164102,0.21870153206511264,0.0,,0
2016-06-13,70.82443237304688,73.06632995605469,-0.004371325858922193,-0.004676971513195738,0.013837800541658084,0.022087733766172783,0.0,,0
2016-06-14,70.88594818115234,73.22476959228516,-0.004037196193807935,-0.0050165740051864504,0.013565215230088013,0.07219773477727277,0.0,,0
2016-06-15,70.99526977539062,72.85198974609375,-0.0012377710983733081,-0.005335460739070086,0.013243943155754605,0.3094010290218059,0.0,,0
2016-06-16,71.2139663696289,73.01972961425781,0.0012708976927864324,-0.005611869182997697,0.012926307458209428,0.5324619500221559,0.0,,0
2016-06-17,71.7674789428711,71.75223541259766,0.013330726376177493,-0.005637295278617186,0.012887463534209413,1.4718196179135323,0.0,,0
2016-06-20,72.5055160522461,72.07843780517578,0.02244357623366744,-0.005585249026913564,0.01299401735445386,2.157056166388278,0.0,,0
2016-06-21,72.89503479003906,72.06913757324219,0.027833275551384595,-0.005388108218109071,0.013403360120821333,2.4785862253962865,0.0,,0
2016-06-22,72.40300750732422,71.32353210449219,0.023624662737921964,-0.005353802866543434,0.013474749009076014,2.1505755383604357,0.0,,0
2016-06-23,73.27091217041016,72.90789794921875,0.030123534984577205,-0.00507733934711051,0.014018661972180043,2.51100100719624,-1.0,Enter Short Spread,1
2016-06-24,71.35062408447266,69.94426727294922,0.013797545802325395,-0.0050480181767506346,0.014056219525296218,1.3407277785581457,-1.0,,2
2016-06-27,70.91327667236328,68.35059356689453,0.013331864164227492,-0.004884875655482968,0.014210940982839922,1.2818813224055776,-1.0,,3
2016-06-28,71.54198455810547,70.04673767089844,0.016114982378215403,-0.004651536743742435,0.014437096028864994,1.438413866641742,-1.0,,4
2016-06-29,72.66954040527344,71.51924133300781,0.02662353119809091,-0.0041354635921616294,0.014982121550008387,2.0530466721674223,-1.0,,5
2016-06-30,73.6125717163086,69.12410736083984,0.04791544852438223,-0.0033186986489757114,0.01639503837680921,3.1249787890602727,-1.0,,6
2016-07-01,74.04994201660156,69.41302490234375,0.05281100498662861,-0.0023449450376230954,0.01789609803232907,3.082009828321972,-1.0,,7
2016-07-05,74.1114501953125,69.59008026123047,0.05301319014312256,-0.0013952654687308219,0.019245777105410363,2.8270334481094093,-1.0,,8
2016-07-06,73.6125717163086,69.02157592773438,0.04828143456315126,-0.0004634679122298202,0.020248805987915536,2.4072976206336305,-1.0,,9
2016-07-07,73.70140838623047,69.44097137451172,0.04799390995830022,0.00028192467371089086,0.021174547640886856,2.2532705819160066,-1.0,,10
2016-07-08,74.8426513671875,71.22102355957031,0.057119364633903214,0.0011921906119360466,0.02238955582953087,2.497913511450799,-1.0,,11
2016-07-11,75.177490234375,71.31421661376953,0.061260882667826255,0.002276129581942136,0.023661011337313107,2.492909210219004,-1.0,,12
2016-07-12,75.36883544921875,72.20893096923828,0.060728831790647586,0.0032655842950906435,0.024815233275271048,2.3156440585557743,-1.0,,13
2016-07-13,75.71052551269531,72.19029235839844,0.06531580765897482,0.004300430078700287,0.026055620756360608,2.3417357103411045,-1.0,,14
2016-07-14,76.19572448730469,72.82400512695312,0.06954905650424315,0.005267094822856718,0.027350348848897806,2.350315969881201,-1.0,,15
2016-07-15,75.87452697753906,72.9731216430664,0.06482038163470438,0.006280093520290216,0.028391904446018693,2.0618654949940525,-1.0,,16
2016-07-18,75.78569793701172,72.98243713378906,0.06361748738630024,0.007441047678666013,0.029274830857262922,1.9189330241235936,-1.0,,17
2016-07-19,75.60802459716797,73.36455535888672,0.05998278027972859,0.008371151859661611,0.030033041321543184,1.7184949025806828,-1.0,,18
2016-07-20,75.57384490966797,73.9610366821289,0.05753413013381703,0.009280975846761786,0.030674880992533102,1.5730510673798883,-1.0,,19
2016-07-21,75.0954818725586,73.42977905273438,0.05296165350641324,0.00995205268742327,0.03117857460724027,1.3794601376357438,-1.0,,20
2016-07-22,75.41666412353516,74.4736099243164,0.053749320224569797,0.010612231190254751,0.03167563051573188,1.3618383701278107,-1.0,,21
2016-07-25,75.23899841308594,73.56957244873047,0.05440201175589188,0.011470983223060211,0.03214918251586124,1.3353692123167067,-1.0,,22
2016-07-26,75.42352294921875,73.15018463134766,0.05826104722688008,0.01234532003636542,0.03269186643035097,1.4045000241370962,-1.0,,23
2016-07-27,74.35063171386719,73.18748474121094,0.043808325352853617,0.013092422284873277,0.0328895488990071,0.933910743570813,-1.0,,24
2016-07-28,74.30279541015625,73.80258178710938,0.04110123767715912,0.013787909651088948,0.033032955029874043,0.8268508827432723,-1.0,,25
2016-07-29,73.87226104736328,72.74014282226562,0.038865194800698166,0.014643767165544634,0.0330063519143285,0.7338414041643507,-1.0,,26
2016-08-01,73.81073760986328,72.93582916259766,0.03736961654194082,0.01564766365607947,0.032765405072623065,0.6629538941366848,-1.0,,27
2016-08-02,73.43489837646484,72.9544906616211,0.032201600705676015,0.016589398753156993,0.03241376022655785,0.48165352749562634,-1.0,,28
2016-08-03,74.00209045410156,73.35523986816406,0.038545007910616214,0.017568812833994526,0.032173665459546766,0.6519678369564667,-1.0,,29
2016-08-04,73.69457244873047,74.07284545898438,0.03198058345383625,0.018334891836082865,0.03195976156870544,0.42696475029760744,-1.0,,30
2016-08-05,74.34376525878906,74.6879653930664,0.03871223772289878,0.019314742487104245,0.031666912157618736,0.6125477324484792,-1.0,,31
2016-08-08,74.4599380493164,74.51089477539062,0.040858890542405435,0.02034195445369631,0.03134787248124358,0.6544921382140066,-1.0,,32
2016-08-09,74.93147277832031,74.6134033203125,0.0468326874230498,0.021598470840350405,0.030869926304018015,0.8174368909787427,-1.0,,33
2016-08-10,75.0886459350586,74.25921630859375,0.05010122572721376,0.022797902918199296,0.030554373028757967,0.8935978749528392,-1.0,,34
2016-08-11,75.78569793701172,74.6693115234375,0.05798360499866706,0.02416709284037896,0.030258320920771166,1.1175938098757612,-1.0,,35
2016-08-12,75.64116668701172,74.57610321044922,0.056382642526777715,0.025509113795689424,0.029869242299769276,1.0336227622127119,-1.0,,36
2016-08-15,75.59988403320312,75.40558624267578,0.0531095148681624,0.026768939294501033,0.029409152251035266,0.8956591250512541,-1.0,,37
2016-08-16,75.5723648071289,75.31237030029297,0.05305041614742012,0.028033623632938192,0.02887574701075561,0.8663600115752399,-1.0,,38
2016-08-17,75.8682861328125,75.47107696533203,0.05643948149724043,0.02939949101021803,0.02824189829595034,0.9574423859071723,-1.0,,39
2016-08-18,76.04032135009766,74.9389419555664,0.06044904849438182,0.030799987911937145,0.02765735980885069,1.072013409355025,-1.0,,40
2016-08-19,76.09537506103516,75.12565612792969,0.06055925178015187,0.03213350511232176,0.027126079269354564,1.0479120991120832,-1.0,,41
2016-08-22,75.58609771728516,75.6764907836914,0.05204294330744341,0.03329754760449906,0.026448447029968545,0.7087522258567424,-1.0,,42
2016-08-23,75.31773376464844,75.43374633789062,0.04927832230116791,0.034363699362314426,0.02577321785406318,0.5786868765594272,-1.0,,43
2016-08-24,75.4553451538086,74.95761108398438,0.05266491579862387,0.035431188161920674,0.025175781479598387,0.6845359557425788,-1.0,,44
2016-08-25,75.24201965332031,74.9856185913086,0.04974162938968796,0.0364968735615101,0.02439352418245333,0.5429619651966906,-1.0,,45
2016-08-26,74.98046875,75.21903228759766,0.04549316449684149,0.03750355142045503,0.023480616193390213,0.3402641996522874,-1.0,,46
2016-08-29,75.09748840332031,75.49909973144531,0.04613630653844214,0.038509112880280506,0.02251711534988774,0.3387287198934947,-1.0,,47
2016-08-30,75.27640533447266,75.7791519165039,0.047603067830336965,0.039571469058357796,0.02138920013777535,0.37549785500368504,-1.0,,48
2016-08-31,75.16629028320312,75.52710723876953,0.046960608179650976,0.040503775695207175,0.02045127951617361,0.31571777596299067,-1.0,,49
2016-09-01,75.3590087890625,75.90052795410156,0.04830520756123757,0.041380620102674695,0.019622331529236463,0.3528932047777059,-1.0,,50
2016-09-02,75.42096710205078,76.55401611328125,0.04701333825018428,0.042171748442621435,0.018861849683735697,0.2566869044523071,-1.0,,51
2016-09-06,75.3590087890625,77.04883575439453,0.044602976411126205,0.04293931826306081,0.017987848085251803,0.09248789183567885,-1.0,,52
2016-09-07,75.34525299072266,77.71170806884766,0.042308310502125135,0.04371731220241159,0.016901452291476448,-0.08336571769024996,0.0,Exit Short Spread,0
2016-09-08,74.9736328125,77.4596176147461,0.038164982204216935,0.04442068184237868,0.01573753312884089,-0.3975019202150198,0.0,,0
2016-09-09,74.07205200195312,75.92852783203125,0.030989087460389975,0.04495779615169139,0.014684799870787692,-0.9512358911400087,0.0,,0
2016-09-12,74.70520782470703,77.4596176147461,0.034578299218053,0.045512919510445844,0.013613290061392105,-0.8032312720202675,0.0,,0
2016-09-13,73.54212188720703,76.45133972167969,0.022117261721944725,0.04565936176620862,0.013310194405107159,-1.7687269868297886,0.0,,0
2016-09-14,73.54212188720703,76.07789611816406,0.02332456819332318,0.04567404496553622,0.013285037872468073,-1.6823043326455334,0.0,,0
2016-09-15,73.69353485107422,76.56338500976562,0.023812924140381497,0.045607039108686166,0.013384618061869014,-1.6282956202084828,0.0,,0
2016-09-16,73.54212188720703,76.61937713623047,0.0215759358559533,0.045572893660653355,0.013443138979709382,-1.7850710195676955,0.0,,0
2016-09-19,73.72107696533203,77.03020477294922,0.022687866966270454,0.04544896586034824,0.013618124818898628,-1.6713827488562114,0.0,,0
2016-09-20,74.56755065917969,77.00216674804688,0.03419431967272235,0.04578891209152152,0.013067211050118323,-0.8873042896704558,0.0,,0
2016-09-21,75.4690933227539,77.6929931640625,0.0440099831841263,0.04630021407518651,0.012368736881409912,-0.1851628758068581,0.0,,0
2016-09-22,75.47601318359375,77.82372283935547,0.043687153691098324,0.04675975026373456,0.011734669846192902,-0.2618392006685285,0.0,,0
2016-09-23,75.159423828125,77.05818176269531,0.041921102497481266,0.04701470978539106,0.011457307359958983,-0.44457280649648456,0.0,,0
2016-09-26,74.90477752685547,76.37665557861328,0.04071758068367126,0.04689474532137921,0.011484897715931476,-0.5378510797827295,0.0,,0
2016-09-27,75.70999145507812,76.70342254638672,0.05035744241242557,0.04685385261180917,0.0114681154675477,0.3055070216663589,0.0,,0
2016-09-28,75.18695068359375,77.4596176147461,0.041006180734833864,0.046653735788337675,0.011463649335758625,-0.4926489713783691,0.0,,0
2016-09-29,74.47120666503906,76.4793472290039,0.03458118806360333,0.046425398346678554,0.01156494998665004,-1.0241471253008052,0.0,,0
2016-09-30,75.2626724243164,77.20753479003906,0.042816479918378336,0.04633910784601318,0.011572237893725823,-0.3044033453153192,0.0,,0
2016-10-03,75.13877868652344,77.35694122314453,0.040692316976791876,0.04606532371839466,0.011508095873438224,-0.466889292606972,0.0,,0
2016-10-04,74.6845474243164,77.23554229736328,0.03501597179701332,0.04562790853721445,0.01142065342671485,-0.9291882297538249,0.0,,0
2016-10-05,75.125,77.81439208984375,0.03905520973025789,0.04526668150287462,0.011279193876240025,-0.5507017470194736,0.0,,0
2016-10-06,75.09748840332031,77.82372283935547,0.038659368939256034,0.04482240752421264,0.01100231735247306,-0.560158227354831,0.0,,0
2016-10-07,74.87723541259766,77.37560272216797,0.03714597045636303,0.04428235609008131,0.010561786789062066,-0.6756797667141721,0.0,,0
2016-10-10,75.0493392944336,77.59965515136719,0.03872890762293779,0.043847498189885196,0.010239437341036052,-0.49988982758201955,0.0,,0
2016-10-11,74.80843353271484,76.59139251708984,0.038738302172821815,0.04343284510299388,0.009929501333422628,-0.4727873810107936,0.0,,0
2016-10-12,74.83595275878906,76.78743743896484,0.038475814797184205,0.04307439567828482,0.009711387164492895,-0.473524616330209,0.0,,0
2016-10-13,74.53314971923828,76.43268585205078,0.0355630879055453,0.04270821164114695,0.009572489068949688,-0.74642276257889,0.0,,0
2016-10-14,74.61573791503906,76.97418212890625,0.034929954889446835,0.042407683330864185,0.009528817686893936,-0.7847488205910707,0.0,,0
2016-10-17,74.34734344482422,76.69407653808594,0.03222528867421404,0.042048949471691584,0.009500200897187965,-1.0340476905478204,0.0,,0
2016-10-18,74.41614532470703,76.16194152832031,0.03486693803440355,0.04172336490966678,0.009405540784808824,-0.7289774221528286,0.0,,0
2016-10-19,74.36111450195312,77.31023406982422,0.030437593566196464,0.041259640681988716,0.009263569448934552,-1.1682372734882394,0.0,,0
2016-10-20,73.91376495361328,77.02084350585938,0.02532816564312501,0.04095163802015991,0.009478438075525975,-1.648317186074766,0.0,,0
2016-10-21,73.74858856201172,76.88079833984375,0.023539661436325465,0.04065894508281268,0.009736924309263062,-1.7581818552498214,0.0,,0
2016-10-24,74.63639068603516,77.64632415771484,0.03306311645064075,0.04056224377697838,0.009782961126571725,-0.7665498440926112,0.0,,0
2016-10-25,74.216552734375,76.58204650878906,0.030824971343896168,0.04045316635701098,0.009854176303309311,-0.9770674602078505,0.0,,0
2016-10-26,74.74649810791016,76.3206558227539,0.03878311198784212,0.04056285821171375,0.009798185414249387,-0.1816403904016109,0.0,,0
2016-10-27,74.38175201416016,76.4793472290039,0.03337926823021076,0.04047676255037366,0.009838151708299669,-0.7214255818168887,0.0,,0
2016-10-28,74.12022399902344,76.7594223022461,0.028955786719012444,0.04042634927145993,0.009889176808575543,-1.1599107564241973,0.0,,0
2016-10-31,74.16150665283203,77.03020477294922,0.02864436270662618,0.040258551354522054,0.01000161381780743,-1.1612314631882033,0.0,,0
2016-11-01,73.52836608886719,76.19927215576172,0.02274445853069884,0.03995664415432695,0.010249268998716117,-1.6793573888815099,0.0,,0
2016-11-02,73.56965637207031,75.22834014892578,0.02646765697378961,0.0396172269801726,0.010352625644024878,-1.2701676326886597,0.0,,0
2016-11-03,73.96881103515625,75.2937240600586,0.031664327626300004,0.039309945345157374,0.010310415867567368,-0.7415430974911074,0.0,,0
2016-11-04,73.59718322753906,75.02296447753906,0.02751577203622313,0.03880214812911664,0.010126866906205519,-1.1144983139827258,0.0,,0
2016-11-07,75.56546783447266,77.03020477294922,0.04739852956488089,0.03865241291308503,0.009930327917200409,0.8807480200776283,0.0,,0
2016-11-08,77.10017395019531,77.37560272216797,0.06640159593644235,0.03887394759755636,0.010388093711172936,2.6499229891696654,-1.0,Enter Short Spread,1
2016-11-09,78.10505676269531,77.71170806884766,0.07828218890497896,0.03929447714351567,0.011413570850515285,3.4159083315895935,-1.0,,2
2016-11-10,78.52782440185547,76.43268585205078,0.08777211177673161,0.03981668764817385,0.012816619178665221,3.741659439205718,-1.0,,3
2016-11-11,79.16541290283203,76.4420166015625,0.09582849930825521,0.040406345161738424,0.014460699961512844,3.8326052192509947,-1.0,,4
2016-11-14,78.25060272216797,73.17444610595703,0.09497661664439172,0.04097996790947575,0.015863345014913335,3.403862721522669,-1.0,,5
2016-11-15,78.43773651123047,73.35183715820312,0.0967682475004552,0.04172538964602594,0.017347116189190506,3.173026412812527,-1.0,,6
2016-11-16,78.1812973022461,74.91890716552734,0.08828168381445578,0.04237544567124741,0.018321405409031436,2.5056068089939836,-1.0,,7
2016-11-17,78.65258026123047,75.8450927734375,0.09126230785295597,0.043018735538819616,0.019321687537140364,2.4968612198806146,-1.0,,8
2016-11-18,79.06839752197266,75.6111831665039,0.0972967043515709,0.043811320121517665,0.020519448390261878,2.6065702748343047,-1.0,,9
2016-11-21,79.49114990234375,76.42510986328125,0.0999892320258422,0.044719587913667674,0.02174338899410158,2.541905685777307,-1.0,,10
2016-11-22,79.44261932373047,74.7785873413086,0.10474844201170419,0.04569645683822204,0.0230617640825115,2.5606013903447757,-1.0,,11
2016-11-23,80.1703109741211,74.4417724609375,0.11497974402078981,0.04681940144139626,0.02470882979769381,2.7585419114326197,-1.0,,12
2016-11-25,80.5722885131836,74.96566009521484,0.1182521909426022,0.048007594487445446,0.026346882014128346,2.666144571395148,-1.0,,13
2016-11-28,80.1772689819336,73.98332977294922,0.11658961440632565,0.04914566793486357,0.02777144328391213,2.428535880615612,-1.0,,14
2016-11-29,80.58613586425781,74.04883575439453,0.12145798449256096,0.050386412038903185,0.029270958663393888,2.4280575594040767,-1.0,,15
2016-11-30,80.33663940429688,72.33679962158203,0.12412454547791252,0.051711771523349624,0.030742427467067568,2.355467018085483,-1.0,,16
2016-12-01,80.69007110595703,70.5685806274414,0.13461602956972452,0.05325023350780962,0.0324932018019306,2.5040867489112912,-1.0,,17
2016-12-02,80.63463592529297,70.83988952636719,0.13298268670636038,0.05483052858284534,0.03399224154989262,2.2991175209438905,-1.0,,18
2016-12-05,80.78019714355469,72.32743072509766,0.12966253309798792,0.056475086010138634,0.035165676819931886,2.0812182135043304,-1.0,,19
2016-12-06,80.76631927490234,72.14028930664062,0.130129489786589,0.058067605852947575,0.03628379443798925,1.986062512199452,-1.0,,20
2016-12-07,82.2078628540039,74.19849395751953,0.14088450986730527,0.060047059988703584,0.03748820755827707,2.156343424873977,-1.0,,21
2016-12-08,82.45733642578125,74.1704330444336,0.14400784432306923,0.062058447924199345,0.03868248384232506,2.118514331522932,-1.0,,22
2016-12-09,82.88700866699219,74.03947448730469,0.14964087191720066,0.06415558038714633,0.03994249124296641,2.1402093076782656,-1.0,,23
2016-12-12,83.25430297851562,73.44072723388672,0.15606431496408302,0.06639705337228183,0.04124255360995736,2.1741442695282687,-1.0,,24
2016-12-13,83.27513122558594,74.0955810546875,0.15412572563875648,0.06858768435015658,0.042338868826942384,2.020319476135075,-1.0,,25
2016-12-14,81.26531219482422,74.03012084960938,0.1299129442811764,0.07018299476029749,0.04281354378118213,1.3951180922129611,-1.0,,26
2016-12-15,81.27918243408203,74.37627410888672,0.128933440064241,0.0715983857082994,0.04332558140838891,1.3233533744301955,-1.0,,27
2016-12-16,80.26042175292969,73.30036926269531,0.11991278090403257,0.07286881282851497,0.04360519179120012,1.0788616250281338,-1.0,,28
2016-12-19,81.07127380371094,73.06647491455078,0.1307528450773343,0.07434934187151253,0.044035222172835696,1.2808724566993508,-1.0,,29
2016-12-20,81.44549560546875,73.30974578857422,0.13453865501951068,0.07591302644377652,0.044476772776885026,1.3181178605252226,-1.0,,30
2016-12-21,80.46138000488281,73.10391998291016,0.12307514934531749,0.0771249882259914,0.04475377933361296,1.0267325308281747,-1.0,,31
2016-12-22,80.60000610351562,72.87940979003906,0.12555492105120614,0.07853413389793092,0.04492508477563696,1.0466488241058316,-1.0,,32
2016-12-23,80.37130737304688,73.11328887939453,0.12192347436390594,0.07998983866960264,0.04489235706322235,0.9340929823588398,-1.0,,33
2016-12-27,80.48219299316406,73.30036926269531,0.12267211614686446,0.08132076594007741,0.04495424702356685,0.9198541393677218,-1.0,,34
2016-12-28,79.83767700195312,73.25360870361328,0.11478903269640761,0.08255571120207099,0.04483878680968363,0.7188714010294172,-1.0,,35
2016-12-29,79.6852035522461,73.28168487548828,0.11278293344325352,0.08385182722950833,0.0445690234898219,0.6491303588994294,-1.0,,36
2016-12-30,79.44955444335938,72.99164581298828,0.11079907147763812,0.08504755825863135,0.04431280890098851,0.5811302388107544,-1.0,,37
2017-01-03,79.75448608398438,74.37627410888672,0.10999650684013318,0.08623651055697928,0.04400819458439132,0.5398993643693125,-1.0,,38
2017-01-04,79.77527618408203,74.98439025878906,0.10824945553591947,0.08742156864163857,0.04362600491566425,0.47741907457591864,-1.0,,39
2017-01-05,79.8168716430664,75.8637924194336,0.10589599731638,0.08854102013652927,0.04322206945394619,0.40153045421258077,-1.0,,40
2017-01-06,79.97628784179688,76.91161346435547,0.10450918947793686,0.08963720159161452,0.04277682631236602,0.3476645924530196,-1.0,,41
2017-01-09,79.53965759277344,76.48126220703125,0.10041818656440893,0.09066957445440159,0.04227414629062799,0.23060458851107699,-1.0,,42
2017-01-10,78.95057678222656,76.06961822509766,0.09431511426817996,0.09164877489377886,0.04166238146634422,0.0639987269223922,-1.0,,43
2017-01-11,79.13077545166016,76.52804565429688,0.09511354947758455,0.09265183480358113,0.04100403519494648,0.06003591261932204,-1.0,,44
2017-01-12,78.94365692138672,76.12577056884766,0.09404552955952128,0.0936821721516696,0.040242335365673634,0.009029232636474135,-1.0,,45
2017-01-13,79.17235565185547,75.93864440917969,0.09754513694387956,0.09472680880016086,0.03950884882531077,0.07133409925913047,-1.0,,46
2017-01-17,79.0545425415039,76.02284240722656,0.09578274968722877,0.0958158947355114,0.03861212966917669,-0.0008584102603665827,0.0,Exit Short Spread,0
2017-01-18,79.67132568359375,76.33153533935547,0.10255534779874065,0.097103014438105,0.037512507492528505,0.14534707821708825,0.0,,0
2017-01-19,79.19315338134766,76.46255493164062,0.09611261423999262,0.09831256365149944,0.036270494558784984,-0.06065396786749844,0.0,,0
2017-01-20,79.67132568359375,76.56549072265625,0.10180081334811009,0.09945819193312393,0.035263025066084884,0.06643279782707116,0.0,,0
2017-01-23,79.3248291015625,76.8554916381836,0.09651015915861372,0.10055294506336923,0.03411625200997782,-0.11850029433400655,0.0,,0
2017-01-24,80.42674255371094,77.86588287353516,0.107085461577628,0.10169131755653234,0.0331623599507881,0.1626586295155229,0.0,,0
2017-01-25,81.07819366455078,78.49270629882812,0.11317592927049702,0.10302126190720376,0.031974928239388814,0.3175821783638619,0.0,,0
2017-01-26,81.03662109375,77.87523651123047,0.1146102709411585,0.10444883664423953,0.030515049427179097,0.33299747133518987,0.0,,0
2017-01-27,81.84053802490234,78.3710708618164,0.12291695073979358,0.10602004644479232,0.028958799885250172,0.583480819714753,0.0,,0
2017-01-30,81.10591888427734,78.3055648803711,0.11410636411639508,0.10754274487122059,0.026866389724218395,0.2443059641637591,0.0,,0
2017-01-31,75.63093566894531,77.37939453125,0.04714937844806766,0.10788744022912522,0.025940712450308254,-2.3414184131375237,0.0,,0
2017-02-01,73.0112533569336,77.12678527832031,0.012703772458916962,0.10757143097633551,0.026962693284805626,-3.5184785701983126,1.0,Enter Long Spread,1
2017-02-02,72.83800506591797,76.99581909179688,0.010747077030885732,0.10729195272624656,0.027862929450350307,-3.46499372463318,1.0,,2
2017-02-03,74.12012481689453,80.53219604492188,0.017124490198462183,0.1067873854034729,0.029185682598102856,-3.072153440428323,1.0,,3
2017-02-06,73.50332641601562,80.29830932617188,0.009485171396803826,0.10583877832781227,0.03132915619134912,-3.0755251224293887,1.0,,4
2017-02-07,73.24689483642578,80.25151824951172,0.006134078151169398,0.10463630981524877,0.033661517950767404,-2.9262563800048045,1.0,,5
2017-02-08,73.57264709472656,79.60600280761719,0.012562762838280506,0.10338282066627459,0.03561009459400337,-2.550402038058273,1.0,,6
2017-02-09,73.7805404663086,80.06441497802734,0.01396874567167794,0.1020184914389983,0.037396714561836214,-2.3544781085442237,1.0,,7
2017-02-10,74.39041137695312,80.36380004882812,0.02128055608342061,0.1007902237629821,0.03879204457037313,-2.0496384905756133,1.0,,8
2017-02-13,75.19432067871094,80.86898803710938,0.03048414549100298,0.09968548872949125,0.03982103826209309,-1.7378086121969154,1.0,,9
2017-02-14,75.53392028808594,81.25257110595703,0.03382355754348265,0.09877785329164168,0.04068194201854037,-1.5966370464457373,1.0,,10
2017-02-15,75.55470275878906,82.0539779663086,0.031678759198125794,0.09778479414739452,0.04157079491684115,-1.5902037736230024,1.0,,11
2017-02-16,74.8772964477539,81.93214416503906,0.023038909685878295,0.09654716423629964,0.04265807167574098,-1.72319684558607,1.0,,12
2017-02-17,74.65383911132812,81.97901153564453,0.01990913810310868,0.09521249600425409,0.04376781991507483,-1.720518820614341,1.0,,13
2017-02-21,75.22647857666016,82.4101791381836,0.026257107491932663,0.09390430709559122,0.044627822684301724,-1.5158077525358218,1.0,,14
2017-02-22,73.75991821289062,82.29769897460938,0.00690604923867455,0.09210307884922263,0.04590359660732989,-1.8559990045952914,1.0,,15
2017-02-23,73.38980102539062,82.65389251708984,0.0008107372727210738,0.09014572128805795,0.04723153105345723,-1.8914268079564567,1.0,,16
2017-02-24,74.1510238647461,82.88822174072266,0.010431626283607276,0.08837642148601264,0.04818649252141427,-1.6175652371412257,1.0,,17
2017-02-27,74.53511810302734,82.48514556884766,0.016800044735234998,0.08663212249005722,0.04884712834438247,-1.4296045667718984,1.0,,18
2017-02-28,73.85772705078125,82.4289321899414,0.007838365812062209,0.08469401949562637,0.04962188975416392,-1.548825610316765,1.0,,19
2017-03-01,74.63288116455078,83.41312408447266,0.015352498566615802,0.08270629397890789,0.049969806356369696,-1.347889862368987,1.0,,20
2017-03-02,73.99039459228516,82.98194885253906,0.007984392863801926,0.08062298908153193,0.050433806472846156,-1.4402759041564517,1.0,,21
2017-03-03,73.9764175415039,83.22566223144531,0.007072412819490337,0.07857982041022364,0.05088687915668135,-1.4052228939126152,1.0,,22
2017-03-06,74.09515380859375,83.36624908447266,0.008260045417090023,0.0765486630040653,0.05121985854076494,-1.3332449470282242,1.0,,23
2017-03-07,73.77391815185547,83.4787368774414,0.003582714325548686,0.07426029974503603,0.051361328939645415,-1.3760856052330817,1.0,,24
2017-03-08,73.83677673339844,83.3849868774414,0.004711442389799814,0.07193869304614822,0.05130433684587208,-1.3103619457807587,1.0,,25
2017-03-09,73.95549011230469,83.52560424804688,0.005902500492561913,0.06954305352240422,0.050974978102608384,-1.2484665104071095,1.0,,26
2017-03-10,74.53511810302734,84.10676574707031,0.011999907252061126,0.0671419800605372,0.05023051518230031,-1.0977803553945322,1.0,,27
2017-03-13,75.06586456298828,84.4629135131836,0.018053603045946387,0.06487411135065703,0.04931551182314971,-0.9494073279136513,1.0,,28
2017-03-14,74.6049575805664,83.93800354003906,0.013431685967763896,0.0629327570454335,0.049008727850380386,-1.010046031572015,1.0,,29
2017-03-15,75.2404556274414,84.28483581542969,0.020897115805083244,0.06113215164111419,0.0485330984169521,-0.8290226082490805,1.0,,30
2017-03-16,75.2823486328125,84.39732360839844,0.02112491188260135,0.05948568715742368,0.04818548617162653,-0.7961064279436623,1.0,,31
2017-03-17,75.52676391601562,84.58479309082031,0.0238192411303082,0.05770346042497324,0.047489116700993136,-0.7135154673019307,1.0,,32
2017-03-20,74.80748748779297,83.59123229980469,0.01716340483202039,0.05574720625518174,0.04669461165540095,-0.8263009382732179,1.0,,33
2017-03-21,74.38147735595703,82.5414047241211,0.014568490701446501,0.053938761944450554,0.04615004729201772,-0.8530927605314432,1.0,,34
2017-03-22,74.38846588134766,82.97256469726562,0.01337789596469352,0.05206914485967535,0.045478235348448276,-0.8507640764540346,1.0,,35
2017-03-23,73.78089904785156,83.29126739501953,0.00423165155495675,0.050107614479526184,0.04495815383105151,-1.0204147416054263,1.0,,36
2017-03-24,73.36190032958984,83.6005859375,-0.0023774308316726334,0.04802345536321724,0.04444145693672994,-1.1340961721089433,1.0,,37
2017-03-27,73.1733169555664,83.3756332397461,-0.004287004063997069,0.04603885475054383,0.044072858078583146,-1.1418787210216428,1.0,,38
2017-03-28,74.15800476074219,83.53497314453125,0.008609435518219577,0.0443026297851266,0.04345693843883354,-0.8213462694143966,1.0,,39
2017-03-29,74.0462646484375,83.59123229980469,0.006935520558293717,0.04257157060313753,0.042837884333322224,-0.8318816533412148,1.0,,40
2017-03-30,74.48623657226562,83.4318618774414,0.013330306882065601,0.040960467270503065,0.042082904345637086,-0.6565649595261834,1.0,,41
2017-03-31,74.93317413330078,83.30064392089844,0.01970072427208569,0.0394846550827725,0.041241511798108345,-0.479709155850932,1.0,,42
2017-04-03,74.3046646118164,83.75994873046875,0.009922021278896853,0.03788508881548112,0.040489032245196954,-0.6906331415194891,1.0,,43
2017-04-04,74.46528625488281,83.21629333496094,0.013686869622278497,0.036371383484553474,0.03965917479442061,-0.5719865322428824,1.0,,44
2017-04-05,74.54208374023438,83.45060729980469,0.014024401149380417,0.034931487060969664,0.03886815432856831,-0.5378975738043321,1.0,,45
2017-04-06,74.49320220947266,83.50684356689453,0.013202333975782965,0.03357960738942971,0.03818378614222259,-0.5336629882051981,1.0,,46
2017-04-07,73.31998443603516,83.17878723144531,-0.0017018309998986236,0.03196601771480499,0.03759038552097412,-0.8956505299983724,1.0,,47
2017-04-10,74.3186264038086,83.29126739501953,0.011493386085213553,0.030590148656899865,0.03679535906696665,-0.5189992177255472,1.0,,48
2017-04-11,73.8507308959961,83.28189849853516,0.005205414898542093,0.029051153289477574,0.03588249591352227,-0.6645507171074252,1.0,,49
2017-04-12,72.78923034667969,83.12254333496094,-0.008800259742232086,0.027308103132319895,0.03513083661085591,-1.0278253055719713,1.0,,50
2017-04-13,72.44703674316406,83.30064392089844,-0.014040213306727,0.0253648437805621,0.03412513757888823,-1.1547222922162614,1.0,,51
2017-04-17,73.23619842529297,84.18170166015625,-0.005800252001872508,0.02366629600986435,0.03308182108678181,-0.8907172290920383,1.0,,52
2017-04-18,72.69844818115234,84.10676574707031,-0.012950452202269647,0.02175377491735802,0.03180165939571492,-1.0912709518643497,1.0,,53
2017-04-19,72.94986724853516,84.12548065185547,-0.009552891663011875,0.01998605740366426,0.030519074170732092,-0.967884834953614,1.0,,54
2017-04-20,73.69707489013672,85.43775177001953,-0.00317856228103941,0.01814832367268647,0.028470010764556523,-0.7491000312608448,1.0,,55
2017-04-21,73.86471557617188,85.43775177001953,-0.0009064190977985387,0.016246951199881544,0.025738562228562082,-0.6664463284839193,1.0,,56
2017-04-24,74.70272827148438,86.0938949584961,0.008488684715572958,0.014478258096121783,0.02234038445141197,-0.26810520622756195,1.0,,57
2017-04-25,74.97505187988281,86.33756256103516,0.011430657645089104,0.012620153211210043,0.017315095161281397,-0.06869702736493137,1.0,,58
2017-04-26,75.1566390991211,86.0657730102539,0.014627075862234884,0.010962165073640706,0.011201482402960549,0.32718087274105284,0.0,Exit Long Spread,0
2017-04-27,76.00164794921875,85.85955810546875,0.02639910217534247,0.010616327135761954,0.010368221371052597,1.5222258934058839,0.0,,0
2017-04-28,75.0448989868164,85.5033950805664,0.01475555613780477,0.010650523530410082,0.010378428340472113,0.39553509189696356,0.0,,0
2017-05-01,74.40242004394531,85.54084777832031,0.006049463300084046,0.010572229968230056,0.010395110331986852,-0.4350859705864766,0.0,,0
2017-05-02,74.66779327392578,86.74063110351562,0.006175722008875839,0.010389750498403617,0.010374566956061574,-0.40618837464494234,0.0,,0
2017-05-03,74.96808624267578,86.64692687988281,0.010455869784533167,0.010405928804865771,0.010373900564799811,0.004814098550052913,0.0,,0
2017-05-04,74.75860595703125,86.81564331054688,0.0071780799751295365,0.010423328835265108,0.010367594473565136,-0.31301849897873346,0.0,,0
2017-05-05,75.0239486694336,86.31883239746094,0.012136113028845763,0.010416218005107862,0.010366270888562974,0.165912606589844,0.0,,0
2017-05-08,75.08680725097656,86.15950012207031,0.013429136054818658,0.01040722451149354,0.010363418594171338,0.29159408315560287,0.0,,0
2017-05-09,74.38147735595703,86.2344970703125,0.0037766931648937074,0.010115493462851425,0.010299397137423175,-0.615453527364771,0.0,,0
2017-05-10,73.39679718017578,86.46884155273438,-0.010219070161400001,0.009437106535311376,0.010275906161663649,-1.9128412022720418,0.0,,0
2017-05-11,73.31233215332031,86.3282241821289,-0.010969252813433972,0.008690559696029432,0.010102751625754155,-1.9459859291548038,0.0,,0
2017-05-12,73.29824829101562,86.91874694824219,-0.012842184244479471,0.007948543971986011,0.010021728002924758,-2.0745652057607114,0.0,,0
2017-05-15,74.11481475830078,87.38739776611328,-0.0030892670339146555,0.007513074359989462,0.009923740925444896,-1.0683815179736564,0.0,,0
2017-05-16,73.5586929321289,87.31241607666016,-0.010409432999947787,0.007007764841605187,0.01005076419026794,-1.7329227421749565,0.0,,0
2017-05-17,72.41131591796875,86.16214752197266,-0.022860729529915025,0.006189134224574392,0.01044226352124365,-2.781950838090863,1.0,Enter Long Spread,1
2017-05-18,72.6365737915039,86.11520385742188,-0.019620380419036687,0.005747027063612538,0.010951667758322365,-2.316305428766508,1.0,,2
2017-05-19,72.79846954345703,86.83822631835938,-0.01945545046841679,0.005409257267926907,0.011401969283184368,-2.180738004005517,1.0,,3
2017-05-22,73.05188751220703,87.61759948730469,-0.018183371176846652,0.004932340643586009,0.011774290615920986,-1.9632360517054002,1.0,,4
2017-05-23,73.34754180908203,88.13402557373047,-0.015593311496931106,0.004392451373049906,0.011958962009312008,-1.6711954477670241,1.0,,5
2017-05-24,73.71355438232422,89.02607727050781,-0.01309858302708422,0.0040435022257307995,0.012157139444259954,-1.4100426610561525,1.0,,6
2017-05-25,74.57232666015625,89.24205017089844,-0.0021132034102089303,0.0037524071927837205,0.012091794611076793,-0.4850901616886056,1.0,,7
2017-05-26,74.5230712890625,88.89462280273438,-0.0018121901081546987,0.0035891308099177768,0.012099686844954395,-0.4464017116546154,1.0,,8
2017-05-30,75.1847152709961,88.94156646728516,0.006896839430458046,0.003586204586767239,0.012098865286843374,0.27363184606170293,0.0,Exit Long Spread,0
2017-05-31,74.59345245361328,89.42047882080078,-0.0023224165600828073,0.003409830220481025,0.012106577423364993,-0.4734820238708364,0.0,,0
2017-06-01,75.78306579589844,89.58008575439453,0.013060024547819182,0.0035677853908522,0.012169464782784986,0.780004653154079,0.0,,0
2017-06-02,75.79010772705078,90.2843246459961,0.011222211693791007,0.0036762982125853865,0.012208144941468168,0.6181048404474577,0.0,,0
2017-06-05,75.98719024658203,90.659912109375,0.012795652991197448,0.0037911840875626455,0.012260874699523108,0.7344067307029111,0.0,,0
2017-06-06,75.62114715576172,89.9462890625,0.009915267436545916,0.003756440090637392,0.012240500899336142,0.5031515782366835,0.0,,0
2017-06-07,75.09321594238281,90.22799682617188,0.0021385259532149536,0.0034911888057585347,0.012099434572833388,-0.11179554254383814,0.0,,0
2017-06-08,75.14248657226562,90.22799682617188,0.002794437042584308,0.003313901323672208,0.01203021553357069,-0.04317996461811669,0.0,,0
2017-06-09,75.33956909179688,88.79132843017578,0.009371194275723749,0.0031218026315162164,0.011838406705159498,0.5278912779271115,0.0,,0
2017-06-12,76.68407440185547,87.79597473144531,0.02983926735482889,0.0032670418893866755,0.012108755586364813,2.194463772591474,0.0,,0
2017-06-13,77.32461547851562,89.27960968017578,0.03402591369603836,0.0034371530988155114,0.012462809168872775,2.45440335182389,0.0,,0
2017-06-14,77.00081634521484,89.50497436523438,0.029208006289751065,0.003637896456444356,0.012775370677330576,2.0015160795827183,0.0,,0
2017-06-15,77.61322784423828,88.42514038085938,0.04012251866584915,0.004063796922517734,0.01353598417268203,2.6639157731954346,-1.0,Enter Short Spread,1
2017-06-16,77.84548950195312,88.42514038085938,0.043110602377009144,0.004559342029389661,0.014385489639125172,2.67987126713915,-1.0,,2
2017-06-19,78.04261779785156,89.00727844238281,0.044021849654766854,0.005222511997719829,0.015246493144362125,2.5448040601647675,-1.0,,3
2017-06-20,77.15567779541016,88.62229919433594,0.03366068912999376,0.005823147330414269,0.015640043804013983,1.779888991898798,-1.0,,4
2017-06-21,76.86004638671875,88.7725601196289,0.029404021504304545,0.0063846644232192955,0.015870088526504175,1.450486999025953,-1.0,,5
2017-06-22,76.77559661865234,88.21853637695312,0.029848228686487843,0.0067386443093571,0.016150156720740484,1.4309201314097941,-1.0,,6
2017-06-23,77.62025451660156,89.74909210205078,0.036548842244937596,0.0072321996708011645,0.01659500278863149,1.7665946157128685,-1.0,,7
2017-06-26,78.14115905761719,89.41107177734375,0.044167710437315266,0.007746156396721993,0.017240863767194334,2.112513301676664,-1.0,,8
2017-06-27,77.19792175292969,89.110595703125,0.032853297463247166,0.007965365949908017,0.017473511703953743,1.4243233950338525,-1.0,,9
2017-06-28,77.48652648925781,90.35945892333984,0.033153404720945856,0.008352555673942167,0.017767493970827497,1.3958552110795297,-1.0,,10
2017-06-29,77.27532958984375,88.65987396240234,0.03510575759225709,0.008709537140108477,0.018083446980482375,1.4596896532302879,-1.0,,11
2017-06-30,77.84548950195312,88.05892181396484,0.044133848766205075,0.009211361267055554,0.01863338746678374,1.8741888752865288,-1.0,,12
2017-07-03,77.85960388183594,87.65513610839844,0.045448301666636715,0.009748794061903118,0.019197241839675794,1.8596164961026762,-1.0,,13
2017-07-05,77.7962417602539,88.27487182617188,0.04289711741447477,0.01049210986880934,0.01959871980449778,1.6534247067621572,-1.0,,14
2017-07-06,76.89521026611328,87.5612564086914,0.03324884183634724,0.010854700797994903,0.01981395427612317,1.1302206882216554,-1.0,,15
2017-07-07,77.68360137939453,88.19036865234375,0.04168431250927451,0.011462682424840442,0.02018742969893129,1.4970519048313506,-1.0,,16
2017-07-10,77.57803344726562,89.28900909423828,0.0372719247608333,0.012230552166558198,0.020278104694158312,1.2348970957571288,-1.0,,17
2017-07-11,77.4794692993164,89.5894775390625,0.03517230414213124,0.013050760790705836,0.020194016495471916,1.0954503952388914,-1.0,,18
2017-07-12,77.83142852783203,90.31251525878906,0.03772277462540807,0.01377614456782718,0.020285329189289585,1.1804900888778493,-1.0,,19
2017-07-13,78.24674987792969,90.087158203125,0.04366075232421407,0.014719664643268574,0.02033676466277545,1.4230920286902595,-1.0,,20
2017-07-14,79.12664031982422,91.0167465209961,0.05231195771890085,0.015750745466300453,0.020645934089699097,1.770867430543718,-1.0,,21
2017-07-17,78.85913848876953,90.92283630371094,0.04918007553797099,0.016623389429950626,0.0209319479242383,1.5553586424854953,-1.0,,22
2017-07-18,78.71836853027344,91.62709045410156,0.04549103081269834,0.017396680261792242,0.021126190082268428,1.3298351686462466,-1.0,,23
2017-07-19,79.53489685058594,92.25621795654295,0.05412327507927239,0.0181572567678539,0.021607767210145262,1.6644948995253779,-1.0,,24
2017-07-20,79.24629974365234,92.12476348876952,0.05083968007611572,0.01881407380837101,0.02198891590799364,1.4564431644446114,-1.0,,25
2017-07-21,79.31668090820312,93.52384948730467,0.048011161533067837,0.019370475236218224,0.022296154150958043,1.2845572426049516,-1.0,,26
2017-07-24,78.94361114501953,94.24687957763672,0.04139773461755425,0.01962045244358842,0.022457054807768835,0.9697301075487493,-1.0,,27
2017-07-25,79.69680786132812,93.89008331298828,0.05182862489556306,0.020238336922884393,0.022821755308328362,1.3842181526304596,-1.0,,28
2017-07-26,79.04216003417969,94.69762420654295,0.041468937082602464,0.020828661485926367,0.022905041724573437,0.9011236846834638,-1.0,,29
2017-07-27,75.87457275390625,93.49568939208984,0.003718570740180338,0.02078770896478144,0.022933382556053258,-0.7442922204293718,0.0,Exit Short Spread,0
2017-07-28,77.19087219238281,93.10132598876952,0.02196033342132342,0.02097945002539461,0.02289425852222464,0.04284407791484554,0.0,,0
2017-07-31,77.63433837890625,93.48628997802734,0.026671574736271797,0.021304341604746983,0.02283433583922361,0.23505098503041486,0.0,,0
2017-08-01,77.54988098144531,94.7164077758789,0.022360010329132818,0.021474739893085102,0.02280340964261802,0.038821845062731564,0.0,,0
2017-08-02,78.31713104248047,95.10138702392578,0.03120491648352819,0.02177100290023026,0.022812426353830854,0.4135427524005445,0.0,,0
2017-08-03,78.50017547607422,94.45344543457033,0.035224982731641985,0.022295141059676064,0.02275417137976352,0.5682404978045085,0.0,,0
2017-08-04,78.87322235107422,94.73516082763672,0.03923162741559394,0.023119319352625962,0.02245516026737886,0.7175325346653039,0.0,,0
2017-08-07,78.73949432373047,95.29857635498048,0.03607271874711415,0.02390335221196843,0.022069183155892947,0.5514189831668617,0.0,,0
2017-08-08,78.76061248779297,95.10138702392578,0.036851580532872186,0.024731581624924292,0.021602158472264578,0.5610549947362432,0.0,,0
2017-08-09,79.12664031982422,94.810302734375,0.04224397028493421,0.02548713558023844,0.0214077974382263,0.7827444534193106,0.0,,0
2017-08-10,78.65858459472656,93.42057800292967,0.03995187944955525,0.026326490787730156,0.02096664876213333,0.6498601095675878,0.0,,0
2017-08-11,79.02735900878906,93.9839859008789,0.04314673577879269,0.02742661520954195,0.020069439119074727,0.7832864922622457,0.0,,0
2017-08-14,80.6229476928711,95.6553726196289,0.058789799184174596,0.028733451536262142,0.019508418453544545,1.540686023292238,0.0,,0
2017-08-15,80.97042083740234,96.36903381347656,0.06125773047360661,0.030078671218629196,0.018912863751894642,1.6485636265345578,0.0,,0
2017-08-16,81.38172149658203,97.17316436767578,0.06427572029469797,0.03145298940982161,0.018343333629120606,1.7893547349958934,0.0,,0
2017-08-17,80.076904296875,96.0821533203125,0.05089635851512164,0.03256115057668915,0.017454551565233938,1.0504542537175603,0.0,,0
2017-08-18,80.37474060058594,96.41133880615234,0.053765560996701156,0.03367555297708558,0.016618255226555745,1.208911991405212,0.0,,0
2017-08-21,80.72223663330078,97.07908630371094,0.05637792635218797,0.0346504051397922,0.016200579657974307,1.341157024693309,0.0,,0
2017-08-22,81.26828002929688,97.87855529785156,0.06109749557044797,0.035698899901102234,0.01583850484285278,1.6035980618970485,0.0,,0
2017-08-23,80.52364349365234,97.04147338867188,0.05401023693813878,0.036484123192896914,0.015556480953327751,1.126611718795746,0.0,,0
2017-08-24,80.3818359375,97.07908630371094,0.05215207163681845,0.03739203132951194,0.014838196896773332,0.9947327434720985,0.0,,0
2017-08-25,80.41728973388672,97.2013702392578,0.05228266783972102,0.038045742051043635,0.014614130985712038,0.9741890094318,0.0,,0
2017-08-28,80.69386291503906,97.60577392578124,0.05469233293681319,0.03877024407176067,0.014341363536209559,1.1102214112941142,0.0,,0
2017-08-29,81.47392272949219,97.5963897705078,0.06433651706751009,0.039629258473032544,0.014303358040018917,1.7273746853955472,0.0,,0
2017-08-30,81.5306396484375,97.55876922607422,0.06512746897474675,0.04054946183200256,0.01413718152922767,1.7385365740639898,0.0,,0
2017-08-31,81.09806060791016,97.36125183105467,0.06030730210197466,0.04151894143448189,0.013447535654344596,1.3971601303338184,0.0,,0
2017-09-01,81.11933135986328,97.71865844726562,0.059666120502012365,0.042466802825472355,0.012666227605468046,1.3578879372983172,0.0,,0
2017-09-05,80.78606414794922,96.881591796875,0.057670414745559784,0.04327178983330295,0.012057466269482927,1.1941667171567631,0.0,,0
2017-09-06,80.70803833007812,97.04147338867188,0.056297565516917114,0.043712761469337766,0.012041954702470443,1.045079836166261,0.0,,0
2017-09-07,81.31790161132812,98.33941650390624,0.060549716793116604,0.04415482485428906,0.01216445863022955,1.34776996142558,0.0,,0
2017-09-08,81.5873794555664,98.21710205078124,0.0641649752790876,0.044737441004111346,0.012271291338006357,1.5831695083960518,0.0,,0
2017-09-11,82.40289306640625,99.8348159790039,0.07008305014841287,0.04523678319548741,0.01267623583942016,1.9600666371052617,0.0,,0
2017-09-12,83.07659912109375,99.89118957519533,0.0780863841059245,0.04581971289096933,0.013351282408259297,2.416746963197673,0.0,,0
2017-09-13,83.01276397705078,99.5338363647461,0.07820131505184258,0.04638937064758726,0.013976927276416501,2.2760327627898684,0.0,,0
2017-09-14,83.23967742919922,99.76895141601562,0.08034934523663328,0.04716751491603124,0.014535129741523767,2.2828712856830324,0.0,,0
2017-09-15,83.60845947265625,99.0353546142578,0.08658953386524781,0.04812060678871363,0.015198821571069944,2.5310466931039906,-1.0,Enter Short Spread,1
2017-09-18,83.38861083984375,98.59332275390624,0.08505950122377937,0.049040794664335155,0.0157268602534756,2.2902668415003027,-1.0,,2
2017-09-19,82.94893646240234,99.13880920410156,0.0784126010645152,0.04973852397799479,0.01608181818607264,1.7830121417087688,-1.0,,3
2017-09-20,83.55879211425781,98.7249984741211,0.08676917707569642,0.050448548421967804,0.01674688020342334,2.1687996935873515,-1.0,,4
2017-09-21,83.15458679199219,99.04476928710938,0.08112275862917162,0.05125303944139988,0.017039151857014143,1.7530050461681819,-1.0,,5
2017-09-22,83.44535064697266,99.27989959716795,0.08402870173691102,0.05210096105833264,0.01737981144804277,1.8370590943421266,-1.0,,6
2017-09-25,83.83536529541016,96.8909912109375,0.09469695664456546,0.05309414770920444,0.018069249880156422,2.302409298188358,-1.0,,7
2017-09-26,84.3317642211914,96.81575775146484,0.10079213039644186,0.05403845240304172,0.019031191672220577,2.456686832787538,-1.0,,8
2017-09-27,84.11903381347656,97.70923614501952,0.09600146296359369,0.05488100509132434,0.019738154781862957,2.0832979742389197,-1.0,,9
2017-09-28,84.82111358642578,98.35818481445312,0.10268097402041287,0.0558774027014233,0.020598276718167708,2.2722081055309236,-1.0,,10
2017-09-29,85.16148376464844,98.97891998291016,0.10513463021494718,0.05707549917439996,0.021325038808668727,2.2536479990372142,-1.0,,11
2017-10-02,85.65787506103516,99.1670379638672,0.11047837698925167,0.05822206691573292,0.022294071890786336,2.3439553944883063,-1.0,,12
2017-10-03,84.89199829101562,99.3080825805664,0.10114662688675424,0.05928664528449827,0.02278784334336098,1.8369435392161177,-1.0,,13
2017-10-04,84.38850402832031,99.04476928710938,0.09585257577892214,0.06029798314511146,0.023040307370124094,1.543147496370366,-1.0,,14
2017-10-05,83.8211898803711,99.9194107055664,0.08693951227183949,0.061118262105885314,0.02309801773698362,1.11789896691482,-1.0,,15
2017-10-06,83.46662139892578,100.38029479980467,0.08156584551913926,0.06175001365913406,0.0231302463673446,0.8567064762432143,-1.0,,16
2017-10-09,83.07659912109375,100.64363861083984,0.07623611861889978,0.06214874967413405,0.02317028583237533,0.6079928856588279,-1.0,,17
2017-10-10,83.76447296142578,100.9258041381836,0.08379174431023673,0.06272561082033846,0.02327086709252821,0.9052577803025722,-1.0,,18
2017-10-11,84.3317642211914,101.98854064941406,0.08795874466930576,0.06343340605128193,0.02338148026563977,1.0489215541269645,-1.0,,19
2017-10-12,84.79273223876953,101.67818450927734,0.09416140970955644,0.06410070829512,0.0236757369817637,1.269683872463644,-1.0,,20
2017-10-13,83.93466186523438,102.19544982910156,0.08273911945345902,0.06463236561807571,0.023730081903327586,0.7630295550241764,-1.0,,21
2017-10-16,83.92047119140625,101.85690307617188,0.08338816678899352,0.06522198237234116,0.023749268060872603,0.7649155489798661,-1.0,,22
2017-10-17,83.45243072509766,101.14210510253906,0.07953171015743621,0.06585754863133918,0.023613061662865906,0.5790931189410787,-1.0,,23
2017-10-18,83.7857437133789,101.38661193847656,0.08292248437494054,0.06637577962266213,0.023640674128425857,0.6999252501172308,-1.0,,24
2017-10-19,84.68634796142578,100.65300750732422,0.09540451227529068,0.06727470587587361,0.023701870813772313,1.1868179782277706,-1.0,,25
2017-10-20,84.92748260498047,101.15149688720705,0.09702978566047338,0.06882989279121182,0.0225120659808128,1.252656814940776,-1.0,,26
2017-10-23,84.87074279785156,101.13267517089844,0.09640734722671906,0.07007067635463508,0.02193892076121318,1.2004542592927263,-1.0,,27
2017-10-24,84.88489532470703,101.9603271484375,0.09456453205870186,0.07120222564334225,0.021415966539170272,1.090882653959579,-1.0,,28
2017-10-25,84.06939697265625,102.97608184814452,0.08246688357816079,0.07220400686415938,0.020493793350320158,0.5007797501696325,-1.0,,29
2017-10-26,84.62252044677734,103.26765441894533,0.08832757628020627,0.07315605119410402,0.019884832883147283,0.7629697053657591,-1.0,,30
2017-10-27,85.62953186035156,103.1829833984375,0.10035960623614026,0.07424162825251232,0.019559717758136787,1.3352942157236876,-1.0,,31
2017-10-30,83.74320220947266,103.4933624267578,0.07734384716997056,0.07487683191508526,0.019023962130565904,0.1296793611106663,-1.0,,32
2017-10-31,83.34605407714844,103.43694305419922,0.07272456018956808,0.07548769593912616,0.018344459605099683,-0.15062508294275084,0.0,Exit Short Spread,0
2017-11-01,83.29644012451172,104.46206665039062,0.06969761877675662,0.07603512990985759,0.017660665538096334,-0.3588489414190046,0.0,,0
2017-11-02,82.87802124023438,104.37744140625,0.0648615261588601,0.076412089174423,0.017169948305915658,-0.6727197315779531,0.0,,0
2017-11-03,81.87813568115234,104.73482513427734,0.05188086133160419,0.07661090553912382,0.016811945187451063,-1.470980539835383,0.0,,0
2017-11-06,80.78606414794922,105.2614974975586,0.03721661813089572,0.07651207024499221,0.017024474136217046,-2.3081742084767973,0.0,,0
2017-11-07,80.80730438232422,105.42139434814452,0.037105258585773626,0.07615066123501886,0.017616726948237776,-2.2163823486604586,0.0,,0
2017-11-08,80.22579956054688,105.7787857055664,0.02904861019492122,0.07561384256370743,0.01852946188753362,-2.513037488698724,1.0,Enter Long Spread,1
2017-11-09,79.81450653076172,105.46842193603516,0.02463320860967988,0.0749531340356238,0.019597932436321037,-2.5676139862940603,1.0,,2
2017-11-10,80.8932876586914,105.22389221191406,0.03863108981376295,0.07474871289060117,0.0199092911787668,-1.8141089380096844,1.0,,3
2017-11-13,82.0220718383789,104.77243041992188,0.053548739067303064,0.07474509919177784,0.019913118773659484,-1.064442007573054,1.0,,4
2017-11-14,81.4933853149414,105.31794738769533,0.04580180811945622,0.07456883055456567,0.020120650577479707,-1.429726256829255,1.0,,5
2017-11-15,80.65038299560547,103.69087982177734,0.039242297322219066,0.07420457725042852,0.020554383569549244,-1.7009646535936556,1.0,,6
2017-11-16,81.22904205322266,104.60005950927734,0.04423916879294021,0.0740417261146752,0.020751499596125548,-1.436164031600846,1.0,,7
2017-11-17,80.68608856201172,103.46945190429688,0.04021199259143926,0.07384272479725222,0.02101602639848653,-1.6002421946060594,1.0,,8
2017-11-20,80.87184143066406,103.59193420410156,0.04221982559905069,0.07367501075990772,0.02122651092097696,-1.4818820331782203,1.0,,9
2017-11-21,81.38623046875,105.00520324707033,0.045219294481062766,0.07351712678564519,0.021401626123322276,-1.3222281401199254,1.0,,10
2017-11-22,81.27906036376953,104.41162872314452,0.045299303745399255,0.07319983989694336,0.021674754026861764,-1.2872365756477169,1.0,,11
2017-11-24,80.82899475097656,105.4951171875,0.037201283563237375,0.07273440347341818,0.02213798874839449,-1.605074440773567,1.0,,12
2017-11-27,81.82917022705078,105.88140869140624,0.04859815721718297,0.07253925105867168,0.022297710351958065,-1.0737018942120364,1.0,,13
2017-11-28,82.29354858398438,106.80474090576172,0.052116337124202605,0.07241342133570816,0.022391107294520644,-0.9064796994864333,1.0,,14
2017-11-29,85.04403686523438,103.50715637207033,0.09272519094342058,0.07299766760567251,0.022456043088489468,0.8784950785857731,0.0,Exit Long Spread,0
2017-11-30,86.76579284667969,106.07927703857422,0.10671649891479773,0.07383798316230387,0.022756731836433636,1.444781965565688,0.0,,0
2017-12-01,85.95133209228516,104.32682800292967,0.10139243871086445,0.07451869519426631,0.022959020920534607,1.170509126221589,0.0,,0
2017-12-04,88.38749694824219,101.21765899658205,0.13680134492934104,0.07572930135510388,0.024259360187741046,2.517463078234793,-1.0,Enter Short Spread,1
2017-12-05,85.99420928955078,102.30115509033205,0.10672552691090442,0.07634000930114541,0.02456878147752035,1.2367531388384396,-1.0,,2
2017-12-06,84.50822448730469,103.39408111572266,0.08667434278340225,0.07648314194577005,0.02460352982932026,0.41421702122950044,-1.0,,3
2017-12-07,85.53697204589844,104.95806884765624,0.09507259660719236,0.07676432997169252,0.02471770367812189,0.7406944784965941,-1.0,,4
2017-12-08,85.41552734375,106.08869934082033,0.09101005095083758,0.07694200840026261,0.0247810702491147,0.5676930983671924,-1.0,,5
2017-12-11,84.33676147460938,105.87200164794922,0.07880412828489658,0.07681225164059009,0.024750578813218297,0.08047798232672865,-1.0,,6
2017-12-12,84.41536712646484,106.89896392822266,0.0773556663987498,0.07668385439350625,0.024727433523008505,0.027168691187398744,-1.0,,7
2017-12-13,84.58680725097656,106.75764465332033,0.07971067757729244,0.07670548900205255,0.024729504351497643,0.1215223941622547,-1.0,,8
2017-12-14,83.47232055664062,106.3901824951172,0.06729756576745904,0.07638096214691527,0.024723071299701194,-0.36740566207751085,0.0,Exit Short Spread,0
2017-12-15,84.30104064941406,107.23814392089844,0.07521935775612798,0.07628257213236453,0.0247157504183703,-0.0430176854127116,0.0,,0
2017-12-18,84.87971496582031,106.98377227783205,0.08264581522472869,0.07625952402382816,0.02470916010661969,0.25845844914775634,0.0,,0
2017-12-19,85.01545715332031,105.6552963256836,0.08732455017333951,0.07613665058264106,0.024635389720064016,0.4541393384812821,0.0,,0
2017-12-20,84.53681182861328,105.63646697998048,0.08172248757148526,0.07581882320222513,0.02443746905708487,0.2415824795714082,0.0,,0
2017-12-21,84.71540832519531,105.90969848632812,0.08319600768200863,0.07560539894753203,0.024315887996438645,0.3121666268403745,0.0,,0
2017-12-22,84.75825500488281,106.17350006103516,0.08308829092132042,0.07527885422921382,0.02408050856429373,0.3243053057312224,0.0,,0
2017-12-26,84.48680877685547,106.45612335205078,0.07922512394381087,0.07484702912469489,0.023771576470159313,0.1841735159892255,0.0,,0
2017-12-27,85.07260131835938,107.42657470703124,0.08389732469922495,0.07440401158652779,0.023347308874040774,0.40661273485153193,0.0,,0
2017-12-28,85.0511703491211,107.73751831054688,0.08293276095929247,0.0741004471544034,0.023114877211618586,0.3821051578179937,0.0,,0
2017-12-29,85.12261962890625,107.42657470703124,0.08448510045119462,0.07391098923227461,0.022982016584217092,0.46010371544948664,0.0,,0
2018-01-02,88.3517837524414,107.88825988769533,0.12066134118074645,0.07447301971408973,0.02369503656732,1.949282556936809,0.0,,0
2018-01-03,90.30928802490234,108.96229553222656,0.14013292378471287,0.07544913768518263,0.025130005943311124,2.5739662077854453,-1.0,Enter Short Spread,1
2018-01-04,90.89510345458984,109.3674545288086,0.14568366624542128,0.07660659681229133,0.026690484848813464,2.588078479068948,-1.0,,2
2018-01-05,91.17372131347656,111.98672485351562,0.14290902108923542,0.07759188475860795,0.027996742807002786,2.333026265980119,-1.0,,3
2018-01-08,92.28107452392578,112.43892669677734,0.1539878011435567,0.07869236903317882,0.029632543142537597,2.540970977353985,-1.0,,4
2018-01-09,92.23819732666016,112.22223663330078,0.15399867155882863,0.07968965673066668,0.03110662571468356,2.388848456587342,-1.0,,5
2018-01-10,92.7239761352539,112.09977722167967,0.159520614243295,0.08096934831049728,0.032742112465783464,2.3990897354251732,-1.0,,6
2018-01-11,95.34591674804688,112.91002655029295,0.18562936368336058,0.08267336825873674,0.035378054124767085,2.9101655806600037,-1.0,,7
2018-01-12,95.79597473144533,113.14559173583984,0.1898246679385036,0.08451158422175453,0.03793968712556223,2.7758026408655696,-1.0,,8
2018-01-16,94.93155670166016,113.42823028564452,0.18014504784407648,0.08613196027957344,0.03986453907988209,2.358313672613046,-1.0,,9
2018-01-17,95.73882293701172,114.92626190185548,0.18537784986401395,0.08763151590605217,0.04182896423081464,2.3368098100300037,-1.0,,10
2018-01-18,95.43879699707033,115.99092864990234,0.17996557946128044,0.08901377913606563,0.04345540772588752,2.0929915305116893,-1.0,,11
2018-01-19,95.07443237304688,115.60464477539062,0.1769629626844269,0.09035637272702741,0.04488403357952399,1.9295634338200223,-1.0,,12
2018-01-22,94.91725158691406,117.1404037475586,0.17205453439871743,0.09164787276602768,0.04608531778064802,1.7447348853142515,-1.0,,13
2018-01-23,94.35285949707033,117.44187927246094,0.16545691055725698,0.09303103988234596,0.047024831262766256,1.540162265978337,-1.0,,14
2018-01-24,94.08139038085938,117.34767150878906,0.16277345219157313,0.09427180448086875,0.04785909823203509,1.431319231686901,-1.0,,15
2018-01-25,93.79561614990234,117.97893524169922,0.158408534438639,0.09523928661757705,0.04855407544058283,1.3010081491174552,-1.0,,16
2018-01-26,94.81724548339844,119.01531982421876,0.1670853163006698,0.09673497776975536,0.0493553904891565,1.4253830804230105,-1.0,,17
2018-01-29,93.3312530517578,117.62088012695312,0.1541948520736085,0.0980928159678227,0.049794877204477395,1.1266628066057625,-1.0,,18
2018-01-30,91.52379608154295,116.4054718017578,0.13719981085026944,0.09921785250238126,0.049903058547132104,0.7611148385226778,-1.0,,19
2018-01-31,90.95940399169922,117.04619598388672,0.12966072228820202,0.10029783910453695,0.0498489959843448,0.5890366015172415,-1.0,,20
2018-02-01,85.37980651855469,118.4499969482422,0.06341755365606239,0.10049011730994459,0.04968384672145017,-0.7461693508098829,0.0,Exit Short Spread,0
2018-02-02,83.20797729492188,113.9181671142578,0.04726942831391634,0.10065766414632828,0.04948674893759292,-1.0788390221337663,0.0,,0
2018-02-05,80.94329071044922,109.54645538330078,0.029323123074227464,0.1005279618878025,0.0496630309119408,-1.4337594284132749,0.0,,0
2018-02-06,80.52178192138672,113.03252410888672,0.0163782407788835,0.10031678906420187,0.049992366178616354,-1.679027313598573,0.0,,0
2018-02-07,79.95024871826172,112.73098754882812,0.009913674664745686,0.10007146349845296,0.05039763688787473,-1.7889288943108863,0.0,,0
2018-02-08,78.07132720947266,107.27581787109376,-0.0016385940142689126,0.0994003021013191,0.05146816120288849,-1.9631339794186686,0.0,,0
2018-02-09,76.00667572021484,109.59357452392578,-0.03371052481909853,0.09794598103654574,0.053917764617609935,-2.441802006989071,0.0,,0
2018-02-12,75.94952392578125,111.61924743652344,-0.03897834337813788,0.09653297851158583,0.05632302397194788,-2.4059667314243667,0.0,,0
2018-02-13,76.84253692626953,111.50618743896484,-0.027039086529514256,0.09542828878072361,0.058059107023786374,-2.1093568535262506,0.0,,0
2018-02-14,76.15672302246094,113.84278106689452,-0.04111722020697628,0.09400568229739167,0.06029849583131822,-2.2409000530024326,0.0,,0
2018-02-15,77.37834167480469,115.40949249267578,-0.028573640439425896,0.09285925508021059,0.06194185278142572,-1.9604336981674872,0.0,,0
2018-02-16,76.65789031982422,115.003662109375,-0.03705949365378847,0.09153793309266328,0.06382493811284283,-2.0148460860093715,0.0,,0
2018-02-20,75.44026947021484,115.1546859741211,-0.053394389534069164,0.08989437169241106,0.06622125133734845,-2.163788184800822,0.0,,0
2018-02-21,75.43309020996094,113.66343688964844,-0.050275819539775446,0.0883014529709915,0.06838883519292976,-2.0263142678162396,0.0,,0
2018-02-22,75.70684051513672,113.61627960205078,-0.04655102716172865,0.0869055811255754,0.07024706676375148,-1.8998175217213429,0.0,,0
2018-02-23,76.0887222290039,116.02301788330078,-0.04668773716369623,0.08531748288589407,0.07214654252960499,-1.8296818589112929,0.0,,0
2018-02-26,77.86106872558594,117.58970642089844,-0.02696875049143177,0.08399939809230017,0.07345169129132405,-1.5107636956051855,0.0,,0
2018-02-27,76.1463394165039,116.4382553100586,-0.04681161474892903,0.08167378466409433,0.07532373797637087,-1.7057756673378233,0.0,,0
2018-02-28,75.22416687011719,116.03244018554688,-0.05813526915535516,0.07892625519625845,0.07733977297896043,-1.7721997243113183,0.0,,0
2018-03-01,76.67950439453125,113.63514709472656,-0.033826032558054386,0.07667261400844315,0.07861192065479451,-1.4056220182143364,0.0,,0
2018-03-02,75.9157943725586,113.98432159423828,-0.04459217660915349,0.07364938864946824,0.07972152948537442,-1.4831823476281163,0.0,,0
2018-03-05,76.2328109741211,115.03197479248048,-0.042680764926905645,0.07115928378550472,0.08097303791839668,-1.4059006755697685,0.0,,0
2018-03-06,79.10749816894531,114.2580337524414,-0.004000617571926712,0.06964803444624926,0.08151372414369588,-0.9035122955288483,0.0,,0
2018-03-07,78.68241119384766,115.003662109375,-0.010992394640589653,0.06788028459211956,0.08209123049955866,-0.9607929952168673,0.0,,0
2018-03-08,78.38701629638672,115.3528823852539,-0.015501284480762267,0.06610509566825956,0.08272108051782844,-0.9865245912912566,0.0,,0
2018-03-09,79.52536010742188,117.51423645019533,-0.0056605609550786085,0.0646973508475933,0.08321025267703865,-0.8455437826363763,0.0,,0
2018-03-12,78.46626281738281,117.2593765258789,-0.018532467520682383,0.06309921528226943,0.0838699883262294,-0.9733121994178509,0.0,,0
2018-03-13,78.76885986328125,116.27782440185548,-0.0126109396079912,0.0615605216625147,0.08439633964230037,-0.8788468976838227,0.0,,0
2018-03-14,78.35820007324219,115.69264221191406,-0.01659410288531582,0.06016232718496846,0.08498259267799485,-0.9032017928791595,0.0,,0
2018-03-15,79.04985046386719,116.4760284423828,-0.009469921081603605,0.05875083920433961,0.08542295372891177,-0.7986232892676666,0.0,,0
2018-03-16,79.90719604492188,117.53308868408205,-0.0009101654754932742,0.057358239526002566,0.08570268052934069,-0.6798901112730937,0.0,,0
2018-03-19,78.14204406738281,116.28726959228516,-0.020620457413468962,0.05555915606622242,0.08618637385725038,-0.8838939390334126,0.0,,0
2018-03-20,77.83226013183594,117.89175415039062,-0.027971323732799203,0.053730925877817685,0.08677343467544245,-0.941558322730992,0.0,,0
2018-03-21,77.5584945678711,116.29669952392578,-0.02813627825009357,0.05187538777894932,0.08731219890811448,-0.9163858776852646,0.0,,0
2018-03-22,75.25298309326172,113.2481689453125,-0.05176387816141159,0.04962785162757045,0.08821082432513459,-1.149425034452282,0.0,,0
2018-03-23,73.24287414550781,110.4261703491211,-0.07261677103554587,0.04709715337791451,0.08949417624542418,-1.337672789849064,0.0,,0
2018-03-26,74.7126235961914,113.86165618896484,-0.06030238927673959,0.04469382481164842,0.090405227058702,-1.1613953916648179,0.0,,0
2018-03-27,73.61029052734375,110.8037109375,-0.06845442110937783,0.04217070511050392,0.09140975933562848,-1.21021132780473,0.0,,0
2018-03-28,73.97772979736328,110.4167251586914,-0.06261254390645954,0.03971907770454302,0.09221108381616372,-1.109754027129923,0.0,,0
2018-03-29,75.4042739868164,112.89897918701172,-0.04899406132554329,0.03689148766277152,0.09228684393476272,-0.9306369719288161,0.0,,0
2018-04-02,74.8134994506836,111.7380828857422,-0.054311317247102364,0.03365075031224127,0.09201817832931666,-0.9559205491391393,0.0,,0
2018-04-03,76.03826904296875,112.5025634765625,-0.03975402561435826,0.030560122114578276,0.09131488346190954,-0.7700184796081669,0.0,,0
2018-04-04,76.66509246826172,113.07830047607422,-0.03280283373309034,0.027631591200872847,0.0904785875197286,-0.6679417372733149,0.0,,0
2018-04-05,77.21985626220703,114.38074493408205,-0.028416306302831984,0.024591522743433035,0.08923783222601109,-0.5940062384305014,0.0,,0
2018-04-06,75.88700103759766,111.08682250976562,-0.038623012536126655,0.02138116134185045,0.08798057779137172,-0.6820161379283614,0.0,,0
2018-04-09,75.3610610961914,112.11559295654295,-0.04785053972497422,0.017924975442379296,0.08654755252043143,-0.7599927814460816,0.0,,0
2018-04-10,76.38410186767578,113.93718719482422,-0.03834037421465597,0.014192146477412352,0.08402715016077195,-0.6251850811500342,0.0,,0
2018-04-11,76.43453979492188,113.04997253417967,-0.03575286130692601,0.010432520989988526,0.08107952392845669,-0.5696306546849954,0.0,,0
2018-04-12,77.0829849243164,114.26750946044922,-0.02994616020444596,0.0069310008558464845,0.07815857913634357,-0.4718248651368413,0.0,,0
2018-04-13,77.2702865600586,113.9654769897461,-0.026866677889811452,0.0033935920599493944,0.07472996042028239,-0.40492822128603634,0.0,,0
2018-04-16,78.71123504638672,115.03197479248048,-0.010686822023650677,0.0002160520352005424,0.07112064922303922,-0.15330110422163135,0.0,,0
2018-04-17,78.90574645996094,116.84412384033205,-0.012072488440295182,-0.002934538816878159,0.06730586517215463,-0.13576750852312822,0.0,,0
2018-04-18,79.90000915527344,117.48589324951172,-0.0009010856755220509,-0.00581713248478215,0.06333629391403559,0.0776181633856332,0.0,,0
2018-04-19,79.02103424072266,116.99510192871094,-0.010930849345659244,-0.008756928483164087,0.0592820905860765,-0.03667078608401408,0.0,,0
2018-04-20,78.2068862915039,117.22158813476562,-0.02176405463871789,-0.011832553597002271,0.05493039861213775,-0.1808015469147004,0.0,,0
2018-04-23,78.61036682128906,117.4669952392578,-0.017133806398965667,-0.014758259277629016,0.05026155116044353,-0.04726370488951874,0.0,,0
2018-04-24,77.9691390991211,114.45623779296876,-0.018922516252512622,-0.017858389820182057,0.04433715860641671,-0.024000780965169013,0.0,,0
2018-04-25,78.2861328125,114.3996124267578,-0.014743118524964904,-0.020674022663491613,0.03827068886411053,0.1549724949970417,0.0,,0
2018-04-26,81.61470794677734,119.93981170654295,0.015235695890979395,-0.022706757912813114,0.03265888786397809,1.161780338688203,0.0,,0
2018-04-27,82.12625122070312,118.92991638183594,0.023568709165353363,-0.02447495813152726,0.026687748531364786,1.8002143283243728,0.0,,0
2018-04-30,81.77322387695312,119.75104522705078,0.01756440472829701,-0.025239177280323346,0.024745817103531857,1.7297299915188982,0.0,,0
2018-05-01,81.01671600341797,120.3456573486328,0.0070488370123029664,-0.02590952046868357,0.0232735129240717,1.4161316165939797,0.0,,0
2018-05-02,80.0801010131836,119.27913665771484,-0.002384520002656876,-0.026437981186631643,0.02235524126462643,1.075965179675135,0.0,,0
2018-05-03,79.11469268798828,120.03418731689452,-0.016069116409362483,-0.02697877047310241,0.02169567776855055,0.5028491932874417,0.0,,0
2018-05-04,80.19539642333984,120.95913696289062,-0.004394214997583523,-0.027217235300807895,0.02136498059112201,1.0682443733512323,0.0,,0
2018-05-07,80.77896881103516,121.99729919433594,0.0007492222802769621,-0.027177438362565465,0.021414755260229953,1.3040849780200827,0.0,,0
2018-05-08,80.16656494140625,122.60134887695312,-0.008078657475961037,-0.026750240573513172,0.02153548889120023,0.8670145912118886,0.0,,0
2018-05-09,80.26023864746094,123.48854064941406,-0.008688599769762995,-0.026245411513373593,0.021597855655329172,0.8128960589325235,0.0,,0
2018-05-10,82.12625122070312,123.63956451416016,0.013993426280653587,-0.025561536299870794,0.022203046023398922,1.781510633218476,0.0,,0
2018-05-11,83.17813110351562,124.41349029541016,0.02518166804125377,-0.02445655482906696,0.02303553400183016,2.1548544464555066,0.0,,0
2018-05-14,83.81935119628906,123.83775329589844,0.03400471482060263,-0.02341358224139982,0.024212135989684754,2.3714676427748764,0.0,,0
2018-05-15,83.29341125488281,123.73394775390624,0.027917021197634728,-0.022330640327209432,0.02501729598722629,2.0085168896950485,0.0,,0
2018-05-16,83.80492401123047,123.5357666015625,0.03443455415047603,-0.02086682459913368,0.025716619564951377,2.150414000173598,0.0,,0
2018-05-17,83.99945831298828,122.82673645019533,0.038172314711377275,-0.019392689028281132,0.026511323919267173,2.171336441550657,0.0,,0
2018-05-18,83.7816162109375,122.82673645019533,0.03557557100736375,-0.018023912392129592,0.027185332770182535,1.9716324185769183,0.0,,0
2018-05-21,85.01604461669922,123.51685333251952,0.048820538605542696,-0.01643210779597561,0.028236228010553678,2.310954791026947,0.0,,0
2018-05-22,83.7671127319336,123.56415557861328,0.03392661740111924,-0.015417184997766427,0.0289252630650221,1.7059067807944919,0.0,,0
2018-05-23,83.7090072631836,124.67015838623048,0.031035661292310612,-0.0141197303970791,0.029232260719235653,1.5447108974256032,0.0,,0
2018-05-24,83.96315002441406,124.67961120605467,0.03404839455327302,-0.012583336001935296,0.029300931199721214,1.5914760605168754,0.0,,0
2018-05-25,83.86150360107422,124.10291290283205,0.03398012753482571,-0.01145323333372063,0.029763778380040323,1.526464828773691,0.0,,0
2018-05-29,82.65609741210938,122.59984588623048,0.022506428590879368,-0.010334923247053414,0.029758187175127012,1.1036072743497896,0.0,,0
2018-05-30,84.73286437988281,123.4979019165039,0.04552190770699638,-0.008864878703155048,0.030297704112573213,1.7950794623933735,0.0,,0
2018-05-31,84.31896209716797,123.57355499267578,0.040474157520833165,-0.00812363245160905,0.03094478016521676,1.5704680955228818,0.0,,0
2018-06-01,85.1395034790039,123.6964340209961,0.04991346248384554,-0.007108534832868463,0.031820594581164784,1.7919840300679488,0.0,,0
2018-06-04,84.93616485595703,125.7951202392578,0.04337423122935857,-0.006127276237699782,0.032448244350744414,1.5255527211882178,0.0,,0
2018-06-05,84.82000732421875,126.25830841064452,0.04109953816054368,-0.005347941252439411,0.03300682406226352,1.4072083798600359,0.0,,0
2018-06-06,84.97247314453125,128.82957458496094,0.03792475681608565,-0.004406987513493277,0.0334197040455464,1.2666702335809632,0.0,,0
2018-06-07,84.36979675292969,126.52298736572266,0.03526124644650541,-0.0036091177459183334,0.03378378933134707,1.1505625911643067,0.0,,0
2018-06-08,84.6675033569336,127.373779296875,0.0371312377774371,-0.002713695401539118,0.034137888324094444,1.1671762705619302,0.0,,0
2018-06-11,84.84903717041016,126.58917236328124,0.04079647037752343,-0.0018759222105536673,0.03457578662860522,1.2341698266026837,0.0,,0
2018-06-12,85.93097686767578,127.48725128173828,0.05172420849957349,-0.0009986826443025545,0.03525028832739901,1.4956726212901952,0.0,,0
2018-06-13,85.19758605957031,127.05236053466795,0.04399542992370531,7.824881131701655e-05,0.03561947942464681,1.2329540414900029,0.0,,0
2018-06-14,85.09593200683594,127.6195831298828,0.04170326893494325,0.0012394920224460574,0.0358212677752643,1.1296020332490488,0.0,,0
2018-06-15,84.79093933105469,127.71412658691406,0.0379301403293546,0.0023405989987701934,0.03591664310161075,0.9908927521399773,0.0,,0
2018-06-18,84.79093933105469,128.75393676757812,0.03593088674796885,0.0038021784139265343,0.0354666874734583,0.9058841020347903,0.0,,0
2018-06-19,83.37498474121094,127.72357940673828,0.021071523727970165,0.005363649993318468,0.03410406575552187,0.4605865425915794,0.0,,0
2018-06-20,82.52542114257812,128.0922393798828,0.010118953307195255,0.006537339036384049,0.03301847197691493,0.1084730472480772,0.0,,0
2018-06-21,82.35839080810547,127.17529296875,0.00986422745065929,0.007842649845718001,0.03154315652658611,0.06408926142941355,0.0,,0
2018-06-22,82.56170654296875,127.93144989013672,0.010868230738421358,0.009067329423132682,0.03018097436815782,0.05967008531005883,0.0,,0
2018-06-25,80.02021789550781,123.77205657958984,-0.012249026786422812,0.009679746665451357,0.029358199162058295,-0.7469386433011972,0.0,,0
2018-06-26,79.5627670288086,125.30352020263672,-0.021014096591047693,0.010234700343052268,0.028443806830451352,-1.0986151438999945,0.0,,0
2018-06-27,78.69864654541016,123.8571548461914,-0.02907185418272773,0.010412736533579443,0.028162397954606257,-1.4020322694093972,0.0,,0
2018-06-28,76.88333129882812,125.4831314086914,-0.05562439612109027,0.010032377160446112,0.02888825496455546,-2.272784332667175,0.0,,0
2018-06-29,77.13748168945312,125.20896911621094,-0.05178490762500498,0.009642900471743229,0.02955386337028077,-2.0785034879236712,0.0,,0
2018-07-02,76.88333129882812,125.25625610351562,-0.05517821672166101,0.009366980401984323,0.03007586556503887,-2.1460794531105596,0.0,,0
2018-07-03,76.79620361328125,124.2636260986328,-0.05435041981832289,0.009258649067095177,0.03029268880710498,-2.0998158760505574,0.0,,0
2018-07-05,77.18103790283203,126.00299072265624,-0.052779022664810604,0.009018004926259267,0.030724135689018738,-2.0113512131492457,0.0,,0
2018-07-06,76.99226379394531,126.75931549072266,-0.05670338950892995,0.008668829456225869,0.031343767759832164,-2.0856528629889857,0.0,,0
2018-07-09,78.85114288330078,128.1111602783203,-0.03546203671348591,0.008576898181075203,0.031464746273613335,-1.399627841000346,0.0,,0
2018-07-10,78.7930908203125,129.2171630859375,-0.03831794653560672,0.008386043703645282,0.03171290729187606,-1.4727123505077138,0.0,,0
2018-07-11,77.93621063232422,130.5973663330078,-0.051872140375358367,0.00769962173111682,0.032552909078445644,-1.8299981105504215,0.0,,0
2018-07-12,78.80757141113281,132.25167846679688,-0.04385731371816859,0.007169874643152263,0.03312397336819962,-1.5404911661446106,0.0,,0
2018-07-13,79.1270980834961,131.79795837402344,-0.03896367341918161,0.006535498180757937,0.03363303796081652,-1.3528118290398692,0.0,,0
2018-07-16,80.34698486328125,130.8904266357422,-0.021960904022424232,0.006351663936145187,0.03375791721687075,-0.8386941580750136,0.0,,0
2018-07-17,80.65196228027344,132.005859375,-0.020264550188273667,0.006376655676985924,0.03373764224062279,-0.7896582006309104,0.0,,0
2018-07-18,81.4434585571289,133.19700622558594,-0.012713467003579337,0.006450328000242363,0.03369101649244121,-0.5688102348624957,0.0,,0
2018-07-19,81.9372329711914,132.4690704345703,-0.005317836285404276,0.0066770726663608355,0.03356503617709936,-0.3573632064174254,0.0,,0
2018-07-20,81.37811279296875,133.28207397460938,-0.013673549370741833,0.00669489881893122,0.033553937517207644,-0.6070360052148095,0.0,,0
2018-07-23,81.84283447265625,132.3745574951172,-0.006294610325294991,0.006336060381993314,0.03357579971901217,-0.3761837636926406,0.0,,0
2018-07-24,81.64678192138672,132.3745574951172,-0.008692960135755046,0.005798365893641507,0.033553842293180355,-0.43188276033418205,0.0,,0
2018-07-25,87.2815933227539,134.8418731689453,0.05349101100549669,0.006397142664928168,0.03407498023201527,1.382065903484261,0.0,,0
2018-07-26,86.31583404541016,134.7095184326172,0.042606599071766116,0.006989772032585887,0.034388923634034056,1.0357063634271746,0.0,,0
2018-07-27,86.16336059570312,133.01742553710938,0.043955188508175036,0.007762100507766419,0.03468877323430999,1.0433660411089642,0.0,,0
2018-07-30,86.19966888427734,129.0186767578125,0.05190209398309875,0.008894954014307439,0.035000492856124436,1.228758124794973,0.0,,0
2018-07-31,87.05648040771484,129.2644805908203,0.06132357986134851,0.00999025059528964,0.03559078727457918,1.4423207014227484,0.0,,0
2018-08-01,86.67163848876953,130.69189453125,0.054185492035512484,0.010880855091210232,0.03601446017666893,1.2024236024050163,0.0,,0
2018-08-02,86.11978149414062,131.32530212402344,0.046605856869883056,0.011792263663640968,0.03621451210246149,0.961316090846239,0.0,,0
2018-08-03,86.51915740966797,132.17605590820312,0.04964049522249292,0.012764415246845233,0.036433906221236406,1.01213632575454,0.0,,0
2018-08-06,86.8023452758789,132.07211303710938,0.05310224030354904,0.01341622881389349,0.03679807725024132,1.0784805743999923,0.0,,0
2018-08-07,87.14363861083984,132.6109161376953,0.056022570512075376,0.01393024385507385,0.03717233098776104,1.1323563935460594,0.0,,0
2018-08-08,87.55754089355469,132.98902893066406,0.06005898011511568,0.014364481609982402,0.03755451451835384,1.2167511440682108,0.0,,0
2018-08-09,87.76809692382812,132.35568237304688,0.06363786669459692,0.01495982903493177,0.03804458403802771,1.2794997997877622,0.0,,0
2018-08-10,86.60629272460938,132.0909881591797,0.050805842847744254,0.015232683846552908,0.03824147558185179,0.9302245391930758,0.0,,0
2018-08-13,85.80027770996094,132.54470825195312,0.04061016506626536,0.015273314685801042,0.03826711340859551,0.6621050851139763,0.0,,0
2018-08-14,86.39570617675781,133.0646514892578,0.04656060932994066,0.01545639865784399,0.0383898901898951,0.810218797663658,0.0,,0
2018-08-15,87.17268371582031,132.2705535888672,0.05698944563888686,0.015592547108399727,0.038522230832896305,1.0746236039667774,0.0,,0
2018-08-16,87.9423828125,133.16053771972656,0.06412688742290662,0.016095884942096184,0.038953386506257494,1.2330379150242743,0.0,,0
2018-08-17,89.11300659179688,133.80435180664062,0.0761611376508542,0.016847976214738578,0.039663727847783554,1.4954005751486643,0.0,,0
2018-08-20,89.66171264648438,133.43508911132812,0.0829810415821175,0.017663520331885986,0.04050318909633887,1.612651317279499,0.0,,0
2018-08-21,89.99828338623047,132.58299255371094,0.08830731354851884,0.018568973432114205,0.04145391472242472,1.6823101167494634,0.0,,0
2018-08-22,89.1642074584961,133.6244659423828,0.07706722470410532,0.019478320034001302,0.04212334070382982,1.3671495115976895,0.0,,0
2018-08-23,89.04714965820312,134.53330993652344,0.07408226313130273,0.01995432595773974,0.042573911645431776,1.2713874549361726,0.0,,0
2018-08-24,89.80073547363281,136.52145385742188,0.0788924710740242,0.02059463118362626,0.043162545334084604,1.3506580633547878,0.0,,0
2018-08-27,90.61284637451172,137.65760803222656,0.0858519158922526,0.02119360540709971,0.043809761529162154,1.4758882091177972,0.0,,0
2018-08-28,89.80803680419922,137.4682159423828,0.07726983827376777,0.021758532191173196,0.04430784872324001,1.2528549158261932,0.0,,0
2018-08-29,90.3348388671875,139.2008056640625,0.08003050963858294,0.022407381715807185,0.044867845949759025,1.284285588109122,0.0,,0
2018-08-30,89.8812026977539,138.92623901367188,0.07548293824598629,0.023033351406305528,0.045339484539427405,1.1568192133739497,0.0,,0
2018-08-31,89.90314483642578,139.0682373046875,0.07547515336960542,0.023703583188357195,0.045810078955691634,1.1301349257948814,0.0,,0
2018-09-04,90.97132873535156,139.9298095703125,0.08576384081319666,0.02451412657228652,0.046466036856623566,1.318160927515797,0.0,,0
2018-09-05,91.2054672241211,135.07296752929688,0.09704406777022667,0.025451586528831574,0.047344183495237516,1.5121705763200413,0.0,,0
2018-09-06,90.50308990478516,136.80555725097656,0.08617074541578673,0.026025695477435128,0.04786527832982084,1.2565486305943043,0.0,,0
2018-09-07,89.98363494873047,135.5747528076172,0.08264280779706357,0.0266698184419911,0.048360242721201076,1.157417461234825,0.0,,0
2018-09-10,90.97132873535156,136.40786743164062,0.09204891431911055,0.02750891253172722,0.049045720400069666,1.3159150535648299,0.0,,0
2018-09-11,90.04216766357422,137.74281311035156,0.07938144914517231,0.028199767678657516,0.04947768564204294,1.0344396833109732,0.0,,0
2018-09-12,90.21044921875,138.76531982421875,0.07942512765769627,0.02892467169381964,0.04990244161404926,1.0119836691449384,0.0,,0
2018-09-13,87.57657623291016,139.7688446044922,0.0480168029676491,0.029373759681147624,0.04995096887365275,0.3732268603969957,0.0,,0
2018-09-14,88.08138275146484,139.96771240234375,0.05341386835817774,0.030095341598663998,0.04998031210951658,0.46655424456770733,0.0,,0
2018-09-17,87.1302719116211,138.39598083496094,0.04534134850532756,0.030686626949575135,0.04994731583692923,0.2934035855619944,0.0,,0
2018-09-18,86.50837707519531,139.7688446044922,0.03574448943172093,0.031101231261130128,0.04988429293529079,0.09308056499094752,0.0,,0
2018-09-19,86.51570129394531,139.57000732421875,0.036180154057635416,0.031908384275197765,0.04956712985503103,0.08618150364831079,0.0,,0
2018-09-20,87.1522216796875,141.29310607910156,0.040485222523014563,0.0329333729270988,0.04909578372817603,0.15381869933531095,0.0,,0
2018-09-21,86.69129180908203,142.05999755859375,0.03384779466292742,0.03398203374119305,0.048427603251489204,-0.00277195378777089,0.0,,0
2018-09-24,85.84258270263672,141.17002868652344,0.025559006378293336,0.03533509044951611,0.04701874710704133,-0.20791885519550032,0.0,,0
2018-09-25,85.05975341796875,141.6150360107422,0.015621822625731419,0.036458535953695054,0.045710820354100436,-0.45583765871081117,0.0,,0
2018-09-26,85.38166046142578,141.32154846191406,0.01991066055154156,0.03771001724158176,0.04418734948325059,-0.40281566779168604,0.0,,0
2018-09-27,85.40363311767578,142.03163146972656,0.018932235006150266,0.03893139482198966,0.04261050076050911,-0.46934815265945823,0.0,,0
2018-09-28,85.41825103759766,142.09786987304688,0.0189884253479089,0.04012751895553498,0.04099600896895347,-0.5156378422991088,0.0,,0
2018-10-01,85.93772888183594,142.76060485839844,0.023904340966702353,0.04147098113012885,0.03907664228071136,-0.44954323447840283,0.0,,0
2018-10-02,85.5938491821289,141.70022583007812,0.021732983805136774,0.0424242314721059,0.03786718378030583,-0.5464163320677241,0.0,,0
2018-10-03,86.17184448242188,141.4161834716797,0.028957776728194773,0.04354549352650259,0.036428475314729244,-0.40044818434686225,0.0,,0
2018-10-04,85.82797241210938,138.9451904296875,0.0293054508083479,0.04489845337956435,0.034305114477945264,-0.45453871262377454,0.0,,0
2018-10-05,85.77674865722656,137.6196746826172,0.031071846732235286,0.04614727272040442,0.03236007535894742,-0.46586498396397713,0.0,,0
2018-10-08,86.90345764160156,134.33448791503906,0.05007872766158905,0.04763131273841727,0.030405566741656766,0.08049233036721311,0.0,,0
2018-10-09,86.27425384521484,134.7321319580078,0.04208337591741573,0.048698717404081264,0.02903711737843642,-0.22782363002665768,0.0,,0
2018-10-10,85.3451156616211,128.30368041992188,0.04330914072179781,0.04975827891924912,0.02762698142591756,-0.23343622301787947,0.0,,0
2018-10-11,83.23067474365234,126.60904693603516,0.021500086574879118,0.05032850481222343,0.026668115514056456,-1.0810069508716948,0.0,,0
2018-10-12,84.60612487792969,132.6019744873047,0.026488082085468045,0.05085860345173797,0.025860617841434584,-0.9423797032112208,0.0,,0
2018-10-15,84.70124053955078,129.92266845703125,0.032644495446393584,0.05163057086535689,0.024582477590656786,-0.772341817416299,0.0,,0
2018-10-16,85.95235443115234,134.19248962402344,0.03933479132190931,0.052391060892810294,0.023458847351411096,-0.5565605750069226,0.0,,0
2018-10-17,86.3401107788086,134.8647003173828,0.042603952097879816,0.053246009430037544,0.022113240677957186,-0.48125272487835274,0.0,,0
2018-10-18,83.94035339355469,131.8729705810547,0.01994711234122226,0.052686944452299635,0.022520260544479778,-1.4537945529721077,0.0,,0
2018-10-19,85.22802734375,132.62091064453125,0.033776552461641796,0.05253977700879756,0.022614308953381353,-0.8297058550776648,0.0,,0
2018-10-22,84.60612487792969,133.1510467529297,0.02546926400152083,0.05223167826702,0.022853825424134888,-1.1710255840685908,0.0,,0
2018-10-23,83.58184814453125,131.71200561523438,0.015968144447191746,0.05163277910808821,0.023320682750925026,-1.5293134871654566,0.0,,0
2018-10-24,78.96522521972656,127.11077117919922,-0.03208342700883415,0.05007599566025183,0.025625615993676357,-3.2061443006622943,1.0,Enter Long Spread,1
2018-10-25,78.88475799560547,133.0374755859375,-0.04433898094474742,0.04843392111058084,0.02832426728107464,-3.2753857720201687,1.0,,2
2018-10-26,77.0483627319336,130.4054718017578,-0.06296696273656988,0.04660770745047329,0.03171292027541817,-3.4552059298045297,1.0,,3
2018-10-29,76.91665649414062,127.17705535888672,-0.05849708027742562,0.04480541452547464,0.034444516195883366,-2.999098440385307,1.0,,4
2018-10-30,78.33602905273438,125.69065856933594,-0.03731327558902464,0.04329848926059842,0.03599163659356675,-2.239736018673623,1.0,,5
2018-10-31,77.9482650756836,130.50958251953125,-0.05155169840613483,0.04150558477862824,0.03793978996358014,-2.452762212813838,1.0,,6
2018-11-01,78.66525268554688,133.33096313476562,-0.047668782135455556,0.039710122074452056,0.03953481120175925,-2.210176337101601,1.0,,7
2018-11-02,77.54586029052734,132.33685302734375,-0.0601556218293855,0.03764689726571902,0.04141764797999813,-2.3613730828543518,1.0,,8
2018-11-05,78.15312957763672,132.35581970214844,-0.052390361113731965,0.03592696053302775,0.04294984535429906,-2.0562896308058436,1.0,,9
2018-11-06,79.49201202392578,133.29306030273438,-0.03714368521510547,0.034631063028338224,0.043950346756743884,-1.633087189065928,1.0,,10
2018-11-07,81.30646514892578,137.07061767578125,-0.021464950315160047,0.033497303700919884,0.044501929326641376,-1.2350532852780478,1.0,,11
2018-11-08,81.57716369628906,137.49661254882812,-0.018906188946764768,0.032232376457825694,0.044893122279592385,-1.1391180387521664,1.0,,12
2018-11-09,80.12123107910156,136.2659149169922,-0.03469788659134743,0.030585296890921463,0.04550149698943488,-1.4347480369146355,1.0,,13
2018-11-12,78.81159973144531,132.28004455566406,-0.04385907607390571,0.028584959995508797,0.04608830297017087,-1.5718529735473556,1.0,,14
2018-11-13,80.04075622558594,132.28004455566406,-0.02838330905128572,0.026728887484952075,0.04610272043971663,-1.1954217887923089,1.0,,15
2018-11-14,80.11389923095703,132.06228637695312,-0.027063692464297295,0.024806037384738473,0.04589980898057868,-1.1300641767590602,1.0,,16
2018-11-15,80.8089370727539,134.52830505371094,-0.02298699853275732,0.02313846699745743,0.04578821591297728,-1.0073654238435155,1.0,,17
2018-11-16,81.21468353271484,132.95382690429688,-0.015075873255009586,0.021652498057685557,0.04555696474463081,-0.8062076022530414,1.0,,18
2018-11-19,82.0999526977539,127.81324768066406,0.005487609363186596,0.020429083695838266,0.04498542481703749,-0.3321403408641999,1.0,,19
2018-11-20,80.04910278320312,126.49486541748048,-0.017253194185075982,0.018710665194549454,0.04441920307763297,-0.8096466592786494,1.0,,20
2018-11-21,80.24089050292969,127.49077606201172,-0.01679374605334183,0.017142938789097627,0.043982545140945094,-0.771594384401517,1.0,,21
2018-11-23,80.18189239501953,126.02063751220705,-0.014669645556995015,0.015564602869171329,0.04339269944805939,-0.6967588744359273,1.0,,22
2018-11-26,81.62042236328125,128.93240356445312,-0.002519813937235771,0.01426455699945096,0.04274166858084227,-0.39269339485285903,1.0,,23
2018-11-27,82.26225280761719,128.9039764404297,0.005367396963247062,0.013096094392678321,0.04200426923567568,-0.18399790235767297,1.0,,24
2018-11-28,83.76717376708984,134.0919647216797,0.013767642784004774,0.011896157758858458,0.04092574103855298,0.04572879995950067,0.0,Exit Long Spread,0
2018-11-29,83.55323028564453,131.9295196533203,0.015218857591825952,0.010532404255885112,0.039400562836746714,0.11894381700481814,0.0,,0
2018-11-30,85.05079650878906,134.4049530029297,0.0284002947547346,0.009569563411534244,0.03822885912917748,0.4925789514034476,0.0,,0
2018-12-03,85.0360336303711,137.52537536621094,0.022567965257820122,0.008568316035880185,0.03707106909846831,0.3776435253257471,0.0,,0
2018-12-04,78.76548767089844,131.49327087402344,-0.04297350113025211,0.006317942445057474,0.036018409088355845,-1.36850696138172,0.0,,0
2018-12-06,79.70238494873047,133.7789764404297,-0.03539789168072849,0.0044049534312924615,0.035124044656724474,-1.133207906464745,0.0,,0
2018-12-07,77.69579315185547,130.04205322265625,-0.05391109227566737,0.002182683099069734,0.0345201236727753,-1.6249587025372136,0.0,,0
2018-12-10,77.0171127319336,130.7724151611328,-0.064065434046501,0.0003146458155005657,0.035018330672820425,-1.838467985910315,0.0,,0
2018-12-11,76.41218566894531,129.757568359375,-0.07003005932599327,-0.0017427529792356177,0.03546168958783355,-1.925664206653767,0.0,,0
2018-12-12,74.663818359375,130.696533203125,-0.09495435124393281,-0.004081014641723291,0.036877121879684616,-2.4642198731965332,0.0,,0
2018-12-13,74.34661865234375,130.449951171875,-0.09874616385551294,-0.006322525529843855,0.038442442804149456,-2.4042082548326746,0.0,,0
2018-12-14,72.78263092041016,128.12623596191406,-0.11557551604184524,-0.008851786698168532,0.04050003970476694,-2.6351512275459594,1.0,Enter Long Spread,1
2018-12-17,71.46215057373047,124.62642669677734,-0.12705647543477983,-0.011644148330798439,0.042717202607467746,-2.7017763350403756,1.0,,2
2018-12-18,71.76459503173828,125.8215103149414,-0.1251862109055777,-0.014294715090273524,0.04470017091019741,-2.4807846045619164,1.0,,3
2018-12-19,69.5809555053711,124.49369049072266,-0.1534707807649267,-0.017278544875993857,0.04780756224950603,-2.848759264865885,1.0,,4
2018-12-20,69.3006362915039,122.1225357055664,-0.15276630664548008,-0.020085013697180718,0.05065170347042017,-2.6194833314102306,1.0,,5
2018-12-21,68.97604370117188,117.8545150756836,-0.14869017898342585,-0.022895027689430174,0.052978229448333566,-2.3744687696042392,1.0,,6
2018-12-24,66.31289672851562,115.45496368408205,-0.18299328291344286,-0.026260452988090058,0.05651016632776989,-2.773533332325941,1.0,,7
2018-12-26,71.27035522460938,123.51676177978516,-0.1275388118063372,-0.028702573607327492,0.05765644538856148,-1.7142270483885558,1.0,,8
2018-12-27,72.1334457397461,125.20501708984376,-0.11884861501491795,-0.0310817895403545,0.05837738187913647,-1.5034388773425018,1.0,,9
2018-12-28,71.2113265991211,124.1901626586914,-0.12970793510141476,-0.03360580485546369,0.05930578948829439,-1.6204510735822755,1.0,,10
2018-12-31,71.94902038574219,125.13858032226562,-0.12127775063832491,-0.03610973031157235,0.05978107138902557,-1.4246653388414756,1.0,,11
2019-01-02,71.71295166015625,126.0680923461914,-0.12638881266613033,-0.03870463470281365,0.060262446134530905,-1.4550384789819024,1.0,,12
2019-01-03,69.67687225341797,121.5250015258789,-0.14614261607186307,-0.04165820908288196,0.06110707695364466,-1.7098577153059074,1.0,,13
2019-01-04,72.10395812988281,126.7604751586914,-0.12230165116638325,-0.04453121539668149,0.06077786610548654,-1.2795848349582195,1.0,,14
2019-01-07,71.86050415039062,129.04623413085938,-0.13009010173236746,-0.04740077335751122,0.060685131942023504,-1.3625961702424045,1.0,,15
2019-01-08,71.86786651611328,129.7481231689453,-0.13132504765392583,-0.05031134316377328,0.06045216078814233,-1.3401291770871384,1.0,,16
2019-01-09,72.23674774169922,131.27511596679688,-0.12909015092583287,-0.05282118045545181,0.06054462359213311,-1.2597149993726462,1.0,,17
2019-01-10,72.96707153320312,131.52169799804688,-0.11949346015610751,-0.05525420615947807,0.06024106346807738,-1.0663698530267607,1.0,,18
2019-01-11,72.22936248779297,130.9431610107422,-0.12856813920213117,-0.05794108340362015,0.05985464840491712,-1.179976120162272,1.0,,19
2019-01-14,73.13675689697266,130.0325927734375,-0.1143631979290134,-0.0605027165578022,0.0589182876928545,-0.9141555785190154,1.0,,20
2019-01-15,71.9711685180664,130.26023864746094,-0.13085993028074272,-0.06339378126411258,0.0580372774707338,-1.1624623338103859,1.0,,21
2019-01-16,71.55066680908203,130.26023864746094,-0.13671970640825615,-0.0660048949099372,0.05775255354468763,-1.2244447588555787,1.0,,22
2019-01-17,73.46134185791016,130.20335388183594,-0.11025853057592339,-0.06840547962722997,0.056535788822496824,-0.7402930395133919,1.0,,23
2019-01-18,74.95154571533203,131.36045837402344,-0.09235742573127004,-0.07036925778944315,0.05527319540511196,-0.3978088797050677,1.0,,24
2019-01-22,75.74825286865234,130.93365478515625,-0.08098150528717563,-0.07198508528501593,0.05413091948842748,-0.1661974355355818,1.0,,25
2019-01-23,74.44989013671875,129.94725036621094,-0.09640611383404374,-0.0730571300654361,0.053966760476748823,-0.4326549076198001,1.0,,26
2019-01-24,73.54986572265625,130.60171508789062,-0.10980740858553983,-0.07414827052611597,0.05403688397958347,-0.6599036701097866,1.0,,27
2019-01-25,74.38346862792969,131.52169799804688,-0.10026800336326169,-0.07476995453656082,0.054119177000463,-0.4711462782681032,1.0,,28
2019-01-28,74.01463317871094,128.9798583984375,-0.10042722981933738,-0.07546879036225936,0.05417522591862636,-0.46069839181781597,1.0,,29
2019-01-29,74.73020935058594,128.0408477783203,-0.08900406842648345,-0.076330303576217,0.053972235816767904,-0.2348200821862007,1.0,,30
2019-01-30,74.64908599853516,130.5068817138672,-0.0947936543403265,-0.07705100284178687,0.053925239289382296,-0.32902313892992024,1.0,,31
2019-01-31,77.75482177734375,128.05035400390625,-0.04934622673917399,-0.07707896025184885,0.05391043170130776,0.5144223972519611,0.0,Exit Long Spread,0
2019-02-01,78.26384735107422,132.9253692626953,-0.05203338026918192,-0.0769435895591788,0.05396292878034003,0.4616170740360604,0.0,,0
2019-02-04,78.6253433227539,134.2057647705078,-0.049788641150662505,-0.07690022755979431,0.05398368246259211,0.5022181735734447,0.0,,0
2019-02-05,79.42205810546875,135.18267822265625,-0.04149481477756711,-0.07697274638583532,0.05393312578085097,0.6578133771149732,0.0,,0
2019-02-06,80.27780151367188,134.1963653564453,-0.028972315728101217,-0.07709786914271767,0.05381277883644869,0.8943145932099656,0.0,,0
2019-02-07,79.62862396240234,132.94432067871094,-0.034780680629864724,-0.07736244400410268,0.053564475599380865,0.7949627602576612,0.0,,0
2019-02-08,79.74662780761719,133.1435546875,-0.03366906841473183,-0.07734529703449242,0.053578293450528024,0.8151851394835747,0.0,,0
2019-02-11,80.35894012451172,133.54188537597656,-0.026756702303168067,-0.07706025747164678,0.053800714960208995,0.9349978937209891,0.0,,0
2019-02-12,81.63519287109375,134.67051696777344,-0.013074611022753535,-0.07680511250450459,0.054066598980715155,1.1787407139199357,0.0,,0
2019-02-13,82.63111877441406,136.09320068359375,-0.0035397102758809584,-0.07641304613469764,0.05450935926583217,1.3368958439490504,0.0,,0
2019-02-14,82.47616577148438,136.01724243164062,-0.00527905914859228,-0.07611791381162822,0.05484473390265487,1.2916254601356876,0.0,,0
2019-02-15,81.79012298583984,137.67990112304688,-0.01662751432753229,-0.07614377449617028,0.05481630338383863,1.0857401264709332,0.0,,0
2019-02-19,81.71633911132812,137.2333526611328,-0.016729060471670998,-0.07651405232675122,0.054336578543931854,1.1002715566042358,0.0,,0
2019-02-20,81.9376449584961,137.5088653564453,-0.014518994881634883,-0.07646848233836054,0.05438738201000877,1.1390415417554987,0.0,,0
2019-02-21,82.44668579101562,136.8153076171875,-0.0070789675034328425,-0.07630656936252873,0.05457891793598713,1.268394546412398,0.0,,0
2019-02-22,81.41388702392578,138.59197998046875,-0.022866097594578916,-0.07644317689648845,0.0544345403417819,0.984247850087673,0.0,,0
2019-02-25,82.5003890991211,138.77252197265625,-0.009929924321352201,-0.07656667873622373,0.054274853745836765,1.2277647900614197,0.0,,0
2019-02-26,82.63435363769531,139.70361328125,-0.009956170504228146,-0.07682207152734834,0.05392362476463832,1.2400112439579372,0.0,,0
2019-02-27,82.70130920410156,139.87464904785156,-0.009447902863213953,-0.0772089972881353,0.05335248167251453,1.2700645274731366,0.0,,0
2019-02-28,82.00922393798828,140.729736328125,-0.019354272182864785,-0.07778521611771348,0.052531510735284954,1.1123027515673778,0.0,,0
2019-03-01,83.44551086425781,142.012451171875,-0.004229255193681336,-0.07832904195018707,0.05158988096580125,1.4363240497807355,0.0,,0
2019-03-04,82.21759796142578,140.57772827148438,-0.016550175065086936,-0.07898101095556886,0.050547315721504615,1.2350969581540339,0.0,,0
2019-03-05,81.83805847167969,140.56822204589844,-0.021160470159297784,-0.07861746043938629,0.05088231710434907,1.129213321049357,0.0,,0
2019-03-06,81.00457763671875,140.43521118164062,-0.031163790521431256,-0.07854689208673134,0.050945106488243165,0.9300815099137126,0.0,,0
2019-03-07,79.52363586425781,139.5040740966797,-0.047974976337093356,-0.07844795682108845,0.05099858896985468,0.5975259531593649,0.0,,0
2019-03-08,79.38970184326172,139.99818420410156,-0.05053233337051921,-0.07822240514315541,0.05109154158186368,0.5419697843383442,0.0,,0
2019-03-11,80.98967742919922,143.15248107910156,-0.03607276771777723,-0.07765645028301846,0.05136649303186505,0.8095487955435251,0.0,,0
2019-03-12,81.12364959716797,144.15960693359375,-0.03614847393782017,-0.0766763523279166,0.05158763669492958,0.7856122316624715,0.0,,0
2019-03-13,82.5003890991211,144.86273193359375,-0.02051962152541642,-0.07537257662241498,0.05200025121000669,1.054859425110679,0.0,,0
2019-03-14,82.51526641845703,146.50640869140625,-0.023121083761000083,-0.07383166941773424,0.05215570375035793,0.9722922328775238,0.0,,0
2019-03-15,81.503173828125,147.7035675048828,-0.03746895610334011,-0.07233854409554358,0.05189229993812068,0.6719607347098497,0.0,,0
2019-03-18,82.37388610839844,147.22845458984375,-0.026048082901241276,-0.07068624196213796,0.05176143550656,0.8623825561259687,0.0,,0
2019-03-19,82.12085723876953,146.87689208984375,-0.028535075748657324,-0.06860398021186681,0.050895000483111255,0.7872856681965403,0.0,,0
2019-03-20,80.31249237060547,146.07887268066406,-0.04945867549035632,-0.06688218635928142,0.04975329729583543,0.3501981138119167,0.0,,0
2019-03-21,81.71156311035156,148.02659606933594,-0.03545402466698189,-0.06499491712067401,0.048751907670006915,0.6059433131037503,0.0,,0
2019-03-22,79.88832092285156,145.43276977539062,-0.05366125748299222,-0.06283938336349984,0.04628372068957084,0.19830138423974497,0.0,,0
2019-03-25,79.55342864990234,145.3947296142578,-0.05779757517685424,-0.06167702941967512,0.04551360745969826,0.08523723913240865,0.0,,0
2019-03-26,80.67713928222656,147.55152893066406,-0.04740174091190674,-0.06048624818462493,0.04493317703457937,0.2911992459969769,0.0,,0
2019-03-27,81.10132598876953,146.52537536621094,-0.0404370133812233,-0.05899839948928841,0.04408645524372803,0.42102242072877366,0.0,,0
2019-03-28,82.08365631103516,146.95294189453125,-0.029115808860578296,-0.05746236712632597,0.04349130565897972,0.6517752878705521,0.0,,0
2019-03-29,83.1552734375,148.39710998535156,-0.01855628643526841,-0.0556651583558116,0.042828855291237686,0.8664455696562887,0.0,,0
2019-04-01,85.15713500976562,149.4136962890625,0.0035490299952385396,-0.05317029758802658,0.041834065199257274,1.3558167802509453,0.0,,0
2019-04-02,84.5989761352539,149.9077606201172,-0.0038409398751992896,-0.05119595239984018,0.04131700614662199,1.1461385260246537,0.0,,0
2019-04-03,85.09759521484375,150.55386352539062,0.0009753012521236393,-0.04901152901676533,0.040545643085483085,1.2328533096269028,0.0,,0
2019-04-04,84.81478881835938,149.77474975585938,-0.0010743179018277704,-0.04684068352089702,0.03955516338860516,1.1570263323006114,0.0,,0
2019-04-05,85.08271789550781,149.78424072265625,0.0020640697577740674,-0.04465477984283691,0.03856091859067971,1.2115595610293126,0.0,,0
2019-04-08,84.81478881835938,149.8792266845703,-0.0012462453035149146,-0.042683992928627026,0.0376977230279602,1.0992108885297385,0.0,,0
2019-04-09,84.0259780883789,149.63226318359375,-0.010183558402882875,-0.04071091658197289,0.036220093211875734,0.8428293654716714,0.0,,0
2019-04-10,84.15250396728516,150.64883422851562,-0.010348279751305922,-0.038977334612344434,0.03512611135076491,0.8150362724513507,0.0,,0
2019-04-11,84.45758056640625,149.9838104248047,-0.005638749336698279,-0.03689031492994369,0.03327620088734981,0.9391566573071725,0.0,,0
2019-04-12,85.179443359375,151.67498779296875,0.0001074398544445021,-0.03460986249223201,0.030964827193293385,1.1211850829962284,0.0,,0
2019-04-15,84.5692138671875,152.43504333496094,-0.008314815843494694,-0.03291080058002487,0.029530981245454547,0.8328874862671903,0.0,,0
2019-04-16,84.79248046875,152.23548889160156,-0.005355268715309114,-0.03146076462975886,0.02870074942059126,0.909575409752905,0.0,,0
2019-04-17,85.2017822265625,152.43504333496094,-0.0008627621794314866,-0.03012545224462979,0.028225559187537972,1.0367443872686228,0.0,,0
2019-04-18,84.94877624511719,152.16900634765625,-0.0034059950103988434,-0.028575450264235705,0.02707322921656512,0.9296805731041715,0.0,,0
2019-04-22,84.5543441772461,152.3970184326172,-0.008429149027861627,-0.026885812604941068,0.02503781616154877,0.7371514934846364,0.0,,0
2019-04-23,84.5394515991211,153.5941925048828,-0.010534574946601927,-0.025390255464663405,0.023224179164271008,0.6396643951539972,0.0,,0
2019-04-24,85.15713500976562,153.43264770507812,-0.002995231544103305,-0.023766388826742837,0.02124245861314981,0.9778132400258731,0.0,,0
2019-04-25,78.23619079589844,152.9861297607422,-0.08704252100016174,-0.023733696369637475,0.021143309742227927,-2.994272202524771,1.0,Enter Long Spread,1
2019-04-26,77.35806274414062,154.80079650878906,-0.1012373950132921,-0.023841092047520236,0.02151704226038053,-3.596976853472198,1.0,,2
2019-04-29,78.02039337158203,155.9599609375,-0.09455131301883113,-0.024594510152181188,0.023128031902810944,-3.02476246835977,1.0,,3
2019-04-30,79.04736328125,156.2259521484375,-0.08189449562638718,-0.02509219540813461,0.024017315589331734,-2.3650561615422006,1.0,,4
2019-05-01,77.85667419433594,154.66778564453125,-0.09460063653008755,-0.025839061997791693,0.02542896224772685,-2.7040653040586666,1.0,,5
2019-05-02,78.51899719238281,153.0811004638672,-0.08358727064070348,-0.026540602928843967,0.026412796988538958,-2.1598116903943647,1.0,,6
2019-05-03,79.36736297607422,153.9552001953125,-0.07424446904686866,-0.02729513881749009,0.027108958186209533,-1.7318751206478284,1.0,,7
2019-05-06,77.85667419433594,154.18321228027344,-0.09382696678103764,-0.028279243586676307,0.028403661706618503,-2.307720880195094,1.0,,8
2019-05-07,75.973876953125,152.21652221679688,-0.11514185725736592,-0.02963712340072021,0.030499047276733266,-2.8035214700583286,1.0,,9
2019-05-08,75.7952651977539,152.7390899658203,-0.118340577009872,-0.031163521312498606,0.032540161213668324,-2.6790603502220853,1.0,,10
2019-05-09,74.9766845703125,151.83653259277344,-0.12773795660190657,-0.033074577072151154,0.034715993033398646,-2.726794519133708,1.0,,11
2019-05-10,74.88737487792969,152.69163513183594,-0.13031447192533196,-0.03518748976630867,0.0366577493237322,-2.5950033461939293,1.0,,12
2019-05-13,73.934814453125,149.48023986816406,-0.13787513046590427,-0.03739742428826387,0.03872652919809408,-2.5945445734028083,1.0,,13
2019-05-14,74.23992919921875,152.21652221679688,-0.1382292793527986,-0.03942412037201832,0.040717291134290456,-2.4266142522818908,1.0,,14
2019-05-15,75.56456756591797,154.66778564453125,-0.12448277226882842,-0.04122001556863761,0.04203178598474851,-1.980947388968987,1.0,,15
2019-05-16,75.3934097290039,156.8849334716797,-0.1302596524583559,-0.04314902652824962,0.04339587334813626,-2.0073481464764087,1.0,,16
2019-05-17,74.6796875,156.14276123046875,-0.13860224277624877,-0.04534108111612989,0.04481704857043944,-2.0809304636279053,1.0,,17
2019-05-20,74.01853942871094,155.552734375,-0.14656134207072014,-0.04740266852406557,0.046547373420150404,-2.1302743046663224,1.0,,18
2019-05-21,74.68721008300781,155.92385864257812,-0.1381556182735213,-0.04953976342326839,0.04770697698669605,-1.857503041430712,1.0,,19
2019-05-22,73.25218963623047,156.28546142578125,-0.15812746310827697,-0.0520092849666692,0.04939903080828119,-2.148183403707958,1.0,,20
2019-05-23,72.25297546386719,153.6876983642578,-0.16772942781172473,-0.054647310382477714,0.051247436393720786,-2.2065907172500565,1.0,,21
2019-05-24,72.01256561279297,154.76300048828125,-0.17278137144847738,-0.057204428703571265,0.05321273513107696,-2.1719789907474163,1.0,,22
2019-05-28,70.67521667480469,155.78115844726562,-0.1931437604475188,-0.06035300379113521,0.055523873575468334,-2.3915974896076677,1.0,,23
2019-05-29,71.20114135742188,154.84860229492188,-0.18424948501429572,-0.0631479922902887,0.05743648155744582,-2.1084420465916915,1.0,,24
2019-05-30,71.93743896484375,154.87716674804688,-0.17400697272668553,-0.06569543399974516,0.05888892917954969,-1.8392512860388983,1.0,,25
2019-05-31,69.81123352050781,153.51641845703125,-0.20183307005326268,-0.06853992199194234,0.0612277052794869,-2.1770070828700074,1.0,,26
2019-06-03,70.72030639648438,150.9186248779297,-0.18468735608921794,-0.07081846165447776,0.06293988117050955,-1.8091691995137318,1.0,,27
2019-06-04,73.37239837646484,154.4679718017578,-0.15360371295419317,-0.07253631798087232,0.06376395631755027,-1.2713670803235277,1.0,,28
2019-06-05,73.78563690185547,157.37974548339844,-0.1525918363396901,-0.07447830245790422,0.06439507548658195,-1.2130358306368076,1.0,,29
2019-06-06,73.62783813476562,158.835693359375,-0.1570031800844358,-0.07649254756034779,0.06505142753856202,-1.2376458991059327,1.0,,30
2019-06-07,73.8006591796875,161.8140411376953,-0.1592390887651316,-0.07880453868100971,0.0654846797533857,-1.2282956927793975,1.0,,31
2019-06-10,75.19808197021484,162.54678344726562,-0.14159498417311678,-0.08077910368787831,0.06556201331811694,-0.9276084947262142,1.0,,32
2019-06-11,75.13797760009766,162.0614776611328,-0.14165735786637423,-0.08251557705059556,0.06577133722009383,-0.899202955504305,1.0,,33
2019-06-12,75.43097686767578,163.2794647216797,-0.13961153895926692,-0.08440830131822932,0.06575314373279421,-0.8395528260271626,1.0,,34
2019-06-13,76.64808654785156,161.14797973632812,-0.12036514075793536,-0.08593880240171729,0.06550306425372796,-0.5255683646014893,1.0,,35
2019-06-14,76.34758758544922,161.4429168701172,-0.12474418763425565,-0.08719356093744896,0.06551331654992976,-0.5731754805633781,1.0,,36
2019-06-17,76.18229675292969,161.34780883789062,-0.12676622066223553,-0.08871543087070319,0.06535412881892827,-0.5822247267185946,1.0,,37
2019-06-18,76.74577331542969,161.08135986328125,-0.11898951900969035,-0.08980423522948147,0.06530522246417382,-0.446905816701257,1.0,,38
2019-06-19,76.30250549316406,162.42306518554688,-0.1268272031597233,-0.09095472902919596,0.06533926596023792,-0.5490186276711074,1.0,,39
2019-06-20,77.68490600585938,165.3253631591797,-0.11323874099652187,-0.09205201236393955,0.06515118995405676,-0.3251932719497948,1.0,,40
2019-06-21,76.76078796386719,165.03988647460938,-0.1247796738118927,-0.09345772337111738,0.0649318980988927,-0.4823815621879912,1.0,,41
2019-06-24,74.92010498046875,165.4300537109375,-0.14963352007659902,-0.09546635189138439,0.06477433214684238,-0.8362443330549288,1.0,,42
2019-06-25,72.97420501708984,162.98448181152344,-0.17227770720094404,-0.0980283755708123,0.06472169066087992,-1.1472093956749907,1.0,,43
2019-06-26,75.1079330444336,162.77516174316406,-0.14314069029749343,-0.10047320424235785,0.0635993127458458,-0.6708796716977503,1.0,,44
2019-06-27,76.40767669677734,162.93692016601562,-0.12622859892773208,-0.10251299855990006,0.062419048253429366,-0.37994171701471047,1.0,,45
2019-06-28,77.58723449707031,165.14450073242188,-0.11422693571070774,-0.10443303584261392,0.0609609780416136,-0.16065850947155488,1.0,,46
2019-07-01,77.36181640625,165.51560974121094,-0.11768994710765401,-0.10637662966271103,0.059475557771390526,-0.19021792932869347,1.0,,47
2019-07-02,76.63307189941406,166.79074096679688,-0.1290467291363835,-0.10856180964428033,0.05783720915340917,-0.3541823644665899,1.0,,48
2019-07-03,77.53463745117188,168.30374145507812,-0.11957717283061742,-0.11053399176973203,0.056136723496523,-0.161092071243622,1.0,,49
2019-07-05,76.94862365722656,168.10394287109375,-0.126871102701841,-0.11247878417471466,0.0546274751021696,-0.2634630009937018,1.0,,50
2019-07-08,76.57296752929688,167.65673828125,-0.13110818424484028,-0.1144914492496069,0.05302877010536529,-0.31335320359527147,1.0,,51
2019-07-09,76.43022918701172,169.1221160888672,-0.13511962380358566,-0.11664946382405503,0.05115665763550052,-0.3610509527642232,1.0,,52
2019-07-10,76.34758758544922,170.62557983398438,-0.13838362433314955,-0.11895764822718159,0.04891161305325203,-0.39716490406517807,1.0,,53
2019-07-11,77.63229370117188,171.98635864257812,-0.12365510040675343,-0.12087998630323589,0.04674385167531645,-0.059368537338204914,1.0,,54
2019-07-12,79.57069396972656,171.59620666503906,-0.09843279023030793,-0.1224312783284859,0.04436830437514846,0.5408926132327018,0.0,Exit Long Spread,0
2019-07-15,79.48052215576172,171.82456970214844,-0.09989456374930339,-0.12408180835465041,0.04156888467970032,0.5818593592711565,0.0,,0
2019-07-16,79.34529113769531,170.62557983398438,-0.09987095644203392,-0.1256895577118443,0.03863218700236846,0.6683183964766869,0.0,,0
2019-07-17,76.80587768554688,170.4733123779297,-0.13217876302287923,-0.12775205127842795,0.035492634426798134,-0.12472198291116317,0.0,,0
2019-07-18,77.2341079711914,171.7864990234375,-0.1285107438475641,-0.12971832076011064,0.032044836253182454,0.037683978254892746,0.0,,0
2019-07-19,77.6172866821289,170.55897521972656,-0.12179362674468952,-0.13169829401345376,0.027501858609722245,0.36014537814774517,0.0,,0
2019-07-22,78.1431884765625,171.82456970214844,-0.11686365760114392,-0.13219531295680348,0.02695435658157975,0.5688006430150518,0.0,,0
2019-07-23,79.08984375,172.13856506347656,-0.10527223102035155,-0.1322625602235878,0.0268819730952062,1.0040308093325696,0.0,,0
2019-07-24,85.94174194335938,174.4508514404297,-0.02547691312282474,-0.13111132022532102,0.029793719611817884,3.545525985973086,-1.0,Enter Short Spread,1
2019-07-25,88.84178161621094,172.79515075683594,0.010061708836785144,-0.1295787168176015,0.03430902204403971,4.070078869492157,0.0,Stop Short Spread,0
2019-07-26,90.59232330322266,174.79347229003906,0.02673915787476222,-0.12755638691085397,0.039495350437264216,3.9066761802937937,-1.0,Enter Short Spread,1
2019-07-29,89.2174301147461,174.33670043945312,0.01209124993112276,-0.12596174490132356,0.043013286449537017,3.2095430558278646,-1.0,,2
2019-07-30,90.01380920410156,172.7380828857422,0.02324919161406247,-0.12433685055697469,0.04662606186951143,3.165312193512594,-1.0,,3
2019-07-31,89.75836181640625,169.37901306152344,0.0252490448166538,-0.12235225036367983,0.050273940820708476,2.935940425015076,-1.0,,4
2019-08-01,87.88761901855469,170.49234008789062,0.002571490889302419,-0.12039036122790202,0.0527527500641239,2.330908852481387,-1.0,,5
2019-08-02,88.05289459228516,168.82711791992188,0.006870237181984651,-0.11830351432470441,0.05521185272085066,2.267153615357983,-1.0,,6
2019-08-05,86.28732299804688,160.68173217773438,-0.001192699375946349,-0.11619442670427176,0.057192651056695354,2.010778049339305,-1.0,,7
2019-08-06,86.40003204345703,164.12637329101562,-0.005117061774923659,-0.11410780320176493,0.05889786718799827,1.850504044211817,-1.0,,8
2019-08-07,86.70807647705078,166.828857421875,-0.0055847655534895235,-0.11190296378655804,0.06042325854641604,1.7595575079982955,-1.0,,9
2019-08-08,88.31586456298828,171.18701171875,0.006429756978842516,-0.10949197984769735,0.06218507292768159,1.8641408841210425,-1.0,,10
2019-08-09,86.96350860595703,170.378173828125,-0.007833705979838568,-0.10754782874288084,0.06349565537349024,1.5704085921550064,-1.0,,11
2019-08-12,86.31739044189453,167.7994384765625,-0.011530970350190461,-0.10556901737441142,0.06459751847294426,1.4557532432705977,-1.0,,12
2019-08-13,87.02362060546875,169.95950317382812,-0.006536105284869587,-0.10336791508288844,0.06567546424025286,1.4743985583990755,-1.0,,13
2019-08-14,85.67877960205078,165.1064910888672,-0.014967909370868782,-0.10117469120455759,0.06638979228848202,1.2984945254700675,-1.0,,14
2019-08-15,85.5736083984375,167.974853515625,-0.020442747976265885,-0.09921281003293665,0.06700440162570287,1.1755953362092946,-1.0,,15
2019-08-16,87.36176300048828,169.8425750732422,-0.0024883129248369773,-0.096618824196546,0.0676826364335508,1.3907630705864142,-1.0,,16
2019-08-19,88.4906997680664,171.28155517578125,0.008271327487441082,-0.09368547827489322,0.06834780066588138,1.4917349902852142,-1.0,,17
2019-08-20,87.16475677490234,170.8050994873047,-0.006139246091594774,-0.0909081095189452,0.06846296653081349,1.2381710539697115,-1.0,,18
2019-08-21,87.8390884399414,172.42506408691406,-0.0007601136152919352,-0.08770171540507474,0.06810388415548282,1.2766026911371606,-1.0,,19
2019-08-22,87.30115509033203,171.61509704589844,-0.005742095924109902,-0.08472659225357164,0.06771917111212038,1.166353560333598,-1.0,,20
2019-08-23,84.31584930419922,166.9838104248047,-0.03379083920259607,-0.0823896566948368,0.06701355045808069,0.725208814635795,-1.0,,21
2019-08-26,86.64952850341797,169.2327423095703,-0.009787561215819585,-0.07918889821421277,0.06580762375819627,1.0546093755550523,-1.0,,22
2019-08-27,86.4752426147461,169.985595703125,-0.012895376678074166,-0.07632569855736036,0.06488600675147882,0.9775655037954782,-1.0,,23
2019-08-28,88.14216613769531,170.2619171142578,0.005797033259980822,-0.07366901945379078,0.06493078459272902,1.2238578851651556,-1.0,,24
2019-08-29,89.6878662109375,172.6442413330078,0.019755566538592895,-0.07079656273915275,0.06518751018633831,1.389102437244537,-1.0,,25
2019-08-30,89.90758514404297,172.3107147216797,0.022679162892482507,-0.06780185702287077,0.06528561910638699,1.3859257391418593,-1.0,,26
2019-09-03,88.89985656738281,170.76690673828125,0.013626336250526894,-0.06492076660594313,0.0650005725766968,1.2084063223256862,-1.0,,27
2019-09-04,90.52131652832033,173.21604919433594,0.028190185107086707,-0.062091013784606415,0.06529608586348315,1.3826433498701167,-1.0,,28
2019-09-05,91.83211517333984,176.03675842285156,0.03858424124521642,-0.059086987132746564,0.06571123483884604,1.4863703081748114,-1.0,,29
2019-09-06,90.98350524902344,176.99920654296875,0.027956070678045508,-0.056294193638791366,0.06579036046146333,1.2805867565687898,-1.0,,30
2019-09-09,92.1806640625,173.00636291503906,0.046653859635522155,-0.05351054363223373,0.06654955356044133,1.5051100707502874,-1.0,,31
2019-09-10,92.7413558959961,168.05108642578125,0.05988295856964321,-0.05043342452883542,0.06744705569690118,1.6355996856886825,-1.0,,32
2019-09-11,93.08231353759766,166.7455596923828,0.06547553023551145,-0.0472293953472063,0.06830550992661204,1.6500122128333246,-1.0,,33
2019-09-12,92.8625946044922,169.6043701171875,0.05892095556969568,-0.044264220770883204,0.0689842261215939,1.495779283784401,-1.0,,34
2019-09-13,92.94593048095705,168.92776489257812,0.06080351848420196,-0.04113704207681779,0.06942204695338382,1.468417671830849,-1.0,,35
2019-09-16,92.8701629638672,167.82237243652344,0.061606665274641204,-0.0382229519722984,0.07000158752209944,1.4261050467665963,-1.0,,36
2019-09-17,92.73377990722656,168.14637756347656,0.05966149938656984,-0.03514893241899068,0.07018257847526592,1.3509112071021168,-1.0,,37
2019-09-18,91.71088409423828,167.0409393310547,0.05019602961980718,-0.03181843992405058,0.06940787301703745,1.181630641868622,-1.0,,38
2019-09-19,90.25613403320312,167.67945861816406,0.03326585744243382,-0.028392713846660957,0.0674351780422306,0.9143383776710979,-1.0,,39
2019-09-20,91.45327758789062,165.86883544921875,0.04911932475232872,-0.025188380262497253,0.06646742899851213,1.1179566613971086,-1.0,,40
2019-09-23,90.2031021118164,166.6788330078125,0.034153838742123854,-0.022515339634666322,0.0655691507058168,0.8642658592764556,-1.0,,41
2019-09-24,89.3999252319336,166.26907348632812,0.025816739487370288,-0.02018127838136502,0.06475040720056272,0.710389630852168,-1.0,,42
2019-09-25,90.2031021118164,167.0314178466797,0.033632837236870605,-0.017659231975622944,0.06384398815823848,0.8033970103083977,-1.0,,43
2019-09-26,89.74848175048828,167.3839874267578,0.028060249660967873,-0.01504078232900042,0.06242795970840097,0.6904123119078671,-1.0,,44
2019-09-27,90.1273193359375,165.81167602539062,0.0345994194677981,-0.012471172457360161,0.061233858853170245,0.7687020352257496,-1.0,,45
2019-09-30,90.7865219116211,163.91531372070312,0.044722993040058556,-0.009611270861661836,0.05981474379306186,0.9083757691865735,-1.0,,46
2019-10-01,87.7481689453125,166.0880126953125,0.007436525067768818,-0.007302192373118351,0.05771733293650685,0.25536033442676226,-1.0,,47
2019-10-02,87.3163070678711,161.8379364013672,0.008894080095814827,-0.004901963974795009,0.05529568834318118,0.24949583745097015,-1.0,,48
2019-10-03,87.81637573242188,164.73486328125,0.010230485075463314,-0.0024250621513181286,0.05251988889370394,0.24096675551609142,-1.0,,49
2019-10-04,89.02108764648438,167.69850158691406,0.019459577775429837,-3.981751494840739e-05,0.050156617299416846,0.3887701432090987,-1.0,,50
2019-10-07,87.56633758544922,166.6692657470703,0.004500823271702092,0.001675742710085093,0.04849467789717662,0.05825547635571525,-1.0,,51
2019-10-08,85.42205810546875,164.3059539794922,-0.016770373357622104,0.0030611458832797813,0.04672839939259744,-0.42439971192429776,0.0,Exit Short Spread,0
2019-10-09,86.27067565917969,166.6502685546875,-0.010377977368738467,0.004552695534501372,0.04480786904674158,-0.3332154199893957,0.0,,0
2019-10-10,87.34658813476562,166.6502685546875,0.0020162537721044593,0.0067892791477511,0.04112491359922809,-0.11606165114803378,0.0,,0
2019-10-11,87.90729522705078,168.7276611328125,0.005360613958168559,0.009020468444513312,0.037164670417313105,-0.09847671041473344,0.0,,0
2019-10-14,87.79363250732422,169.01351928710938,0.003649432851044132,0.011111186104442205,0.03304719305700428,-0.2257908331435904,0.0,,0
2019-10-15,88.25582885742188,170.338134765625,0.006975395308918886,0.013175170319609918,0.02855140406075277,-0.2171443126754437,0.0,,0
2019-10-16,89.02867889404297,169.4995574951172,0.016910999151349637,0.015211557489138272,0.024029952698330196,0.07072180638663748,0.0,,0
2019-10-17,89.70301055908203,169.5662384033203,0.024359802042200007,0.01604216940855535,0.023463823704112603,0.35448751825504,0.0,,0
2019-10-18,88.91500854492188,167.4412078857422,0.01864582120266145,0.01618523794798662,0.023453090182552542,0.10491509799017149,0.0,,0
2019-10-21,89.80150604248047,168.12730407714844,0.02755840846233837,0.016198892124446227,0.023459468217257962,0.4842188336364552,0.0,,0
2019-10-22,87.96790313720703,162.81942749023438,0.014838094089975273,0.0162446728604271,0.02345408714792485,-0.059971584550724065,0.0,,0
2019-10-23,87.24810028076172,163.25782775878906,0.0059588986130227894,0.015956501310409772,0.0234724673944146,-0.42592892044088926,0.0,,0
2019-10-24,86.38433837890625,167.87005615234375,-0.010859409025282929,0.015354693746377494,0.02368839901603746,-1.10662196942533,0.0,,0
2019-10-25,87.67997741699219,169.48049926757812,0.0016737360204146512,0.015339731165229364,0.02369675075225316,-0.5767033331991859,0.0,,0
2019-10-28,88.0815658569336,171.3768310546875,0.0035000291668982886,0.015283561031644593,0.0237207422181893,-0.4967606728473519,0.0,,0
2019-10-29,88.58163452148438,169.2708740234375,0.012209866930113389,0.015506937136745587,0.02362745694746493,-0.13954401499760016,0.0,,0
2019-10-30,88.55890655517578,170.81460571289062,0.009714889738384525,0.015754136328634056,0.023487562433405273,-0.257125302268923,0.0,,0
2019-10-31,87.26323699951172,170.4429473876953,-0.004486748783371741,0.01577243660813602,0.023471351312595024,-0.8631452497852745,0.0,,0
2019-11-01,90.5516128540039,172.41552734375,0.029666919342302256,0.016159722647527016,0.023505684243593568,0.574635333087851,0.0,,0
2019-11-04,93.21112060546876,170.52871704101562,0.06132698302679107,0.01731240079763751,0.0239915638935087,1.8345857912606691,0.0,,0
2019-11-05,91.97606658935548,168.07012939453125,0.05156891951203035,0.018364065628674524,0.024086966518439806,1.378540293064127,0.0,,0
2019-11-06,92.40039825439452,168.45130920410156,0.0556132608104567,0.01939988839692996,0.02432900383813493,1.4884856221183802,0.0,,0
2019-11-07,93.56723022460938,170.03317260742188,0.06585768240009182,0.020746981593112637,0.0246246242478401,1.8319345851921365,0.0,,0
2019-11-08,94.18097686767578,170.54779052734375,0.07165059028588883,0.02228187056414855,0.024878222627960914,1.984415062925525,0.0,,0
2019-11-11,93.30205535888672,171.09095764160156,0.06149051869860167,0.023348184424539193,0.025163164960945356,1.515800350761183,0.0,,0
2019-11-12,93.2035675048828,171.28155517578125,0.06015986727045308,0.024212993420922726,0.025519276032683533,1.408616522016212,0.0,,0
2019-11-13,93.21112060546876,170.96710205078125,0.06069396617298173,0.025326880291999,0.02562848846035588,1.379991096068395,0.0,,0
2019-11-14,94.01426696777344,171.57797241210938,0.06839409893885695,0.026479450501234816,0.02598195342649068,1.613221598453286,0.0,,0
2019-11-15,94.48005676269533,171.59707641601562,0.07330887391224072,0.027796966665173995,0.026316765930933347,1.729388305786121,0.0,,0
2019-11-18,93.74701690673828,171.4920654296875,0.06567087485059853,0.029454661899393903,0.025505172032377597,1.4199556429272413,0.0,,0
2019-11-19,92.044189453125,174.460693359375,0.043108311889021644,0.03033625978447459,0.02504351719747945,0.5099943432000247,0.0,,0
2019-11-20,90.87588500976562,173.4011688232422,0.03183613659243889,0.031081785005649808,0.02440307083992762,0.030912158217187735,0.0,,0
2019-11-21,91.26530456542967,171.7115936279297,0.038526314214415214,0.03162727302155705,0.02419670807461272,0.2851231321047619,0.0,,0
2019-11-22,91.1125946044922,171.31072998046875,0.03742792056935329,0.031921812255403054,0.024157933753538512,0.22792132680402497,0.0,,0
2019-11-25,91.8609390258789,172.7425079345703,0.043555682700203935,0.03226975425219841,0.024172643749603193,0.4668884613910213,0.0,,0
2019-11-26,92.54814910888672,174.2506866455078,0.04886553950577488,0.032857074306452544,0.02414061194796846,0.6631341920339977,0.0,,0
2019-11-27,91.5325698852539,175.98793029785156,0.0353854280081789,0.03297699502147075,0.02413500175136804,0.09979004814332076,0.0,,0
2019-11-29,91.4256820678711,176.12161254882812,0.034029773422767695,0.032901087224429935,0.02412440672322041,0.04678607069127913,0.0,,0
2019-12-02,90.27263641357422,173.5252227783203,0.024999520099201256,0.0328518113814492,0.02413747289751978,-0.3253153847375132,0.0,,0
2019-12-03,89.28759765625,173.63021850585938,0.01387859015688031,0.032305556890138504,0.024189749489602046,-0.7617675718873822,0.0,,0
2019-12-04,88.93633270263672,172.38931274414062,0.011705164195345175,0.03150259365056687,0.024060277402156334,-0.8228263175987905,0.0,,0
2019-12-05,87.82147979736328,173.62069702148438,-0.002664367802273526,0.030366928683270452,0.024038044034322418,-1.3741257998521286,0.0,,0
2019-12-06,89.74575805664062,173.887939453125,0.018631064886929893,0.029695430505224354,0.02379250481390789,-0.4650357625157143,0.0,,0
2019-12-09,90.21154022216795,174.6038818359375,0.022794612025196948,0.029061948730907606,0.023459478300420063,-0.26715584317143304,0.0,,0
2019-12-10,90.5169906616211,173.97386169433594,0.02706607886624024,0.02848627229076759,0.023074433199053,-0.06154835580471104,0.0,,0
2019-12-11,89.18069458007812,173.7352752685547,0.01253144777585824,0.027700771430589063,0.022800368780716312,-0.6653104518011332,0.0,,0
2019-12-12,89.30284881591797,174.3366241455078,0.013048321466664126,0.02708164296137001,0.022685188794108833,-0.6186116246187129,0.0,,0
2019-12-13,90.57808685302734,176.7229461669922,0.02387528292967267,0.026925133386157325,0.02267437391952228,-0.13450649033615797,0.0,,0
2019-12-16,90.95989227294922,177.77294921875,0.026621051203190582,0.026550162160338356,0.02248951907330129,0.003152092431197566,0.0,,0
2019-12-17,91.8532943725586,177.0856475830078,0.03735013864389347,0.02660343382536785,0.02251124215851945,0.47739279524646305,0.0,,0
2019-12-18,90.06647491455078,176.49383544921875,0.01853082580401777,0.02648200193064531,0.022534797085526706,-0.3528399255804391,0.0,,0
2019-12-19,90.53225708007812,178.05926513671875,0.021511829430331364,0.026279985133869654,0.022524114597133122,-0.21169114918928633,0.0,,0
2019-12-20,89.6465072631836,179.45291137695312,0.009757605447190398,0.02597494106364003,0.022621663981946056,-0.7168940193520863,0.0,,0
2019-12-23,90.82244110107422,178.57473754882812,0.02399927978284433,0.0257982720688908,0.0225949956747266,-0.07961905865991002,0.0,,0
2019-12-24,90.35661315917967,179.04246520996094,0.018212144809654163,0.02535642459838406,0.022479516707505084,-0.31781287301184213,0.0,,0
2019-12-26,90.89879608154295,180.5601806640625,0.022113487572816393,0.025601040640134853,0.02236273831811583,-0.1559537574382485,0.0,,0
2019-12-27,90.82244110107422,180.7797393798828,0.020973508648630235,0.025802364449348445,0.02226558762986997,-0.21687529118881876,0.0,,0
2019-12-30,88.9134292602539,179.29061889648438,0.0017696364594692593,0.025661350305748544,0.022390205834353888,-1.067060929364999,0.0,,0
2019-12-31,89.3868637084961,179.35745239257812,0.006988287594156928,0.025453495469393995,0.022504409978497383,-0.8205150853934979,0.0,,0
