Date,price_y,price_x,target_position,spread_position,weight_y,weight_x,return_y,return_x,gross_pair_return,cash_return,gross_exposure,net_exposure,short_notional,turnover_y,turnover_x,turnover,transaction_cost,borrow_cost,strategy_return,portfolio,drawdown,spread,zscore,target_event
2014-01-02,65.76459503173828,50.56215286254883,0.0,0.0,0.0,-0.0,0.0,0.0,0.0,0.0,0.0,0.0,0.0,0.0,0.0,0.0,0.0,0.0,0.0,10000.0,0.0,0.012279215500437424,,
2014-01-03,65.61820220947266,50.59647750854492,0.0,0.0,0.0,-0.0,-0.0022260126774136246,0.0006788604529834874,-0.0,0.0,0.0,0.0,0.0,0.0,0.0,0.0,0.0,0.0,0.0,10000.0,0.0,0.00988340156730505,,
2014-01-06,64.76526641845703,50.29219055175781,0.0,0.0,0.0,-0.0,-0.012998463266226112,-0.006013994882068996,0.0,0.0,0.0,0.0,0.0,0.0,0.0,0.0,0.0,0.0,0.0,10000.0,0.0,-0.0017130206737203668,,
2014-01-07,64.97530364990234,50.676544189453125,0.0,0.0,0.0,-0.0,0.0032430536159340217,0.007642411942660576,0.0,0.0,0.0,0.0,0.0,0.0,0.0,0.0,0.0,0.0,0.0,10000.0,0.0,-0.0003523295416695271,,
2014-01-08,64.92438507080078,50.83895111083984,0.0,0.0,0.0,-0.0,-0.0007836605023952004,0.003204774989777448,-0.0,0.0,0.0,0.0,0.0,0.0,0.0,0.0,0.0,0.0,0.0,10000.0,0.0,-0.001925188802634814,,
2014-01-09,65.00076293945312,50.76803970336914,0.0,0.0,0.0,-0.0,0.0011764126617304083,-0.001394824360480884,0.0,0.0,0.0,0.0,0.0,0.0,0.0,0.0,0.0,0.0,0.0,10000.0,0.0,-0.00040532585866381865,,
2014-01-10,65.25538635253906,50.58959579467773,0.0,0.0,0.0,-0.0,0.003917237299554621,-0.0035148867227104974,0.0,0.0,0.0,0.0,0.0,0.0,0.0,0.0,0.0,0.0,0.0,10000.0,0.0,0.004372400381416619,,
2014-01-13,63.79775238037109,50.07942962646485,0.0,0.0,0.0,-0.0,-0.022337374026002665,-0.010084408863107575,0.0,0.0,0.0,0.0,0.0,0.0,0.0,0.0,0.0,0.0,0.0,10000.0,0.0,-0.01571924290445026,,
2014-01-14,64.24331665039062,50.93734359741211,0.0,0.0,0.0,-0.0,0.006984012028558917,0.01713106513684992,0.0,0.0,0.0,0.0,0.0,0.0,0.0,0.0,0.0,0.0,0.0,10000.0,0.0,-0.012947494049889707,,
2014-01-15,64.31969451904297,51.19130325317383,0.0,0.0,0.0,-0.0,0.0011888842705303215,0.004985726341933283,0.0,0.0,0.0,0.0,0.0,0.0,0.0,0.0,0.0,0.0,0.0,10000.0,0.0,-0.01298552008028897,,
2014-01-16,63.96326446533203,50.73601531982422,0.0,0.0,0.0,-0.0,-0.005541538348031283,-0.00889385314333413,0.0,0.0,0.0,0.0,0.0,0.0,0.0,0.0,0.0,0.0,0.0,10000.0,0.0,-0.016339831550410522,,
2014-01-17,63.59407424926758,53.11759567260742,0.0,0.0,0.0,-0.0,-0.005771910160472737,0.04694062664894849,-0.0,0.0,0.0,0.0,0.0,0.0,0.0,0.0,0.0,0.0,0.0,10000.0,0.0,-0.03343851327320935,,
2014-01-21,62.74114990234375,53.060394287109375,0.0,0.0,0.0,-0.0,-0.013412009797967195,-0.0010768820533709755,0.0,0.0,0.0,0.0,0.0,0.0,0.0,0.0,0.0,0.0,0.0,10000.0,0.0,-0.04667562216267829,,
2014-01-22,63.00848388671875,53.30290222167969,0.0,0.0,0.0,-0.0,0.004260903486644763,0.004570413353095493,0.0,0.0,0.0,0.0,0.0,0.0,0.0,0.0,0.0,0.0,0.0,10000.0,0.0,-0.04354806398349231,,
2014-01-23,62.34016418457031,52.21849060058594,0.0,0.0,0.0,-0.0,-0.010606820874312639,-0.020344326029074877,0.0,0.0,0.0,0.0,0.0,0.0,0.0,0.0,0.0,0.0,0.0,10000.0,0.0,-0.04914380582118261,,
2014-01-24,61.31537628173828,50.61704254150391,0.0,0.0,0.0,-0.0,-0.01643864619602131,-0.030668218109392353,0.0,0.0,0.0,0.0,0.0,0.0,0.0,0.0,0.0,0.0,0.0,10000.0,0.0,-0.05803927313489643,,
2014-01-27,60.57701110839844,49.46630859375,0.0,0.0,0.0,-0.0,-0.01204208826750286,-0.022734120564439464,0.0,0.0,0.0,0.0,0.0,0.0,0.0,0.0,0.0,0.0,0.0,10000.0,0.0,-0.06448453441796098,,
2014-01-28,60.98434829711914,50.55071258544922,0.0,0.0,0.0,-0.0,0.006724286676868196,0.021922072265490034,0.0,0.0,0.0,0.0,0.0,0.0,0.0,0.0,0.0,0.0,0.0,10000.0,0.0,-0.06312937026040588,,
2014-01-29,60.67884826660156,49.67219543457031,0.0,0.0,0.0,-0.0,-0.005009482581156188,-0.017378927139630185,0.0,0.0,0.0,0.0,0.0,0.0,0.0,0.0,0.0,0.0,0.0,10000.0,0.0,-0.06382890159078702,,
2014-01-30,60.965293884277344,50.53241729736328,0.0,0.0,0.0,-0.0,0.004720683168164985,0.01731797548441527,0.0,0.0,0.0,0.0,0.0,0.0,0.0,0.0,0.0,0.0,0.0,10000.0,0.0,-0.06335261727510577,,
2014-01-31,60.61516952514648,49.28556823730469,0.0,0.0,0.0,-0.0,-0.005743011094073713,-0.02467424134336149,0.0,0.0,0.0,0.0,0.0,0.0,0.0,0.0,0.0,0.0,0.0,10000.0,0.0,-0.06295230075728409,,
2014-02-03,59.59041595458984,48.83715438842773,0.0,0.0,0.0,-0.0,-0.016905893006395334,-0.009098278967138995,0.0,0.0,0.0,0.0,0.0,0.0,0.0,0.0,0.0,0.0,0.0,10000.0,0.0,-0.07774923167743542,,
2014-02-04,59.762245178222656,49.08194732666016,0.0,0.0,0.0,-0.0,0.0028835043501584945,0.005012432466590333,0.0,0.0,0.0,0.0,0.0,0.0,0.0,0.0,0.0,0.0,0.0,10000.0,0.0,-0.07610263257873151,,
2014-02-05,59.67950820922852,49.326751708984375,0.0,0.0,0.0,-0.0,-0.00138443541984401,0.004987666456975237,-0.0,0.0,0.0,0.0,0.0,0.0,0.0,0.0,0.0,0.0,0.0,10000.0,0.0,-0.0787147073249227,,
2014-02-06,60.30330657958984,50.1046028137207,0.0,0.0,0.0,-0.0,0.01045247169555008,0.015769355933377804,0.0,0.0,0.0,0.0,0.0,0.0,0.0,0.0,0.0,0.0,0.0,10000.0,0.0,-0.07217416952093914,,
2014-02-07,60.704322814941406,50.73830795288086,0.0,0.0,0.0,-0.0,0.006649987506444521,0.01264764320188605,0.0,0.0,0.0,0.0,0.0,0.0,0.0,0.0,0.0,0.0,0.0,10000.0,0.0,-0.06864498676552477,,
2014-02-10,60.29692459106445,50.45690155029297,0.0,0.0,0.0,-0.0,-0.006711189664678652,-0.005546231515036415,0.0,0.0,0.0,0.0,0.0,0.0,0.0,0.0,0.0,0.0,0.0,10000.0,0.0,-0.0740075375339283,,
2014-02-11,61.207149505615234,50.86414337158203,0.0,0.0,0.0,-0.0,0.015095710448318034,0.00807108262252565,0.0,0.0,0.0,0.0,0.0,0.0,0.0,0.0,0.0,0.0,0.0,10000.0,0.0,-0.06100661581485378,,
2014-02-12,61.1243896484375,51.37751770019531,0.0,0.0,0.0,-0.0,-0.0013521272898052716,0.010093049731770387,-0.0,0.0,0.0,0.0,0.0,0.0,0.0,0.0,0.0,0.0,0.0,10000.0,0.0,-0.06483568080695945,,
2014-02-13,61.461761474609375,51.35002517700195,0.0,0.0,0.0,-0.0,0.005519430592473729,-0.0005351080477220549,0.0,0.0,0.0,0.0,0.0,0.0,0.0,0.0,0.0,0.0,0.0,10000.0,0.0,-0.0591994572980179,,
2014-02-14,61.89458084106445,51.79692840576172,0.0,0.0,0.0,-0.0,0.007042091799368322,0.008703077110854496,0.0,0.0,0.0,0.0,0.0,0.0,0.0,0.0,0.0,0.0,0.0,10000.0,0.0,-0.054318553284338544,,
2014-02-18,61.41720581054688,51.81069564819336,0.0,0.0,0.0,-0.0,-0.007712711258896721,0.0002657926416753664,-0.0,0.0,0.0,0.0,0.0,0.0,0.0,0.0,0.0,0.0,0.0,10000.0,0.0,-0.06212668525954623,,
2014-02-19,60.58336639404297,51.3110580444336,0.0,0.0,0.0,-0.0,-0.01357664200934261,-0.009643522394534365,0.0,0.0,0.0,0.0,0.0,0.0,0.0,0.0,0.0,0.0,0.0,10000.0,0.0,-0.07340713016094613,,
2014-02-20,61.326961517333984,51.21480178833008,0.0,0.0,0.0,-0.0,0.012273915557193815,-0.0018759359048914348,0.0,0.0,0.0,0.0,0.0,0.0,0.0,0.0,0.0,0.0,0.0,10000.0,0.0,-0.06074497164128234,,
2014-02-21,61.60902786254883,51.19186782836914,0.0,0.0,0.0,-0.0,0.004599385624789454,-0.0004477994478182534,0.0,0.0,0.0,0.0,0.0,0.0,0.0,0.0,0.0,0.0,0.0,10000.0,0.0,-0.0560456987152973,,
2014-02-24,61.50643157958984,51.84048461914063,0.0,0.0,0.0,-0.0,-0.0016652800168813764,0.012670309138672398,-0.0,0.0,0.0,0.0,0.0,0.0,0.0,0.0,0.0,0.0,0.0,10000.0,0.0,-0.06081667652867773,,
2014-02-25,61.18592834472656,52.05134582519531,0.0,0.0,0.0,-0.0,-0.005210889766032678,0.004067500672569446,-0.0,0.0,0.0,0.0,0.0,0.0,0.0,0.0,0.0,0.0,0.0,10000.0,0.0,-0.06704202102103951,,
2014-02-26,61.02566146850586,51.82215118408203,0.0,0.0,0.0,-0.0,-0.0026193420702509407,-0.004403241404804192,0.0,0.0,0.0,0.0,0.0,0.0,0.0,0.0,0.0,0.0,0.0,10000.0,0.0,-0.06857675887006076,,
2014-02-27,61.25004577636719,51.861122131347656,0.0,0.0,0.0,-0.0,0.0036768844853427574,0.0007520133065721524,0.0,0.0,0.0,0.0,0.0,0.0,0.0,0.0,0.0,0.0,0.0,10000.0,0.0,-0.06509196095228065,,
2014-02-28,61.391056060791016,51.783180236816406,0.0,0.0,0.0,-0.0,0.002302207004688306,-0.0015028964150418656,0.0,0.0,0.0,0.0,0.0,0.0,0.0,0.0,0.0,0.0,0.0,10000.0,0.0,-0.06242157382849223,,
2014-03-03,61.39749526977539,50.751834869384766,0.0,0.0,0.0,-0.0,0.00010488838924671562,-0.019916609268010643,0.0,0.0,0.0,0.0,0.0,0.0,0.0,0.0,0.0,0.0,0.0,10000.0,0.0,-0.05735658103568697,,
2014-03-04,62.16668701171875,51.68234634399414,0.0,0.0,0.0,-0.0,0.012528063865856254,0.01833453858376055,0.0,0.0,0.0,0.0,0.0,0.0,0.0,0.0,0.0,0.0,0.0,10000.0,0.0,-0.049385884952431125,,
2014-03-05,62.23080825805664,51.06580352783203,0.0,0.0,0.0,-0.0,0.0010314406223030925,-0.011929466438277414,0.0,0.0,0.0,0.0,0.0,0.0,0.0,0.0,0.0,0.0,0.0,10000.0,0.0,-0.04539601535664717,,
2014-03-06,62.73081207275391,51.30645751953125,0.0,0.0,0.0,-0.0,0.008034666890776476,0.004712625183074914,0.0,0.0,0.0,0.0,0.0,0.0,0.0,0.0,0.0,0.0,0.0,10000.0,0.0,-0.03855264902208433,,
2014-03-07,62.96158981323242,51.69609832763672,0.0,0.0,0.0,-0.0,0.0036788578507616077,0.007594381427662222,0.0,0.0,0.0,0.0,0.0,0.0,0.0,0.0,0.0,0.0,0.0,10000.0,0.0,-0.03674590409303746,,
2014-03-10,63.29492568969727,51.68234634399414,0.0,0.0,0.0,-0.0,0.005294273499980795,-0.0002660158907046295,0.0,0.0,0.0,0.0,0.0,0.0,0.0,0.0,0.0,0.0,0.0,10000.0,0.0,-0.03139999957745654,,
2014-03-11,63.01924514770508,52.067378997802734,0.0,0.0,0.0,-0.0,-0.004355491992260374,0.007449984008965904,-0.0,0.0,0.0,0.0,0.0,0.0,0.0,0.0,0.0,0.0,0.0,10000.0,0.0,-0.03759503065609038,,
2014-03-12,63.153900146484375,51.81986999511719,0.0,0.0,0.0,-0.0,0.002136728208401939,-0.004753628998609538,0.0,0.0,0.0,0.0,0.0,0.0,0.0,0.0,0.0,0.0,0.0,10000.0,0.0,-0.034285753957537746,,
2014-03-13,62.243614196777344,50.600582122802734,0.0,0.0,0.0,-0.0,-0.0144137725080421,-0.02352935027489156,0.0,0.0,0.0,0.0,0.0,0.0,0.0,0.0,0.0,0.0,0.0,10000.0,0.0,-0.04293378258494229,,
2014-03-14,61.71158218383789,50.59827423095703,0.0,0.0,0.0,-0.0,-0.008547575840591182,-4.5609986068950725e-05,0.0,0.0,0.0,0.0,0.0,0.0,0.0,0.0,0.0,0.0,0.0,10000.0,0.0,-0.051506852810138004,,
2014-03-17,62.17310333251953,51.28814697265625,0.0,0.0,0.0,-0.0,0.007478679566289115,0.013634313663550612,0.0,0.0,0.0,0.0,0.0,0.0,0.0,0.0,0.0,0.0,0.0,10000.0,0.0,-0.04739490478084929,,
2014-03-18,62.442359924316406,51.89090347290039,0.0,0.0,0.0,-0.0,0.004330756828347715,0.011752354799745346,0.0,0.0,0.0,0.0,0.0,0.0,0.0,0.0,0.0,0.0,0.0,10000.0,0.0,-0.045954212050561605,,
2014-03-19,62.14746856689453,51.297306060791016,0.0,0.0,0.0,-0.0,-0.004722617110873073,-0.011439334688388647,0.0,0.0,0.0,0.0,0.0,0.0,0.0,0.0,0.0,0.0,0.0,10000.0,0.0,-0.047851328792603454,,
2014-03-20,62.121826171875,50.838905334472656,0.0,0.0,0.0,-0.0,-0.0004126056235408404,-0.00893615594111552,0.0,0.0,0.0,0.0,0.0,0.0,0.0,0.0,0.0,0.0,0.0,10000.0,0.0,-0.04605085759033034,,
2014-03-21,62.089786529541016,51.19417190551758,0.0,0.0,0.0,-0.0,-0.000515754998015372,0.006988084592058019,-0.0,0.0,0.0,0.0,0.0,0.0,0.0,0.0,0.0,0.0,0.0,10000.0,0.0,-0.048283704319802445,,
2014-03-24,62.397457122802734,50.59367752075195,0.0,0.0,0.0,-0.0,0.004955252875854743,-0.011729741148540862,0.0,0.0,0.0,0.0,0.0,0.0,0.0,0.0,0.0,0.0,0.0,10000.0,0.0,-0.0404315606352893,,
2014-03-25,62.59619140625,50.05510330200195,0.0,0.0,0.0,-0.0,0.0031849740776477287,-0.010645089369696326,0.0,0.0,0.0,0.0,0.0,0.0,0.0,0.0,0.0,0.0,0.0,10000.0,0.0,-0.034612972755495686,,
2014-03-26,62.01925659179688,49.43169784545898,0.0,0.0,0.0,-0.0,-0.009216771843334803,-0.012454383577668926,0.0,0.0,0.0,0.0,0.0,0.0,0.0,0.0,0.0,0.0,0.0,10000.0,0.0,-0.04078250270843753,,
2014-03-27,62.211570739746094,49.452335357666016,0.0,0.0,0.0,-0.0,0.0031008779936689823,0.00041749551616776515,0.0,0.0,0.0,0.0,0.0,0.0,0.0,0.0,0.0,0.0,0.0,10000.0,0.0,-0.037789336864688106,,
2014-03-28,62.397457122802734,48.6088981628418,0.0,0.0,0.0,-0.0,0.0029879712221745347,-0.017055558422550243,0.0,0.0,0.0,0.0,0.0,0.0,0.0,0.0,0.0,0.0,0.0,10000.0,0.0,-0.03056440507948499,0.6095494573635457,
2014-03-31,62.423099517822266,49.47294616699219,0.0,0.0,0.0,-0.0,0.0004109525644460099,0.01777551100326935,0.0,0.0,0.0,0.0,0.0,0.0,0.0,0.0,0.0,0.0,0.0,10000.0,0.0,-0.03449769093614474,0.4999718847684726,
2014-04-01,62.397457122802734,49.20709228515625,0.0,0.0,0.0,-0.0,-0.00041078375180980675,-0.005373722457089336,0.0,0.0,0.0,0.0,0.0,0.0,0.0,0.0,0.0,0.0,0.0,10000.0,0.0,-0.033580065451194296,0.6044125806454211,
2014-04-02,62.80132293701172,49.19792938232422,0.0,0.0,0.0,-0.0,0.006472472322295975,-0.00018621101972315923,0.0,0.0,0.0,0.0,0.0,0.0,0.0,0.0,0.0,0.0,0.0,10000.0,0.0,-0.027082534000445357,0.9609173967887641,
2014-04-03,63.153900146484375,49.27813720703125,0.0,0.0,0.0,-0.0,0.0056141685076647185,0.0016303089523082015,0.0,0.0,0.0,0.0,0.0,0.0,0.0,0.0,0.0,0.0,0.0,10000.0,0.0,-0.021885700570272726,1.2711511118551397,
2014-04-04,62.8846435546875,47.60274887084961,0.0,0.0,0.0,-0.0,-0.004263499026542106,-0.033998613404213396,0.0,0.0,0.0,0.0,0.0,0.0,0.0,0.0,0.0,0.0,0.0,10000.0,0.0,-0.01762995639232956,1.537036754820832,
2014-04-07,62.41029739379883,46.61955261230469,0.0,0.0,0.0,-0.0,-0.007543115998998373,-0.020654190816005613,0.0,0.0,0.0,0.0,0.0,0.0,0.0,0.0,0.0,0.0,0.0,10000.0,0.0,-0.02005593547300344,1.4776992445332329,
2014-04-08,62.44873809814453,46.431602478027344,0.0,0.0,0.0,-0.0,0.0006159352855370503,-0.004031573100676589,0.0,0.0,0.0,0.0,0.0,0.0,0.0,0.0,0.0,0.0,0.0,10000.0,0.0,-0.01844417407868537,1.6591919580630343,
2014-04-09,62.72439193725586,47.56608963012695,0.0,0.0,0.0,-0.0,0.004414081813440385,0.0244335127704558,0.0,0.0,0.0,0.0,0.0,0.0,0.0,0.0,0.0,0.0,0.0,10000.0,0.0,-0.019991604124583673,1.5874167013364635,
2014-04-10,61.94235610961914,46.1932373046875,0.0,0.0,0.0,-0.0,-0.012467810424037329,-0.028861996773641208,0.0,0.0,0.0,0.0,0.0,0.0,0.0,0.0,0.0,0.0,0.0,10000.0,0.0,-0.025316993204444804,1.3247992579276417,
2014-04-11,61.71158218383789,45.06563568115234,0.0,0.0,0.0,-0.0,-0.003725623955486146,-0.02441053473038879,0.0,0.0,0.0,0.0,0.0,0.0,0.0,0.0,0.0,0.0,0.0,10000.0,0.0,-0.022956346645162218,1.4949631680045319,
2014-04-14,61.59619522094727,46.069480895996094,0.0,0.0,0.0,-0.0,-0.001869778067703387,0.022275181514050946,-0.0,0.0,0.0,0.0,0.0,0.0,0.0,0.0,0.0,0.0,0.0,10000.0,0.0,-0.03025966897742194,1.1046478373744932,
2014-04-15,61.39749526977539,46.76622009277344,0.0,0.0,0.0,-0.0,-0.003225847805357729,0.01512366068005555,-0.0,0.0,0.0,0.0,0.0,0.0,0.0,0.0,0.0,0.0,0.0,10000.0,0.0,-0.03719163749278831,0.6975306145470385,
2014-04-16,62.40388870239258,47.983211517333984,0.0,0.0,0.0,-0.0,0.016391441184940625,0.026022873393366286,0.0,0.0,0.0,0.0,0.0,0.0,0.0,0.0,0.0,0.0,0.0,10000.0,0.0,-0.02726710707702673,1.2543117673295803,
2014-04-17,62.820533752441406,47.66005325317383,0.0,0.0,0.0,-0.0,0.006676587929252742,-0.006734819407479997,0.0,0.0,0.0,0.0,0.0,0.0,0.0,0.0,0.0,0.0,0.0,10000.0,0.0,-0.018946585090118595,1.680248410072356,
2014-04-21,63.397457122802734,47.930511474609375,0.0,0.0,0.0,-0.0,0.009183675080425502,0.0056747360310080985,0.0,0.0,0.0,0.0,0.0,0.0,0.0,0.0,0.0,0.0,0.0,10000.0,0.0,-0.011200006129596929,2.0165706087450914,
2014-04-22,63.46156692504883,48.12303161621094,0.0,0.0,0.0,-0.0,0.0010112361781626777,0.004016651099238766,0.0,0.0,0.0,0.0,0.0,0.0,0.0,0.0,0.0,0.0,0.0,10000.0,0.0,-0.011177624826399724,1.9174931562175965,
2014-04-23,63.61542510986328,47.85945892333984,0.0,0.0,0.0,-0.0,0.0024244309157410715,-0.0054770591963768656,0.0,0.0,0.0,0.0,0.0,0.0,0.0,0.0,0.0,0.0,0.0,10000.0,0.0,-0.007402017242996606,2.0132376546233544,
2014-04-24,63.23080825805664,47.99238967895508,0.0,0.0,0.0,-0.0,-0.0060459684289212445,0.0027775231606392836,-0.0,0.0,0.0,0.0,0.0,0.0,0.0,0.0,0.0,0.0,0.0,10000.0,0.0,-0.014150200930751144,1.592414766187881,
2014-04-25,62.43592834472656,45.5927734375,0.0,0.0,0.0,-0.0,-0.012571085760694767,-0.04999993243735734,0.0,0.0,0.0,0.0,0.0,0.0,0.0,0.0,0.0,0.0,0.0,10000.0,0.0,-0.014154343847320838,1.5307263717814357,
2014-04-28,62.987213134765625,46.16346740722656,0.0,0.0,0.0,-0.0,0.008829608282514334,0.012517202326129295,0.0,0.0,0.0,0.0,0.0,0.0,0.0,0.0,0.0,0.0,0.0,10000.0,0.0,-0.008430518446335356,1.7442418048903907,
2014-04-29,62.826961517333984,46.44992065429688,0.0,0.0,0.0,-0.0,-0.0025441928521074963,0.006205193482183624,-0.0,0.0,0.0,0.0,0.0,0.0,0.0,0.0,0.0,0.0,0.0,10000.0,0.0,-0.012503150783902406,1.48203387557027,
2014-04-30,63.14106369018555,46.43618392944336,0.0,0.0,0.0,-0.0,0.004999480561620029,-0.00029573193366161377,0.0,0.0,0.0,0.0,0.0,0.0,0.0,0.0,0.0,0.0,0.0,10000.0,0.0,-0.007443201002017674,1.6789430869788398,
2014-05-01,62.89106750488281,47.23375701904297,0.0,0.0,0.0,-0.0,-0.00395932806151944,0.017175681163023038,-0.0,0.0,0.0,0.0,0.0,0.0,0.0,0.0,0.0,0.0,0.0,10000.0,0.0,-0.015609190692969177,1.2386507875503416,
2014-05-02,63.17952728271485,46.85102462768555,0.0,0.0,0.0,-0.0,0.004586657362902091,-0.008102941953211928,0.0,0.0,0.0,0.0,0.0,0.0,0.0,0.0,0.0,0.0,0.0,10000.0,0.0,-0.009027056780626652,1.531221609735159,
2014-05-05,62.78850173950195,47.47212600708008,0.0,0.0,0.0,-0.0,-0.006189117899903618,0.013256943350338224,-0.0,0.0,0.0,0.0,0.0,0.0,0.0,0.0,0.0,0.0,0.0,10000.0,0.0,-0.018482503213845036,1.0190755860563843,
2014-05-06,62.423099517822266,47.06646347045898,0.0,0.0,0.0,-0.0,-0.005819572239447179,-0.008545278476902451,0.0,0.0,0.0,0.0,0.0,0.0,0.0,0.0,0.0,0.0,0.0,10000.0,0.0,-0.022203135974559918,0.7988344386448784,
2014-05-07,63.35260009765625,47.83195114135742,0.0,0.0,0.0,-0.0,0.014890330454812029,0.016263972571019636,0.0,0.0,0.0,0.0,0.0,0.0,0.0,0.0,0.0,0.0,0.0,10000.0,0.0,-0.011400290657559653,1.3362457983253224,
2014-05-08,63.45515060424805,48.33616638183594,0.0,0.0,0.0,-0.0,0.0016187260891220578,0.010541389770791776,0.0,0.0,0.0,0.0,0.0,0.0,0.0,0.0,0.0,0.0,0.0,10000.0,0.0,-0.01236830793462873,1.2431067933251836,
2014-05-09,63.9487533569336,48.3155517578125,0.0,0.0,0.0,-0.0,0.007778765757944894,-0.0004264844642537513,0.0,0.0,0.0,0.0,0.0,0.0,0.0,0.0,0.0,0.0,0.0,10000.0,0.0,-0.004514466259949446,1.6095879284160797,
2014-05-12,65.07056427001953,48.51951599121094,0.0,0.0,0.0,-0.0,0.017542342175530523,0.00422150272485422,0.0,0.0,0.0,0.0,0.0,0.0,0.0,0.0,0.0,0.0,0.0,10000.0,0.0,0.01183714111072065,2.3434691873337825,
2014-05-13,65.7115707397461,48.60203552246094,-1.0,0.0,0.0,-0.0,0.009850943770314036,0.0017007492668505986,0.0,0.0,0.0,0.0,0.0,0.0,0.0,0.0,0.0,0.0,0.0,10000.0,0.0,0.021220907706385517,2.625237014060236,Enter Short Spread
2014-05-14,65.41029357910156,48.188697814941406,-1.0,-1.0,-0.8022105569956678,0.1977894430043322,-0.004584841866552725,-0.008504534904273942,0.0019959013257770737,0.0,1.0,-0.6044211139913356,0.8022105569956678,0.8022105569956678,0.1977894430043322,1.0,0.001,9.410227761279378e-05,0.00090179904816428,10009.017990481643,0.0,0.018731330464594742,2.362445708396944,
2014-05-15,64.82310485839844,47.63530731201172,-1.0,-1.0,-0.8022105569956678,0.1977894430043322,-0.00897700787710165,-0.011483823552461803,0.0049300714252427606,0.0,1.0,-0.6044211139913356,0.8022105569956678,0.0,0.0,0.0,0.0,9.410227761279378e-05,0.004835969147629967,10057.421292681687,0.0,0.012561569788703264,2.001984061871148,
2014-05-16,65.38447570800781,48.17722702026367,-1.0,-1.0,-0.8022105569956678,0.1977894430043322,0.008660042601101203,0.011376429351077189,-0.0046970399739079145,0.0,1.0,-0.6044211139913356,0.8022105569956678,0.0,0.0,0.0,0.0,9.410227761279378e-05,-0.004791142251520708,10009.234756584978,-0.004791142251520553,0.018395242843978976,2.169805773650633,
2014-05-19,65.42317962646484,48.303524017333984,-1.0,-1.0,-0.8022105569956678,0.1977894430043322,0.0005919435468118017,0.002621508228715319,4.364328999098988e-05,0.0,1.0,-0.6044211139913356,0.8022105569956678,0.0,0.0,0.0,0.0,9.410227761279378e-05,-5.04589876218039e-05,10008.72970073229,-0.004841359482954832,0.01834150965504544,2.0622565016868353,
2014-05-20,64.8682632446289,47.74323654174805,-1.0,-1.0,-0.8022105569956678,0.1977894430043322,-0.00848195372044347,-0.011599308476641923,0.004510092055657998,0.0,1.0,-0.6044211139913356,0.8022105569956678,0.0,0.0,0.0,0.0,9.410227761279378e-05,0.004415989778045204,10052.92814878194,-0.0004467490988983025,0.012699968680367602,1.7388600491571498,
2014-05-21,65.64904022216797,48.24382019042969,-1.0,-1.0,-0.8022105569956678,0.1977894430043322,0.012036347799148306,0.010484912313054373,-0.007581880305800054,0.0,1.0,-0.6044211139913356,0.8022105569956678,0.0,0.0,0.0,0.0,9.410227761279378e-05,-0.007675982583412847,9975.76204739959,-0.008119302444008825,0.02209280101530997,2.0843559979647592,
2014-05-22,65.59742736816406,48.07620620727539,-1.0,-1.0,-0.8022105569956678,0.1977894430043322,-0.0007861935807322862,-0.0034743099218238482,-5.648903395629812e-05,0.0,1.0,-0.6044211139913356,0.8022105569956678,0.0,0.0,0.0,0.0,9.410227761279378e-05,-0.00015059131156909192,9974.259784308972,-0.008268671059173838,0.02216440004079645,2.0189482853728675,
2014-05-23,66.28787231445312,48.69616317749024,-1.0,-1.0,-0.8022105569956678,0.1977894430043322,0.01052548817827792,0.012895297260810734,-0.0058931040715566015,0.0,1.0,-0.6044211139913356,0.8022105569956678,0.0,0.0,0.0,0.0,9.410227761279378e-05,-0.005987206349169395,9914.54183280009,-0.014206371168478671,0.029475799315580198,2.2501781049259963,
2014-05-27,66.57174682617188,49.25414657592773,-1.0,-1.0,-0.8022105569956678,0.1977894430043322,0.004282450194993848,0.011458467403349992,-0.001169062870840329,0.0,1.0,-0.6044211139913356,0.8022105569956678,0.0,0.0,0.0,0.0,9.410227761279378e-05,-0.0012631651484531227,9902.018129094016,-0.01545159132398588,0.03094002084330305,2.2160498669754656,
2014-05-28,66.72663879394531,49.09342956542969,-1.0,-1.0,-0.8022105569956678,0.1977894430043322,0.00232669225546811,-0.0032630148255697877,-0.002511886975080906,0.0,1.0,-0.6044211139913356,0.8022105569956678,0.0,0.0,0.0,0.0,9.410227761279378e-05,-0.0026059892526936997,9876.21357626962,-0.01801731389575212,0.034069840300048226,2.2411730663358207,
2014-05-29,67.14602661132812,49.29317855834961,-1.0,-1.0,-0.8022105569956678,0.1977894430043322,0.006285163241593894,0.0040687520649520525,-0.004237268100198142,0.0,1.0,-0.6044211139913356,0.8022105569956678,0.0,0.0,0.0,0.0,9.410227761279378e-05,-0.0043313703778109355,9833.43603734043,-0.022270644613867407,0.03933419629813151,2.3283993430967844,
2014-05-30,67.02989959716797,49.32992172241211,-1.0,-1.0,-0.8022105569956678,0.1977894430043322,-0.0017294696353717942,0.0007454005835514366,0.0015348311657344444,0.0,1.0,-0.6044211139913356,0.8022105569956678,0.0,0.0,0.0,0.0,9.410227761279378e-05,0.0014407288881216505,9847.603352708924,-0.02086200168679797,0.03741951523509213,2.1314072265834545,
2014-06-02,67.15896606445312,49.02911758422852,-1.0,-1.0,-0.8022105569956678,0.1977894430043322,0.0019255059020051313,-0.006097802868536117,-0.0027507421950639602,0.0,1.0,-0.6044211139913356,0.8022105569956678,0.0,0.0,0.0,0.0,9.410227761279378e-05,-0.002844844472676754,9819.588452741858,-0.023647497009286922,0.04085121928054014,2.1456950919197055,
2014-06-03,66.73953247070312,48.52396011352539,-1.0,-1.0,-0.8022105569956678,0.1977894430043322,-0.006245384917740737,-0.010303213592113059,0.0029722468359744325,0.0,1.0,-0.6044211139913356,0.8022105569956678,0.0,0.0,0.0,0.0,9.410227761279378e-05,0.0028781445583616386,9847.850647812467,-0.020837413365761503,0.037139741864717246,1.9036189466134192,
2014-06-04,66.44269561767578,48.5492057800293,-1.0,-1.0,-0.8022105569956678,0.1977894430043322,-0.004447691526122788,0.0005202721798642784,0.003670889441181879,0.0,1.0,-0.6044211139913356,0.8022105569956678,0.0,0.0,0.0,0.0,9.410227761279378e-05,0.003576787163569085,9883.074313598308,-0.017335157194841022,0.03255388731095199,1.6544223823188309,
2014-06-05,66.8621597290039,48.73061752319336,-1.0,-1.0,-0.8022105569956678,0.1977894430043322,0.0063131711835082704,0.0037366572789268027,-0.004325421209634153,0.0,1.0,-0.6044211139913356,0.8022105569956678,0.0,0.0,0.0,0.0,9.410227761279378e-05,-0.004419523487246947,9839.395834543153,-0.0216780675477104,0.03792763742242655,1.7752417531293958,
2014-06-06,66.84276580810547,48.90972518920898,-1.0,-1.0,-0.8022105569956678,0.1977894430043322,-0.00029005824784966716,0.0036754647307797317,0.0009596559104516598,0.0,1.0,-0.6044211139913356,0.8022105569956678,0.0,0.0,0.0,0.0,9.410227761279378e-05,0.0008655536328388661,9847.91235935268,-0.02083127744499047,0.03673299226744675,1.6587894297844434,
2014-06-09,66.77826690673828,48.81328201293945,-1.0,-1.0,-0.8022105569956678,0.1977894430043322,-0.0009649346580354878,-0.0019718609314697266,0.000384067494169672,0.0,1.0,-0.6044211139913356,0.8022105569956678,0.0,0.0,0.0,0.0,9.410227761279378e-05,0.0002899652165568782,9850.767911392593,-0.020547352574309063,0.03625424492646778,1.5799561243860663,
2014-06-10,66.40401458740234,49.19675064086914,-1.0,-1.0,-0.8022105569956678,0.1977894430043322,-0.00560440299923648,0.007855825548219286,0.006049710611167183,0.0,1.0,-0.6044211139913356,0.8022105569956678,0.0,0.0,0.0,0.0,9.410227761279378e-05,0.005955608333554389,9909.435226857593,-0.014714116224978757,0.028704749515617523,1.2696619031955116,
2014-06-11,66.13945770263672,48.83623123168945,-1.0,-1.0,-0.8022105569956678,0.1977894430043322,-0.003984049554976998,-0.0073281142450126735,0.001746622977803271,0.0,1.0,-0.6044211139913356,0.8022105569956678,0.0,0.0,0.0,0.0,9.410227761279378e-05,0.0016525207001904772,9925.810773697172,-0.013085910906434961,0.026526182221180195,1.1548339242012555,
2014-06-12,65.1005630493164,48.627288818359375,-1.0,-1.0,-0.8022105569956678,0.1977894430043322,-0.01570763791247254,-0.004278430338713335,0.011754604605223918,0.0,1.0,-0.6044211139913356,0.8022105569956678,0.0,0.0,0.0,0.0,9.410227761279378e-05,0.011660502327611124,10041.550713327297,-0.0015779968734072058,0.011751005783612545,0.588436186832681,
2014-06-13,65.19091033935547,48.517066955566406,-1.0,-1.0,-0.8022105569956678,0.1977894430043322,0.0013878111925178516,-0.002266666834021658,-0.0015616395603321044,0.0,1.0,-0.6044211139913356,0.8022105569956678,0.0,0.0,0.0,0.0,9.410227761279378e-05,-0.0016557418379448982,10024.924497693395,-0.003231125955908687,0.013697348414307364,0.6350059002597432,
2014-06-16,65.28770446777344,48.27597427368164,-1.0,-1.0,-0.8022105569956678,0.1977894430043322,0.0014847795177901357,-0.004969234477953277,-0.002173967923534486,0.0,1.0,-0.6044211139913356,0.8022105569956678,0.0,0.0,0.0,0.0,9.410227761279378e-05,-0.00226807020114728,10002.187265171426,-0.005491867736559186,0.01640927319590124,0.7116552280270685,
2014-06-17,65.56515502929688,48.406856536865234,-1.0,-1.0,-0.8022105569956678,0.1977894430043322,0.004249660235188468,0.0027111262932075775,-0.0028728901448649554,0.0,1.0,-0.6044211139913356,0.8022105569956678,0.0,0.0,0.0,0.0,9.410227761279378e-05,-0.0029669924224777493,9972.510851347459,-0.008442565829077209,0.019982390448999743,0.8238413817402659,
2014-06-18,66.32656860351562,48.50788497924805,-1.0,-1.0,-0.8022105569956678,0.1977894430043322,0.01161308280104767,0.0020870688495517875,-0.00890333743700072,0.0,1.0,-0.6044211139913356,0.8022105569956678,0.0,0.0,0.0,0.0,9.410227761279378e-05,-0.008997439714613514,9882.78378615913,-0.017364044066607076,0.03101451684346812,1.2230191521264686,
2014-06-19,66.0555648803711,48.29433822631836,-1.0,-1.0,-0.8022105569956678,0.1977894430043322,-0.004085899947041227,-0.004402310119706154,0.002407021605835497,0.0,1.0,-0.6044211139913356,0.8022105569956678,0.0,0.0,0.0,0.0,9.410227761279378e-05,0.002312919328222703,9905.641867794784,-0.015091286371522128,0.028008056870839848,1.0689723366430417,
2014-06-20,66.13945770263672,48.10375213623047,-1.0,-1.0,-0.8022105569956678,0.1977894430043322,0.0012700341359210832,-0.003946344376741684,-0.00179938004775978,0.0,1.0,-0.6044211139913356,0.8022105569956678,0.0,0.0,0.0,0.0,9.410227761279378e-05,-0.0018934823253725739,9886.885709996644,-0.01695619361288303,0.030252203143963707,1.1271860336864208,
2014-06-23,66.11361694335938,48.099151611328125,-1.0,-1.0,-0.8022105569956678,0.1977894430043322,-0.0003907011060405585,-9.563754796748647e-05,0.00029450845455283067,0.0,1.0,-0.6044211139913356,0.8022105569956678,0.0,0.0,0.0,0.0,9.410227761279378e-05,0.00020040617694003687,9888.867102963628,-0.016759185561880385,0.029885006787603863,1.0807152368277626,
2014-06-24,65.6426010131836,47.71338653564453,-1.0,-1.0,-0.8022105569956678,0.1977894430043322,-0.0071243406721993585,-0.008020205404054126,0.004128909339223738,0.0,1.0,-0.6044211139913356,0.8022105569956678,0.0,0.0,0.0,0.0,9.410227761279378e-05,0.004034807061610944,9928.766773781997,-0.01279199858052138,0.024720565087619217,0.839012924825523,
2014-06-25,66.08135986328125,48.005001068115234,-1.0,-1.0,-0.8022105569956678,0.1977894430043322,0.006684056440870334,0.006111796995437624,-0.0041531717169379125,0.0,1.0,-0.6044211139913356,0.8022105569956678,0.0,0.0,0.0,0.0,9.410227761279378e-05,-0.004247273994550706,9886.596580865755,-0.016984941452162672,0.02988007121370473,1.0238441806974,
2014-06-26,66.22976684570312,47.98204803466797,-1.0,-1.0,-0.8022105569956678,0.1977894430043322,0.0022458221611800777,-0.00047813838009702625,-0.001896192970711869,0.0,1.0,-0.6044211139913356,0.8022105569956678,0.0,0.0,0.0,0.0,9.410227761279378e-05,-0.001990295248324663,9866.919334668755,-0.01894143165222195,0.032241291136118067,1.0922341257046617,
2014-06-27,66.2749252319336,48.05551910400391,-1.0,-1.0,-0.8022105569956678,0.1977894430043322,0.0006818442579705764,0.0015312199529886605,-0.0002441235203521269,0.0,1.0,-0.6044211139913356,0.8022105569956678,0.0,0.0,0.0,0.0,9.410227761279378e-05,-0.0003382257979649207,9863.582088003332,-0.01927325096935173,0.03254566105497081,1.0716021070316035,
2014-06-30,66.24268341064453,48.383880615234375,-1.0,-1.0,-0.8022105569956678,0.1977894430043322,-0.0004864859700139945,0.006832961486063827,0.0017417518273741227,0.0,1.0,-0.6044211139913356,0.8022105569956678,0.0,0.0,0.0,0.0,9.410227761279378e-05,0.0016476495497613289,9879.833814589663,-0.01765735698287252,0.030380081997589126,0.9463754935307317,
2014-07-01,66.36529541015625,49.19675064086914,-1.0,-1.0,-0.8022105569956678,0.1977894430043322,0.0018509515798392773,0.0168004305421261,0.001838094901325214,0.0,1.0,-0.6044211139913356,0.8022105569956678,0.0,0.0,0.0,0.0,9.410227761279378e-05,0.0017439926237124202,9897.064171885811,-0.015944158659492613,0.02812149456996116,0.8193284217158973,
2014-07-02,66.81694030761719,49.33222198486328,-1.0,-1.0,-0.8022105569956678,0.1977894430043322,0.006805437912536183,0.002753664464205441,-0.0049147483778190695,0.0,1.0,-0.6044211139913356,0.8022105569956678,0.0,0.0,0.0,0.0,9.410227761279378e-05,-0.005008850655431863,9847.49125552161,-0.020873147405372494,0.0342258819000566,1.0520338817052712,
2014-07-03,67.02989959716797,49.7157096862793,-1.0,-1.0,-0.8022105569956678,0.1977894430043322,0.0031872050496526416,0.00777357447093463,-0.0010192785733823936,0.0,1.0,-0.6044211139913356,0.8022105569956678,0.0,0.0,0.0,0.0,9.410227761279378e-05,-0.0011133808509951875,9836.527247327369,-0.021963288493746624,0.03549881196593074,1.072656482361608,
2014-07-07,66.616943359375,49.76852416992188,-1.0,-1.0,-0.8022105569956678,0.1977894430043322,-0.006160776612746388,0.0010623298747187704,0.005152357672244651,0.0,1.0,-0.6044211139913356,0.8022105569956678,0.0,0.0,0.0,0.0,9.410227761279378e-05,0.005058255394631858,9886.282914340607,-0.017016129021621973,0.02905719519130856,0.7607208372525573,
2014-07-08,66.3975601196289,49.42866897583008,-1.0,-1.0,-0.8022105569956678,0.1977894430043322,-0.003293204831728791,-0.006828717543069129,0.0012911954430844226,0.0,1.0,-0.6044211139913356,0.8022105569956678,0.0,0.0,0.0,0.0,9.410227761279378e-05,0.0011970931654716288,9898.117716049283,-0.01583940574790499,0.027447988765225473,0.6629536857779783,
2014-07-09,66.44916534423828,49.63533782958984,-1.0,-1.0,-0.8022105569956678,0.1977894430043322,0.0007772156765459837,0.004181153529762671,0.000203497406979638,0.0,1.0,-0.6044211139913356,0.8022105569956678,0.0,0.0,0.0,0.0,9.410227761279378e-05,0.00010939512936684421,9899.200521917319,-0.015731743372378926,0.02719616523183932,0.6256650997860715,
2014-07-10,65.87487030029297,49.49296951293945,-1.0,-1.0,-0.8022105569956678,0.1977894430043322,-0.00864262238615321,-0.002868285436862905,0.006365886339364642,0.0,1.0,-0.6044211139913356,0.8022105569956678,0.0,0.0,0.0,0.0,9.410227761279378e-05,0.006271784061751848,9961.286169974766,-0.009558625407973476,0.01922418656532776,0.22459245934079433,
2014-07-11,66.1587905883789,49.828216552734375,-1.0,-1.0,-0.8022105569956678,0.1977894430043322,0.0043099938837325436,0.006773629529488456,-0.002117770182361787,0.0,1.0,-0.6044211139913356,0.8022105569956678,0.0,0.0,0.0,0.0,9.410227761279378e-05,-0.0022118724599745807,9939.253075429473,-0.011749355407652984,0.021860474083553405,0.3214531219665218,
2014-07-14,66.75242614746094,50.753604888916016,-1.0,-1.0,-0.8022105569956678,0.1977894430043322,0.00897289012998237,0.018571572498531586,-0.00352488620883495,0.0,1.0,-0.6044211139913356,0.8022105569956678,0.0,0.0,0.0,0.0,9.410227761279378e-05,-0.0036189884864477437,9903.283032985604,-0.015325823112157244,0.02625642298008113,0.5202640927464663,
2014-07-15,67.29447174072266,50.92582321166992,-1.0,-1.0,-0.8022105569956678,0.1977894430043322,0.008120238087890641,0.0033932234593156974,-0.005842996941416902,0.0,1.0,-0.6044211139913356,0.8022105569956678,0.0,0.0,0.0,0.0,9.410227761279378e-05,-0.005937099219029696,9844.486259024634,-0.021171931398756838,0.03350866756312276,0.8794164962859325,
2014-07-16,67.44286346435547,51.130184173583984,-1.0,-1.0,-0.8022105569956678,0.1977894430043322,0.0022051101642426296,0.0040129142550067165,-0.0009752505777719652,0.0,1.0,-0.6044211139913356,0.8022105569956678,0.0,0.0,0.0,0.0,9.410227761279378e-05,-0.001069352855384759,9833.95902953375,-0.02221864398884643,0.034723923775468846,0.9162209237367371,
2014-07-17,66.2362060546875,50.03029251098633,-1.0,-1.0,-0.8022105569956678,0.1977894430043322,-0.017891550679868473,-0.021511592034630378,0.010098025029747534,0.0,1.0,-0.6044211139913356,0.8022105569956678,0.0,0.0,0.0,0.0,9.410227761279378e-05,0.01000392275213474,9932.337196012862,-0.012436994834833293,0.022032064202456514,0.19113514714578625,
2014-07-18,66.99118041992188,50.56300735473633,-1.0,-1.0,-0.8022105569956678,0.1977894430043322,0.0113982127027481,0.010647845875236817,-0.007037735056167584,0.0,1.0,-0.6044211139913356,0.8022105569956678,0.0,0.0,0.0,0.0,9.410227761279378e-05,-0.007131837333780378,9861.501382786642,-0.019480133544530598,0.030754399896477658,0.656049206453791,
2014-07-21,67.14602661132812,50.337982177734375,-1.0,-1.0,-0.8022105569956678,0.1977894430043322,0.0023114414529736838,-0.004450391477374693,-0.0027345031869140625,0.0,1.0,-0.6044211139913356,0.8022105569956678,0.0,0.0,0.0,0.0,9.410227761279378e-05,-0.0028286054645268563,9833.607086086851,-0.022253637396863812,0.0341628915797203,0.8260688540946571,
2014-07-22,67.4170913696289,50.806396484375,-1.0,-1.0,-0.8022105569956678,0.1977894430043322,0.004036944134756082,0.009305385046757264,-0.0013979722775641094,0.0,1.0,-0.6044211139913356,0.8022105569956678,0.0,0.0,0.0,0.0,9.410227761279378e-05,-0.0014920745551769033,9818.934611168095,-0.023712507865920607,0.03590802392982528,0.9048156525827408,
2014-07-23,67.32671356201172,50.79263687133789,-1.0,-1.0,-0.8022105569956678,0.1977894430043322,-0.0013405770818807339,-0.0002708244234825852,0.0010218588756785805,0.0,1.0,-0.6044211139913356,0.8022105569956678,0.0,0.0,0.0,0.0,9.410227761279378e-05,0.0009277565980657867,9828.044192539583,-0.022806750703484147,0.03463332977138256,0.8019018588604335,
2014-07-24,67.1654052734375,51.1462516784668,-1.0,-1.0,-0.8022105569956678,0.1977894430043322,-0.002395903201567129,0.006961930486590884,0.0032990151950145607,0.0,1.0,-0.6044211139913356,0.8022105569956678,0.0,0.0,0.0,0.0,9.410227761279378e-05,0.003204912917401767,9859.542218325048,-0.019674931436015952,0.03052399688971863,0.5231138635938407,
2014-07-25,66.82986450195312,49.316165924072266,-1.0,-1.0,-0.8022105569956678,0.1977894430043322,-0.004995738060663113,-0.0357814247249133,-0.00306955425399303,0.0,1.0,-0.6044211139913356,0.8022105569956678,0.0,0.0,0.0,0.0,9.410227761279378e-05,-0.003163656531605824,9828.3500131874,-0.022776343242275288,0.034499549106220995,0.7527406009262598,
2014-07-28,66.24268341064453,49.18986511230469,-1.0,-1.0,-0.8022105569956678,0.1977894430043322,-0.008786208017695918,-0.002561042802111446,0.006541841598415767,0.0,1.0,-0.6044211139913356,0.8022105569956678,0.0,0.0,0.0,0.0,9.410227761279378e-05,0.006447739320802974,9891.720652026044,-0.01647545984537957,0.026306763972264613,0.17837098657851014,
2014-07-29,63.79067993164063,49.0245361328125,0.0,-1.0,-0.8022105569956678,0.1977894430043322,-0.037015461221637125,-0.0033610374640127283,0.029029416036137286,0.0,1.0,-0.6044211139913356,0.8022105569956678,0.0,0.0,0.0,0.0,9.410227761279378e-05,0.028935313758524494,10177.940692704093,0.0,-0.010581080514660002,-2.378081414935409,Exit Short Spread
2014-07-30,64.10686492919922,49.15312576293945,0.0,0.0,0.0,-0.0,0.004956601777836855,0.0026229647492959085,0.0,0.0,0.0,0.0,0.0,0.8022105569956678,0.1977894430043322,1.0,0.001,0.0,-0.001,10167.76275201139,-0.0009999999999998899,-0.006282582026861605,-2.1724377753797297,
2014-07-31,62.64856719970703,48.4527702331543,1.0,0.0,0.0,-0.0,-0.0227479183563688,-0.014248443388176324,0.0,0.0,0.0,0.0,0.0,0.0,0.0,0.0,0.0,0.0,0.0,10167.76275201139,-0.0009999999999998899,-0.025754925902945813,-3.5175077350682704,Enter Long Spread
2014-08-01,62.60981369018555,48.636474609375,1.0,1.0,0.8022105569956678,-0.1977894430043322,-0.000618585727554577,0.003791411210065432,-0.0012461371124903504,0.0,1.0,0.6044211139913356,0.1977894430043322,0.8022105569956678,0.1977894430043322,1.0,0.001,2.3201436221655254e-05,-0.0022693385487120056,10144.688656044093,-0.003267069210163176,-0.027306728778776157,-3.4178598773441107,
2014-08-04,62.70665740966797,48.71682357788086,1.0,1.0,0.8022105569956678,-0.1977894430043322,0.0015467817866643419,0.0016520310970560281,0.0009140903681182081,0.0,1.0,0.6044211139913356,0.1977894430043322,0.0,0.0,0.0,0.0,2.3201436221655254e-05,0.0008908889318965528,10153.726446885299,-0.002379090874065626,-0.026168123336765547,-3.1876705469144038,
2014-08-05,62.27431106567383,48.3448600769043,1.0,1.0,0.8022105569956678,-0.1977894430043322,-0.006894743905253686,-0.007635216618380847,-0.0040208711064090765,0.0,1.0,0.6044211139913356,0.1977894430043322,0.0,0.0,0.0,0.0,2.3201436221655254e-05,-0.004044072542630732,10112.664040556065,-0.006413542200616296,-0.03119701752937465,-3.2461757367342825,
2014-08-06,61.77099990844727,48.37929153442383,1.0,1.0,0.8022105569956678,-0.1977894430043322,-0.008082163393116737,0.0007122051333845469,-0.0066244634539591295,0.0,1.0,0.6044211139913356,0.1977894430043322,0.0,0.0,0.0,0.0,2.3201436221655254e-05,-0.006647664890180785,10045.438438867466,-0.013018572011488372,-0.03948755426552575,-3.3378474398197984,
2014-08-07,61.33222961425781,48.00041580200195,1.0,1.0,0.8022105569956678,-0.1977894430043322,-0.007103176164215852,-0.007831361733610542,-0.004149282231877679,0.0,1.0,0.6044211139913356,0.1977894430043322,0.0,0.0,0.0,0.0,2.3201436221655254e-05,-0.004172483668099335,10003.524011042395,-0.01713673590048781,-0.044677612245837106,-3.229795072580602,
2014-08-08,61.906517028808594,48.32648468017578,1.0,1.0,0.8022105569956678,-0.1977894430043322,0.009363550259997133,0.00679304278360493,0.006167946721055412,0.0,1.0,0.6044211139913356,0.1977894430043322,0.0,0.0,0.0,0.0,2.3201436221655254e-05,0.0061447452848337565,10064.99311804097,-0.01109729149277594,-0.0370268274161083,-2.6372556501707316,
2014-08-11,61.99039840698242,48.35404586791992,1.0,1.0,0.8022105569956678,-0.1977894430043322,0.0013549684621216862,0.0005703122816926864,0.0009741682561756749,0.0,1.0,0.6044211139913356,0.1977894430043322,0.0,0.0,0.0,0.0,2.3201436221655254e-05,0.0009509668199540196,10074.564592539295,-0.010156877828822686,-0.035813349656355964,-2.4171263510482395,
2014-08-12,62.209774017333984,48.28974151611328,1.0,1.0,0.8022105569956678,-0.1977894430043322,0.0035388643401079722,-0.0013298649710158372,0.0031019475852983175,0.0,1.0,0.6044211139913356,0.1977894430043322,0.0,0.0,0.0,0.0,2.3201436221655254e-05,0.0030787461490766623,10105.5816194822,-0.007109402128248066,-0.03195262859472159,-2.1245339103428402,
2014-08-13,62.34529495239258,48.64171600341797,1.0,1.0,0.8022105569956678,-0.1977894430043322,0.0021784508495534816,0.007288804542207705,0.00030592767883727556,0.0,1.0,0.6044211139913356,0.1977894430043322,0.0,0.0,0.0,0.0,2.3201436221655254e-05,0.0002827262426156203,10108.438732602923,-0.006828685900183262,-0.03156712445526344,-2.001543880251878,
2014-08-14,62.42325973510742,48.89249420166016,1.0,1.0,0.8022105569956678,-0.1977894430043322,0.001250531941093147,0.00515561988447466,-1.653726028709554e-05,0.0,1.0,0.6044211139913356,0.1977894430043322,0.0,0.0,0.0,0.0,2.3201436221655254e-05,-3.97386965087508e-05,10108.03703642395,-0.006868153233615559,-0.031585254777145244,-1.9108470063210246,
2014-08-15,62.93007278442383,48.35646057128906,1.0,1.0,0.8022105569956678,-0.1977894430043322,0.008118977628964963,-0.010963515752749231,0.008681597240072841,0.0,1.0,0.6044211139913356,0.1977894430043322,0.0,0.0,0.0,0.0,2.3201436221655254e-05,0.008658395803851186,10195.556421885294,0.0,-0.02078101635091334,-1.4312006271525421,
2014-08-18,63.43040466308594,49.30660629272461,1.0,1.0,0.8022105569956678,-0.1977894430043322,0.007950600667125718,0.019648785502710764,0.0024917334493322904,0.0,1.0,0.6044211139913356,0.1977894430043322,0.0,0.0,0.0,0.0,2.3201436221655254e-05,0.0024685320131106353,10220.724479304194,0.0,-0.017659391722271933,-1.267338063666708,
2014-08-19,63.852760314941406,49.46305084228516,1.0,1.0,0.8022105569956678,-0.1977894430043322,0.006658567828769613,0.0031728922617746402,0.004714008813541544,0.0,1.0,0.6044211139913356,0.1977894430043322,0.0,0.0,0.0,0.0,2.3201436221655254e-05,0.004690807377319888,10268.667929093266,0.0,-0.011803949899979571,-1.010483102840691,
2014-08-20,64.19712829589844,49.73912048339844,1.0,1.0,0.8022105569956678,-0.1977894430043322,0.005393157308446916,0.005581330637965065,0.003222519450268333,0.0,1.0,0.6044211139913356,0.1977894430043322,0.0,0.0,0.0,0.0,2.3201436221655254e-05,0.003199318014046678,10301.520663379079,0.0,-0.007797565450802013,-0.8312913007634916,
2014-08-21,63.94370651245117,49.63560485839844,1.0,1.0,0.8022105569956678,-0.1977894430043322,-0.003947556381014294,-0.002081171198725751,-0.002755137710992655,0.0,1.0,0.6044211139913356,0.1977894430043322,0.0,0.0,0.0,0.0,2.3201436221655254e-05,-0.00277833914721431,10272.899545244176,-0.0027783391472142593,-0.011239275054670261,-0.9308750075883198,
2014-08-22,63.52787780761719,49.71382522583008,1.0,1.0,0.8022105569956678,-0.1977894430043322,-0.00650304349737707,0.001575892298578685,-0.005528505006168609,0.0,1.0,0.6044211139913356,0.1977894430043322,0.0,0.0,0.0,0.0,2.3201436221655254e-05,-0.005551706442390265,10215.867422656816,-0.008314621066261685,-0.018151794576952596,-1.1526065800865457,
2014-08-25,63.61235427856445,49.697731018066406,1.0,1.0,0.8022105569956678,-0.1977894430043322,0.001329754335617661,-0.00032373706289068327,0.0011307747395922548,0.0,1.0,0.6044211139913356,0.1977894430043322,0.0,0.0,0.0,0.0,2.3201436221655254e-05,0.0011075733033705996,10227.182244684926,-0.007216256815211652,-0.016743091497953277,-1.0632074993412894,
2014-08-26,63.300437927246094,49.86106491088867,1.0,1.0,0.8022105569956678,-0.1977894430043322,-0.004903392664142747,0.0032865462763860265,-0.004583597517684779,0.0,1.0,0.6044211139913356,0.1977894430043322,0.0,0.0,0.0,0.0,2.3201436221655254e-05,-0.004606798953906434,10180.0676722187,-0.011789811924770688,-0.022467532708713822,-1.2357132336517158,
2014-08-27,63.27445983886719,49.95307922363281,1.0,1.0,0.8022105569956678,-0.1977894430043322,-0.00041039350168103894,0.0018454141103603217,-0.0006942254285714521,0.0,1.0,0.6044211139913356,0.1977894430043322,0.0,0.0,0.0,0.0,2.3201436221655254e-05,-0.0007174268647931074,10172.764218185237,-0.01249878046175823,-0.02333258817180628,-1.225079706189531,
2014-08-28,63.31345748901367,49.37101745605469,1.0,1.0,0.8022105569956678,-0.1977894430043322,0.0006163252953212961,-0.011652169928750844,0.002799098858449675,0.0,1.0,0.6044211139913356,0.1977894430043322,0.0,0.0,0.0,0.0,2.3201436221655254e-05,0.0027758974222280197,10201.002768155431,-0.00975757837199498,-0.01982667691486184,-1.0579646482469218,
2014-08-29,63.24197769165039,48.89249420166016,1.0,1.0,0.8022105569956678,-0.1977894430043322,-0.001128982687064406,-0.00969239199537375,0.0010113709839162195,0.0,1.0,0.6044211139913356,0.1977894430043322,0.0,0.0,0.0,0.0,2.3201436221655254e-05,0.0009881695476945643,10211.08308844687,-0.008779050966106872,-0.018554928214097877,-0.977526801231241,
2014-09-02,63.64483642578125,49.40093231201172,1.0,1.0,0.8022105569956678,-0.1977894430043322,0.006370116002619053,0.0103991035567641,0.0030533414063513057,0.0,1.0,0.6044211139913356,0.1977894430043322,0.0,0.0,0.0,0.0,2.3201436221655254e-05,0.0030301399701296505,10242.024099451488,-0.00577551274920951,-0.014755732341797834,-0.8072690430131978,
2014-09-03,63.657833099365234,49.440040588378906,1.0,1.0,0.8022105569956678,-0.1977894430043322,0.00020420625323058772,0.0007916505729119727,7.2362862757885935e-06,0.0,1.0,0.6044211139913356,0.1977894430043322,0.0,0.0,0.0,0.0,2.3201436221655254e-05,-1.596514994586666e-05,10241.86058400099,-0.005791385692228368,-0.014746655537705045,-0.7791670478077959,
2014-09-04,63.98272705078125,49.29280471801758,1.0,1.0,0.8022105569956678,-0.1977894430043322,0.0051037544886092245,-0.0029780693666326963,0.0046833164123308915,0.0,1.0,0.6044211139913356,0.1977894430043322,0.0,0.0,0.0,0.0,2.3201436221655254e-05,0.004660114976109236,10289.588831891717,-0.0011582592393157842,-0.008920526096295234,-0.5378323336891999,
2014-09-05,64.23612213134766,49.28131484985352,1.0,1.0,0.8022105569956678,-0.1977894430043322,0.0039603669966317145,-0.00023309422601902607,0.003223151791407017,0.0,1.0,0.6044211139913356,0.1977894430043322,0.0,0.0,0.0,0.0,2.3201436221655254e-05,0.0031999503551853616,10322.51500532904,0.0,-0.00491050334111609,-0.36776525899206813,
2014-09-08,63.95021057128906,49.64019775390625,1.0,1.0,0.8022105569956678,-0.1977894430043322,-0.004450946765964026,0.007282332160701177,-0.005010964906119688,0.0,1.0,0.6044211139913356,0.1977894430043322,0.0,0.0,0.0,0.0,2.3201436221655254e-05,-0.005034166342341343,10270.549747720901,-0.0050341663423411065,-0.01116037812886772,-0.5895269982578819,
2014-09-09,63.48889923095703,49.29739761352539,1.0,1.0,0.8022105569956678,-0.1977894430043322,-0.007213601584904583,-0.006905696509919457,-0.004420953479117208,0.0,1.0,0.6044211139913356,0.1977894430043322,0.0,0.0,0.0,0.0,2.3201436221655254e-05,-0.004444154915338863,10224.905833576335,-0.009455948642585033,-0.016691579774271603,-0.7769816357171657,
2014-09-10,63.43040466308594,49.89555740356445,1.0,1.0,0.8022105569956678,-0.1977894430043322,-0.0009213353606636332,0.012133699119950103,-0.003139022543374864,0.0,1.0,0.6044211139913356,0.1977894430043322,0.0,0.0,0.0,0.0,2.3201436221655254e-05,-0.0031622239795965194,10192.572391160282,-0.012588270794634315,-0.02058696607149757,-0.8964191203750742,
2014-09-11,63.63835144042969,49.45155334472656,1.0,1.0,0.8022105569956678,-0.1977894430043322,0.0032783454314735394,-0.008898669179035368,0.004389986135007814,0.0,1.0,0.6044211139913356,0.1977894430043322,0.0,0.0,0.0,0.0,2.3201436221655254e-05,0.004366784698786159,10237.081160319272,-0.008276456364138207,-0.015110146457137152,-0.6682216355516333,
2014-09-12,63.70982360839844,49.242183685302734,1.0,1.0,0.8022105569956678,-0.1977894430043322,0.0011230989859261076,-0.004233833828521272,0.001738369497777174,0.0,1.0,0.6044211139913356,0.1977894430043322,0.0,0.0,0.0,0.0,2.3201436221655254e-05,0.001715168061555519,10254.639474969003,-0.006575483816201433,-0.012941586509432113,-0.5631282242619172,
2014-09-15,63.43040466308594,49.3802375793457,1.0,1.0,0.8022105569956678,-0.1977894430043322,-0.004385806293076389,0.002803569697990005,-0.0040728565982331814,0.0,1.0,0.6044211139913356,0.1977894430043322,0.0,0.0,0.0,0.0,2.3201436221655254e-05,-0.004096058034454837,10212.635876557119,-0.010644608287340374,-0.01802730709981959,-0.729324134276725,
2014-09-16,63.65133285522461,49.99220657348633,1.0,1.0,0.8022105569956678,-0.1977894430043322,0.0034830014613991267,0.012392994123555878,0.0003428971375116388,0.0,1.0,0.6044211139913356,0.1977894430043322,0.0,0.0,0.0,0.0,2.3201436221655254e-05,0.00031969570128998354,10215.900812345695,-0.010328315621561668,-0.017587139596685453,-0.6867204300646407,
2014-09-17,64.58049774169922,49.58498001098633,1.0,1.0,0.8022105569956678,-0.1977894430043322,0.014597728669531573,-0.008145800924017954,0.013321605474442237,0.0,1.0,0.6044211139913356,0.1977894430043322,0.0,0.0,0.0,0.0,2.3201436221655254e-05,0.013298404038220583,10351.755988962654,0.0,-0.0010783152159162812,-0.03616309014188293,
2014-09-18,64.73643493652344,49.79431915283203,0.0,1.0,0.8022105569956678,-0.1977894430043322,0.0024146174197652304,0.004221825677842794,0.001101999035959394,0.0,1.0,0.6044211139913356,0.1977894430043322,0.0,0.0,0.0,0.0,2.3201436221655254e-05,0.001078797599737739,10362.923438476617,0.0,0.0002946683785008952,0.03290266703365442,Exit Long Spread
2014-09-19,64.61300659179688,49.750614166259766,0.0,0.0,0.0,-0.0,-0.0019066286990870873,-0.0008777102953877458,0.0,0.0,0.0,0.0,0.0,0.8022105569956678,0.1977894430043322,1.0,0.001,0.0,-0.001,10352.56051503814,-0.0010000000000000009,-0.0013972809045329493,-0.01286025119078398,
2014-09-22,63.76826858520508,49.20537185668945,0.0,0.0,0.0,-0.0,-0.013073807444506702,-0.010959509117780653,0.0,0.0,0.0,0.0,0.0,0.0,0.0,0.0,0.0,0.0,0.0,10352.56051503814,-0.0010000000000000009,-0.011840259254386476,-0.4010495471666558,
2014-09-23,63.23550033569336,48.87868881225586,0.0,0.0,0.0,-0.0,-0.008354754822923471,-0.006639174384964641,0.0,0.0,0.0,0.0,0.0,0.0,0.0,0.0,0.0,0.0,0.0,10352.56051503814,-0.0010000000000000009,-0.01858772746395776,-0.6448037077221045,
2014-09-24,63.729305267333984,49.32731246948242,0.0,0.0,0.0,-0.0,0.007808982755243443,0.00917830793190344,0.0,0.0,0.0,0.0,0.0,0.0,0.0,0.0,0.0,0.0,0.0,10352.56051503814,-0.0010000000000000009,-0.013061717542140916,-0.39735768174662983,
2014-09-25,62.722164154052734,48.47607803344727,0.0,0.0,0.0,-0.0,-0.015803422131411282,-0.017256858187070012,0.0,0.0,0.0,0.0,0.0,0.0,0.0,0.0,0.0,0.0,0.0,10352.56051503814,-0.0010000000000000009,-0.02469943156915333,-0.8459305003993425,
2014-09-26,63.33944320678711,48.759063720703125,0.0,0.0,0.0,-0.0,0.009841482051197614,0.005837635772856897,0.0,0.0,0.0,0.0,0.0,0.0,0.0,0.0,0.0,0.0,0.0,10352.56051503814,-0.0010000000000000009,-0.016341178055524375,-0.47450990471617593,
2014-09-29,63.24845886230469,48.52669143676758,0.0,0.0,0.0,-0.0,-0.0014364563355155902,-0.0047657248971514354,0.0,0.0,0.0,0.0,0.0,0.0,0.0,0.0,0.0,0.0,0.0,10352.56051503814,-0.0010000000000000009,-0.016600842462949572,-0.4596001341966025,
2014-09-30,63.86576461791992,49.08805465698242,0.0,0.0,0.0,-0.0,0.009760012602981316,0.011568132992259006,0.0,0.0,0.0,0.0,0.0,0.0,0.0,0.0,0.0,0.0,0.0,10352.56051503814,-0.0010000000000000009,-0.009723967096558983,-0.1369099152929468,
2014-10-01,62.97560119628906,48.31504821777344,0.0,0.0,0.0,-0.0,-0.013938037490920263,-0.0157473431084324,0.0,0.0,0.0,0.0,0.0,0.0,0.0,0.0,0.0,0.0,0.0,10352.56051503814,-0.0010000000000000009,-0.01984656169613619,-0.5579483702239388,
2014-10-02,63.1185188293457,48.24832534790039,0.0,0.0,0.0,-0.0,0.002269412762113676,-0.001380995618017411,0.0,0.0,0.0,0.0,0.0,0.0,0.0,0.0,0.0,0.0,0.0,10352.56051503814,-0.0010000000000000009,-0.017238992739936787,-0.4157404252564855,
2014-10-03,64.19062805175781,48.77056503295898,0.0,0.0,0.0,-0.0,0.016985652424936992,0.01082399609298168,0.0,0.0,0.0,0.0,0.0,0.0,0.0,0.0,0.0,0.0,0.0,10352.56051503814,-0.0010000000000000009,-0.0030503598249019825,0.2534034981545605,
2014-10-06,64.04119873046875,48.72455596923828,0.0,0.0,0.0,-0.0,-0.0023278993495526867,-0.0009433777051711667,0.0,0.0,0.0,0.0,0.0,0.0,0.0,0.0,0.0,0.0,0.0,10352.56051503814,-0.0010000000000000009,-0.0051482681800657515,0.18006401303888878,
2014-10-07,62.65718078613281,47.86412048339844,0.0,0.0,0.0,-0.0,-0.021611368490475624,-0.017659175516818837,0.0,0.0,0.0,0.0,0.0,0.0,0.0,0.0,0.0,0.0,0.0,10352.56051503814,-0.0010000000000000009,-0.022603712676104726,-0.6165865068379736,
2014-10-08,63.76826858520508,48.85569763183594,0.0,0.0,0.0,-0.0,0.017732808676227174,0.02071650201493669,0.0,0.0,0.0,0.0,0.0,0.0,0.0,0.0,0.0,0.0,0.0,10352.56051503814,-0.0010000000000000009,-0.010081875890395331,0.02144148233274518,
2014-10-09,62.722164154052734,47.785911560058594,0.0,0.0,0.0,-0.0,-0.016404780220033333,-0.021896853870330135,0.0,0.0,0.0,0.0,0.0,0.0,0.0,0.0,0.0,0.0,0.0,10352.56051503814,-0.0010000000000000009,-0.021163928678396338,-0.5071758750949983,
2014-10-10,62.23484802246094,47.1578483581543,0.0,0.0,0.0,-0.0,-0.007769440646130943,-0.01314327134086224,0.0,0.0,0.0,0.0,0.0,0.0,0.0,0.0,0.0,0.0,0.0,10352.56051503814,-0.0010000000000000009,-0.02570167840075177,-0.7181386527109048,
2014-10-13,61.513614654541016,46.996803283691406,0.0,0.0,0.0,-0.0,-0.011588898998510011,-0.0034150216786776877,0.0,0.0,0.0,0.0,0.0,0.0,0.0,0.0,0.0,0.0,0.0,10352.56051503814,-0.0010000000000000009,-0.036514818600052346,-1.2761314301212963,
2014-10-14,62.247840881347656,46.63790512084961,0.0,0.0,0.0,-0.0,0.011935995485390372,-0.007636650532916955,0.0,0.0,0.0,0.0,0.0,0.0,0.0,0.0,0.0,0.0,0.0,10352.56051503814,-0.0010000000000000009,-0.02275941076229515,-0.4944357804572237,
2014-10-15,62.67019271850586,46.06964874267578,0.0,0.0,0.0,-0.0,0.00678500380379865,-0.012184431884351254,0.0,0.0,0.0,0.0,0.0,0.0,0.0,0.0,0.0,0.0,0.0,10352.56051503814,-0.0010000000000000009,-0.01297473063541088,0.13597132077140942,
2014-10-16,62.13737106323242,46.70232772827149,0.0,0.0,0.0,-0.0,-0.008501994842535443,0.013733097665440619,-0.0,0.0,0.0,0.0,0.0,0.0,0.0,0.0,0.0,0.0,0.0,10352.56051503814,-0.0010000000000000009,-0.024876005431797354,-0.606254235906658,
2014-10-17,63.19648742675781,47.39250564575195,0.0,0.0,0.0,-0.0,0.01704475656763149,0.014778233785179395,0.0,0.0,0.0,0.0,0.0,0.0,0.0,0.0,0.0,0.0,0.0,10352.56051503814,-0.0010000000000000009,-0.011591875015256048,0.39783109494500946,
2014-10-20,63.729305267333984,47.818115234375,0.0,0.0,0.0,-0.0,0.008431130625633054,0.008980525144721918,0.0,0.0,0.0,0.0,0.0,0.0,0.0,0.0,0.0,0.0,0.0,10352.56051503814,-0.0010000000000000009,-0.005400402718636066,1.0583503633386764,
2014-10-21,65.46417999267578,49.07424545288086,-1.0,0.0,0.0,-0.0,0.0272225582573713,0.026268919474326413,0.0,0.0,0.0,0.0,0.0,0.0,0.0,0.0,0.0,0.0,0.0,10352.56051503814,-0.0010000000000000009,0.015065072297906767,3.039755132741211,Enter Short Spread
2014-10-22,64.3660659790039,48.52440643310547,-1.0,-1.0,-0.8022105569956678,0.1977894430043322,-0.01677427279765409,-0.011204227690129742,0.011240420770078887,0.0,1.0,-0.6044211139913356,0.8022105569956678,0.8022105569956678,0.1977894430043322,1.0,0.001,9.410227761279378e-05,0.010146318492466092,10457.600891236247,0.0,0.0009265744560509326,1.674075010097216,
2014-10-23,65.28875732421875,49.29739761352539,-1.0,-1.0,-0.8022105569956678,0.1977894430043322,0.014335058872726902,0.015929946128976358,-0.008348960390916687,0.0,1.0,-0.6044211139913356,0.8022105569956678,0.0,0.0,0.0,0.0,9.410227761279378e-05,-0.008443062668529481,10369.30671154907,-0.008443062668529344,0.011263196715264434,2.4719042944929934,
2014-10-24,65.3602294921875,49.11336517333984,-1.0,-1.0,-0.8022105569956678,0.1977894430043322,0.0010947086588557475,-0.003733106595774194,-0.0016165559172226264,0.0,1.0,-0.6044211139913356,0.8022105569956678,0.0,0.0,0.0,0.0,9.410227761279378e-05,-0.0017106581948354203,10351.5683720482,-0.010139277669021118,0.013279446961681596,2.465147750079432,
2014-10-27,66.43882751464844,49.09726333618164,-1.0,-1.0,-0.8022105569956678,0.1977894430043322,0.016502359781185527,-0.0003278504150828754,-0.013303212582795728,0.0,1.0,-0.6044211139913356,0.8022105569956678,0.0,0.0,0.0,0.0,9.410227761279378e-05,-0.013397314860408523,10212.885151268822,-0.0234007534340408,0.029727969105966756,3.385828328795028,
2014-10-28,66.8612060546875,49.85646057128906,-1.0,-1.0,-0.8022105569956678,0.1977894430043322,0.006357405087348056,0.015463127341925453,-0.002041534132104081,0.0,1.0,-0.6044211139913356,0.8022105569956678,0.0,0.0,0.0,0.0,9.410227761279378e-05,-0.002135636409716875,10191.074141891517,-0.02548641434270904,0.03228190804430764,3.20194389717548,
2014-10-29,66.67925262451172,49.38484191894531,-1.0,-1.0,-0.8022105569956678,0.1977894430043322,-0.002721360276195961,-0.00945952935566674,0.0003121089006125923,0.0,1.0,-0.6044211139913356,0.8022105569956678,0.0,0.0,0.0,0.0,9.410227761279378e-05,0.00021800662299979848,10193.295863549929,-0.025273963926832677,0.03190023862857916,2.905238046468008,
2014-10-30,67.11459350585938,54.44386291503906,-1.0,-1.0,-0.8022105569956678,0.1977894430043322,0.00652888063696766,0.1024407652128776,0.015024164920052575,0.0,1.0,-0.6044211139913356,0.8022105569956678,0.0,0.0,0.0,0.0,9.410227761279378e-05,0.014930062642439781,10345.482409325652,-0.010721243149043214,0.014362176820747363,1.723561314594625,
2014-10-31,68.16722106933594,55.54353713989258,-1.0,-1.0,-0.8022105569956678,0.1977894430043322,0.01568403395581419,0.020198313748779784,-0.008586884389634772,0.0,1.0,-0.6044211139913356,0.8022105569956678,0.0,0.0,0.0,0.0,9.410227761279378e-05,-0.008680986667247566,10255.673414464052,-0.01930915884745754,0.024994108331313547,2.3034129758523374,
2014-11-03,68.64155578613281,55.56886672973633,-1.0,-1.0,-0.8022105569956678,0.1977894430043322,0.006958398910150709,0.00045603127110815933,-0.005491902894405007,0.0,1.0,-0.6044211139913356,0.8022105569956678,0.0,0.0,0.0,0.0,9.410227761279378e-05,-0.005586005172017801,10198.38516972833,-0.02478730295828624,0.03181599790917666,2.565792262306593,
2014-11-04,69.57722473144531,55.89785385131836,-1.0,-1.0,-0.8022105569956678,0.1977894430043322,0.013631231614676276,0.005920349665975433,-0.009764135243322246,0.0,1.0,-0.6044211139913356,0.8022105569956678,0.0,0.0,0.0,0.0,9.410227761279378e-05,-0.00985823752093504,10097.847066395167,-0.03440118135915515,0.04389976909115556,3.022549064739332,
2014-11-05,69.8761215209961,57.40705108642578,-1.0,-1.0,-0.8022105569956678,0.1977894430043322,0.004295899853787866,0.02699919820037655,0.0018939401591112751,0.0,1.0,-0.6044211139913356,0.8022105569956678,0.0,0.0,0.0,0.0,9.410227761279378e-05,0.0017998378814984813,10116.021554066843,-0.032663260027035124,0.041617945195971284,2.683637651557244,
2014-11-06,70.3634262084961,57.5358772277832,-1.0,-1.0,-0.8022105569956678,0.1977894430043322,0.006973837083295686,0.0022440821975593384,-0.0051506299630764765,0.0,1.0,-0.6044211139913356,0.8022105569956678,0.0,0.0,0.0,0.0,9.410227761279378e-05,-0.00524473224068927,10062.965729674723,-0.03773668221477444,0.04801490657472873,2.795809920204084,
2014-11-07,70.38943481445312,58.07421875,-1.0,-1.0,-0.8022105569956678,0.1977894430043322,0.000369632454792157,0.009356623174189505,0.0015541182285818767,0.0,1.0,-0.6044211139913356,0.8022105569956678,0.0,0.0,0.0,0.0,9.410227761279378e-05,0.0014600159509690828,10077.657820154102,-0.036331762421775715,0.04608826928880072,2.5205844922105185,
2014-11-10,70.85726165771484,57.5634880065918,-1.0,-1.0,-0.8022105569956678,0.1977894430043322,0.006646265089283787,-0.008794448800195087,-0.007071153148935912,0.0,1.0,-0.6044211139913356,0.8022105569956678,0.0,0.0,0.0,0.0,9.410227761279378e-05,-0.007165255426548706,10005.44882777134,-0.04323669149047571,0.05489045611474952,2.7179041896448224,
2014-11-11,70.66883850097656,57.45305252075195,-1.0,-1.0,-0.8022105569956678,0.1977894430043322,-0.0026591933180890592,-0.0019184988551631532,0.001753774132896213,0.0,1.0,-0.6044211139913356,0.8022105569956678,0.0,0.0,0.0,0.0,9.410227761279378e-05,0.001659671855283419,10022.054589590272,-0.041648778355174554,0.05270119167113019,2.4383316684958056,
2014-11-12,70.57787322998047,58.07541275024414,-1.0,-1.0,-0.8022105569956678,0.1977894430043322,-0.0012872048405725423,0.010832500662473876,0.0031751635844979864,0.0,1.0,-0.6044211139913356,0.8022105569956678,0.0,0.0,0.0,0.0,9.410227761279378e-05,0.0030810613068851926,10052.933154201752,-0.03869603948775835,0.048756706975748854,2.135780375319821,
2014-11-13,70.4732666015625,57.838008880615234,-1.0,-1.0,-0.8022105569956678,0.1977894430043322,-0.0014821448087151134,-0.004087855055802558,0.0003804576379779573,0.0,1.0,-0.6044211139913356,0.8022105569956678,0.0,0.0,0.0,0.0,9.410227761279378e-05,0.0002863553603651635,10055.811865497848,-0.03842076494572566,0.04828341161460181,2.0053345842464174,
2014-11-14,69.84558868408203,57.35855484008789,-1.0,-1.0,-0.8022105569956678,0.1977894430043322,-0.008906610233199386,-0.00828960141966495,0.005505381108594742,0.0,1.0,-0.6044211139913356,0.8022105569956678,0.0,0.0,0.0,0.0,9.410227761279378e-05,0.0054112788309819485,10110.226667373954,-0.03321739158676462,0.04138926588689218,1.650922254887744,
2014-11-17,69.6102294921875,57.57982635498047,-1.0,-1.0,-0.8022105569956678,0.1977894430043322,-0.0033697073262433097,0.00385768985131274,0.00346622511807264,0.0,1.0,-0.6044211139913356,0.8022105569956678,0.0,0.0,0.0,0.0,9.410227761279378e-05,0.003372122840459846,10144.319593641234,-0.029957281871174746,0.03706456346037901,1.4227842575294258,
2014-11-18,69.32257843017578,57.56369018554688,-1.0,-1.0,-0.8022105569956678,0.1977894430043322,-0.004132310209435608,-0.0002802399808242706,0.0032595543650754464,0.0,1.0,-0.6044211139913356,0.8022105569956678,0.0,0.0,0.0,0.0,9.410227761279378e-05,0.0031654520874626526,10176.430951274813,-0.026886658124146035,0.03299279606112526,1.2189412716480317,
2014-11-19,69.06759643554688,57.59367370605469,-1.0,-1.0,-0.8022105569956678,0.1977894430043322,-0.0036781954797848737,0.0005208755799213094,0.0030537109354043654,0.0,1.0,-0.6044211139913356,0.8022105569956678,0.0,0.0,0.0,0.0,9.410227761279378e-05,0.0029596086577915715,10206.549204423625,-0.024006623452517695,0.029179428071170133,1.0346259876094293,
2014-11-20,69.76713562011719,58.01087188720703,-1.0,-1.0,-0.8022105569956678,0.1977894430043322,0.01012832675049169,0.00724381957785214,-0.006692299604418808,0.0,1.0,-0.6044211139913356,0.8022105569956678,0.0,0.0,0.0,0.0,9.410227761279378e-05,-0.0067864018820316015,10137.283459693675,-0.03063010673997002,0.0374772409955082,1.3112939613831702,
2014-11-21,70.18556213378906,58.598670959472656,-1.0,-1.0,-0.8022105569956678,0.1977894430043322,0.005997473021541522,0.010132567450606533,-0.002807121300918022,0.0,1.0,-0.6044211139913356,0.8022105569956678,0.0,0.0,0.0,0.0,9.410227761279378e-05,-0.002901223578530816,10107.872933898161,-0.03344246553061392,0.040971132243502906,1.394119054971507,
2014-11-24,70.12673950195312,58.69084548950195,-1.0,-1.0,-0.8022105569956678,0.1977894430043322,-0.000838101598784835,0.0015729798734351874,0.000983452763403913,0.0,1.0,-0.6044211139913356,0.8022105569956678,0.0,0.0,0.0,0.0,9.410227761279378e-05,0.0008893504857911192,10116.862375602239,-0.03258285711778841,0.039745157069149606,1.299581605144219,
2014-11-25,70.03521728515625,59.29939651489258,-1.0,-1.0,-0.8022105569956678,0.1977894430043322,-0.0013050972773991365,0.010368755473108227,0.003097793183510088,0.0,1.0,-0.6044211139913356,0.8022105569956678,0.0,0.0,0.0,0.0,9.410227761279378e-05,0.003003690905897294,10147.250303116049,-0.029677035043504163,0.035895896304301234,1.1143932919027315,
2014-11-26,69.94367980957031,59.29939651489258,-1.0,-1.0,-0.8022105569956678,0.1977894430043322,-0.001307020655240243,0.0,0.0010485057678451181,0.0,1.0,-0.6044211139913356,0.8022105569956678,0.0,0.0,0.0,0.0,9.410227761279378e-05,0.0009544034902323244,10156.934874221604,-0.028750955419097002,0.034588020752571724,1.029927618635232,
2014-11-28,71.86585235595703,59.51375198364258,-1.0,-1.0,-0.8022105569956678,0.1977894430043322,0.027481718886110285,0.0036148001724800594,-0.0213311557021381,0.0,1.0,-0.6044211139913356,0.8022105569956678,0.0,0.0,0.0,0.0,9.410227761279378e-05,-0.02142525797975089,9939.319924257878,-0.04956021676182942,0.06080925417108807,1.9209439021062953,
2014-12-01,71.78087615966797,59.50453567504883,-1.0,-1.0,-0.8022105569956678,0.1977894430043322,-0.0011824280030544587,-0.00015486015057974978,0.0009179265240108568,0.0,1.0,-0.6044211139913356,0.8022105569956678,0.0,0.0,0.0,0.0,9.410227761279378e-05,0.0008238242463980631,9947.508177004187,-0.0487772214236567,0.059664311130534164,1.7922764325956009,
2014-12-02,72.18621826171875,59.93327331542969,-1.0,-1.0,-0.8022105569956678,0.1977894430043322,0.005646937230873839,0.007205125382746758,-0.0031049349250690185,0.0,1.0,-0.6044211139913356,0.8022105569956678,0.0,0.0,0.0,0.0,9.410227761279378e-05,-0.0031990372026818124,9915.68572827197,-0.05182021848036067,0.06352526997326025,1.8396555399915178,
2014-12-03,72.50657653808594,60.299781799316406,-1.0,-1.0,-0.8022105569956678,0.1977894430043322,0.0044379423674154594,0.006115275599211545,-0.002350627263892993,0.0,1.0,-0.6044211139913356,0.8022105569956678,0.0,0.0,0.0,0.0,9.410227761279378e-05,-0.002444729541505787,9891.444558447776,-0.05413826160290025,0.06645023020244256,1.852093922919368,
2014-12-04,72.19929504394531,60.19374847412109,-1.0,-1.0,-0.8022105569956678,0.1977894430043322,-0.004237981005477676,-0.0017584362999556458,0.0030519529666144804,0.0,1.0,-0.6044211139913356,0.8022105569956678,0.0,0.0,0.0,0.0,9.410227761279378e-05,0.0029578506890016866,9920.701974550204,-0.0513405438082819,0.06263717731753182,1.652941167814959,
2014-12-05,72.55888366699219,60.70316696166992,-1.0,-1.0,-0.8022105569956678,0.1977894430043322,0.0049805004720338,0.008462979968224538,-0.0023215219637154685,0.0,1.0,-0.6044211139913356,0.8022105569956678,0.0,0.0,0.0,0.0,9.410227761279378e-05,-0.0024156242413282624,9896.737286369487,-0.05363214858742393,0.06552750157949494,1.6773083662174624,
2014-12-08,72.05545806884766,60.645538330078125,-1.0,-1.0,-0.8022105569956678,0.1977894430043322,-0.0069381662548033685,-0.0009493513184936075,0.005378098547294078,0.0,1.0,-0.6044211139913356,0.8022105569956678,0.0,0.0,0.0,0.0,9.410227761279378e-05,0.005283996269681284,9949.031609272679,-0.04863154439081363,0.058799333323474645,1.4009802679899364,
2014-12-09,71.9377670288086,60.88525390625,-1.0,-1.0,-0.8022105569956678,0.1977894430043322,-0.0016333396968569724,0.003952732266422787,0.0020920910612997816,0.0,1.0,-0.6044211139913356,0.8022105569956678,0.0,0.0,0.0,0.0,9.410227761279378e-05,0.0019979887836869877,9968.909662836553,-0.04673072088735286,0.05619201134652929,1.2707809041267308,
2014-12-10,71.95740509033203,60.32744216918945,-1.0,-1.0,-0.8022105569956678,0.1977894430043322,0.00027298680977372314,-0.009161688607219332,-0.0020310781873220966,0.0,1.0,-0.6044211139913356,0.8022105569956678,0.0,0.0,0.0,0.0,9.410227761279378e-05,-0.0021251804649348905,9947.723930764392,-0.04875659013714562,0.05873423696978297,1.3078340751806312,
2014-12-11,72.33004760742188,60.65013122558594,-1.0,-1.0,-0.8022105569956678,0.1977894430043322,0.005178654186070775,0.005348959690541832,-0.003096403301250888,0.0,1.0,-0.6044211139913356,0.8022105569956678,0.0,0.0,0.0,0.0,9.410227761279378e-05,-0.003190505578863682,9915.985662066294,-0.05179153754317023,0.06258422710872691,1.38092111406446,
2014-12-12,71.91817474365234,59.18876647949219,-1.0,-1.0,-0.8022105569956678,0.1977894430043322,-0.005694353555593001,-0.024094997266506435,-0.00019766555097069233,0.0,1.0,-0.6044211139913356,0.8022105569956678,0.0,0.0,0.0,0.0,9.410227761279378e-05,-0.0002917678285834861,9913.092496461406,-0.05206819426730591,0.06288709564045103,1.3406955419648976,
2014-12-15,72.40850830078125,59.170318603515625,-1.0,-1.0,-0.8022105569956678,0.1977894430043322,0.006817936618617848,-0.00031167866934600497,-0.005531067482788862,0.0,1.0,-0.6044211139913356,0.8022105569956678,0.0,0.0,0.0,0.0,9.410227761279378e-05,-0.005625169760401655,9857.329668318247,-0.05740047159583639,0.06975875330947434,1.4987411124240733,
2014-12-16,71.8070297241211,58.411956787109375,-1.0,-1.0,-0.8022105569956678,0.1977894430043322,-0.008306738956168624,-0.012816591735593463,0.004128767144248686,0.0,1.0,-0.6044211139913356,0.8022105569956678,0.0,0.0,0.0,0.0,9.410227761279378e-05,0.004034664866635893,9897.100690009858,-0.05359739839527655,0.06459774754095537,1.290902677503142,
2014-12-17,70.97014617919922,59.71889877319336,-1.0,-1.0,-0.8022105569956678,0.1977894430043322,-0.011654618609586498,0.022374562640442353,0.013774910368487093,0.0,1.0,-0.6044211139913356,0.8022105569956678,0.0,0.0,0.0,0.0,9.410227761279378e-05,0.013680808090874299,10032.501025205942,-0.04064984602601829,0.04741891959210642,0.7279281859061396,
2014-12-18,72.52620697021484,60.88986206054688,-1.0,-1.0,-0.8022105569956678,0.1977894430043322,0.0219255683521713,0.019607918287320114,-0.013710683163718419,0.0,1.0,-0.6044211139913356,0.8022105569956678,0.0,0.0,0.0,0.0,9.410227761279378e-05,-0.013804785441331213,9894.004501113039,-0.05389346906473713,0.0643199248443771,1.218926900408305,
2014-12-19,72.54579162597656,60.31591796875,-1.0,-1.0,-0.8022105569956678,0.1977894430043322,0.00027003557169003045,-0.009425938446471993,-0.002080976501494919,0.0,1.0,-0.6044211139913356,0.8022105569956678,0.0,0.0,0.0,0.0,9.410227761279378e-05,-0.002175078779107713,9872.484261882271,-0.05595132530294966,0.0669249634814355,1.2629804186230669,
2014-12-22,73.22576141357422,60.90139389038086,-1.0,-1.0,-0.8022105569956678,0.1977894430043322,0.00937297357100153,0.009706822698681172,-0.005599191294184853,0.0,1.0,-0.6044211139913356,0.8022105569956678,0.0,0.0,0.0,0.0,9.410227761279378e-05,-0.005693293571797646,9816.277310696423,-0.06132607155406644,0.07387255346252242,1.4339029541370079,
2014-12-23,73.51995849609375,61.14342880249024,-1.0,-1.0,-0.8022105569956678,0.1977894430043322,0.0040176718799538325,0.003974209729009415,-0.0024369620679604255,0.0,1.0,-0.6044211139913356,0.8022105569956678,0.0,0.0,0.0,0.0,9.410227761279378e-05,-0.0025310643455732193,9791.43168118906,-0.0637019156664751,0.0769042546429084,1.4789222776183686,
2014-12-24,73.49382019042969,61.689727783203125,-1.0,-1.0,-0.8022105569956678,0.1977894430043322,-0.0003555266651225075,0.008934712877774365,0.0020523991275533645,0.0,1.0,-0.6044211139913356,0.8022105569956678,0.0,0.0,0.0,0.0,9.410227761279378e-05,0.0019582968499405706,9810.60621100674,-0.06186836607731949,0.07435554488502838,1.3511561288939526,
2014-12-26,73.18000030517578,61.4569206237793,-1.0,-1.0,-0.8022105569956678,0.1977894430043322,-0.004270017321739039,-0.003773839953419511,0.0026790272716790842,0.0,1.0,-0.6044211139913356,0.8022105569956678,0.0,0.0,0.0,0.0,9.410227761279378e-05,0.0025849249940662904,9835.965892208515,-0.05944336616906842,0.0710086062208315,1.2099929471428705,
2014-12-29,73.51995849609375,61.182594299316406,-1.0,-1.0,-0.8022105569956678,0.1977894430043322,0.004645506825639245,-0.0044637173759849436,-0.004609550791648057,0.0,1.0,-0.6044211139913356,0.8022105569956678,0.0,0.0,0.0,0.0,9.410227761279378e-05,-0.00470365306926085,9789.700921050482,-0.06386741826660103,0.07674637376658189,1.3521841915223596,
2014-12-30,73.3172836303711,60.979740142822266,-1.0,-1.0,-0.8022105569956678,0.1977894430043322,-0.002756732591646216,-0.0033155533663993264,0.0015556985342413605,0.0,1.0,-0.6044211139913356,0.8022105569956678,0.0,0.0,0.0,0.0,9.410227761279378e-05,0.0014615962566285666,9804.009511270204,-0.06249917038943131,0.07480466056463797,1.2471403080966887,
2014-12-31,72.68310546875,60.43809127807617,-1.0,-1.0,-0.8022105569956678,0.1977894430043322,-0.008649777108741485,-0.008882439700095168,0.005182089711490493,0.0,1.0,-0.6044211139913356,0.8022105569956678,0.0,0.0,0.0,0.0,9.410227761279378e-05,0.0050879874338777,9853.892188465163,-0.05772917794912291,0.06831705588243775,1.005789247148798,
2015-01-02,72.16661071777344,61.088077545166016,-1.0,-1.0,-0.8022105569956678,0.1977894430043322,-0.007106118370226011,0.010754579659030705,0.00782774549636156,0.0,1.0,-0.6044211139913356,0.8022105569956678,0.0,0.0,0.0,0.0,9.410227761279378e-05,0.007733643218748767,9930.098674966768,-0.05044199159594431,0.058548124808627255,0.6652404586198478,
2015-01-05,70.72171020507812,59.73964691162109,-1.0,-1.0,-0.8022105569956678,0.1977894430043322,-0.020021731633566353,-0.022073548353980454,0.01169572965171806,0.0,1.0,-0.6044211139913356,0.8022105569956678,0.0,0.0,0.0,0.0,9.410227761279378e-05,0.011601627374105266,10045.303979581828,-0.039425573412343096,0.04382656221222825,0.14873561426487297,
2015-01-06,70.25749206542969,59.35473251342773,0.0,-1.0,-0.8022105569956678,0.1977894430043322,-0.006564011790754276,-0.006443198413321749,0.0039913229294498125,0.0,1.0,-0.6044211139913356,0.8022105569956678,0.0,0.0,0.0,0.0,9.410227761279378e-05,0.0038972206518370187,10084.452745705035,-0.03568200291941914,0.03883465865041558,-0.0573152945630812,Exit Short Spread
2015-01-07,70.91130828857422,60.14995574951172,0.0,0.0,0.0,-0.0,0.009306000028233896,0.01339780675288349,0.0,0.0,0.0,0.0,0.0,0.8022105569956678,0.1977894430043322,1.0,0.001,0.0,-0.001,10074.36829295933,-0.036646320916499664,0.04481625421901181,0.11810353955479591,
2015-01-08,72.18621826171875,60.95671844482422,0.0,0.0,0.0,-0.0,0.017978937406658346,0.013412523504957807,0.0,0.0,0.0,0.0,0.0,0.0,0.0,0.0,0.0,0.0,0.0,10074.36829295933,-0.036646320916499664,0.0593505310451663,0.643383797558592,
2015-01-09,71.6566390991211,60.05315017700195,0.0,0.0,0.0,-0.0,-0.007336291820657648,-0.014823112051875698,0.0,0.0,0.0,0.0,0.0,0.0,0.0,0.0,0.0,0.0,0.0,10074.36829295933,-0.036646320916499664,0.05566927427972512,0.47207132227279114,
2015-01-12,71.68279266357422,59.93558120727539,0.0,0.0,0.0,-0.0,0.0003649845259550144,-0.0019577485840466258,0.0,0.0,0.0,0.0,0.0,0.0,0.0,0.0,0.0,0.0,0.0,10074.36829295933,-0.036646320916499664,0.05651735905409061,0.4830047991711567,
2015-01-13,71.99008178710938,60.11077880859375,0.0,0.0,0.0,-0.0,0.0042867906245971366,0.0029230983964678714,0.0,0.0,0.0,0.0,0.0,0.0,0.0,0.0,0.0,0.0,0.0,10074.36829295933,-0.036646320916499664,0.060075332813265936,0.6322429445992094,
2015-01-14,71.50627899169922,58.90753173828125,0.0,0.0,0.0,-0.0,-0.006720409025799845,-0.020017159886480784,0.0,0.0,0.0,0.0,0.0,0.0,0.0,0.0,0.0,0.0,0.0,10074.36829295933,-0.036646320916499664,0.058317646457304306,0.5264839979875189,
2015-01-15,71.4539566040039,58.347415924072266,0.0,0.0,0.0,-0.0,-0.0007317173880826422,-0.009508390483877527,0.0,0.0,0.0,0.0,0.0,0.0,0.0,0.0,0.0,0.0,0.0,10074.36829295933,-0.036646320916499664,0.05994122405445834,0.5941671766502444,
2015-01-16,72.11431121826172,58.76693344116211,0.0,0.0,0.0,-0.0,0.009241680176193423,0.007189993086167856,0.0,0.0,0.0,0.0,0.0,0.0,0.0,0.0,0.0,0.0,0.0,10074.36829295933,-0.036646320916499664,0.06737407128203587,0.986340926792513,
2015-01-20,72.77462768554688,59.20259094238281,0.0,0.0,0.0,-0.0,0.00915652463609673,0.0074133100999200785,0.0,0.0,0.0,0.0,0.0,0.0,0.0,0.0,0.0,0.0,0.0,10074.36829295933,-0.036646320916499664,0.07466787825535515,1.4125912163635785,
2015-01-21,73.01655578613281,59.30401992797852,0.0,0.0,0.0,-0.0,0.0033243467988772757,0.001713252477318461,0.0,0.0,0.0,0.0,0.0,0.0,0.0,0.0,0.0,0.0,0.0,10074.36829295933,-0.036646320916499664,0.07756466120572503,1.5714119979860843,
2015-01-22,74.69681549072266,59.37775802612305,-1.0,0.0,0.0,-0.0,0.023012037290712106,0.0012433912276785808,0.0,0.0,0.0,0.0,0.0,0.0,0.0,0.0,0.0,0.0,0.0,10074.36829295933,-0.036646320916499664,0.10000954022207242,2.8378716902995644,Enter Short Spread
2015-01-23,67.29579162597656,59.53681945800781,0.0,-1.0,-0.8022105569956678,0.1977894430043322,-0.09908084857600519,0.002678804946033564,0.08001354206195377,0.0,1.0,-0.6044211139913356,0.8022105569956678,0.8022105569956678,0.1977894430043322,1.0,0.001,9.410227761279378e-05,0.07891943978434098,10869.431794820808,0.0,-0.004989808315742694,-3.315666155700606,Exit Short Spread
2015-01-26,66.91656494140625,59.13113021850586,1.0,0.0,0.0,-0.0,-0.005635221392119361,-0.006814089889166652,0.0,0.0,0.0,0.0,0.0,0.8022105569956678,0.1977894430043322,1.0,0.001,0.0,-0.001,10858.562363025987,-0.0010000000000000009,-0.008955165831448397,-3.2189362490083426,Enter Long Spread
2015-01-27,65.93586730957031,57.8541259765625,1.0,1.0,0.8022105569956678,-0.1977894430043322,-0.01465552860782171,-0.02159614127489995,-0.007485331013741267,0.0,1.0,0.6044211139913356,0.1977894430043322,0.8022105569956678,0.1977894430043322,1.0,0.001,2.3201436221655254e-05,-0.008508532449962922,10766.171932800235,-0.009500023917512923,-0.01833616237243363,-3.3348337195774542,
2015-01-28,64.92250061035156,56.78691864013672,1.0,1.0,0.8022105569956678,-0.1977894430043322,-0.015368975044507627,-0.01844652076946285,-0.00868062696254708,0.0,1.0,0.6044211139913356,0.1977894430043322,0.0,0.0,0.0,0.0,2.3201436221655254e-05,-0.008703828398768735,10672.465019785503,-0.018121165738319345,-0.029233901405576246,-3.4950031531451904,
2015-01-29,65.65474700927734,57.16493225097656,1.0,1.0,0.8022105569956678,-0.1977894430043322,0.011278776880769614,0.006656702280948723,0.007731328447357537,0.0,1.0,0.6044211139913356,0.1977894430043322,0.0,0.0,0.0,0.0,2.3201436221655254e-05,0.007708127011135882,10754.729735679914,-0.010552718974284336,-0.019654063862623805,-2.8590158647401998,
2015-01-30,64.62174224853516,58.75770950317383,1.0,1.0,0.8022105569956678,-0.1977894430043322,-0.015733892944499783,0.027862838098090315,-0.018132870250658552,0.0,1.0,0.6044211139913356,0.1977894430043322,0.0,0.0,0.0,0.0,2.3201436221655254e-05,-0.01815607168688021,10559.466091625887,-0.02851719473897585,-0.04228882118365007,-3.3700110171042486,
2015-02-02,65.4651107788086,58.8568229675293,1.0,1.0,0.8022105569956678,-0.1977894430043322,0.013050847917870145,0.00168681633769463,0.010135893513577132,0.0,1.0,0.6044211139913356,0.1977894430043322,0.0,0.0,0.0,0.0,2.3201436221655254e-05,0.010112692077355477,10666.250720711776,-0.018692888270925634,-0.029737945307987346,-2.683083560816807,
2015-02-03,65.75281524658203,59.88257598876953,1.0,1.0,0.8022105569956678,-0.1977894430043322,0.004394775543044904,0.017427937315035447,7.84733220017134e-05,0.0,1.0,0.6044211139913356,0.1977894430043322,0.0,0.0,0.0,0.0,2.3201436221655254e-05,5.527188578005814e-05,10666.840264503313,-0.01863864957633099,-0.029612738690263818,-2.4956833999528856,
2015-02-04,65.72663879394531,61.05813217163086,1.0,1.0,0.8022105569956678,-0.1977894430043322,-0.00039810390686012553,0.019631022270681697,-0.0042021721173881865,0.0,1.0,0.6044211139913356,0.1977894430043322,0.0,0.0,0.0,0.0,2.3201436221655254e-05,-0.004225373553609842,10621.7688797491,-0.022785267872946102,-0.03480416314211077,-2.4798880045863285,
2015-02-05,66.3346939086914,62.65092849731445,1.0,1.0,0.8022105569956678,-0.1977894430043322,0.009251273546063477,0.026086555042436288,0.0022618241125615408,0.0,1.0,0.6044211139913356,0.1977894430043322,0.0,0.0,0.0,0.0,2.3201436221655254e-05,0.0022386226763398856,10645.547012426145,-0.020597652813953204,-0.03194474417914406,-2.2483119164948535,
2015-02-06,65.81817626953125,61.64131546020508,1.0,1.0,0.8022105569956678,-0.1977894430043322,-0.007786538366652218,-0.016114893447311873,-0.003059087481162235,0.0,1.0,0.6044211139913356,0.1977894430043322,0.0,0.0,0.0,0.0,2.3201436221655254e-05,-0.00308228891738389,10612.734360850254,-0.023616453814344518,-0.03575617783178253,-2.2194303919255653,
2015-02-09,65.68089294433594,61.18953704833984,1.0,1.0,0.8022105569956678,-0.1977894430043322,-0.002085796553115138,-0.0073291494266845,-0.00022361963185469074,0.0,1.0,0.6044211139913356,0.1977894430043322,0.0,0.0,0.0,0.0,2.3201436221655254e-05,-0.000246821068076346,10610.114914420097,-0.02385744584406646,-0.036030455845703635,-2.10325008318987,
2015-02-10,66.08624267578125,60.979740142822266,1.0,1.0,0.8022105569956678,-0.1977894430043322,0.00617150153224677,-0.003428640183236409,0.0056289925137879004,0.0,1.0,0.6044211139913356,0.1977894430043322,0.0,0.0,0.0,0.0,2.3201436221655254e-05,0.005605791077566245,10669.593001939305,-0.01838539462354638,-0.029031117344144874,-1.824073200561773,
2015-02-11,65.9751205444336,61.42313003540039,1.0,1.0,0.8022105569956678,-0.1977894430043322,-0.001681471465896811,0.007271101705905059,-0.0027870413176682143,0.0,1.0,0.6044211139913356,0.1977894430043322,0.0,0.0,0.0,0.0,2.3201436221655254e-05,-0.0028102427538898695,10639.608855518652,-0.021143969955417896,-0.03250024820970787,-1.8271129347668362,
2015-02-12,66.30199432373047,62.55928039550781,1.0,1.0,0.8022105569956678,-0.1977894430043322,0.004954500675398155,0.01849710946759986,0.0003160197676598301,0.0,1.0,0.6044211139913356,0.1977894430043322,0.0,0.0,0.0,0.0,2.3201436221655254e-05,0.00029281833143817484,10642.72432803088,-0.020857342965982184,-0.03207687955326444,-1.7384676891006714,
2015-02-13,66.55046844482422,62.263702392578125,1.0,1.0,0.8022105569956678,-0.1977894430043322,0.003747611570785292,-0.0047247666702846525,0.003940882533644113,0.0,1.0,0.6044211139913356,0.1977894430043322,0.0,0.0,0.0,0.0,2.3201436221655254e-05,0.003917681097422457,10684.419127955884,-0.01702137428684003,-0.027168594788028022,-1.5556319574616704,
2015-02-17,67.02119445800781,62.55005645751953,1.0,1.0,0.8022105569956678,-0.1977894430043322,0.007073218629165101,0.004599052962445338,0.004764566532465182,0.0,1.0,0.6044211139913356,0.1977894430043322,0.0,0.0,0.0,0.0,2.3201436221655254e-05,0.004741365096243526,10735.077859882811,-0.01236071374053016,-0.021251596422983576,-1.3660825450007628,
2015-02-18,67.09310913085938,62.14591979980469,1.0,1.0,0.8022105569956678,-0.1977894430043322,0.0010730138940842071,-0.006461011877572198,0.002138703014146762,0.0,1.0,0.6044211139913356,0.1977894430043322,0.0,0.0,0.0,0.0,2.3201436221655254e-05,0.0021155015779251067,10757.787934034543,-0.010271361272027435,-0.01858099117334433,-1.2650357728151524,
2015-02-19,66.96797180175781,62.141334533691406,1.0,1.0,0.8022105569956678,-0.1977894430043322,-0.001865129380984487,-7.378225518350767e-05,-0.001481633128432201,0.0,1.0,0.6044211139913356,0.1977894430043322,0.0,0.0,0.0,0.0,2.3201436221655254e-05,-0.0015048345646538563,10741.59924291219,-0.011760739137213094,-0.020429669980298826,-1.2684950146584164,
2015-02-20,67.13919067382812,63.04190826416016,1.0,1.0,0.8022105569956678,-0.1977894430043322,0.0025567277530393895,0.014492346152953806,-0.0008153990785666988,0.0,1.0,0.6044211139913356,0.1977894430043322,0.0,0.0,0.0,0.0,2.3201436221655254e-05,-0.0008386005147883541,10732.591332257432,-0.012589477090106826,-0.02142372874654419,-1.250824677926698,
2015-02-23,67.01406860351562,63.04423522949219,1.0,1.0,0.8022105569956678,-0.1977894430043322,-0.0018636219629212247,3.6911403796136e-05,-0.0015023178989017412,0.0,1.0,0.6044211139913356,0.1977894430043322,0.0,0.0,0.0,0.0,2.3201436221655254e-05,-0.0015255193351233964,10716.218556664096,-0.014095790934510188,-0.02329818995589461,-1.2532246165380674,
2015-02-24,67.37625885009766,62.91949844360352,1.0,1.0,0.8022105569956678,-0.1977894430043322,0.005404689703663701,-0.0019785597435609814,0.004727037367194529,0.0,1.0,0.6044211139913356,0.1977894430043322,0.0,0.0,0.0,0.0,2.3201436221655254e-05,0.004703835930972873,10766.625890555091,-0.009458259291410531,-0.017419745111064255,-1.0872999543088424,
2015-02-25,67.13919067382812,63.04423522949219,1.0,1.0,0.8022105569956678,-0.1977894430043322,-0.0035185713827918796,0.0019824822030403144,-0.003214749159523836,0.0,1.0,0.6044211139913356,0.1977894430043322,0.0,0.0,0.0,0.0,2.3201436221655254e-05,-0.003237950595745491,10731.764087838597,-0.01266558451084887,-0.021432829289036004,-1.1442827659652604,
2015-02-26,67.07335662841797,63.215110778808594,1.0,1.0,0.8022105569956678,-0.1977894430043322,-0.0009805606047589288,0.0027104072036783222,-0.0013227060000421341,0.0,1.0,0.6044211139913356,0.1977894430043322,0.0,0.0,0.0,0.0,2.3201436221655254e-05,-0.0013459074362637893,10717.320126748546,-0.013994445242734965,-0.02308123281883523,-1.1418614107837717,
2015-02-27,66.98776245117188,62.651634216308594,1.0,1.0,0.8022105569956678,-0.1977894430043322,-0.0012761278329975756,-0.008913637191455992,0.0007393001155341211,0.0,1.0,0.6044211139913356,0.1977894430043322,0.0,0.0,0.0,0.0,2.3201436221655254e-05,0.0007160986793124658,10724.99478553708,-0.013288367967178583,-0.022150615745841762,-1.0843774516506233,
2015-03-02,67.11943817138672,64.26349639892578,1.0,1.0,0.8022105569956678,-0.1977894430043322,0.001965668286216138,0.025727376512672206,-0.003511723619650007,0.0,1.0,0.6044211139913356,0.1977894430043322,0.0,0.0,0.0,0.0,2.3201436221655254e-05,-0.0035349250558716623,10687.082732745592,-0.01677631963817139,-0.026449879386110764,-1.1400293946061106,
2015-03-03,66.8363037109375,63.57305908203125,1.0,1.0,0.8022105569956678,-0.1977894430043322,-0.004218367557342284,-0.010743849239209347,-0.0012589990310422736,0.0,1.0,0.6044211139913356,0.1977894430043322,0.0,0.0,0.0,0.0,2.3201436221655254e-05,-0.0012822004672639288,10673.379750271979,-0.01803700950055609,-0.02801388125413684,-1.1351863959284831,
2015-03-04,66.1251220703125,63.215110778808594,1.0,1.0,0.8022105569956678,-0.1977894430043322,-0.010640648885982817,-0.0056305030525710675,-0.007422386807017383,0.0,1.0,0.6044211139913356,0.1977894430043322,0.0,0.0,0.0,0.0,2.3201436221655254e-05,-0.007445588243239039,10593.910159487727,-0.02534830159791479,-0.037319392091628156,-1.2920664637520167,
2015-03-05,66.32266235351562,63.30283737182617,1.0,1.0,0.8022105569956678,-0.1977894430043322,0.002987371168752917,0.0013877472005789926,0.002122018943404736,0.0,1.0,0.6044211139913356,0.1977894430043322,0.0,0.0,0.0,0.0,2.3201436221655254e-05,0.002098817507183081,10616.144843599985,-0.02330268554990267,-0.03467839379114612,-1.1928374623633076,
2015-03-06,66.25682830810547,62.19671630859375,1.0,1.0,0.8022105569956678,-0.1977894430043322,-0.0009926327302610671,-0.017473483166881132,0.002659770047488133,0.0,1.0,0.6044211139913356,0.1977894430043322,0.0,0.0,0.0,0.0,2.3201436221655254e-05,0.0026365686112664777,10644.135037867278,-0.02072755606791532,-0.03132525195821656,-1.083230886704925,
2015-03-09,66.21074676513672,62.67704772949219,1.0,1.0,0.8022105569956678,-0.1977894430043322,-0.0006954987756803144,0.00772277781539521,-0.002085420382781542,0.0,1.0,0.6044211139913356,0.1977894430043322,0.0,0.0,0.0,0.0,2.3201436221655254e-05,-0.002108621819003197,10621.690582482015,-0.02279247130993911,-0.033917771415201026,-1.1013392347631987,
2015-03-10,65.49954223632812,61.240718841552734,1.0,1.0,0.8022105569956678,-0.1977894430043322,-0.010741527071600365,-0.022916345615679012,-0.004084355180072651,0.0,1.0,0.6044211139913356,0.1977894430043322,0.0,0.0,0.0,0.0,2.3201436221655254e-05,-0.0041075566162943064,10578.061387053709,-0.02680640655990263,-0.0390015067940761,-1.1695379476504344,
2015-03-11,65.0057144165039,61.13679885864258,1.0,1.0,0.8022105569956678,-0.1977894430043322,-0.007539408718956309,-0.0016969099134682697,-0.0057125624012385155,0.0,1.0,0.6044211139913356,0.1977894430043322,0.0,0.0,0.0,0.0,2.3201436221655254e-05,-0.005735763837460171,10517.388125079413,-0.03238841518000424,-0.04615074262994301,-1.2764153801035294,
2015-03-12,65.63127136230469,62.25214767456055,1.0,1.0,0.8022105569956678,-0.1977894430043322,0.009623107005527487,0.018243493881595407,0.00411138753763942,0.0,1.0,0.6044211139913356,0.1977894430043322,0.0,0.0,0.0,0.0,2.3201436221655254e-05,0.0040881861014177645,10560.385165035577,-0.02843263894737247,-0.04103113932536395,-1.129065720357564,
2015-03-13,64.8805923461914,61.201454162597656,1.0,1.0,0.8022105569956678,-0.1977894430043322,-0.011437825300828042,-0.01687802832852714,-0.0058372483832856824,0.0,1.0,0.6044211139913356,0.1977894430043322,0.0,0.0,0.0,0.0,2.3201436221655254e-05,-0.005860449819507338,10498.496557701217,-0.034126460713092555,-0.04833799046868403,-1.2415597323411078,
2015-03-16,66.019775390625,62.12282180786133,1.0,1.0,0.8022105569956678,-0.1977894430043322,0.01755814802607092,0.015054669172007262,0.01110767707766093,0.0,1.0,0.6044211139913356,0.1977894430043322,0.0,0.0,0.0,0.0,2.3201436221655254e-05,0.011084475641439275,10614.86688706679,-0.023420258994156118,-0.03461635489371284,-0.9197356204938577,
2015-03-17,65.58516693115234,61.07906723022461,1.0,1.0,0.8022105569956678,-0.1977894430043322,-0.006583004212013299,-0.016801467596963438,-0.001957802557965282,0.0,1.0,0.6044211139913356,0.1977894430043322,0.0,0.0,0.0,0.0,2.3201436221655254e-05,-0.001981003994186937,10593.838793365747,-0.02535486736173087,-0.03704343325466075,-0.9397718213058357,
2015-03-18,66.019775390625,61.81109237670898,1.0,1.0,0.8022105569956678,-0.1977894430043322,0.006626627327622536,0.011984877629600321,0.00294546812866106,0.0,1.0,0.6044211139913356,0.1977894430043322,0.0,0.0,0.0,0.0,2.3201436221655254e-05,0.0029222666924394046,10624.79681561667,-0.022506694353674028,-0.03337603620681984,-0.8329125018365395,
2015-03-19,65.789306640625,61.71177291870117,1.0,1.0,0.8022105569956678,-0.1977894430043322,-0.003490904787790683,-0.0016068225651554302,-0.0024826281340635226,0.0,1.0,0.6044211139913356,0.1977894430043322,0.0,0.0,0.0,0.0,2.3201436221655254e-05,-0.002505829570285178,10598.172885577826,-0.024956125983718436,-0.03647655881384537,-0.8695482106091764,
2015-03-20,66.0132064819336,62.26599884033203,1.0,1.0,0.8022105569956678,-0.1977894430043322,0.0034032862290471755,0.008980878289803762,0.0009538292267896346,0.0,1.0,0.6044211139913356,0.1977894430043322,0.0,0.0,0.0,0.0,2.3201436221655254e-05,0.0009306277905679793,10608.03583979439,-0.024048723057535693,-0.035283451817502254,-0.8159693596315608,
2015-03-23,65.76956176757812,61.961181640625,1.0,1.0,0.8022105569956678,-0.1977894430043322,-0.0036908480490513984,-0.004895403677513843,-0.0019925781025590733,0.0,1.0,0.6044211139913356,0.1977894430043322,0.0,0.0,0.0,0.0,2.3201436221655254e-05,-0.0020157795387807285,10586.65237820188,-0.02601602567244321,-0.03777117501463412,-0.8428922936096561,
2015-03-24,65.36129760742188,61.97967529296875,1.0,1.0,0.8022105569956678,-0.1977894430043322,-0.006207494001541414,0.0002984715890508305,-0.005038751749874786,0.0,1.0,0.6044211139913356,0.1977894430043322,0.0,0.0,0.0,0.0,2.3201436221655254e-05,-0.005061953186096441,10533.063239465946,-0.030946286954497415,-0.044071594449728524,-0.9540633849341883,
2015-03-25,64.17601013183594,60.7142333984375,1.0,1.0,0.8022105569956678,-0.1977894430043322,-0.018134393272072113,-0.020417046209901812,-0.01050932552991727,0.0,1.0,0.6044211139913356,0.1977894430043322,0.0,0.0,0.0,0.0,2.3201436221655254e-05,-0.010532526966138924,10422.123466860223,-0.04115287131878631,-0.057286396229531356,-1.2172478972995615,
2015-03-26,63.63603973388672,60.58488845825195,1.0,1.0,0.8022105569956678,-0.1977894430043322,-0.008413897916682012,-0.0021303890858132,-0.006328349263580664,0.0,1.0,0.6044211139913356,0.1977894430043322,0.0,0.0,0.0,0.0,2.3201436221655254e-05,-0.0063515506998023195,10355.92682126086,-0.047243037469964944,-0.06521007130374157,-1.3625922554272385,
2015-03-27,63.60311508178711,60.53870391845703,1.0,1.0,0.8022105569956678,-0.1977894430043322,-0.0005173900235981854,-0.0007623112127498333,-0.0002642786288489555,0.0,1.0,0.6044211139913356,0.1977894430043322,0.0,0.0,0.0,0.0,2.3201436221655254e-05,-0.00028748006507061074,10352.949698744418,-0.04751693610354957,-0.06553957150500334,-1.3365594189431291,
2015-03-30,64.0509033203125,60.649539947509766,1.0,1.0,0.8022105569956678,-0.1977894430043322,0.007040350743034773,0.0018308292361532974,0.005285724996159981,0.0,1.0,0.6044211139913356,0.1977894430043322,0.0,0.0,0.0,0.0,2.3201436221655254e-05,0.005262523559938326,10407.432340448917,-0.04250447153935222,-0.058974876663487885,-1.1520216330709534,
2015-03-31,63.833587646484375,60.41861724853516,1.0,1.0,0.8022105569956678,-0.1977894430043322,-0.0033928588444935848,-0.003807493002823459,-0.001968705263177532,0.0,1.0,0.6044211139913356,0.1977894430043322,0.0,0.0,0.0,0.0,2.3201436221655254e-05,-0.0019919066993991873,10386.701706246433,-0.04441171329713778,-0.06143295417168493,-1.1769907564431783,
2015-04-01,63.57020950317383,60.20619201660156,1.0,1.0,0.8022105569956678,-0.1977894430043322,-0.004126011916628536,-0.003515890326648452,-0.0026145243284372236,0.0,1.0,0.6044211139913356,0.1977894430043322,0.0,0.0,0.0,0.0,2.3201436221655254e-05,-0.002637725764658879,10359.304435546039,-0.046932293141380255,-0.06469911190796074,-1.2164639440146743,
2015-04-02,63.52413940429688,60.30778884887695,1.0,1.0,0.8022105569956678,-0.1977894430043322,-0.000724712081917045,0.0016874814511997904,-0.0009151376992091115,0.0,1.0,0.6044211139913356,0.1977894430043322,0.0,0.0,0.0,0.0,2.3201436221655254e-05,-0.0009383391354307668,10349.583894778325,-0.04782659386944088,-0.06583979394091988,-1.2042440064749622,
2015-04-06,63.76775360107422,60.22465896606445,1.0,1.0,0.8022105569956678,-0.1977894430043322,0.0038349861810305086,-0.00137842697268864,0.003349104703505407,0.0,1.0,0.6044211139913356,0.1977894430043322,0.0,0.0,0.0,0.0,2.3201436221655254e-05,0.003325903267283752,10384.005609668993,-0.0446597572269708,-0.061672049339614565,-1.0695972353813255,
2015-04-07,63.66239547729492,60.77888107299805,1.0,1.0,0.8022105569956678,-0.1977894430043322,-0.0016522163292501668,0.009202577755498487,-0.0031455981102292176,0.0,1.0,0.6044211139913356,0.1977894430043322,0.0,0.0,0.0,0.0,2.3201436221655254e-05,-0.0031687995464508728,10351.100777402731,-0.04768703895497617,-0.06558420198394255,-1.137699727536497,
2015-04-08,63.655799865722656,61.42543411254883,1.0,1.0,0.8022105569956678,-0.1977894430043322,-0.0001036029436658481,0.01063779109020202,-0.002187154149672076,0.0,1.0,0.6044211139913356,0.1977894430043322,0.0,0.0,0.0,0.0,2.3201436221655254e-05,-0.0022103555858937313,10328.22116397925,-0.04979198922794115,-0.06829676415479735,-1.1769363082095858,
2015-04-09,63.675559997558594,61.37004089355469,1.0,1.0,0.8022105569956678,-0.1977894430043322,0.000310421546467321,-0.0009017961337097757,0.00042738919668492304,0.0,1.0,0.6044211139913356,0.1977894430043322,0.0,0.0,0.0,0.0,2.3201436221655254e-05,0.0004041877604632678,10332.395704561088,-0.04940792678009287,-0.06776394764797011,-1.1379303209415155,
2015-04-10,63.73483657836914,61.27765655517578,1.0,1.0,0.8022105569956678,-0.1977894430043322,0.0009309157361603315,-0.0015053654361929514,0.0010445358223637891,0.0,1.0,0.6044211139913356,0.1977894430043322,0.0,0.0,0.0,0.0,2.3201436221655254e-05,0.001021334386142134,10342.948535585383,-0.04843705440851931,-0.06646202914001531,-1.08397975346361,
2015-04-13,63.31339645385742,60.60336685180664,1.0,1.0,0.8022105569956678,-0.1977894430043322,-0.006612398291686361,-0.01100384285684941,-0.0031280917670874738,0.0,1.0,0.6044211139913356,0.1977894430043322,0.0,0.0,0.0,0.0,2.3201436221655254e-05,-0.003151293203309129,10310.354872163016,-0.05143570825148258,-0.07036829051811888,-1.1720520411752973,
2015-04-14,63.5767936706543,60.52947235107422,1.0,1.0,0.8022105569956678,-0.1977894430043322,0.004160213028357118,-0.0012193134568433406,0.0035785341401757286,0.0,1.0,0.6044211139913356,0.1977894430043322,0.0,0.0,0.0,0.0,2.3201436221655254e-05,0.0035553327039540734,10347.01161402939,-0.04806324660322603,-0.06591589535415121,-1.0348777899121637,
2015-04-15,63.62289810180664,60.66801071166992,1.0,1.0,0.8022105569956678,-0.1977894430043322,0.0007251770416605297,0.002288775289369438,0.0001290490888645036,0.0,1.0,0.6044211139913356,0.1977894430043322,0.0,0.0,0.0,0.0,2.3201436221655254e-05,0.00010584765264284834,10348.106820920604,-0.0479624863324144,-0.0657546465076626,-1.0315248204705842,
2015-04-16,63.30681991577149,60.64031600952149,1.0,1.0,0.8022105569956678,-0.1977894430043322,-0.004967994157219491,-0.00045649596588970276,-0.003895087277187222,0.0,1.0,0.6044211139913356,0.1977894430043322,0.0,0.0,0.0,0.0,2.3201436221655254e-05,-0.003918288713408878,10307.559950759041,-0.05169284417695996,-0.07062244487351377,-1.2185283574322219,
2015-04-17,62.80634307861328,59.59653472900391,1.0,1.0,0.8022105569956678,-0.1977894430043322,-0.007905575383885699,-0.01721266228813334,-0.002937453145486619,0.0,1.0,0.6044211139913356,0.1977894430043322,0.0,0.0,0.0,0.0,2.3201436221655254e-05,-0.002960654581708274,10277.042826164596,-0.05450045410271409,-0.07427860923654372,-1.4336257842381923,
2015-04-20,64.17601013183594,59.781288146972656,1.0,1.0,0.8022105569956678,-0.1977894430043322,0.021807782241170637,0.0031000698078982314,0.01688127205795099,0.0,1.0,0.6044211139913356,0.1977894430043322,0.0,0.0,0.0,0.0,2.3201436221655254e-05,0.016858070621729334,10450.293939910616,-0.03856115598516452,-0.053468372164523714,-0.7227287823698884,
2015-04-21,64.2748031616211,60.36320877075195,0.0,1.0,0.8022105569956678,-0.1977894430043322,0.001539407476130128,0.009734159999172931,-0.0006903851554818197,0.0,1.0,0.6044211139913356,0.1977894430043322,0.0,0.0,0.0,0.0,2.3201436221655254e-05,-0.000713586591703475,10442.836750275736,-0.03924722585299645,-0.05431855347502279,-0.7456080375010131,Time Exit Long Spread
2015-04-22,64.62377166748047,62.82020950317383,0.0,0.0,0.0,-0.0,0.005429320490984324,0.04070361371531961,0.0,0.0,0.0,0.0,0.0,0.8022105569956678,0.1977894430043322,1.0,0.001,0.0,-0.001,10432.393913525459,-0.04020797862714354,-0.05874075317987115,-0.9711339497935098,
2015-04-23,64.67646789550781,62.55234909057617,0.0,0.0,0.0,-0.0,0.0008154310196948344,-0.004263921032993778,0.0,0.0,0.0,0.0,0.0,0.0,0.0,0.0,0.0,0.0,0.0,10432.393913525459,-0.04020797862714354,-0.056872113458001916,-0.8335937559185043,
2015-04-24,64.59744262695312,62.33067321777344,0.0,0.0,0.0,-0.0,-0.0012218550444399456,-0.0035438456912584293,0.0,0.0,0.0,0.0,0.0,0.0,0.0,0.0,0.0,0.0,0.0,10432.393913525459,-0.04020797862714354,-0.057219408956497686,-0.826206939336579,
2015-04-27,64.15625762939453,61.97967529296875,0.0,0.0,0.0,-0.0,-0.006829759501570609,-0.005631223066985935,0.0,0.0,0.0,0.0,0.0,0.0,0.0,0.0,0.0,0.0,0.0,10432.393913525459,-0.04020797862714354,-0.0626802649009719,-1.111964315784936,
2015-04-28,66.35559844970703,61.67483139038086,0.0,0.0,0.0,-0.0,0.03428100237730858,-0.004918449494079158,0.0,0.0,0.0,0.0,0.0,0.0,0.0,0.0,0.0,0.0,0.0,10432.393913525459,-0.04020797862714354,-0.027758100351774173,0.9342857152047276,
2015-04-29,66.67166137695312,62.20134353637695,0.0,0.0,0.0,-0.0,0.004763168965850717,0.008536904505882736,0.0,0.0,0.0,0.0,0.0,0.0,0.0,0.0,0.0,0.0,0.0,10432.393913525459,-0.04020797862714354,-0.025102126811502812,1.0811688027958664,
2015-04-30,66.19754791259766,61.00978088378906,0.0,0.0,0.0,-0.0,-0.007111169191883371,-0.019156542043035407,0.0,0.0,0.0,0.0,0.0,0.0,0.0,0.0,0.0,0.0,0.0,10432.393913525459,-0.04020797862714354,-0.027469723836390125,0.9388141141198555,
2015-05-01,66.75727081298828,60.75115585327149,0.0,0.0,0.0,-0.0,0.008455341897703583,-0.004239074895387662,0.0,0.0,0.0,0.0,0.0,0.0,0.0,0.0,0.0,0.0,0.0,10432.393913525459,-0.04020797862714354,-0.018002539235194348,1.452030203620953,
2015-05-04,66.79020690917969,60.57565689086914,0.0,0.0,0.0,-0.0,0.0004933709211041304,-0.002888816845332487,0.0,0.0,0.0,0.0,0.0,0.0,0.0,0.0,0.0,0.0,0.0,10432.393913525459,-0.04020797862714354,-0.0167960054639813,1.4838203226404783,
2015-05-05,65.92100524902344,60.92665481567383,0.0,0.0,0.0,-0.0,-0.013013908780641681,0.005794372571758188,-0.0,0.0,0.0,0.0,0.0,0.0,0.0,0.0,0.0,0.0,0.0,10432.393913525459,-0.04020797862714354,-0.0313198485441073,0.6560745574061619,
2015-05-06,65.33495330810547,60.65876388549805,0.0,0.0,0.0,-0.0,-0.008890215473870478,-0.0043969413877432695,0.0,0.0,0.0,0.0,0.0,0.0,0.0,0.0,0.0,0.0,0.0,10432.393913525459,-0.04020797862714354,-0.039163337240935236,0.2162394222329314,
2015-05-07,65.61151123046875,61.49934005737305,0.0,0.0,0.0,-0.0,0.0042329244663128485,0.013857456334944507,0.0,0.0,0.0,0.0,0.0,0.0,0.0,0.0,0.0,0.0,0.0,10432.393913525459,-0.04020797862714354,-0.03833252231720152,0.27323968065017046,
2015-05-08,66.08563995361328,64.1688003540039,0.0,0.0,0.0,-0.0,0.007226303955705227,0.043406324265276686,0.0,0.0,0.0,0.0,0.0,0.0,0.0,0.0,0.0,0.0,0.0,10432.393913525459,-0.04020797862714354,-0.04160851302025592,0.09610065066907163,
2015-05-11,66.19754791259766,63.75312423706055,0.0,0.0,0.0,-0.0,0.0016933778512688846,-0.006477853951611601,0.0,0.0,0.0,0.0,0.0,0.0,0.0,0.0,0.0,0.0,0.0,10432.393913525459,-0.04020797862714354,-0.03831422114756844,0.290479900767797,
2015-05-12,65.82878875732422,63.44832992553711,0.0,0.0,0.0,-0.0,-0.005570586326857918,-0.0047808529412627365,0.0,0.0,0.0,0.0,0.0,0.0,0.0,0.0,0.0,0.0,0.0,10432.393913525459,-0.04020797862714354,-0.04271880864067423,0.054080434817971645,
2015-05-13,65.47322845458984,63.522369384765625,0.0,0.0,0.0,-0.0,-0.005401288850158559,0.0011669252652577455,-0.0,0.0,0.0,0.0,0.0,0.0,0.0,0.0,0.0,0.0,0.0,10432.393913525459,-0.04020797862714354,-0.04842228132055437,-0.25148135682226685,
2015-05-14,66.780029296875,64.77149200439453,0.0,0.0,0.0,-0.0,0.019959315786474585,0.01966429514086232,0.0,0.0,0.0,0.0,0.0,0.0,0.0,0.0,0.0,0.0,0.0,10432.393913525459,-0.04020797862714354,-0.03346082811828488,0.6458122524583501,
2015-05-15,67.74855041503906,64.37364196777344,0.0,0.0,0.0,-0.0,0.014503155035443971,-0.006142363319253219,0.0,0.0,0.0,0.0,0.0,0.0,0.0,0.0,0.0,0.0,0.0,10432.393913525459,-0.04020797862714354,-0.017542734066069432,1.5794538461351282,
2015-05-18,67.60260772705078,64.77149200439453,0.0,0.0,0.0,-0.0,-0.0021541817071245584,0.006180325121581065,-0.0,0.0,0.0,0.0,0.0,0.0,0.0,0.0,0.0,0.0,0.0,10432.393913525459,-0.04020797862714354,-0.021218343192183298,1.3620037087037016,
2015-05-19,67.71537780761719,64.91957092285156,0.0,0.0,0.0,-0.0,0.001668132108479048,0.0022861742701092425,0.0,0.0,0.0,0.0,0.0,0.0,0.0,0.0,0.0,0.0,0.0,10432.393913525459,-0.04020797862714354,-0.020114626420008053,1.4180814548596519,
2015-05-20,67.63577270507812,64.56793975830078,0.0,0.0,0.0,-0.0,-0.0011755838203432178,-0.0054164123322479885,0.0,0.0,0.0,0.0,0.0,0.0,0.0,0.0,0.0,0.0,0.0,10432.393913525459,-0.04020797862714354,-0.019951825631648656,1.435483511120664,
2015-05-21,67.69549560546875,64.1885757446289,0.0,0.0,0.0,-0.0,0.0008830075861046005,-0.005875423857288342,0.0,0.0,0.0,0.0,0.0,0.0,0.0,0.0,0.0,0.0,0.0,10432.393913525459,-0.04020797862714354,-0.017616317102760348,1.5609255691333142,
2015-05-22,67.28419494628906,64.4198989868164,0.0,0.0,0.0,-0.0,-0.006075746332913523,0.003603807056068886,-0.0,0.0,0.0,0.0,0.0,0.0,0.0,0.0,0.0,0.0,0.0,10432.393913525459,-0.04020797862714354,-0.024597537193288055,1.1550546535503077,
2015-05-26,66.6805648803711,63.42058181762695,0.0,0.0,0.0,-0.0,-0.00897135005330496,-0.01551255411614294,0.0,0.0,0.0,0.0,0.0,0.0,0.0,0.0,0.0,0.0,0.0,10432.393913525459,-0.04020797862714354,-0.029754690356284197,0.8665191008106851,
2015-05-27,66.94586181640625,64.29962158203125,0.0,0.0,0.0,-0.0,0.003978624603902414,0.013860480922929241,0.0,0.0,0.0,0.0,0.0,0.0,0.0,0.0,0.0,0.0,0.0,10432.393913525459,-0.04020797862714354,-0.02917787100282987,0.905774667187886,
2015-05-28,66.24935150146484,64.3643798828125,0.0,0.0,0.0,-0.0,-0.010404083180698076,0.0010071334665420206,-0.0,0.0,0.0,0.0,0.0,0.0,0.0,0.0,0.0,0.0,0.0,10432.393913525459,-0.04020797862714354,-0.039884644366350974,0.2838263259208383,
2015-05-29,65.81817626953125,63.55010223388672,0.0,0.0,0.0,-0.0,-0.006508369095870492,-0.012651060266692937,0.0,0.0,0.0,0.0,0.0,0.0,0.0,0.0,0.0,0.0,0.0,10432.393913525459,-0.04020797862714354,-0.04327519794357171,0.08705644028553593,
2015-06-01,65.99066162109375,63.947998046875,0.0,0.0,0.0,-0.0,0.002620634015384482,0.006261135686672636,0.0,0.0,0.0,0.0,0.0,0.0,0.0,0.0,0.0,0.0,0.0,10432.393913525459,-0.04020797862714354,-0.04219689674775329,0.15963314347026145,
2015-06-02,65.95748138427734,63.88322067260742,0.0,0.0,0.0,-0.0,-0.0005028020026064395,-0.0010129695415967976,0.0,0.0,0.0,0.0,0.0,0.0,0.0,0.0,0.0,0.0,0.0,10432.393913525459,-0.04020797862714354,-0.04244994538140845,0.1564149244228882,
2015-06-03,66.73358154296875,63.79994583129883,0.0,0.0,0.0,-0.0,0.011766673657075177,-0.0013035479493960223,0.0,0.0,0.0,0.0,0.0,0.0,0.0,0.0,0.0,0.0,0.0,10432.393913525459,-0.04020797862714354,-0.030430354120384084,0.876723732064915,
2015-06-04,66.40193176269531,63.11520385742188,0.0,0.0,0.0,-0.0,-0.0049697584425301145,-0.010732641931821663,0.0,0.0,0.0,0.0,0.0,0.0,0.0,0.0,0.0,0.0,0.0,10432.393913525459,-0.04020797862714354,-0.032752007995900057,0.728069513932204,
2015-06-05,66.67389678955078,63.26327896118164,0.0,0.0,0.0,-0.0,0.004095739681601485,0.0023461083021178997,0.0,0.0,0.0,0.0,0.0,0.0,0.0,0.0,0.0,0.0,0.0,10432.393913525459,-0.04020797862714354,-0.02924240149324686,0.915372614459648,
2015-06-08,65.85132598876953,62.62480163574219,0.0,0.0,0.0,-0.0,-0.01233722401703341,-0.010092384332959115,0.0,0.0,0.0,0.0,0.0,0.0,0.0,0.0,0.0,0.0,0.0,10432.393913525459,-0.04020797862714354,-0.039155386017879046,0.3222922529947911,
2015-06-09,66.08351135253906,62.87464904785156,0.0,0.0,0.0,-0.0,0.0035259026342024935,0.003989592071885761,0.0,0.0,0.0,0.0,0.0,0.0,0.0,0.0,0.0,0.0,0.0,10432.393913525459,-0.04020797862714354,-0.03661738377359258,0.46126650525574553,
2015-06-10,66.64073944091797,64.42915344238281,0.0,0.0,0.0,-0.0,0.008432180387725419,0.024723865947119172,0.0,0.0,0.0,0.0,0.0,0.0,0.0,0.0,0.0,0.0,0.0,10432.393913525459,-0.04020797862714354,-0.034242224846586566,0.602115342711606,
2015-06-11,66.99893951416016,64.43843078613281,0.0,0.0,0.0,-0.0,0.00537509151680049,0.0001439929481348301,0.0,0.0,0.0,0.0,0.0,0.0,0.0,0.0,0.0,0.0,0.0,10432.393913525459,-0.04020797862714354,-0.028917027277733487,0.906002205127216,
2015-06-12,66.3753890991211,64.15157318115234,0.0,0.0,0.0,-0.0,-0.009306869923027317,-0.004451654105801062,0.0,0.0,0.0,0.0,0.0,0.0,0.0,0.0,0.0,0.0,0.0,10432.393913525459,-0.04020797862714354,-0.03716744651645776,0.42232733871602773,
2015-06-15,66.30906677246094,63.44833755493164,0.0,0.0,0.0,-0.0,-0.000999200570577674,-0.010962094791267196,0.0,0.0,0.0,0.0,0.0,0.0,0.0,0.0,0.0,0.0,0.0,10432.393913525459,-0.04020797862714354,-0.035449458469581474,0.5229228737832664,
2015-06-16,66.5677719116211,63.85546112060547,0.0,0.0,0.0,-0.0,0.0039015047527044544,0.006416615176423779,0.0,0.0,0.0,0.0,0.0,0.0,0.0,0.0,0.0,0.0,0.0,10432.393913525459,-0.04020797862714354,-0.03313254265513699,0.6572857309545889,
2015-06-17,66.61418914794922,63.61490631103516,0.0,0.0,0.0,-0.0,0.0006972929241157999,-0.00376717676685423,0.0,0.0,0.0,0.0,0.0,0.0,0.0,0.0,0.0,0.0,0.0,10432.393913525459,-0.04020797862714354,-0.03150492057331933,0.7448500918853506,
2015-06-18,67.26429748535156,64.308837890625,0.0,0.0,0.0,-0.0,0.009759307224448177,0.010908317245599042,0.0,0.0,0.0,0.0,0.0,0.0,0.0,0.0,0.0,0.0,0.0,10432.393913525459,-0.04020797862714354,-0.02446787047609522,1.1283003148781943,
2015-06-19,66.89280700683594,63.55936813354492,0.0,0.0,0.0,-0.0,-0.005522847816801013,-0.01165422641215752,0.0,0.0,0.0,0.0,0.0,0.0,0.0,0.0,0.0,0.0,0.0,10432.393913525459,-0.04020797862714354,-0.02711573677520951,0.9422844994332708,
2015-06-22,67.25763702392578,63.92948913574219,0.0,0.0,0.0,-0.0,0.005453949885113385,0.00582323287763975,0.0,0.0,0.0,0.0,0.0,0.0,0.0,0.0,0.0,0.0,0.0,10432.393913525459,-0.04020797862714354,-0.023108191846901383,1.1379986415277348,
2015-06-23,66.83312225341797,64.2348403930664,0.0,0.0,0.0,-0.0,-0.006311770518443893,0.004776375682838063,-0.0,0.0,0.0,0.0,0.0,0.0,0.0,0.0,0.0,0.0,0.0,10432.393913525459,-0.04020797862714354,-0.030614804100363324,0.6735269965793308,
2015-06-24,65.93096160888672,63.7166862487793,0.0,0.0,0.0,-0.0,-0.013498705643444797,-0.00806655922419075,0.0,0.0,0.0,0.0,0.0,0.0,0.0,0.0,0.0,0.0,0.0,10432.393913525459,-0.04020797862714354,-0.042208525819477094,-0.027943057273840687,
2015-06-25,65.6324462890625,63.4946174621582,0.0,0.0,0.0,-0.0,-0.00452769552482879,-0.0034852532310615247,0.0,0.0,0.0,0.0,0.0,0.0,0.0,0.0,0.0,0.0,0.0,10432.393913525459,-0.04020797862714354,-0.04588569302893064,-0.2653775436043158,
2015-06-26,65.90441131591797,63.61490631103516,0.0,0.0,0.0,-0.0,0.004143758799689756,0.0018944731645742507,0.0,0.0,0.0,0.0,0.0,0.0,0.0,0.0,0.0,0.0,0.0,10432.393913525459,-0.04020797862714354,-0.04221714688555478,-0.06809399129600058,
2015-06-29,64.55115509033203,61.73650741577149,0.0,0.0,0.0,-0.0,-0.02053362132466363,-0.029527653252832464,0.0,0.0,0.0,0.0,0.0,0.0,0.0,0.0,0.0,0.0,0.0,10432.393913525459,-0.04020797862714354,-0.05557466056651572,-0.9084295336403048,
2015-06-30,64.28582763671875,62.1343879699707,0.0,0.0,0.0,-0.0,-0.004110344009212286,0.006444817999172514,-0.0,0.0,0.0,0.0,0.0,0.0,0.0,0.0,0.0,0.0,0.0,10432.393913525459,-0.04020797862714354,-0.06127738219702694,-1.263352647246721,
2015-07-01,64.30570983886719,62.78212738037109,0.0,0.0,0.0,-0.0,0.0003092781547557877,0.010424813562393664,0.0,0.0,0.0,0.0,0.0,0.0,0.0,0.0,0.0,0.0,0.0,10432.393913525459,-0.04020797862714354,-0.06352514217687011,-1.4094455281589868,
2015-07-02,64.47819519042969,63.14296722412109,0.0,0.0,0.0,-0.0,0.002682271169927253,0.005747493097260303,0.0,0.0,0.0,0.0,0.0,0.0,0.0,0.0,0.0,0.0,0.0,10432.393913525459,-0.04020797862714354,-0.062259481259064,-1.3498231298799033,
2015-07-06,64.11998748779297,63.03193283081055,0.0,0.0,0.0,-0.0,-0.00555548587516741,-0.0017584601768306785,0.0,0.0,0.0,0.0,0.0,0.0,0.0,0.0,0.0,0.0,0.0,10432.393913525459,-0.04020797862714354,-0.0673965165264625,-1.6743141680735922,
2015-07-07,64.67720794677734,62.70808029174805,0.0,0.0,0.0,-0.0,0.008690277101043753,-0.005137912237782372,0.0,0.0,0.0,0.0,0.0,0.0,0.0,0.0,0.0,0.0,0.0,10432.393913525459,-0.04020797862714354,-0.057473736403548914,-1.0729985963506807,
2015-07-08,63.3438606262207,61.74575805664063,0.0,0.0,0.0,-0.0,-0.020615412490499696,-0.015346064344981203,0.0,0.0,0.0,0.0,0.0,0.0,0.0,0.0,0.0,0.0,0.0,10432.393913525459,-0.04020797862714354,-0.07449162339331195,-2.1343312116213102,
2015-07-09,63.51630783081055,62.0418701171875,0.0,0.0,0.0,-0.0,0.0027223980806510006,0.004795666453317082,0.0,0.0,0.0,0.0,0.0,0.0,0.0,0.0,0.0,0.0,0.0,10432.393913525459,-0.04020797862714354,-0.07295249621295063,-2.002993815760626,
2015-07-10,64.31900787353516,63.309532165527344,0.0,0.0,0.0,-0.0,0.012637699988210516,0.02043236359486622,0.0,0.0,0.0,0.0,0.0,0.0,0.0,0.0,0.0,0.0,0.0,10432.393913525459,-0.04020797862714354,-0.06538092185207112,-1.5322775781728395,
2015-07-13,64.84968566894531,64.32737731933594,0.0,0.0,0.0,-0.0,0.008250714881261612,0.016077281240167274,0.0,0.0,0.0,0.0,0.0,0.0,0.0,0.0,0.0,0.0,0.0,10432.393913525459,-0.04020797862714354,-0.06109647328217682,-1.2951818263938206,
2015-07-14,64.92263793945312,64.86402130126953,0.0,0.0,0.0,-0.0,0.001124944088090496,0.00834238864223491,0.0,0.0,0.0,0.0,0.0,0.0,0.0,0.0,0.0,0.0,0.0,10432.393913525459,-0.04020797862714354,-0.06202049130826626,-1.398715245891909,
2015-07-15,64.46492004394531,64.78999328613281,0.0,0.0,0.0,-0.0,-0.007050204828933149,-0.001141280075635187,0.0,0.0,0.0,0.0,0.0,0.0,0.0,0.0,0.0,0.0,0.0,10432.393913525459,-0.04020797862714354,-0.0688141166641052,-1.783705552241703,
2015-07-16,64.6639404296875,65.2989273071289,0.0,0.0,0.0,-0.0,0.0030872664637839886,0.007855133102861789,0.0,0.0,0.0,0.0,0.0,0.0,0.0,0.0,0.0,0.0,0.0,10432.393913525459,-0.04020797862714354,-0.06766076544660016,-1.6665529046131695,
2015-07-17,64.74354553222656,65.58577728271484,0.0,0.0,0.0,-0.0,0.0012310586396389045,0.004392874238756672,0.0,0.0,0.0,0.0,0.0,0.0,0.0,0.0,0.0,0.0,0.0,10432.393913525459,-0.04020797862714354,-0.06751117935203022,-1.6277772832165112,
2015-07-20,64.73690032958984,67.26982116699219,0.0,0.0,0.0,-0.0,-0.00010263884348771235,0.025676967690999364,-0.0,0.0,0.0,0.0,0.0,0.0,0.0,0.0,0.0,0.0,0.0,10432.393913525459,-0.04020797862714354,-0.07386470885514473,-1.9516173928883,
2015-07-21,64.98234558105469,66.64061737060547,0.0,0.0,0.0,-0.0,0.003791427303674322,-0.009353433463495708,0.0,0.0,0.0,0.0,0.0,0.0,0.0,0.0,0.0,0.0,0.0,10432.393913525459,-0.04020797862714354,-0.06776345732767397,-1.5541425985570196,
2015-07-22,64.49808502197266,66.5943603515625,0.0,0.0,0.0,-0.0,-0.00745218650930346,-0.0006941265082482939,0.0,0.0,0.0,0.0,0.0,0.0,0.0,0.0,0.0,0.0,0.0,10432.393913525459,-0.04020797862714354,-0.07507234995907175,-1.9371247686157478,
2015-07-23,63.755157470703125,66.39080810546875,0.0,0.0,0.0,-0.0,-0.011518598591205298,-0.0030565988624136065,0.0,0.0,0.0,0.0,0.0,0.0,0.0,0.0,0.0,0.0,0.0,10432.393913525459,-0.04020797862714354,-0.0859030260299265,-2.3982674136067086,
2015-07-24,62.85297775268555,69.21296691894531,1.0,0.0,0.0,-0.0,-0.014150693901621159,0.042508276281157276,-0.0,0.0,0.0,0.0,0.0,0.0,0.0,0.0,0.0,0.0,0.0,10432.393913525459,-0.04020797862714354,-0.11041880677705929,-3.3413224871129787,Enter Long Spread
2015-07-27,63.09840393066406,68.34319305419922,1.0,1.0,0.8022105569956678,-0.1977894430043322,0.00390476611854762,-0.012566631708833986,0.005617991689028752,0.0,1.0,0.6044211139913356,0.1977894430043322,0.8022105569956678,0.1977894430043322,1.0,0.001,2.3201436221655254e-05,0.004594790252807096,10480.328575392772,-0.03579793560261724,-0.1034036393194353,-2.7470009424465602,
2015-07-28,66.29578399658203,69.15747833251953,1.0,1.0,0.8022105569956678,-0.1977894430043322,0.05067291510941274,0.01191465077838183,0.03829375531346891,0.0,1.0,0.6044211139913356,0.1977894430043322,0.0,0.0,0.0,0.0,2.3201436221655254e-05,0.03827055387724725,10881.416554788595,0.0,-0.05689306923633586,-0.519891922546868,
2015-07-29,66.92597961425781,70.33261108398438,1.0,1.0,0.8022105569956678,-0.1977894430043322,0.009505817409267925,0.01699212839737485,0.004264803467413069,0.0,1.0,0.6044211139913356,0.1977894430043322,0.0,0.0,0.0,0.0,2.3201436221655254e-05,0.004241602031191414,10927.571193349626,0.0,-0.05158645477111978,-0.2416413826215335,
2015-07-30,67.26429748535156,70.67499542236328,1.0,1.0,0.8022105569956678,-0.1977894430043322,0.0050551052527541,0.004868073758417246,0.003092405203302239,0.0,1.0,0.6044211139913356,0.1977894430043322,0.0,0.0,0.0,0.0,2.3201436221655254e-05,0.003069203767080584,10961.110136021294,0.0,-0.04774142212771837,-0.041109316847628134,
2015-07-31,67.90109252929688,69.71266174316406,0.0,1.0,0.8022105569956678,-0.1977894430043322,0.009467058569726294,-0.013616324606010699,0.01028773958791978,0.0,1.0,0.6044211139913356,0.1977894430043322,0.0,0.0,0.0,0.0,2.3201436221655254e-05,0.010264538151698125,11073.620869197452,0.0,-0.03493864944660463,0.5813777712826167,Exit Long Spread
2015-08-03,68.15984344482422,70.11054992675781,0.0,0.0,0.0,-0.0,0.0038107032727889845,0.0057075454249566615,0.0,0.0,0.0,0.0,0.0,0.8022105569956678,0.1977894430043322,1.0,0.001,0.0,-0.001,11062.547248328254,-0.0010000000000000009,-0.032538414664616155,0.6921818028137064,
2015-08-04,68.08685302734375,69.64791870117188,0.0,0.0,0.0,-0.0,-0.0010708712607233606,-0.0065985964461729996,0.0,0.0,0.0,0.0,0.0,0.0,0.0,0.0,0.0,0.0,0.0,11062.547248328254,-0.0010000000000000009,-0.0319775478974611,0.709038642234783,
2015-08-05,68.28584289550781,69.37953186035156,0.0,0.0,0.0,-0.0,0.002922588713039076,-0.00385347969939831,0.0,0.0,0.0,0.0,0.0,0.0,0.0,0.0,0.0,0.0,0.0,11062.547248328254,-0.0010000000000000009,-0.028107289637743227,0.8840730072784302,
2015-08-06,67.94754791259766,68.08414459228516,0.0,0.0,0.0,-0.0,-0.004954101297802271,-0.018671029240638126,0.0,0.0,0.0,0.0,0.0,0.0,0.0,0.0,0.0,0.0,0.0,11062.547248328254,-0.0010000000000000009,-0.028426739739344287,0.8520674385024614,
2015-08-07,67.75518798828125,68.66706848144531,0.0,0.0,0.0,-0.0,-0.002831006124957458,0.008561815568822073,-0.0,0.0,0.0,0.0,0.0,0.0,0.0,0.0,0.0,0.0,0.0,11062.547248328254,-0.0010000000000000009,-0.03336373806678239,0.6010860495928274,
2015-08-10,68.61091613769531,68.82438659667969,0.0,0.0,0.0,-0.0,0.012629706666330343,0.0022910271067839716,0.0,0.0,0.0,0.0,0.0,0.0,0.0,0.0,0.0,0.0,0.0,11062.547248328254,-0.0010000000000000009,-0.021377340234479236,1.155694080894314,
2015-08-11,68.31903076171875,67.88057708740234,0.0,0.0,0.0,-0.0,-0.00425421190107389,-0.013713300705579745,0.0,0.0,0.0,0.0,0.0,0.0,0.0,0.0,0.0,0.0,0.0,11062.547248328254,-0.0010000000000000009,-0.022236139922429787,1.123764624526956,
2015-08-12,68.20626831054688,68.15861511230469,0.0,0.0,0.0,-0.0,-0.0016505276774954059,0.004095987936937329,-0.0,0.0,0.0,0.0,0.0,0.0,0.0,0.0,0.0,0.0,0.0,11062.547248328254,-0.0010000000000000009,-0.02489585705212405,1.0029929765456762,
2015-08-13,68.03921508789062,68.52005767822266,0.0,0.0,0.0,-0.0,-0.0024492356317699082,0.005302962293503466,-0.0,0.0,0.0,0.0,0.0,0.0,0.0,0.0,0.0,0.0,0.0,11062.547248328254,-0.0010000000000000009,-0.028652117069938532,0.8359222080925304,
2015-08-14,68.63385009765625,68.78882598876953,0.0,0.0,0.0,-0.0,0.008739592439411581,0.003922476420102239,0.0,0.0,0.0,0.0,0.0,0.0,0.0,0.0,0.0,0.0,0.0,11062.547248328254,-0.0010000000000000009,-0.020915710244364893,1.2107344147835555,
2015-08-17,68.74742126464844,68.96495819091797,0.0,0.0,0.0,-0.0,0.0016547398525741386,0.0025604769323610554,0.0,0.0,0.0,0.0,0.0,0.0,0.0,0.0,0.0,0.0,0.0,11062.547248328254,-0.0010000000000000009,-0.0198928308559152,1.2649637753981264,
2015-08-18,68.65386962890625,69.02055358886719,0.0,0.0,0.0,-0.0,-0.0013608021075008914,0.0008061398050196456,-0.0,0.0,0.0,0.0,0.0,0.0,0.0,0.0,0.0,0.0,0.0,11062.547248328254,-0.0010000000000000009,-0.021453237845808326,1.1836348687029896,
2015-08-19,68.35324096679688,68.9556655883789,0.0,0.0,0.0,-0.0,-0.004378903384971045,-0.000940125761302868,0.0,0.0,0.0,0.0,0.0,0.0,0.0,0.0,0.0,0.0,0.0,11062.547248328254,-0.0010000000000000009,-0.02560985448466635,0.976984278939023,
2015-08-20,67.51144409179688,68.53858184814453,0.0,0.0,0.0,-0.0,-0.012315390800692438,-0.006048578266564797,0.0,0.0,0.0,0.0,0.0,0.0,0.0,0.0,0.0,0.0,0.0,11062.547248328254,-0.0010000000000000009,-0.03650586934113509,0.46064328249244246,
2015-08-21,66.23536682128906,65.9805679321289,0.0,0.0,0.0,-0.0,-0.01890164382756654,-0.03732224751430091,0.0,0.0,0.0,0.0,0.0,0.0,0.0,0.0,0.0,0.0,0.0,11062.547248328254,-0.0010000000000000009,-0.046210310707655244,-0.0026435516382480166,
2015-08-24,63.8101692199707,63.35766220092773,0.0,0.0,0.0,-0.0,-0.036614843665950136,-0.03975270012678944,0.0,0.0,0.0,0.0,0.0,0.0,0.0,0.0,0.0,0.0,0.0,11062.547248328254,-0.0010000000000000009,-0.0735109205270581,-1.2790279635537811,
2015-08-25,63.10863876342773,62.06938171386719,0.0,0.0,0.0,-0.0,-0.010994022819851956,-0.02033345995272018,0.0,0.0,0.0,0.0,0.0,0.0,0.0,0.0,0.0,0.0,0.0,11062.547248328254,-0.0010000000000000009,-0.07950082663169744,-1.5055404663926144,
2015-08-26,64.55841827392578,65.51712799072266,0.0,0.0,0.0,-0.0,0.022972758387845627,0.05554665088737609,0.0,0.0,0.0,0.0,0.0,0.0,0.0,0.0,0.0,0.0,0.0,11062.547248328254,-0.0010000000000000009,-0.07011646119548987,-1.0363738459165768,
2015-08-27,66.24203491210938,67.10200500488281,0.0,0.0,0.0,-0.0,0.026078963568157754,0.024190269976189782,0.0,0.0,0.0,0.0,0.0,0.0,0.0,0.0,0.0,0.0,0.0,11062.547248328254,-0.0010000000000000009,-0.050265003832446586,-0.10208640924457141,
2015-08-28,65.90130615234375,67.15763092041016,0.0,0.0,0.0,-0.0,-0.005143694033821644,0.0008289754609165367,-0.0,0.0,0.0,0.0,0.0,0.0,0.0,0.0,0.0,0.0,0.0,11062.547248328254,-0.0010000000000000009,-0.055626276007542774,-0.3351405973881688,
2015-08-31,65.23989868164062,66.0825424194336,0.0,0.0,0.0,-0.0,-0.010036333258314323,-0.016008433981994807,0.0,0.0,0.0,0.0,0.0,0.0,0.0,0.0,0.0,0.0,0.0,11062.547248328254,-0.0010000000000000009,-0.061734411340728546,-0.5975496656439341,
2015-09-01,63.60305404663086,63.91374588012695,0.0,0.0,0.0,-0.0,-0.025089625644535096,-0.03281950814696322,0.0,0.0,0.0,0.0,0.0,0.0,0.0,0.0,0.0,0.0,0.0,11062.547248328254,-0.0010000000000000009,-0.07891655261935826,-1.3534201014174592,
2015-09-02,64.61187744140625,64.52545928955078,0.0,0.0,0.0,-0.0,0.015861241412020277,0.009570920949792505,0.0,0.0,0.0,0.0,0.0,0.0,0.0,0.0,0.0,0.0,0.0,11062.547248328254,-0.0010000000000000009,-0.06552832860424052,-0.7109605601335968,
2015-09-03,64.65196228027344,65.24836730957031,0.0,0.0,0.0,-0.0,0.0006203942750857561,0.011203454078111408,0.0,0.0,0.0,0.0,0.0,0.0,0.0,0.0,0.0,0.0,0.0,11062.547248328254,-0.0010000000000000009,-0.06765504127436239,-0.7829968125261132,
2015-09-04,63.669883728027344,64.09912872314453,0.0,0.0,0.0,-0.0,-0.015190235804269592,-0.017613292620384358,0.0,0.0,0.0,0.0,0.0,0.0,0.0,0.0,0.0,0.0,0.0,11062.547248328254,-0.0010000000000000009,-0.07858047665790457,-1.2434628392468858,
2015-09-08,65.42697143554688,65.36885833740234,0.0,0.0,0.0,-0.0,0.02759684178198163,0.019808843576361257,0.0,0.0,0.0,0.0,0.0,0.0,0.0,0.0,0.0,0.0,0.0,11062.547248328254,-0.0010000000000000009,-0.056193800049182174,-0.2006826582326163,
2015-09-09,64.83903503417969,64.5069351196289,0.0,0.0,0.0,-0.0,-0.008986147279434586,-0.01318553267864353,0.0,0.0,0.0,0.0,0.0,0.0,0.0,0.0,0.0,0.0,0.0,11062.547248328254,-0.0010000000000000009,-0.06194797722920509,-0.4470809950899601,
2015-09-10,64.68536376953125,65.0908203125,0.0,0.0,0.0,-0.0,-0.0023700424376678075,0.009051510380833738,-0.0,0.0,0.0,0.0,0.0,0.0,0.0,0.0,0.0,0.0,0.0,11062.547248328254,-0.0010000000000000009,-0.06654249294350989,-0.6359348110899244,
2015-09-11,64.92585754394531,65.58202362060547,0.0,0.0,0.0,-0.0,0.003717900934606,0.007546429830615375,0.0,0.0,0.0,0.0,0.0,0.0,0.0,0.0,0.0,0.0,0.0,11062.547248328254,-0.0010000000000000009,-0.06468511489401063,-0.5272286237963237,
2015-09-14,64.81232452392578,64.88691711425781,0.0,0.0,0.0,-0.0,-0.001748656456985409,-0.010599040224328449,0.0,0.0,0.0,0.0,0.0,0.0,0.0,0.0,0.0,0.0,0.0,11062.547248328254,-0.0010000000000000009,-0.06380810251246039,-0.46203830028893744,
2015-09-15,67.15734100341797,65.35031127929688,0.0,0.0,0.0,-0.0,0.0361816444128078,0.007141565444126252,0.0,0.0,0.0,0.0,0.0,0.0,0.0,0.0,0.0,0.0,0.0,11062.547248328254,-0.0010000000000000009,-0.030020176366699847,1.1431035288082436,
2015-09-16,66.86336517333984,65.7951889038086,0.0,0.0,0.0,-0.0,-0.004377419142654326,0.006807582332858164,-0.0,0.0,0.0,0.0,0.0,0.0,0.0,0.0,0.0,0.0,0.0,11062.547248328254,-0.0010000000000000009,-0.03607996419255444,0.8762439926070572,
2015-09-17,67.2241439819336,65.76739501953125,0.0,0.0,0.0,-0.0,0.005395762053830966,-0.00042243034392652756,0.0,0.0,0.0,0.0,0.0,0.0,0.0,0.0,0.0,0.0,0.0,11062.547248328254,-0.0010000000000000009,-0.03059453257033229,1.139815732463339,
2015-09-18,65.68751525878906,64.68302154541016,0.0,0.0,0.0,-0.0,-0.022858286206775658,-0.016488010111987306,0.0,0.0,0.0,0.0,0.0,0.0,0.0,0.0,0.0,0.0,0.0,11062.547248328254,-0.0010000000000000009,-0.04961902352946934,0.23208369156958866,
2015-09-21,66.57609558105469,65.6005630493164,0.0,0.0,0.0,-0.0,0.013527385208054854,0.014185198557276735,0.0,0.0,0.0,0.0,0.0,0.0,0.0,0.0,0.0,0.0,0.0,11062.547248328254,-0.0010000000000000009,-0.039655181777263016,0.705086245778708,
2015-09-22,65.81443786621094,65.10935974121094,0.0,0.0,0.0,-0.0,-0.011440408275616765,-0.007487791038259806,0.0,0.0,0.0,0.0,0.0,0.0,0.0,0.0,0.0,0.0,0.0,11062.547248328254,-0.0010000000000000009,-0.04930843221857306,0.24762952543870953,
2015-09-23,65.18646240234375,65.75813293457031,0.0,0.0,0.0,-0.0,-0.009541606435107042,0.009964361436482383,-0.0,0.0,0.0,0.0,0.0,0.0,0.0,0.0,0.0,0.0,0.0,11062.547248328254,-0.0010000000000000009,-0.06134046041448027,-0.32680844928455705,
2015-09-24,65.13966369628906,65.10009765625,0.0,0.0,0.0,-0.0,-0.0007179206284555484,-0.01000690331301013,0.0,0.0,0.0,0.0,0.0,0.0,0.0,0.0,0.0,0.0,0.0,11062.547248328254,-0.0010000000000000009,-0.05957895381571787,-0.243520875285002,
2015-09-25,65.98148345947266,65.51712799072266,0.0,0.0,0.0,-0.0,0.012923305332194213,0.006405986311644574,0.0,0.0,0.0,0.0,0.0,0.0,0.0,0.0,0.0,0.0,0.0,11062.547248328254,-0.0010000000000000009,-0.04831283574342882,0.28673985211477304,
2015-09-28,64.98601531982422,62.28251647949219,0.0,0.0,0.0,-0.0,-0.01508708333694675,-0.0493704716679354,0.0,0.0,0.0,0.0,0.0,0.0,0.0,0.0,0.0,0.0,0.0,11062.547248328254,-0.0010000000000000009,-0.051031570662841474,0.14692124503658582,
2015-09-29,65.5672607421875,63.51521682739258,0.0,0.0,0.0,-0.0,0.008944161593886335,0.01979207677496908,0.0,0.0,0.0,0.0,0.0,0.0,0.0,0.0,0.0,0.0,0.0,11062.547248328254,-0.0010000000000000009,-0.046959353730791964,0.32771671865224916,
2015-09-30,65.93472290039062,64.56255340576172,0.0,0.0,0.0,-0.0,0.0056043542774799615,0.016489537951438482,0.0,0.0,0.0,0.0,0.0,0.0,0.0,0.0,0.0,0.0,0.0,11062.547248328254,-0.0010000000000000009,-0.04540307622553974,0.3928264756121825,
2015-10-01,65.86124420166016,64.86836242675781,0.0,0.0,0.0,-0.0,-0.0011144158267181181,0.004736631450651396,-0.0,0.0,0.0,0.0,0.0,0.0,0.0,0.0,0.0,0.0,0.0,11062.547248328254,-0.0010000000000000009,-0.04768319900010143,0.26326417364798727,
2015-10-02,66.39570617675781,65.49861145019531,0.0,0.0,0.0,-0.0,0.008114969305183406,0.009715815227324454,0.0,0.0,0.0,0.0,0.0,0.0,0.0,0.0,0.0,0.0,0.0,11062.547248328254,-0.0010000000000000009,-0.04198490467579963,0.5185544851249151,
2015-10-05,67.83211517333984,66.94446563720703,0.0,0.0,0.0,-0.0,0.02163406459987094,0.022074577689500163,0.0,0.0,0.0,0.0,0.0,0.0,0.0,0.0,0.0,0.0,0.0,11062.547248328254,-0.0010000000000000009,-0.025964942176464945,1.2579608870632422,
2015-10-06,67.76530456542969,66.805419921875,0.0,0.0,0.0,-0.0,-0.0009849406544293338,-0.002077030774815136,0.0,0.0,0.0,0.0,0.0,0.0,0.0,0.0,0.0,0.0,0.0,11062.547248328254,-0.0010000000000000009,-0.026437732230989663,1.194367458938959,
2015-10-07,68.30647277832031,67.8620376586914,0.0,0.0,0.0,-0.0,0.007985918699267458,0.015816347506715234,0.0,0.0,0.0,0.0,0.0,0.0,0.0,0.0,0.0,0.0,0.0,11062.547248328254,-0.0010000000000000009,-0.022352622632591856,1.340724935273824,
2015-10-08,69.0680923461914,68.49225616455078,0.0,0.0,0.0,-0.0,0.011150035082953647,0.009286760722232223,0.0,0.0,0.0,0.0,0.0,0.0,0.0,0.0,0.0,0.0,0.0,11062.547248328254,-0.0010000000000000009,-0.01354342650417717,1.6829829572913,
2015-10-09,69.26852416992188,68.56640625,0.0,0.0,0.0,-0.0,0.002901945267661965,0.0010826053863823848,0.0,0.0,0.0,0.0,0.0,0.0,0.0,0.0,0.0,0.0,0.0,11062.547248328254,-0.0010000000000000009,-0.010912461706409804,1.726395363682254,
2015-10-12,69.75624084472656,69.50247955322266,0.0,0.0,0.0,-0.0,0.00704095663433324,0.013652068912721527,0.0,0.0,0.0,0.0,0.0,0.0,0.0,0.0,0.0,0.0,0.0,11062.547248328254,-0.0010000000000000009,-0.007239400464371659,1.8072268522531267,
2015-10-13,69.01467895507812,69.5117416381836,0.0,0.0,0.0,-0.0,-0.010630760497818526,0.00013326265509494561,-0.0,0.0,0.0,0.0,0.0,0.0,0.0,0.0,0.0,0.0,0.0,11062.547248328254,-0.0010000000000000009,-0.017959925643044272,1.284738849256197,
2015-10-14,68.7206802368164,68.77030181884766,0.0,0.0,0.0,-0.0,-0.004259944735135024,-0.010666396810990797,0.0,0.0,0.0,0.0,0.0,0.0,0.0,0.0,0.0,0.0,0.0,11062.547248328254,-0.0010000000000000009,-0.019584984655884652,1.171669246251378,
2015-10-15,69.34870910644531,69.8268814086914,0.0,0.0,0.0,-0.0,0.009138862820692095,0.015363893452539301,0.0,0.0,0.0,0.0,0.0,0.0,0.0,0.0,0.0,0.0,0.0,11062.547248328254,-0.0010000000000000009,-0.014246876371338812,1.3605211992440218,
2015-10-16,69.44890594482422,70.43856811523438,0.0,0.0,0.0,-0.0,0.0014448262941002543,0.008760046191420345,0.0,0.0,0.0,0.0,0.0,0.0,0.0,0.0,0.0,0.0,0.0,11062.547248328254,-0.0010000000000000009,-0.014953525347738195,1.2950273534417451,
2015-10-19,69.6560287475586,71.35614013671875,0.0,0.0,0.0,-0.0,0.0029823767547747515,0.013026556984850446,0.0,0.0,0.0,0.0,0.0,0.0,0.0,0.0,0.0,0.0,0.0,11062.547248328254,-0.0010000000000000009,-0.015166617382648129,1.2986043889080527,
2015-10-20,69.85647583007812,70.69806671142578,0.0,0.0,0.0,-0.0,0.002877670262339649,-0.00922237979846019,0.0,0.0,0.0,0.0,0.0,0.0,0.0,0.0,0.0,0.0,0.0,11062.547248328254,-0.0010000000000000009,-0.010008701047842017,1.5579562911293325,
2015-10-21,70.32414245605469,69.93809509277344,0.0,0.0,0.0,-0.0,0.006694678201547566,-0.01074953890541852,0.0,0.0,0.0,0.0,0.0,0.0,0.0,0.0,0.0,0.0,0.0,11062.547248328254,-0.0010000000000000009,-0.0006716265276278666,1.9312218911958288,
2015-10-22,71.10582733154297,70.82784271240234,0.0,0.0,0.0,-0.0,0.01111545549207027,0.012721930994097796,0.0,0.0,0.0,0.0,0.0,0.0,0.0,0.0,0.0,0.0,0.0,11062.547248328254,-0.0010000000000000009,0.007265628526201384,2.1867736940562152,
2015-10-23,71.35301208496094,71.43028259277344,0.0,0.0,0.0,-0.0,0.0034762938945274158,0.008505692921035424,0.0,0.0,0.0,0.0,0.0,0.0,0.0,0.0,0.0,0.0,0.0,11062.547248328254,-0.0010000000000000009,0.00864763701590121,2.1248390804048816,
2015-10-26,70.93878936767578,72.45905303955078,0.0,0.0,0.0,-0.0,-0.005805259023850873,0.014402441225696894,-0.0,0.0,0.0,0.0,0.0,0.0,0.0,0.0,0.0,0.0,0.0,11062.547248328254,-0.0010000000000000009,-0.0007002108067681867,1.6338080752317685,
2015-10-27,68.88101959228516,71.84736633300781,0.0,0.0,0.0,-0.0,-0.02900768104069562,-0.008441825843474526,0.0,0.0,0.0,0.0,0.0,0.0,0.0,0.0,0.0,0.0,0.0,11062.547248328254,-0.0010000000000000009,-0.0280467181145434,0.4093957104476845,
2015-10-28,68.5670166015625,73.09855651855469,0.0,0.0,0.0,-0.0,-0.00455862866986112,0.01741455879882481,-0.0,0.0,0.0,0.0,0.0,0.0,0.0,0.0,0.0,0.0,0.0,11062.547248328254,-0.0010000000000000009,-0.03687246705198266,0.01950327923616862,
2015-10-29,69.12822723388672,72.76490020751953,0.0,0.0,0.0,-0.0,0.008184848344581885,-0.0045644719530195665,0.0,0.0,0.0,0.0,0.0,0.0,0.0,0.0,0.0,0.0,0.0,11062.547248328254,-0.0010000000000000009,-0.027592960892522278,0.43301417915973794,
2015-10-30,68.82758331298828,71.9029541015625,0.0,0.0,0.0,-0.0,-0.004349076100002458,-0.011845630290137521,0.0,0.0,0.0,0.0,0.0,0.0,0.0,0.0,0.0,0.0,0.0,11062.547248328254,-0.0010000000000000009,-0.029013480131247604,0.370152374973077,
2015-11-02,69.8631591796875,69.71566772460938,0.0,0.0,0.0,-0.0,0.015045942583658878,-0.030419979321900992,0.0,0.0,0.0,0.0,0.0,0.0,0.0,0.0,0.0,0.0,0.0,11062.547248328254,-0.0010000000000000009,-0.00646294535752423,1.335832459853003,
2015-11-03,69.80302429199219,72.19953918457031,0.0,0.0,0.0,-0.0,-0.0008607524824442159,0.03562859743053348,-0.0,0.0,0.0,0.0,0.0,0.0,0.0,0.0,0.0,0.0,0.0,11062.547248328254,-0.0010000000000000009,-0.015955627941072414,0.9118464876876224,
2015-11-04,69.48231506347656,72.61663818359375,0.0,0.0,0.0,-0.0,-0.0045944890177547215,0.005777031318124681,-0.0,0.0,0.0,0.0,0.0,0.0,0.0,0.0,0.0,0.0,0.0,11062.547248328254,-0.0010000000000000009,-0.021980964533104608,0.6476490718742501,
2015-11-05,69.63599395751953,73.46003723144531,0.0,0.0,0.0,-0.0,0.0022117699144390546,0.011614405030968555,0.0,0.0,0.0,0.0,0.0,0.0,0.0,0.0,0.0,0.0,0.0,11062.547248328254,-0.0010000000000000009,-0.022618730851167834,0.6174697078252681,
2015-11-06,70.14373016357422,72.98734283447266,0.0,0.0,0.0,-0.0,0.0072912897080843475,-0.0064347149115017155,0.0,0.0,0.0,0.0,0.0,0.0,0.0,0.0,0.0,0.0,0.0,11062.547248328254,-0.0010000000000000009,-0.01376225320544644,0.9869515803836459,
2015-11-09,69.48900604248047,72.32929992675781,0.0,0.0,0.0,-0.0,-0.009334036264780132,-0.009015849627615702,0.0,0.0,0.0,0.0,0.0,0.0,0.0,0.0,0.0,0.0,0.0,11062.547248328254,-0.0010000000000000009,-0.020907135716614178,0.6765641033581203,
2015-11-10,69.70947265625,73.79631805419922,0.0,0.0,0.0,-0.0,0.0031726833685712386,0.020282487580094655,0.0,0.0,0.0,0.0,0.0,0.0,0.0,0.0,0.0,0.0,0.0,11062.547248328254,-0.0010000000000000009,-0.022690195561985593,0.6019386702227877,
2015-11-11,70.01679992675781,73.51776123046875,0.0,0.0,0.0,-0.0,0.004408687353342877,-0.0037746710279756845,0.0,0.0,0.0,0.0,0.0,0.0,0.0,0.0,0.0,0.0,0.0,11062.547248328254,-0.0010000000000000009,-0.01735877110262818,0.82905326983467,
2015-11-12,69.02779388427734,72.70996856689453,0.0,0.0,0.0,-0.0,-0.014125267700252464,-0.010987721198988831,0.0,0.0,0.0,0.0,0.0,0.0,0.0,0.0,0.0,0.0,0.0,11062.547248328254,-0.0010000000000000009,-0.028860673306272178,0.3325010100532791,
2015-11-13,68.47610473632812,72.5242919921875,0.0,0.0,0.0,-0.0,-0.007992275529971393,-0.002553660500295818,0.0,0.0,0.0,0.0,0.0,0.0,0.0,0.0,0.0,0.0,0.0,11062.547248328254,-0.0010000000000000009,-0.03625463388291261,0.011094947605895468,
2015-11-16,69.39112091064453,73.25780487060547,0.0,0.0,0.0,-0.0,0.013362561697102038,0.010114030185871759,0.0,0.0,0.0,0.0,0.0,0.0,0.0,0.0,0.0,0.0,0.0,11062.547248328254,-0.0010000000000000009,-0.025461707627711272,0.46480828987234935,
2015-11-17,69.39112091064453,73.19277954101562,0.0,0.0,0.0,-0.0,0.0,-0.0008876232328377531,0.0,0.0,0.0,0.0,0.0,0.0,0.0,0.0,0.0,0.0,0.0,11062.547248328254,-0.0010000000000000009,-0.02524276203280973,0.4487473299810369,
2015-11-18,69.75442504882812,74.70625305175781,0.0,0.0,0.0,-0.0,0.005235599791671097,0.020677907304969434,0.0,0.0,0.0,0.0,0.0,0.0,0.0,0.0,0.0,0.0,0.0,11062.547248328254,-0.0010000000000000009,-0.02506707753183357,0.42984545980417294,
2015-11-19,70.0369873046875,74.41840362548828,0.0,0.0,0.0,-0.0,0.004050814778583378,-0.003853083436939353,0.0,0.0,0.0,0.0,0.0,0.0,0.0,0.0,0.0,0.0,0.0,11062.547248328254,-0.0010000000000000009,-0.02007261128626525,0.6327518159630362,
2015-11-20,70.0369873046875,74.45552825927734,0.0,0.0,0.0,-0.0,0.0,0.0004988636141121106,0.0,0.0,0.0,0.0,0.0,0.0,0.0,0.0,0.0,0.0,0.0,11062.547248328254,-0.0010000000000000009,-0.020195578195970842,0.6048308519009883,
2015-11-23,69.69387817382812,74.38125610351562,0.0,0.0,0.0,-0.0,-0.004898970444955353,-0.0009975371540321687,0.0,0.0,0.0,0.0,0.0,0.0,0.0,0.0,0.0,0.0,0.0,11062.547248328254,-0.0010000000000000009,-0.024860516885712558,0.3655206287648024,
2015-11-24,69.5660171508789,74.08415222167969,0.0,0.0,0.0,-0.0,-0.0018346090976644192,-0.003994338055039903,0.0,0.0,0.0,0.0,0.0,0.0,0.0,0.0,0.0,0.0,0.0,11062.547248328254,-0.0010000000000000009,-0.02571001271625395,0.30172862615990753,
2015-11-25,69.62657928466797,73.87060546875,0.0,0.0,0.0,-0.0,0.0008705706646638944,-0.0028824889875327386,0.0,0.0,0.0,0.0,0.0,0.0,0.0,0.0,0.0,0.0,0.0,11062.547248328254,-0.0010000000000000009,-0.024128100944335484,0.34872560250673856,
2015-11-27,70.0907974243164,74.13057708740234,0.0,0.0,0.0,-0.0,0.006667254723953686,0.0035192837124140564,0.0,0.0,0.0,0.0,0.0,0.0,0.0,0.0,0.0,0.0,0.0,11062.547248328254,-0.0010000000000000009,-0.018349149631012196,0.6125083863345879,
2015-11-30,69.30365753173828,73.35994720458984,0.0,0.0,0.0,-0.0,-0.011230288732669513,-0.010395573771183497,0.0,0.0,0.0,0.0,0.0,0.0,0.0,0.0,0.0,0.0,0.0,11062.547248328254,-0.0010000000000000009,-0.027066472634881267,0.13549376305828115,
2015-12-01,70.22537231445312,74.1955795288086,0.0,0.0,0.0,-0.0,0.013299655682569744,0.01139085231193393,0.0,0.0,0.0,0.0,0.0,0.0,0.0,0.0,0.0,0.0,0.0,11062.547248328254,-0.0010000000000000009,-0.0166470834672372,0.668736995643392,
2015-12-02,69.49876403808594,73.3877944946289,0.0,0.0,0.0,-0.0,-0.010346805611988863,-0.010887239365332313,0.0,0.0,0.0,0.0,0.0,0.0,0.0,0.0,0.0,0.0,0.0,11062.547248328254,-0.0010000000000000009,-0.024348761112557904,0.2122526873801865,
2015-12-03,68.81924438476562,72.69140625,0.0,0.0,0.0,-0.0,-0.009777435077088947,-0.009489156193130621,0.0,0.0,0.0,0.0,0.0,0.0,0.0,0.0,0.0,0.0,0.0,11062.547248328254,-0.0010000000000000009,-0.03182353415703654,-0.2512937380136169,
2015-12-04,69.47185516357422,74.65055084228516,0.0,0.0,0.0,-0.0,0.009482969257259999,0.026951529669783536,0.0,0.0,0.0,0.0,0.0,0.0,0.0,0.0,0.0,0.0,0.0,11062.547248328254,-0.0010000000000000009,-0.02894232448749756,-0.12398173501404437,
2015-12-07,68.92688751220703,73.86132049560547,0.0,0.0,0.0,-0.0,-0.007844437867450593,-0.010572331185433548,0.0,0.0,0.0,0.0,0.0,0.0,0.0,0.0,0.0,0.0,0.0,11062.547248328254,-0.0010000000000000009,-0.03419714800676954,-0.5029225165890583,
2015-12-08,68.05899047851562,73.4156494140625,0.0,0.0,0.0,-0.0,-0.012591559912489947,-0.006033889978578011,0.0,0.0,0.0,0.0,0.0,0.0,0.0,0.0,0.0,0.0,0.0,11062.547248328254,-0.0010000000000000009,-0.04537645810270363,-1.2946018148513099,
2015-12-09,67.58806610107422,72.31072998046875,0.0,0.0,0.0,-0.0,-0.006919355901849111,-0.015050189467943453,0.0,0.0,0.0,0.0,0.0,0.0,0.0,0.0,0.0,0.0,0.0,11062.547248328254,-0.0010000000000000009,-0.04858094962983994,-1.4628476915929955,
2015-12-10,67.5813217163086,72.53359985351562,0.0,0.0,0.0,-0.0,-9.978662143605987e-05,0.0030821134443956844,-0.0,0.0,0.0,0.0,0.0,0.0,0.0,0.0,0.0,0.0,0.0,11062.547248328254,-0.0010000000000000009,-0.049439484653919674,-1.4816869377922164,
2015-12-11,65.56967163085938,70.66727447509766,1.0,0.0,0.0,-0.0,-0.02976636198228977,-0.025730494311423713,0.0,0.0,0.0,0.0,0.0,0.0,0.0,0.0,0.0,0.0,0.0,11062.547248328254,-0.0010000000000000009,-0.07323081705043855,-2.7816266414333097,Enter Long Spread
2015-12-14,65.84552001953125,71.37298583984375,1.0,1.0,0.8022105569956678,-0.1977894430043322,0.004206950893773431,0.00998639568298021,0.0013996567799898834,0.0,1.0,0.6044211139913356,0.1977894430043322,0.8022105569956678,0.1977894430043322,1.0,0.001,2.3201436221655254e-05,0.00037645534376822817,11066.711803355576,-0.0006239211115754983,-0.07148267862421132,-2.5433933310497046,
2015-12-15,66.53849792480469,72.99784088134766,1.0,1.0,0.8022105569956678,-0.1977894430043322,0.01052429846507219,0.022765686798503548,0.003939890822167117,0.0,1.0,0.6044211139913356,0.1977894430043322,0.0,0.0,0.0,0.0,2.3201436221655254e-05,0.0039166893859454615,11110.056676013095,0.0,-0.06656344234167055,-2.1508860592594075,
2015-12-16,67.62169647216797,74.14916229248047,1.0,1.0,0.8022105569956678,-0.1977894430043322,0.01627927562457754,0.015771992667621415,0.009939873121481094,0.0,1.0,0.6044211139913356,0.1977894430043322,0.0,0.0,0.0,0.0,2.3201436221655254e-05,0.00991667168525944,11220.231460473742,0.0,-0.05427357789068643,-1.4487791663901919,
2015-12-17,67.27855682373047,73.06282806396484,1.0,1.0,0.8022105569956678,-0.1977894430043322,-0.005074401654189931,-0.014650660842675411,-0.0011729925297092928,0.0,1.0,0.6044211139913356,0.1977894430043322,0.0,0.0,0.0,0.0,2.3201436221655254e-05,-0.001196193965930948,11206.809887304375,-0.0011961939659309584,-0.05572197481840635,-1.5483529213779013,
2015-12-18,65.93299102783203,70.86228942871094,1.0,1.0,0.8022105569956678,-0.1977894430043322,-0.019999920619935607,-0.030118443175062737,-0.010087037360634394,0.0,1.0,0.6044211139913356,0.1977894430043322,0.0,0.0,0.0,0.0,2.3201436221655254e-05,-0.010110238796856049,11093.50636319276,-0.011294338956144068,-0.06838460748360986,-2.2152166366038037,
2015-12-21,65.18621063232422,71.6514892578125,1.0,1.0,0.8022105569956678,-0.1977894430043322,-0.011326353982524129,0.011137091892797546,-0.011288919939215271,0.0,1.0,0.6044211139913356,0.1977894430043322,0.0,0.0,0.0,0.0,2.3201436221655254e-05,-0.011312121375436926,10968.015272733142,-0.022478697398453762,-0.08250632646958733,-2.790843353596904,
2015-12-22,65.93299102783203,71.84648132324219,1.0,1.0,0.8022105569956678,-0.1977894430043322,0.011456109938955406,0.0027213958488438994,0.008651948965995885,0.0,1.0,0.6044211139913356,0.1977894430043322,0.0,0.0,0.0,0.0,2.3201436221655254e-05,0.00862874752977423,11062.655507424264,-0.014043912873328956,-0.07178540468300243,-2.1506423941420056,
2015-12-23,65.42168426513672,72.9421157836914,1.0,1.0,0.8022105569956678,-0.1977894430043322,-0.007754945661110346,0.015249660669113041,-0.009237321168019409,0.0,1.0,0.6044211139913356,0.1977894430043322,0.0,0.0,0.0,0.0,2.3201436221655254e-05,-0.009260522604241064,10960.20953603483,-0.023174381504954544,-0.0833020840122689,-2.5644977400568285,
2015-12-24,65.48895263671875,72.66356658935547,1.0,1.0,0.8022105569956678,-0.1977894430043322,0.0010282274499293642,-0.0038187704228647146,0.0015801673902259004,0.0,1.0,0.6044211139913356,0.1977894430043322,0.0,0.0,0.0,0.0,2.3201436221655254e-05,0.0015569659540042452,10977.274209131188,-0.02165349727395871,-0.08133104353883391,-2.336612708946595,
2015-12-28,65.26019287109375,72.91424560546875,1.0,1.0,0.8022105569956678,-0.1977894430043322,-0.003493104659864965,0.003449858407445827,-0.003484551007686959,0.0,1.0,0.6044211139913356,0.1977894430043322,0.0,0.0,0.0,0.0,2.3201436221655254e-05,-0.003507752443908614,10938.768648696652,-0.02508529460988551,-0.0856793811481229,-2.394941432521347,
2015-12-29,65.74463653564453,73.5456314086914,1.0,1.0,0.8022105569956678,-0.1977894430043322,0.00742326437048213,0.008659292816921127,0.00424230434230032,0.0,1.0,0.6044211139913356,0.1977894430043322,0.0,0.0,0.0,0.0,2.3201436221655254e-05,0.004219102906078664,10984.920439291292,-0.02097202914319507,-0.08040933931035243,-2.06141159068913,
2015-12-30,65.32076263427734,72.74711608886719,1.0,1.0,0.8022105569956678,-0.1977894430043322,-0.0064472772792253386,-0.01085741334365442,-0.0030245921595636605,0.0,1.0,0.6044211139913356,0.1977894430043322,0.0,0.0,0.0,0.0,2.3201436221655254e-05,-0.0030477935957853156,10951.440669126208,-0.023955904322867205,-0.08418589637027862,-2.0983122799311027,
2015-12-31,64.74217224121094,72.00436401367188,1.0,1.0,0.8022105569956678,-0.1977894430043322,-0.008857679698350385,-0.010210055258932482,-0.005086283021795172,0.0,1.0,0.6044211139913356,0.1977894430043322,0.0,0.0,0.0,0.0,2.3201436221655254e-05,-0.005109484458016828,10895.484453234414,-0.028942986460068654,-0.09055275374055016,-2.216883587333269,
2016-01-04,63.8069953918457,70.2866439819336,1.0,1.0,0.8022105569956678,-0.1977894430043322,-0.014444631945326636,-0.023855776733367584,-0.0068692154459294155,0.0,1.0,0.6044211139913356,0.1977894430043322,0.0,0.0,0.0,0.0,2.3201436221655254e-05,-0.006892416882151071,10820.388232249727,-0.03563591621372253,-0.09914965824979327,-2.3829509315448525,
2016-01-05,64.43939971923828,70.81584930419922,1.0,1.0,0.8022105569956678,-0.1977894430043322,0.009911206812182716,0.007529244423757797,0.006461669676481823,0.0,1.0,0.6044211139913356,0.1977894430043322,0.0,0.0,0.0,0.0,2.3201436221655254e-05,0.006438468240260168,10890.05495823035,-0.02942688868821708,-0.09113666842610368,-1.9790587761347895,
2016-01-06,63.5244026184082,69.88739776611328,1.0,1.0,0.8022105569956678,-0.1977894430043322,-0.014199342402578363,-0.013110787305503413,-0.008797687059240803,0.0,1.0,0.6044211139913356,0.1977894430043322,0.0,0.0,0.0,0.0,2.3201436221655254e-05,-0.008820888495462458,10793.994997734342,-0.03798820587979235,-0.10218387144364072,-2.2381800569516788,
2016-01-07,62.29996871948242,68.51322174072266,1.0,1.0,0.8022105569956678,-0.1977894430043322,-0.019275016347355067,-0.019662715587000057,-0.011573544036206968,0.0,1.0,0.6044211139913356,0.1977894430043322,0.0,0.0,0.0,0.0,2.3201436221655254e-05,-0.011596745472428623,10668.819785114949,-0.04914441179767881,-0.1167508258326011,-2.5535263734131903,
2016-01-08,61.48589706420898,67.66831970214844,1.0,1.0,0.8022105569956678,-0.1977894430043322,-0.01306696731966206,-0.012331956038669656,-0.008043328415707906,0.0,1.0,0.6044211139913356,0.1977894430043322,0.0,0.0,0.0,0.0,2.3201436221655254e-05,-0.008066529851929561,10582.759431833461,-0.056814516784786995,-0.12684450188053487,-2.6639560695809053,
2016-01-11,61.66752243041992,68.63394165039062,1.0,1.0,0.8022105569956678,-0.1977894430043322,0.0029539353718996963,0.014269926495773966,-0.00045276267329103425,0.0,1.0,0.6044211139913356,0.1977894430043322,0.0,0.0,0.0,0.0,2.3201436221655254e-05,-0.0004759641095126895,10577.722418164301,-0.05726343922341082,-0.12738838312255263,-2.4926805693540146,
2016-01-12,62.569068908691406,69.413818359375,1.0,1.0,0.8022105569956678,-0.1977894430043322,0.014619469742581437,0.011362843080715557,0.009480442561297205,0.0,1.0,0.6044211139913356,0.1977894430043322,0.0,0.0,0.0,0.0,2.3201436221655254e-05,0.00945724112507555,10677.758489626998,-0.0483477522507223,-0.11566052193990628,-2.033103201857923,
2016-01-13,60.96110153198242,67.87255096435547,1.0,1.0,0.8022105569956678,-0.1977894430043322,-0.025699077911092605,-0.022204042818102177,-0.01622434634389589,0.0,1.0,0.6044211139913356,0.1977894430043322,0.0,0.0,0.0,0.0,2.3201436221655254e-05,-0.016247547780117548,10504.271098382227,-0.06380976761608492,-0.13615936742248436,-2.446476624227769,
2016-01-14,61.32443618774414,68.52250671386719,1.0,1.0,0.8022105569956678,-0.1977894430043322,0.005960106471683435,0.009576120836434443,0.0028872047260221044,0.0,1.0,0.6044211139913356,0.1977894430043322,0.0,0.0,0.0,0.0,2.3201436221655254e-05,0.002864003289800449,10534.355365364949,-0.06112851571065847,-0.1325667644301194,-2.211421537666695,
2016-01-15,60.5776252746582,66.69339752197266,1.0,1.0,0.8022105569956678,-0.1977894430043322,-0.012178031458774163,-0.0266935533974616,-0.004489642341363656,0.0,1.0,0.6044211139913356,0.1977894430043322,0.0,0.0,0.0,0.0,2.3201436221655254e-05,-0.004512843777585312,10486.815465303489,-0.0653654960464859,-0.1381486764589379,-2.2240009105056013,
2016-01-19,60.78618240356445,66.28483581542969,1.0,1.0,0.8022105569956678,-0.1977894430043322,0.003442807933798253,-0.006125969312155144,0.003973508928314199,0.0,1.0,0.6044211139913356,0.1977894430043322,0.0,0.0,0.0,0.0,2.3201436221655254e-05,0.003950307492092543,10528.24161100427,-0.06167340236315,-0.1331967445694473,-1.9990460442796771,
2016-01-20,59.67609405517578,65.62561798095703,1.0,1.0,0.8022105569956678,-0.1977894430043322,-0.018262182366030277,-0.009945228442720278,-0.012683054293573125,0.0,1.0,0.6044211139913356,0.1977894430043322,0.0,0.0,0.0,0.0,2.3201436221655254e-05,-0.01270625572979478,10394.467080709785,-0.07359602007079202,-0.14916341344927142,-2.2733692294708088,
2016-01-21,59.925025939941406,66.44268035888672,1.0,1.0,0.8022105569956678,-0.1977894430043322,0.004171383678956309,0.012450357087178565,0.0008837788310600901,0.0,1.0,0.6044211139913356,0.1977894430043322,0.0,0.0,0.0,0.0,2.3201436221655254e-05,0.0008605773948384348,10403.412324110834,-0.0727987777471768,-0.14805145785771168,-2.1414655022969202,
2016-01-22,60.48342514038086,67.50115203857422,1.0,1.0,0.8022105569956678,-0.1977894430043322,0.009318297183535496,0.015930598735183876,0.004324332123297634,0.0,1.0,0.6044211139913356,0.1977894430043322,0.0,0.0,0.0,0.0,2.3201436221655254e-05,0.004301130687075979,10448.158760108372,-0.06881076411705067,-0.14267312769452323,-1.9252469763547406,
2016-01-25,60.16051483154297,66.60980224609375,1.0,1.0,0.8022105569956678,-0.1977894430043322,-0.005338823125317749,-0.013204956738680496,-0.001671059234822585,0.0,1.0,0.6044211139913356,0.1977894430043322,0.0,0.0,0.0,0.0,2.3201436221655254e-05,-0.00169426067104424,10430.456855636294,-0.07038844141670697,-0.14474881107395854,-1.8792497060591449,
2016-01-26,61.176414489746094,66.73979949951172,1.0,1.0,0.8022105569956678,-0.1977894430043322,0.016886485447270116,0.0019516234703367275,0.013160506377201715,0.0,1.0,0.6044211139913356,0.1977894430043322,0.0,0.0,0.0,0.0,2.3201436221655254e-05,0.01313730494098006,10567.484948022524,-0.058175850894938486,-0.12848403190969981,-1.4491010955957333,
2016-01-27,61.13604736328125,65.83918762207031,1.0,1.0,0.8022105569956678,-0.1977894430043322,-0.0006598478645983841,-0.013494374933625597,0.0021397079788215575,0.0,1.0,0.6044211139913356,0.1977894430043322,0.0,0.0,0.0,0.0,2.3201436221655254e-05,0.0021165065425999023,10589.851099053838,-0.056182473921379206,-0.1257943322348678,-1.338522249232508,
2016-01-28,61.2234992980957,64.3721694946289,1.0,1.0,0.8022105569956678,-0.1977894430043322,0.001430447969506421,-0.022281838224711636,0.00555463283394942,0.0,1.0,0.6044211139913356,0.1977894430043322,0.0,0.0,0.0,0.0,2.3201436221655254e-05,0.005531431397727765,10648.428133920404,-0.050961812023902264,-0.11880906649237089,-1.1425776398093714,
2016-01-29,62.70361709594727,69.16315460205078,1.0,1.0,0.8022105569956678,-0.1977894430043322,0.024175648481719714,0.07442634208284105,0.004673215688836821,0.0,1.0,0.6044211139913356,0.1977894430043322,0.0,0.0,0.0,0.0,2.3201436221655254e-05,0.004650014252615165,10697.943476511082,-0.046548770923537486,-0.11262047552392662,-0.9729962597848602,
2016-02-01,63.29568099975586,69.06100463867188,1.0,1.0,0.8022105569956678,-0.1977894430043322,0.009442260769464417,-0.001476941934859033,0.007866804793815902,0.0,1.0,0.6044211139913356,0.1977894430043322,0.0,0.0,0.0,0.0,2.3201436221655254e-05,0.007843603357594247,10781.853901882796,-0.039070277661851116,-0.10285809689035652,-0.72712476760145,
2016-02-02,63.70605850219727,68.15110778808594,1.0,1.0,0.8022105569956678,-0.1977894430043322,0.006483499283987504,-0.013175262296668433,0.007807059362982657,0.0,1.0,0.6044211139913356,0.1977894430043322,0.0,0.0,0.0,0.0,2.3201436221655254e-05,0.007783857926761001,10865.778320842146,-0.03159053722556904,-0.09312550207936265,-0.4843326930461467,
2016-02-03,64.13666534423828,69.06100463867188,1.0,1.0,0.8022105569956678,-0.1977894430043322,0.006759276153086136,0.013351167429519029,0.0027816427183126134,0.0,1.0,0.6044211139913356,0.1977894430043322,0.0,0.0,0.0,0.0,2.3201436221655254e-05,0.002758441282090958,10895.750932324405,-0.028919236585484565,-0.08965899041520231,-0.3834756212308311,
2016-02-04,64.755615234375,68.41109466552734,1.0,1.0,0.8022105569956678,-0.1977894430043322,0.009650484427505823,-0.009410664912056665,0.009603050659123567,0.0,1.0,0.6044211139913356,0.1977894430043322,0.0,0.0,0.0,0.0,2.3201436221655254e-05,0.009579849222901912,11000.130583426366,-0.01961642928871299,-0.07772353653542363,-0.08556867788711882,
2016-02-05,64.16358184814453,66.42413330078125,1.0,1.0,0.8022105569956678,-0.1977894430043322,-0.009142579899637737,-0.029044431673848514,-0.0015895921505179045,0.0,1.0,0.6044211139913356,0.1977894430043322,0.0,0.0,0.0,0.0,2.3201436221655254e-05,-0.0016127935867395597,10982.389643368118,-0.021197585624101012,-0.0796410482035701,-0.10894607643967726,
2016-02-08,65.4620361328125,62.92369079589844,0.0,1.0,0.8022105569956678,-0.1977894430043322,0.020236624067232034,-0.05269835421159563,0.026657211591442652,0.0,1.0,0.6044211139913356,0.1977894430043322,0.0,0.0,0.0,0.0,2.3201436221655254e-05,0.026634010155220995,11274.894720658178,0.0,-0.046258512364854676,0.6977487855845976,Exit Long Spread
2016-02-09,65.61677551269531,63.44367218017578,0.0,0.0,0.0,-0.0,0.0023638033434962846,0.008263682210949419,0.0,0.0,0.0,0.0,0.0,0.8022105569956678,0.1977894430043322,1.0,0.001,0.0,-0.001,11263.619825937518,-0.001000000000000223,-0.04592658254084858,0.7258270543899185,
2016-02-10,64.66815948486328,65.1335220336914,0.0,0.0,0.0,-0.0,-0.01445691319666409,0.026635435740802738,-0.0,0.0,0.0,0.0,0.0,0.0,0.0,0.0,0.0,0.0,0.0,11263.619825937518,-0.001000000000000223,-0.06697019256639924,0.23431243863531745,
2016-02-11,63.97519302368164,63.573638916015625,0.0,0.0,0.0,-0.0,-0.010715728833195604,-0.023949006118061722,0.0,0.0,0.0,0.0,0.0,0.0,0.0,0.0,0.0,0.0,0.0,11263.619825937518,-0.001000000000000223,-0.07176713244384048,0.13251316082234654,
2016-02-12,65.42840576171875,65.38421630859375,0.0,0.0,0.0,-0.0,0.022715253668702085,0.02848000245777982,0.0,0.0,0.0,0.0,0.0,0.0,0.0,0.0,0.0,0.0,0.0,11263.619825937518,-0.001000000000000223,-0.05622979748659773,0.5345194170503295,
2016-02-16,66.30976104736328,66.01556396484375,0.0,0.0,0.0,-0.0,0.013470529739854964,0.00965596426621107,0.0,0.0,0.0,0.0,0.0,0.0,0.0,0.0,0.0,0.0,0.0,11263.619825937518,-0.001000000000000223,-0.0452184993562923,0.8248844466392729,
2016-02-17,66.13484954833984,67.01101684570312,0.0,0.0,0.0,-0.0,-0.0026377941386110937,0.015079063497654754,-0.0,0.0,0.0,0.0,0.0,0.0,0.0,0.0,0.0,0.0,0.0,11263.619825937518,-0.001000000000000223,-0.05154985294810821,0.684288237578238,
2016-02-18,66.09412384033203,66.27604675292969,0.0,0.0,0.0,-0.0,-0.0006157979988756779,-0.010967899419669358,0.0,0.0,0.0,0.0,0.0,0.0,0.0,0.0,0.0,0.0,0.0,11263.619825937518,-0.001000000000000223,-0.049446705447450556,0.7609783350509455,
2016-02-19,66.0331039428711,66.54586029052734,0.0,0.0,0.0,-0.0,-0.000923227269164606,0.004071056600637224,-0.0,0.0,0.0,0.0,0.0,0.0,0.0,0.0,0.0,0.0,0.0,11263.619825937518,-0.001000000000000223,-0.05137206302462838,0.7358254989597108,
2016-02-22,66.47390747070312,67.96927642822266,0.0,0.0,0.0,-0.0,0.0066754930710721805,0.021390002796281227,0.0,0.0,0.0,0.0,0.0,0.0,0.0,0.0,0.0,0.0,0.0,11263.619825937518,-0.001000000000000223,-0.049936963788580035,0.7941099200391553,
2016-02-23,65.76184844970703,67.1226806640625,0.0,0.0,0.0,-0.0,-0.010711857450382611,-0.012455565347296083,0.0,0.0,0.0,0.0,0.0,0.0,0.0,0.0,0.0,0.0,0.0,11263.619825937518,-0.001000000000000223,-0.057616332029778894,0.6132865056574858,
2016-02-24,65.69403076171875,66.84355926513672,0.0,0.0,0.0,-0.0,-0.0010312618879645408,-0.0041583768133864885,0.0,0.0,0.0,0.0,0.0,0.0,0.0,0.0,0.0,0.0,0.0,11263.619825937518,-0.001000000000000223,-0.05762071760705201,0.6385779340339566,
2016-02-25,66.27044677734375,68.16463470458984,0.0,0.0,0.0,-0.0,0.008774252530123094,0.019763690832396374,0.0,0.0,0.0,0.0,0.0,0.0,0.0,0.0,0.0,0.0,0.0,11263.619825937518,-0.001000000000000223,-0.05371005472212431,0.777473310551756,
2016-02-26,66.08060455322266,67.66224670410156,0.0,0.0,0.0,-0.0,-0.002864658884207172,-0.007370214813965048,0.0,0.0,0.0,0.0,0.0,0.0,0.0,0.0,0.0,0.0,0.0,11263.619825937518,-0.001000000000000223,-0.054754927888400085,0.772629890433861,
2016-02-29,65.47701263427734,67.34593200683594,0.0,0.0,0.0,-0.0,-0.009134176707768615,-0.0046749068006701755,0.0,0.0,0.0,0.0,0.0,0.0,0.0,0.0,0.0,0.0,0.0,11263.619825937518,-0.001000000000000223,-0.06277575025235249,0.5825150078530541,
2016-03-01,66.70450592041016,69.4391860961914,0.0,0.0,0.0,-0.0,0.018746934790519365,0.03108211627605062,0.0,0.0,0.0,0.0,0.0,0.0,0.0,0.0,0.0,0.0,0.0,11263.619825937518,-0.001000000000000223,-0.051749154254315144,0.9335979132281746,
2016-03-02,66.98255920410156,69.12284088134766,0.0,0.0,0.0,-0.0,0.004168433299291285,-0.00455571605354832,0.0,0.0,0.0,0.0,0.0,0.0,0.0,0.0,0.0,0.0,0.0,11263.619825937518,-0.001000000000000223,-0.046463581481516636,1.1082025003026574,
2016-03-03,67.55897521972656,68.76004028320312,0.0,0.0,0.0,-0.0,0.008605464205519775,-0.005248635523636747,0.0,0.0,0.0,0.0,0.0,0.0,0.0,0.0,0.0,0.0,0.0,11263.619825937518,-0.001000000000000223,-0.03659744514044494,1.4157725951826308,
2016-03-04,68.08795928955078,68.750732421875,0.0,0.0,0.0,-0.0,0.007829959943941756,-0.00013536730475705028,0.0,0.0,0.0,0.0,0.0,0.0,0.0,0.0,0.0,0.0,0.0,11263.619825937518,-0.001000000000000223,-0.02876460243718837,1.6420102394030016,
2016-03-07,68.69832611083984,66.92730712890625,0.0,0.0,0.0,-0.0,0.008964387061351387,-0.026522267163346935,0.0,0.0,0.0,0.0,0.0,0.0,0.0,0.0,0.0,0.0,0.0,11263.619825937518,-0.001000000000000223,-0.013212663720483464,2.0400528041227397,
2016-03-08,68.2371597290039,65.69926452636719,0.0,0.0,0.0,-0.0,-0.006712920211358275,-0.01834890204343309,0.0,0.0,0.0,0.0,0.0,0.0,0.0,0.0,0.0,0.0,0.0,11263.619825937518,-0.001000000000000223,-0.015382173557448198,1.9149980508481783,
2016-03-09,67.51827239990234,65.75509643554688,0.0,0.0,0.0,-0.0,-0.010535129714609237,0.000849810261685402,-0.0,0.0,0.0,0.0,0.0,0.0,0.0,0.0,0.0,0.0,0.0,11263.619825937518,-0.001000000000000223,-0.026182627053001895,1.5734094434471282,
2016-03-10,67.72853088378906,65.3271484375,0.0,0.0,0.0,-0.0,0.0031140975089141154,-0.006508210332659914,0.0,0.0,0.0,0.0,0.0,0.0,0.0,0.0,0.0,0.0,0.0,11263.619825937518,-0.001000000000000223,-0.021463488685306453,1.6439465179454034,
2016-03-11,68.37278747558594,66.63890075683594,0.0,0.0,0.0,-0.0,0.00951233672707752,0.02007974250691391,0.0,0.0,0.0,0.0,0.0,0.0,0.0,0.0,0.0,0.0,0.0,11263.619825937518,-0.001000000000000223,-0.016897831170360256,1.7022653559758145,
2016-03-14,68.6915283203125,66.5086441040039,0.0,0.0,0.0,-0.0,0.004661808542475665,-0.0019546638877993017,0.0,0.0,0.0,0.0,0.0,0.0,0.0,0.0,0.0,0.0,0.0,11263.619825937518,-0.001000000000000223,-0.011764450404652127,1.7688832546767954,
2016-03-15,68.77967834472656,66.89940643310547,0.0,0.0,0.0,-0.0,0.0012832735938412831,0.0058753615318107855,0.0,0.0,0.0,0.0,0.0,0.0,0.0,0.0,0.0,0.0,0.0,11263.619825937518,-0.001000000000000223,-0.01192636339748998,1.7086630896715422,
2016-03-16,68.94921112060547,67.32732391357422,0.0,0.0,0.0,-0.0,0.002464867239262203,0.006396431646918055,0.0,0.0,0.0,0.0,0.0,0.0,0.0,0.0,0.0,0.0,0.0,11263.619825937518,-0.001000000000000223,-0.011036582085171665,1.676015784494447,
2016-03-17,70.3598403930664,68.04366302490234,0.0,0.0,0.0,-0.0,0.020458961742049198,0.01063964924920624,0.0,0.0,0.0,0.0,0.0,0.0,0.0,0.0,0.0,0.0,0.0,11263.619825937518,-0.001000000000000223,0.006606499323760007,2.0148938138452293,
2016-03-18,71.20074462890625,68.63909912109375,0.0,0.0,0.0,-0.0,0.01195148015035441,0.008750794265345307,0.0,0.0,0.0,0.0,0.0,0.0,0.0,0.0,0.0,0.0,0.0,11263.619825937518,-0.001000000000000223,0.016338953325634842,2.1246980688763766,
2016-03-21,71.30926513671875,68.62977600097656,0.0,0.0,0.0,-0.0,0.0015241484956105555,-0.0001358281247360038,0.0,0.0,0.0,0.0,0.0,0.0,0.0,0.0,0.0,0.0,0.0,11263.619825937518,-0.001000000000000223,0.017895432934644795,2.049175772063628,
2016-03-22,71.1125717163086,67.87623596191406,0.0,0.0,0.0,-0.0,-0.002758315066535122,-0.010979782872259092,0.0,0.0,0.0,0.0,0.0,0.0,0.0,0.0,0.0,0.0,0.0,11263.619825937518,-0.001000000000000223,0.017855404328443125,1.9457022755994509,
2016-03-23,71.1261215209961,68.76004028320312,0.0,0.0,0.0,-0.0,0.00019054021476749838,0.013020821039413155,0.0,0.0,0.0,0.0,0.0,0.0,0.0,0.0,0.0,0.0,0.0,11263.619825937518,-0.001000000000000223,0.014856292113346825,1.795355953498842,
2016-03-24,71.4991226196289,68.9739990234375,0.0,0.0,0.0,-0.0,0.005244220978964931,0.003111672700497836,0.0,0.0,0.0,0.0,0.0,0.0,0.0,0.0,0.0,0.0,0.0,11263.619825937518,-0.001000000000000223,0.01932080113145007,1.802543074993365,
2016-03-28,71.24820709228516,68.91819763183594,0.0,0.0,0.0,-0.0,-0.0035093511381756315,-0.0008090206801348865,0.0,0.0,0.0,0.0,0.0,0.0,0.0,0.0,0.0,0.0,0.0,11263.619825937518,-0.001000000000000223,0.01600482702311501,1.6619928097542165,
2016-03-29,71.9535140991211,70.12759399414062,0.0,0.0,0.0,-0.0,0.00989929481204177,0.01754828773621364,0.0,0.0,0.0,0.0,0.0,0.0,0.0,0.0,0.0,0.0,0.0,11263.619825937518,-0.001000000000000223,0.021566341643983744,1.696985987435666,
2016-03-30,71.70258331298828,71.4300308227539,0.0,0.0,0.0,-0.0,-0.0034874014045670476,0.01857238719357901,-0.0,0.0,0.0,0.0,0.0,0.0,0.0,0.0,0.0,0.0,0.0,11263.619825937518,-0.001000000000000223,0.013535723818601797,1.480629085155843,
2016-03-31,71.52622985839844,71.1509780883789,0.0,0.0,0.0,-0.0,-0.002459513262165758,-0.003906658462285106,0.0,0.0,0.0,0.0,0.0,0.0,0.0,0.0,0.0,0.0,0.0,11263.619825937518,-0.001000000000000223,0.012038275580732893,1.398093545998222,
2016-04-01,71.17359161376953,72.18360137939453,0.0,0.0,0.0,-0.0,-0.004930194773679952,0.01451312854382647,-0.0,0.0,0.0,0.0,0.0,0.0,0.0,0.0,0.0,0.0,0.0,11263.619825937518,-0.001000000000000223,0.003543312888167449,1.1951127193558289,
2016-04-04,71.1261215209961,72.4068832397461,0.0,0.0,0.0,-0.0,-0.0006669621652795055,0.003093249104848539,-0.0,0.0,0.0,0.0,0.0,0.0,0.0,0.0,0.0,0.0,0.0,11263.619825937518,-0.001000000000000223,0.002114647673783443,1.1292153945507502,
2016-04-05,70.47510528564453,71.60678100585938,0.0,0.0,0.0,-0.0,-0.009152983762222844,-0.011050085269345256,0.0,0.0,0.0,0.0,0.0,0.0,0.0,0.0,0.0,0.0,0.0,11263.619825937518,-0.001000000000000223,-0.004340857896757422,0.9753522592730747,
2016-04-06,70.98371124267578,72.76040649414062,0.0,0.0,0.0,-0.0,0.007216817271429532,0.016110562045609234,0.0,0.0,0.0,0.0,0.0,0.0,0.0,0.0,0.0,0.0,0.0,11263.619825937518,-0.001000000000000223,-0.0010904480667728311,1.0034905994561791,
2016-04-07,70.52255249023438,72.17430114746094,0.0,0.0,0.0,-0.0,-0.006496684159902788,-0.008055278618143591,0.0,0.0,0.0,0.0,0.0,0.0,0.0,0.0,0.0,0.0,0.0,11263.619825937518,-0.001000000000000223,-0.005614211694528359,0.8882982544356987,
2016-04-08,70.73957824707031,72.59295654296875,0.0,0.0,0.0,-0.0,0.003077395090967494,0.005800615854283819,0.0,0.0,0.0,0.0,0.0,0.0,0.0,0.0,0.0,0.0,0.0,11263.619825937518,-0.001000000000000223,-0.003967583990413859,0.8893704849144832,
2016-04-11,70.43441009521484,72.3975830078125,0.0,0.0,0.0,-0.0,-0.004313966232447952,-0.0026913566337610773,0.0,0.0,0.0,0.0,0.0,0.0,0.0,0.0,0.0,0.0,0.0,11263.619825937518,-0.001000000000000223,-0.007626418826908843,0.7923463578140499,
2016-04-12,71.3635025024414,73.0488052368164,0.0,0.0,0.0,-0.0,0.013190887890884406,0.008995082459225534,0.0,0.0,0.0,0.0,0.0,0.0,0.0,0.0,0.0,0.0,0.0,11263.619825937518,-0.001000000000000223,0.0032703548018575557,0.975974685429307,
2016-04-13,71.57373809814453,74.1558837890625,0.0,0.0,0.0,-0.0,0.0029459820262596192,0.015155327300112154,0.0,0.0,0.0,0.0,0.0,0.0,0.0,0.0,0.0,0.0,0.0,11263.619825937518,-0.001000000000000223,0.0025034083403938645,0.9343610906827844,
2016-04-14,71.26175689697266,74.73271942138672,0.0,0.0,0.0,-0.0,-0.004358878122923682,0.007778690008806821,-0.0,0.0,0.0,0.0,0.0,0.0,0.0,0.0,0.0,0.0,0.0,11263.619825937518,-0.001000000000000223,-0.003775455532539107,0.7815225589779404,
2016-04-15,71.57373809814453,74.50011444091797,0.0,0.0,0.0,-0.0,0.0043779611218808245,-0.003112491854567523,0.0,0.0,0.0,0.0,0.0,0.0,0.0,0.0,0.0,0.0,0.0,11263.619825937518,-0.001000000000000223,0.001361549001737128,0.8683826537591445,
2016-04-18,72.00777435302734,75.77465057373047,0.0,0.0,0.0,-0.0,0.0060641831266050605,0.01710784127483822,0.0,0.0,0.0,0.0,0.0,0.0,0.0,0.0,0.0,0.0,0.0,11263.619825937518,-0.001000000000000223,0.003225060642396249,0.89130500530967,
2016-04-19,72.45531463623047,75.12340545654297,0.0,0.0,0.0,-0.0,0.006215166170933095,-0.008594498453725286,0.0,0.0,0.0,0.0,0.0,0.0,0.0,0.0,0.0,0.0,0.0,11263.619825937518,-0.001000000000000223,0.011549171854857265,1.063821504682975,
2016-04-20,72.0009765625,75.49555206298828,0.0,0.0,0.0,-0.0,-0.006270596932902994,0.004953803733785511,-0.0,0.0,0.0,0.0,0.0,0.0,0.0,0.0,0.0,0.0,0.0,11263.619825937518,-0.001000000000000223,0.004040459788694495,0.8759388112282976,
2016-04-21,71.20074462890625,75.16064453125,0.0,0.0,0.0,-0.0,-0.01111418166528777,-0.004436122693146971,0.0,0.0,0.0,0.0,0.0,0.0,0.0,0.0,0.0,0.0,0.0,11263.619825937518,-0.001000000000000223,-0.006039762116247571,0.604428768800453,
2016-04-22,71.5601577758789,73.59770202636719,0.0,0.0,0.0,-0.0,0.005047884665334568,-0.020794692682990168,0.0,0.0,0.0,0.0,0.0,0.0,0.0,0.0,0.0,0.0,0.0,11263.619825937518,-0.001000000000000223,0.004176529419992692,0.8555007942631135,
2016-04-25,71.2549819946289,72.69526672363281,0.0,0.0,0.0,-0.0,-0.004264604645028758,-0.012261732063469477,0.0,0.0,0.0,0.0,0.0,0.0,0.0,0.0,0.0,0.0,0.0,11263.619825937518,-0.001000000000000223,0.0029446909078065797,0.8062450931098762,
2016-04-26,72.04166412353516,73.05809783935547,0.0,0.0,0.0,-0.0,0.01104038071282587,0.004991124347917264,0.0,0.0,0.0,0.0,0.0,0.0,0.0,0.0,0.0,0.0,0.0,11263.619825937518,-0.001000000000000223,0.012697043066724145,1.0758185282377488,
2016-04-27,72.19763946533203,73.27210235595703,0.0,0.0,0.0,-0.0,0.0021650713332970195,0.00292923745526652,0.0,0.0,0.0,0.0,0.0,0.0,0.0,0.0,0.0,0.0,0.0,11263.619825937518,-0.001000000000000223,0.014138610054680978,1.1050678618539795,
2016-04-28,71.1465072631836,72.26732635498047,0.0,0.0,0.0,-0.0,-0.014559093758919506,-0.013712940787413808,0.0,0.0,0.0,0.0,0.0,0.0,0.0,0.0,0.0,0.0,0.0,11263.619825937518,-0.001000000000000223,0.002876889787564174,0.7305026682146333,
2016-04-29,71.2549819946289,71.8580093383789,0.0,0.0,0.0,-0.0,0.001524666995163182,-0.005663929153694958,0.0,0.0,0.0,0.0,0.0,0.0,0.0,0.0,0.0,0.0,0.0,11263.619825937518,-0.001000000000000223,0.005800838428567712,0.8066874897052937,
2016-05-02,71.04475402832031,72.99301147460938,0.0,0.0,0.0,-0.0,-0.002950361650844835,0.015795067894043058,-0.0,0.0,0.0,0.0,0.0,0.0,0.0,0.0,0.0,0.0,0.0,11263.619825937518,-0.001000000000000223,-0.001017809557617877,0.5490939914990988,
2016-05-03,70.78706359863281,71.8115005493164,0.0,0.0,0.0,-0.0,-0.003627156335635706,-0.016186630766754417,0.0,0.0,0.0,0.0,0.0,0.0,0.0,0.0,0.0,0.0,0.0,11263.619825937518,-0.001000000000000223,-0.0006280042957811371,0.5381699597771599,
2016-05-04,69.92578125,71.69985961914062,0.0,0.0,0.0,-0.0,-0.012167228090097626,-0.0015546385930079731,0.0,0.0,0.0,0.0,0.0,0.0,0.0,0.0,0.0,0.0,0.0,11263.619825937518,-0.001000000000000223,-0.012486256066642998,0.08265887626837796,
2016-05-05,69.2679672241211,71.96967315673828,0.0,0.0,0.0,-0.0,-0.00940731750321211,0.0037630971529214463,-0.0,0.0,0.0,0.0,0.0,0.0,0.0,0.0,0.0,0.0,0.0,11263.619825937518,-0.001000000000000223,-0.022864172890149526,-0.3205993144807473,
2016-05-06,69.24762725830078,72.30457305908203,0.0,0.0,0.0,-0.0,-0.00029364173131429805,0.004653347551188514,-0.0,0.0,0.0,0.0,0.0,0.0,0.0,0.0,0.0,0.0,0.0,11263.619825937518,-0.001000000000000223,-0.024302505118975137,-0.4146997511350172,
2016-05-09,69.64093780517578,72.76971435546875,0.0,0.0,0.0,-0.0,0.005679769292425085,0.0064330826766190174,0.0,0.0,0.0,0.0,0.0,0.0,0.0,0.0,0.0,0.0,0.0,11263.619825937518,-0.001000000000000223,-0.020219836939635805,-0.3027462288288773,
2016-05-10,70.29200744628906,73.68142700195312,0.0,0.0,0.0,-0.0,0.009348949937100004,0.012528737463923578,0.0,0.0,0.0,0.0,0.0,0.0,0.0,0.0,0.0,0.0,0.0,11263.619825937518,-0.001000000000000223,-0.01398415667146402,-0.08050916401382294,
2016-05-11,69.47817993164062,72.04116821289062,0.0,0.0,0.0,-0.0,-0.011577810112626152,-0.022261495953641353,0.0,0.0,0.0,0.0,0.0,0.0,0.0,0.0,0.0,0.0,0.0,11263.619825937518,-0.001000000000000223,-0.020078801338384134,-0.35741776639333644,
2016-05-12,69.56018829345703,72.59101867675781,0.0,0.0,0.0,-0.0,0.001180347008184368,0.007632447911481766,0.0,0.0,0.0,0.0,0.0,0.0,0.0,0.0,0.0,0.0,0.0,11263.619825937518,-0.001000000000000223,-0.0207738274531184,-0.4181718868725776,
2016-05-13,68.78801727294922,71.60314178466797,0.0,0.0,0.0,-0.0,-0.011100760930235265,-0.01360880326654157,0.0,0.0,0.0,0.0,0.0,0.0,0.0,0.0,0.0,0.0,0.0,11263.619825937518,-0.001000000000000223,-0.028558295776196063,-0.7849858615762219,
2016-05-16,69.46454620361328,72.50714874267578,0.0,0.0,0.0,-0.0,0.009834982275759074,0.012625241511418972,0.0,0.0,0.0,0.0,0.0,0.0,0.0,0.0,0.0,0.0,0.0,11263.619825937518,-0.001000000000000223,-0.021864698943719674,-0.5245486556631426,
2016-05-17,69.08182525634766,71.56586456298828,0.0,0.0,0.0,-0.0,-0.005509586806250799,-0.012981950000931275,0.0,0.0,0.0,0.0,0.0,0.0,0.0,0.0,0.0,0.0,0.0,11263.619825937518,-0.001000000000000223,-0.024167790332112693,-0.6642614057870191,
2016-05-18,69.22535705566406,72.16232299804688,0.0,0.0,0.0,-0.0,0.0020777071072426434,0.008334398511089303,0.0,0.0,0.0,0.0,0.0,0.0,0.0,0.0,0.0,0.0,0.0,11263.619825937518,-0.001000000000000223,-0.024138614791850088,-0.7162545599713441,
2016-05-19,69.218505859375,71.64974212646484,0.0,0.0,0.0,-0.0,-9.896946119836159e-05,-0.007103164785810745,0.0,0.0,0.0,0.0,0.0,0.0,0.0,0.0,0.0,0.0,0.0,11263.619825937518,-0.001000000000000223,-0.02248001506053421,-0.6945403937058969,
2016-05-20,69.36886596679688,72.38597106933594,0.0,0.0,0.0,-0.0,0.0021722530059713474,0.010275388592070778,0.0,0.0,0.0,0.0,0.0,0.0,0.0,0.0,0.0,0.0,0.0,11263.619825937518,-0.001000000000000223,-0.02283064415880931,-0.7687905369975465,
2016-05-23,69.08182525634766,71.95726776123047,0.0,0.0,0.0,-0.0,-0.00413788962020234,-0.0059224640047286226,0.0,0.0,0.0,0.0,0.0,0.0,0.0,0.0,0.0,0.0,0.0,11263.619825937518,-0.001000000000000223,-0.025512561139549916,-0.9785398942154295,
2016-05-24,69.69003295898438,73.97962188720703,0.0,0.0,0.0,-0.0,0.008804163763475925,0.028104932120090576,0.0,0.0,0.0,0.0,0.0,0.0,0.0,0.0,0.0,0.0,0.0,11263.619825937518,-0.001000000000000223,-0.023580765608764986,-0.9801306713834366,
2016-05-25,69.90872955322266,73.68144226074219,0.0,0.0,0.0,-0.0,0.0031381330292523657,-0.0040305643481046705,0.0,0.0,0.0,0.0,0.0,0.0,0.0,0.0,0.0,0.0,0.0,11263.619825937518,-0.001000000000000223,-0.019451780242925487,-0.8128234580515549,
2016-05-26,70.01121520996094,73.62550354003906,0.0,0.0,0.0,-0.0,0.0014659922643889267,-0.0007591968749087741,0.0,0.0,0.0,0.0,0.0,0.0,0.0,0.0,0.0,0.0,0.0,11263.619825937518,-0.001000000000000223,-0.01779960622319421,-0.7779406359309188,
2016-05-27,70.3734130859375,74.2406005859375,0.0,0.0,0.0,-0.0,0.005173426498745082,0.008354401889610674,0.0,0.0,0.0,0.0,0.0,0.0,0.0,0.0,0.0,0.0,0.0,11263.619825937518,-0.001000000000000223,-0.014690783167754073,-0.6162884311223116,
2016-05-31,70.44859313964844,73.56957244873047,0.0,0.0,0.0,-0.0,0.0010683019398125548,-0.009038560193627254,0.0,0.0,0.0,0.0,0.0,0.0,0.0,0.0,0.0,0.0,0.0,11263.619825937518,-0.001000000000000223,-0.011384412177751102,-0.41848599259418867,
2016-06-01,70.3119125366211,73.8305435180664,0.0,0.0,0.0,-0.0,-0.001940146664907938,0.003547269076734194,-0.0,0.0,0.0,0.0,0.0,0.0,0.0,0.0,0.0,0.0,0.0,11263.619825937518,-0.001000000000000223,-0.014199494585677375,-0.6131740654869029,
2016-06-02,70.42123413085938,74.51089477539062,0.0,0.0,0.0,-0.0,0.001554808997427548,0.009215037908500978,0.0,0.0,0.0,0.0,0.0,0.0,0.0,0.0,0.0,0.0,0.0,11263.619825937518,-0.001000000000000223,-0.014907507039854329,-0.6632970107437379,
2016-06-03,70.46908569335938,74.50157165527344,0.0,0.0,0.0,-0.0,0.000679504741582404,-0.00012512425391331128,0.0,0.0,0.0,0.0,0.0,0.0,0.0,0.0,0.0,0.0,0.0,11263.619825937518,-0.001000000000000223,-0.014197381051086255,-0.6370046035408692,
2016-06-06,70.46223449707031,75.0607681274414,0.0,0.0,0.0,-0.0,-9.722272144807587e-05,0.007505834571590375,-0.0,0.0,0.0,0.0,0.0,0.0,0.0,0.0,0.0,0.0,0.0,11263.619825937518,-0.001000000000000223,-0.016138302854300957,-0.785319008899489,
2016-06-07,70.98161315917969,75.11664581298828,0.0,0.0,0.0,-0.0,0.007371021736913175,0.0007444326369270282,0.0,0.0,0.0,0.0,0.0,0.0,0.0,0.0,0.0,0.0,0.0,11263.619825937518,-0.001000000000000223,-0.008977790031311494,-0.2867364609391165,
2016-06-08,71.54198455810547,76.09523010253906,0.0,0.0,0.0,-0.0,0.00789459937560344,0.013027529104362223,0.0,0.0,0.0,0.0,0.0,0.0,0.0,0.0,0.0,0.0,0.0,11263.619825937518,-0.001000000000000223,-0.004305456886813053,0.03866899915506638,
2016-06-09,71.7332992553711,75.73175811767578,0.0,0.0,0.0,-0.0,0.0026741597741146705,-0.004776540978632893,0.0,0.0,0.0,0.0,0.0,0.0,0.0,0.0,0.0,0.0,0.0,11263.619825937518,-0.001000000000000223,-0.0004543621466210901,0.30141774264902127,
2016-06-10,71.42581176757812,74.7252197265625,0.0,0.0,0.0,-0.0,-0.0042865376468788075,-0.013290836184593369,0.0,0.0,0.0,0.0,0.0,0.0,0.0,0.0,0.0,0.0,0.0,11263.619825937518,-0.001000000000000223,-0.0014512128152355253,0.21870153206511264,
2016-06-13,70.82443237304688,73.06632995605469,0.0,0.0,0.0,-0.0,-0.008419636818243759,-0.022199864738813635,0.0,0.0,0.0,0.0,0.0,0.0,0.0,0.0,0.0,0.0,0.0,11263.619825937518,-0.001000000000000223,-0.004371325858922193,0.022087733766172783,
2016-06-14,70.88594818115234,73.22476959228516,0.0,0.0,0.0,-0.0,0.000868567612112292,0.002168435671064284,0.0,0.0,0.0,0.0,0.0,0.0,0.0,0.0,0.0,0.0,0.0,11263.619825937518,-0.001000000000000223,-0.004037196193807935,0.07219773477727277,
2016-06-15,70.99526977539062,72.85198974609375,0.0,0.0,0.0,-0.0,0.0015422181270525748,-0.005090898179223258,0.0,0.0,0.0,0.0,0.0,0.0,0.0,0.0,0.0,0.0,0.0,11263.619825937518,-0.001000000000000223,-0.0012377710983733081,0.3094010290218059,
2016-06-16,71.2139663696289,73.01972961425781,0.0,0.0,0.0,-0.0,0.003080438949385922,0.0023024747676581026,0.0,0.0,0.0,0.0,0.0,0.0,0.0,0.0,0.0,0.0,0.0,11263.619825937518,-0.001000000000000223,0.0012708976927864324,0.5324619500221559,
2016-06-17,71.7674789428711,71.75223541259766,0.0,0.0,0.0,-0.0,0.007772528360086461,-0.01735824287978005,0.0,0.0,0.0,0.0,0.0,0.0,0.0,0.0,0.0,0.0,0.0,11263.619825937518,-0.001000000000000223,0.013330726376177493,1.4718196179135323,
2016-06-20,72.5055160522461,72.07843780517578,0.0,0.0,0.0,-0.0,0.010283726281683947,0.004546233168936986,0.0,0.0,0.0,0.0,0.0,0.0,0.0,0.0,0.0,0.0,0.0,11263.619825937518,-0.001000000000000223,0.02244357623366744,2.157056166388278,
2016-06-21,72.89503479003906,72.06913757324219,0.0,0.0,0.0,-0.0,0.005372263504921371,-0.00012902932162228709,0.0,0.0,0.0,0.0,0.0,0.0,0.0,0.0,0.0,0.0,0.0,11263.619825937518,-0.001000000000000223,0.027833275551384595,2.4785862253962865,
2016-06-22,72.40300750732422,71.32353210449219,0.0,0.0,0.0,-0.0,-0.0067498051702977735,-0.010345697116081909,0.0,0.0,0.0,0.0,0.0,0.0,0.0,0.0,0.0,0.0,0.0,11263.619825937518,-0.001000000000000223,0.023624662737921964,2.1505755383604357,
2016-06-23,73.27091217041016,72.90789794921875,-1.0,0.0,0.0,-0.0,0.011987135520553416,0.022213788324523698,0.0,0.0,0.0,0.0,0.0,0.0,0.0,0.0,0.0,0.0,0.0,11263.619825937518,-0.001000000000000223,0.030123534984577205,2.51100100719624,Enter Short Spread
2016-06-24,71.35062408447266,69.94426727294922,-1.0,-1.0,-0.8022105569956678,0.1977894430043322,-0.02620805486181721,-0.040648966156365374,0.012984441913701945,0.0,1.0,-0.6044211139913356,0.8022105569956678,0.8022105569956678,0.1977894430043322,1.0,0.001,9.410227761279378e-05,0.011890339636089152,11397.548091199704,0.0,0.013797545802325395,1.3407277785581457,
2016-06-27,70.91327667236328,68.35059356689453,-1.0,-1.0,-0.8022105569956678,0.1977894430043322,-0.006129552722504483,-0.022784908158885453,0.00041057761000381533,0.0,1.0,-0.6044211139913356,0.8022105569956678,0.0,0.0,0.0,0.0,9.410227761279378e-05,0.00031647533239102153,11401.155134020306,0.0,0.013331864164227492,1.2818813224055776,
2016-06-28,71.54198455810547,70.04673767089844,-1.0,-1.0,-0.8022105569956678,0.1977894430043322,0.008865869908211588,0.024815352954380643,-0.0022040795985146903,0.0,1.0,-0.6044211139913356,0.8022105569956678,0.0,0.0,0.0,0.0,9.410227761279378e-05,-0.002298181876127484,11374.953205924383,-0.002298181876127514,0.016114982378215403,1.438413866641742,
2016-06-29,72.66954040527344,71.51924133300781,-1.0,-1.0,-0.8022105569956678,0.1977894430043322,0.015760757185204755,0.021021730791056292,-0.008485569376066537,0.0,1.0,-0.6044211139913356,0.8022105569956678,0.0,0.0,0.0,0.0,9.410227761279378e-05,-0.008579671653679332,11277.359842341586,-0.010858135883909048,0.02662353119809091,2.0530466721674223,
2016-06-30,73.6125717163086,69.12410736083984,-1.0,-1.0,-0.8022105569956678,0.1977894430043322,0.01297698190708152,-0.03348936492510801,-0.017034114718908505,0.0,1.0,-0.6044211139913356,0.8022105569956678,0.0,0.0,0.0,0.0,9.410227761279378e-05,-0.017128216996521298,11084.198775814102,-0.02780037237283317,0.04791544852438223,3.1249787890602727,
2016-07-01,74.04994201660156,69.41302490234375,-1.0,-1.0,-0.8022105569956678,0.1977894430043322,0.005941516375470801,0.004179692910835087,-0.003939648028202085,0.0,1.0,-0.6044211139913356,0.8022105569956678,0.0,0.0,0.0,0.0,9.410227761279378e-05,-0.004033750305814879,11039.487885612449,-0.03172198291808748,0.05281100498662861,3.082009828321972,
2016-07-05,74.1114501953125,69.59008026123047,-1.0,-1.0,-0.8022105569956678,0.1977894430043322,0.0008306310178762821,0.0025507512334437266,-0.00016182930580296276,0.0,1.0,-0.6044211139913356,0.8022105569956678,0.0,0.0,0.0,0.0,9.410227761279378e-05,-0.00025593158341575656,11036.662531997785,-0.03196979584418591,0.05301319014312256,2.8270334481094093,
2016-07-06,73.6125717163086,69.02157592773438,-1.0,-1.0,-0.8022105569956678,0.1977894430043322,-0.006731462920900433,-0.00816933004477094,0.003784243379897421,0.0,1.0,-0.6044211139913356,0.8022105569956678,0.0,0.0,0.0,0.0,9.410227761279378e-05,0.003690141102284627,11077.389374039154,-0.02839762779957755,0.04828143456315126,2.4072976206336305,
2016-07-07,73.70140838623047,69.44097137451172,-1.0,-1.0,-0.8022105569956678,0.1977894430043322,0.001206813834248921,0.006076294856212083,0.00023370817697737254,0.0,1.0,-0.6044211139913356,0.8022105569956678,0.0,0.0,0.0,0.0,9.410227761279378e-05,0.00013960589936457874,11078.93584294533,-0.028261986376581727,0.04799390995830022,2.2532705819160066,
2016-07-08,74.8426513671875,71.22102355957031,-1.0,-1.0,-0.8022105569956678,0.1977894430043322,0.015484683480895933,0.02563403347943316,-0.007351835356259654,0.0,1.0,-0.6044211139913356,0.8022105569956678,0.0,0.0,0.0,0.0,9.410227761279378e-05,-0.007445937633872447,10996.442777609085,-0.035497487022484675,0.057119364633903214,2.497913511450799,
2016-07-11,75.177490234375,71.31421661376953,-1.0,-1.0,-0.8022105569956678,0.1977894430043322,0.004473904399040274,0.0013085048422714074,-0.003330204895978133,0.0,1.0,-0.6044211139913356,0.8022105569956678,0.0,0.0,0.0,0.0,9.410227761279378e-05,-0.003424307173590927,10958.787579721738,-0.03880023989661985,0.061260882667826255,2.492909210219004,
2016-07-12,75.36883544921875,72.20893096923828,-1.0,-1.0,-0.8022105569956678,0.1977894430043322,0.002545246113526911,0.012546086852701865,0.0004396602280563951,0.0,1.0,-0.6044211139913356,0.8022105569956678,0.0,0.0,0.0,0.0,9.410227761279378e-05,0.0003455579504436013,10962.574475897134,-0.038468089677551665,0.060728831790647586,2.3156440585557743,
2016-07-13,75.71052551269531,72.19029235839844,-1.0,-1.0,-0.8022105569956678,0.1977894430043322,0.004533572284088017,-0.00025812057580221204,-0.0036879330721142464,0.0,1.0,-0.6044211139913356,0.8022105569956678,0.0,0.0,0.0,0.0,9.410227761279378e-05,-0.0037820353497270403,10921.113631705275,-0.04210463735228176,0.06531580765897482,2.3417357103411045,
2016-07-14,76.19572448730469,72.82400512695312,-1.0,-1.0,-0.8022105569956678,0.1977894430043322,0.006408606614783263,0.008778365454021664,-0.003404783868371986,0.0,1.0,-0.6044211139913356,0.8022105569956678,0.0,0.0,0.0,0.0,9.410227761279378e-05,-0.00349888614598478,10882.901898520577,-0.04545620416595286,0.06954905650424315,2.350315969881201,
2016-07-15,75.87452697753906,72.9731216430664,-1.0,-1.0,-0.8022105569956678,0.1977894430043322,-0.004215426940643363,0.002047628606162588,0.0037866593155206916,0.0,1.0,-0.6044211139913356,0.8022105569956678,0.0,0.0,0.0,0.0,9.410227761279378e-05,0.0036925570379078977,10923.087634518817,-0.041931496754654796,0.06482038163470438,2.0618654949940525,
2016-07-18,75.78569793701172,72.98243713378906,-1.0,-1.0,-0.8022105569956678,0.1977894430043322,-0.0011707360041089965,0.00012765646463952507,0.0009644258829881144,0.0,1.0,-0.6044211139913356,0.8022105569956678,0.0,0.0,0.0,0.0,9.410227761279378e-05,0.0008703236053753206,10932.594255530723,-0.04109766712071372,0.06361748738630024,1.9189330241235936,
2016-07-19,75.60802459716797,73.36455535888672,-1.0,-1.0,-0.8022105569956678,0.1977894430043322,-0.0023444178081123423,0.005235755890107718,0.002916293956887422,0.0,1.0,-0.6044211139913356,0.8022105569956678,0.0,0.0,0.0,0.0,9.410227761279378e-05,0.0028221916792746282,10963.448132071568,-0.03839146093562473,0.05998278027972859,1.7184949025806828,
2016-07-20,75.57384490966797,73.9610366821289,-1.0,-1.0,-0.8022105569956678,0.1977894430043322,-0.0004520642839448419,0.008130374679220731,0.0019707530202408337,0.0,1.0,-0.6044211139913356,0.8022105569956678,0.0,0.0,0.0,0.0,9.410227761279378e-05,0.00187665074262804,10984.022695150381,-0.03658685755667235,0.05753413013381703,1.5730510673798883,
2016-07-21,75.0954818725586,73.42977905273438,-1.0,-1.0,-0.8022105569956678,0.1977894430043322,-0.006329743281966893,-0.007182939196455296,0.003657077341065369,0.0,1.0,-0.6044211139913356,0.8022105569956678,0.0,0.0,0.0,0.0,9.410227761279378e-05,0.003562975063452575,11023.158494109599,-0.03315424055434435,0.05296165350641324,1.3794601376357438,
2016-07-22,75.41666412353516,74.4736099243164,-1.0,-1.0,-0.8022105569956678,0.1977894430043322,0.004276985019173729,0.014215361738081578,-0.000619394054213233,0.0,1.0,-0.6044211139913356,0.8022105569956678,0.0,0.0,0.0,0.0,9.410227761279378e-05,-0.0007134963318260267,11015.293510958914,-0.03384408145715034,0.053749320224569797,1.3618383701278107,
2016-07-25,75.23899841308594,73.56957244873047,-1.0,-1.0,-0.8022105569956678,0.1977894430043322,-0.0023557885052857275,-0.012139031215281038,-0.0005111338136933833,0.0,1.0,-0.6044211139913356,0.8022105569956678,0.0,0.0,0.0,0.0,9.410227761279378e-05,-0.000605236091306177,11008.626657769752,-0.034428833888881516,0.05440201175589188,1.3353692123167067,
2016-07-26,75.42352294921875,73.15018463134766,-1.0,-1.0,-0.8022105569956678,0.1977894430043322,0.0024525118625278175,-0.005700560753905126,-0.003094941643604174,0.0,1.0,-0.6044211139913356,0.8022105569956678,0.0,0.0,0.0,0.0,9.410227761279378e-05,-0.0031890439212169676,10973.519663845844,-0.03750808274667061,0.05826104722688008,1.4045000241370962,
2016-07-27,74.35063171386719,73.18748474121094,-1.0,-1.0,-0.8022105569956678,0.1977894430043322,-0.01422488891262641,0.0005099113563589164,0.011512211140955346,0.0,1.0,-0.6044211139913356,0.8022105569956678,0.0,0.0,0.0,0.0,9.410227761279378e-05,0.011418108863342552,11098.816505981664,-0.02651824525538493,0.043808325352853617,0.933910743570813,
2016-07-28,74.30279541015625,73.80258178710938,-1.0,-1.0,-0.8022105569956678,0.1977894430043322,-0.0006433879929229613,0.00840440203777204,0.00217843463800246,0.0,1.0,-0.6044211139913356,0.8022105569956678,0.0,0.0,0.0,0.0,9.410227761279378e-05,0.002084332360389666,11121.950128387109,-0.024489185731721874,0.04110123767715912,0.8268508827432723,
2016-07-29,73.87226104736328,72.74014282226562,-1.0,-1.0,-0.8022105569956678,0.1977894430043322,-0.005794322547575614,-0.014395688323051603,0.0018009515432228446,0.0,1.0,-0.6044211139913356,0.8022105569956678,0.0,0.0,0.0,0.0,9.410227761279378e-05,0.0017068492656100507,11140.933620795897,-0.022824135814793478,0.038865194800698166,0.7338414041643507,
2016-08-01,73.81073760986328,72.93582916259766,-1.0,-1.0,-0.8022105569956678,0.1977894430043322,-0.0008328354463192911,0.0026902111095681303,0.0012002047442030812,0.0,1.0,-0.6044211139913356,0.8022105569956678,0.0,0.0,0.0,0.0,9.410227761279378e-05,0.0011061024665902873,11153.25663495398,-0.02174327918112562,0.03736961654194082,0.6629538941366848,
2016-08-02,73.43489837646484,72.9544906616211,-1.0,-1.0,-0.8022105569956678,0.1977894430043322,-0.005091931683232742,0.0002558618889740849,0.004135408132296247,0.0,1.0,-0.6044211139913356,0.8022105569956678,0.0,0.0,0.0,0.0,9.410227761279378e-05,0.004041305854683454,11198.330356291606,-0.017789844567896784,0.032201600705676015,0.48165352749562634,
2016-08-03,74.00209045410156,73.35523986816406,-1.0,-1.0,-0.8022105569956678,0.1977894430043322,0.0077237402131205,0.00549313966705256,-0.005109580903365905,0.0,1.0,-0.6044211139913356,0.8022105569956678,0.0,0.0,0.0,0.0,9.410227761279378e-05,-0.005203683180978699,11140.057792961528,-0.022900955033905324,0.038545007910616214,0.6519678369564667,
2016-08-04,73.69457244873047,74.07284545898438,-1.0,-1.0,-0.8022105569956678,0.1977894430043322,-0.004155531330048423,0.009782608469551812,0.00526850778321321,0.0,1.0,-0.6044211139913356,0.8022105569956678,0.0,0.0,0.0,0.0,9.410227761279378e-05,0.0051744055056004165,11197.700969338135,-0.01784504835611589,0.03198058345383625,0.42696475029760744,
2016-08-05,74.34376525878906,74.6879653930664,-1.0,-1.0,-0.8022105569956678,0.1977894430043322,0.008809235042515962,0.008304256847033509,-0.0054243670138228155,0.0,1.0,-0.6044211139913356,0.8022105569956678,0.0,0.0,0.0,0.0,9.410227761279378e-05,-0.005518469291435609,11135.906800404166,-0.023265040296193917,0.03871223772289878,0.6125477324484792,
2016-08-08,74.4599380493164,74.51089477539062,-1.0,-1.0,-0.8022105569956678,0.1977894430043322,0.0015626433517719196,-0.0023708052126456547,-0.0017224892360914801,0.0,1.0,-0.6044211139913356,0.8022105569956678,0.0,0.0,0.0,0.0,9.410227761279378e-05,-0.001816591513704274,11115.67740661315,-0.02503936873513013,0.040858890542405435,0.6544921382140066,
2016-08-09,74.93147277832031,74.6134033203125,-1.0,-1.0,-0.8022105569956678,0.1977894430043322,0.006332730611346982,0.001375752435007982,-0.004808074043200095,0.0,1.0,-0.6044211139913356,0.8022105569956678,0.0,0.0,0.0,0.0,9.410227761279378e-05,-0.004902176320812889,11061.186396040654,-0.02981879765544171,0.0468326874230498,0.8174368909787427,
2016-08-10,75.0886459350586,74.25921630859375,-1.0,-1.0,-0.8022105569956678,0.1977894430043322,0.0020975586213722863,-0.00474696228770366,-0.0026215826968296043,0.0,1.0,-0.6044211139913356,0.8022105569956678,0.0,0.0,0.0,0.0,9.410227761279378e-05,-0.002715684974442398,11031.147698345421,-0.03245350416913517,0.05010122572721376,0.8935978749528392,
2016-08-11,75.78569793701172,74.6693115234375,-1.0,-1.0,-0.8022105569956678,0.1977894430043322,0.009283054625275566,0.00552248239652231,-0.006354675704354145,0.0,1.0,-0.6044211139913356,0.8022105569956678,0.0,0.0,0.0,0.0,9.410227761279378e-05,-0.0064487779819669385,10960.010275952505,-0.038692996707978544,0.05798360499866706,1.1175938098757612,
2016-08-12,75.64116668701172,74.57610321044922,-1.0,-1.0,-0.8022105569956678,0.1977894430043322,-0.0019071045584369006,-0.0012482814035190692,0.0012830025265579404,0.0,1.0,-0.6044211139913356,0.8022105569956678,0.0,0.0,0.0,0.0,9.410227761279378e-05,0.0011889002489451465,10973.040634898025,-0.03755009857245206,0.056382642526777715,1.0336227622127119,
2016-08-15,75.59988403320312,75.40558624267578,-1.0,-1.0,-0.8022105569956678,0.1977894430043322,-0.0005457696597861439,0.011122638439364563,0.00263776264442887,0.0,1.0,-0.6044211139913356,0.8022105569956678,0.0,0.0,0.0,0.0,9.410227761279378e-05,0.0025436603668160763,11000.952323464478,-0.03510195290314477,0.0531095148681624,0.8956591250512541,
2016-08-16,75.5723648071289,75.31237030029297,-1.0,-1.0,-0.8022105569956678,0.1977894430043322,-0.0003640114852839771,-0.0012361941207222893,4.7507709779587824e-05,0.0,1.0,-0.6044211139913356,0.8022105569956678,0.0,0.0,0.0,0.0,9.410227761279378e-05,-4.659456783320596e-05,11000.439738845214,-0.03514691191065222,0.05305041614742012,0.8663600115752399,
2016-08-17,75.8682861328125,75.47107696533203,-1.0,-1.0,-0.8022105569956678,0.1977894430043322,0.00391573462652417,0.0021073120445718185,-0.002724439580258997,0.0,1.0,-0.6044211139913356,0.8022105569956678,0.0,0.0,0.0,0.0,9.410227761279378e-05,-0.002818541857871791,10969.434538986283,-0.03786639072612885,0.05643948149724043,0.9574423859071723,
2016-08-18,76.04032135009766,74.9389419555664,-1.0,-1.0,-0.8022105569956678,0.1977894430043322,0.002267551121215572,-0.007050846909340658,-0.0032136365308738013,0.0,1.0,-0.6044211139913356,0.8022105569956678,0.0,0.0,0.0,0.0,9.410227761279378e-05,-0.003307738808486595,10933.150514654524,-0.04104887740447338,0.06044904849438182,1.072013409355025,
2016-08-19,76.09537506103516,75.12565612792969,-1.0,-1.0,-0.8022105569956678,0.1977894430043322,0.000724006815858047,0.0024915506876783677,-8.800348828517858e-05,0.0,1.0,-0.6044211139913356,0.8022105569956678,0.0,0.0,0.0,0.0,9.410227761279378e-05,-0.00018210576589797238,10931.159524906376,-0.04122350793311236,0.06055925178015187,1.0479120991120832,
2016-08-22,75.58609771728516,75.6764907836914,-1.0,-1.0,-0.8022105569956678,0.1977894430043322,-0.006692618879156731,0.007332177636142356,0.006819116849469461,0.0,1.0,-0.6044211139913356,0.8022105569956678,0.0,0.0,0.0,0.0,9.410227761279378e-05,0.006725014571856668,11004.67173199866,-0.03477572205280899,0.05204294330744341,0.7087522258567424,
2016-08-23,75.31773376464844,75.43374633789062,-1.0,-1.0,-0.8022105569956678,0.1977894430043322,-0.0035504406331503535,-0.0032076599124373217,0.0022137596904712935,0.0,1.0,-0.6044211139913356,0.8022105569956678,0.0,0.0,0.0,0.0,9.410227761279378e-05,0.0021196574128584996,11027.997866011467,-0.032729777256987114,0.04927832230116791,0.5786868765594272,
2016-08-24,75.4553451538086,74.95761108398438,-1.0,-1.0,-0.8022105569956678,0.1977894430043322,0.0018270781963536376,-0.006311966156015814,-0.0027141416878320554,0.0,1.0,-0.6044211139913356,0.8022105569956678,0.0,0.0,0.0,0.0,9.410227761279378e-05,-0.0028082439654448493,10997.028557553302,-0.035446108022959555,0.05266491579862387,0.6845359557425788,
2016-08-25,75.24201965332031,74.9856185913086,-1.0,-1.0,-0.8022105569956678,0.1977894430043322,-0.0028271754645536884,0.00037364460952260536,0.0023418929633431474,0.0,1.0,-0.6044211139913356,0.8022105569956678,0.0,0.0,0.0,0.0,9.410227761279378e-05,0.0022477906857303535,11021.747575915679,-0.03327799276868881,0.04974162938968796,0.5429619651966906,
2016-08-26,74.98046875,75.21903228759766,-1.0,-1.0,-0.8022105569956678,0.1977894430043322,-0.003476128159842218,0.0031127794992427127,0.0034042616306458715,0.0,1.0,-0.6044211139913356,0.8022105569956678,0.0,0.0,0.0,0.0,9.410227761279378e-05,0.0033101593530330776,11058.231316740868,-0.03007798887466895,0.04549316449684149,0.3402641996522874,
2016-08-29,75.09748840332031,75.49909973144531,-1.0,-1.0,-0.8022105569956678,0.1977894430043322,0.001560668468351123,0.003723358774104124,-0.0005155436632461821,0.0,1.0,-0.6044211139913356,0.8022105569956678,0.0,0.0,0.0,0.0,9.410227761279378e-05,-0.0006096459408589758,11051.489710905538,-0.030669297891701253,0.04613630653844214,0.3387287198934947,
2016-08-30,75.27640533447266,75.7791519165039,-1.0,-1.0,-0.8022105569956678,0.1977894430043322,0.0023824622494890146,0.0037093446949003628,-0.0011775671470683167,0.0,1.0,-0.6044211139913356,0.8022105569956678,0.0,0.0,0.0,0.0,9.410227761279378e-05,-0.0012716694246811106,11037.435869343,-0.03190196610797713,0.047603067830336965,0.37549785500368504,
2016-08-31,75.16629028320312,75.52710723876953,-1.0,-1.0,-0.8022105569956678,0.1977894430043322,-0.0014628096384287081,-0.003326042471576973,0.0005156252469605632,0.0,1.0,-0.6044211139913356,0.8022105569956678,0.0,0.0,0.0,0.0,9.410227761279378e-05,0.00042152296934776945,11042.088402084632,-0.0314938905501112,0.046960608179650976,0.31571777596299067,
2016-09-01,75.3590087890625,75.90052795410156,-1.0,-1.0,-0.8022105569956678,0.1977894430043322,0.002563895399563698,0.004944194594286744,-0.0010788744616536193,0.0,1.0,-0.6044211139913356,0.8022105569956678,0.0,0.0,0.0,0.0,9.410227761279378e-05,-0.0011729767392664131,11029.136289236063,-0.03262992568833334,0.04830520756123757,0.3528932047777059,
2016-09-02,75.42096710205078,76.55401611328125,-1.0,-1.0,-0.8022105569956678,0.1977894430043322,0.000822175264562075,0.00860979728065736,0.0010433693315890307,0.0,1.0,-0.6044211139913356,0.8022105569956678,0.0,0.0,0.0,0.0,9.410227761279378e-05,0.000949267053976237,11039.60588494925,-0.03171163314778669,0.04701333825018428,0.2566869044523071,
2016-09-06,75.3590087890625,77.04883575439453,-1.0,-1.0,-0.8022105569956678,0.1977894430043322,-0.0008214998477074076,0.006463666653112821,0.0019374608774860766,0.0,1.0,-0.6044211139913356,0.8022105569956678,0.0,0.0,0.0,0.0,9.410227761279378e-05,0.0018433585998732828,11059.955837396483,-0.029926730459592377,0.044602976411126205,0.09248789183567885,
2016-09-07,75.34525299072266,77.71170806884766,0.0,-1.0,-0.8022105569956678,0.1977894430043322,-0.00018253687994151946,0.008603274896536117,0.0018480699619291701,0.0,1.0,-0.6044211139913356,0.8022105569956678,0.0,0.0,0.0,0.0,9.410227761279378e-05,0.0017539676843163763,11079.35464252524,-0.028225253293399533,0.042308310502125135,-0.08336571769024996,Exit Short Spread
2016-09-08,74.9736328125,77.4596176147461,0.0,0.0,0.0,-0.0,-0.004932230810458793,-0.003243918585320804,0.0,0.0,0.0,0.0,0.0,0.8022105569956678,0.1977894430043322,1.0,0.001,0.0,-0.001,11068.275287882716,-0.029197028040106043,0.038164982204216935,-0.3975019202150198,
2016-09-09,74.07205200195312,75.92852783203125,0.0,0.0,0.0,-0.0,-0.012025305120289653,-0.019766296682871443,0.0,0.0,0.0,0.0,0.0,0.0,0.0,0.0,0.0,0.0,0.0,11068.275287882716,-0.029197028040106043,0.030989087460389975,-0.9512358911400087,
2016-09-12,74.70520782470703,77.4596176147461,0.0,0.0,0.0,-0.0,0.00854783694580541,0.020164881717473992,0.0,0.0,0.0,0.0,0.0,0.0,0.0,0.0,0.0,0.0,0.0,11068.275287882716,-0.029197028040106043,0.034578299218053,-0.8032312720202675,
2016-09-13,73.54212188720703,76.45133972167969,0.0,0.0,0.0,-0.0,-0.01556900745432821,-0.013016819913586275,0.0,0.0,0.0,0.0,0.0,0.0,0.0,0.0,0.0,0.0,0.0,11068.275287882716,-0.029197028040106043,0.022117261721944725,-1.7687269868297886,
2016-09-14,73.54212188720703,76.07789611816406,0.0,0.0,0.0,-0.0,0.0,-0.004884722816828835,0.0,0.0,0.0,0.0,0.0,0.0,0.0,0.0,0.0,0.0,0.0,11068.275287882716,-0.029197028040106043,0.02332456819332318,-1.6823043326455334,
2016-09-15,73.69353485107422,76.56338500976562,0.0,0.0,0.0,-0.0,0.0020588604187870008,0.0063814710497185345,0.0,0.0,0.0,0.0,0.0,0.0,0.0,0.0,0.0,0.0,0.0,11068.275287882716,-0.029197028040106043,0.023812924140381497,-1.6282956202084828,
2016-09-16,73.54212188720703,76.61937713623047,0.0,0.0,0.0,-0.0,-0.0020546302219478507,0.0007313172798943945,-0.0,0.0,0.0,0.0,0.0,0.0,0.0,0.0,0.0,0.0,0.0,11068.275287882716,-0.029197028040106043,0.0215759358559533,-1.7850710195676955,
2016-09-19,73.72107696533203,77.03020477294922,0.0,0.0,0.0,-0.0,0.002433368436111527,0.0053619286931594345,0.0,0.0,0.0,0.0,0.0,0.0,0.0,0.0,0.0,0.0,0.0,11068.275287882716,-0.029197028040106043,0.022687866966270454,-1.6713827488562114,
2016-09-20,74.56755065917969,77.00216674804688,0.0,0.0,0.0,-0.0,0.011482112425537538,-0.00036398741227527953,0.0,0.0,0.0,0.0,0.0,0.0,0.0,0.0,0.0,0.0,0.0,11068.275287882716,-0.029197028040106043,0.03419431967272235,-0.8873042896704558,
2016-09-21,75.4690933227539,77.6929931640625,0.0,0.0,0.0,-0.0,0.012090281303389405,0.008971519181739662,0.0,0.0,0.0,0.0,0.0,0.0,0.0,0.0,0.0,0.0,0.0,11068.275287882716,-0.029197028040106043,0.0440099831841263,-0.1851628758068581,
2016-09-22,75.47601318359375,77.82372283935547,0.0,0.0,0.0,-0.0,9.169132071384922e-05,0.0016826443411301906,0.0,0.0,0.0,0.0,0.0,0.0,0.0,0.0,0.0,0.0,0.0,11068.275287882716,-0.029197028040106043,0.043687153691098324,-0.2618392006685285,
2016-09-23,75.159423828125,77.05818176269531,0.0,0.0,0.0,-0.0,-0.004194569136801829,-0.009836860133771719,0.0,0.0,0.0,0.0,0.0,0.0,0.0,0.0,0.0,0.0,0.0,11068.275287882716,-0.029197028040106043,0.041921102497481266,-0.44457280649648456,
2016-09-26,74.90477752685547,76.37665557861328,0.0,0.0,0.0,-0.0,-0.0033880821366041314,-0.008844306580978345,0.0,0.0,0.0,0.0,0.0,0.0,0.0,0.0,0.0,0.0,0.0,11068.275287882716,-0.029197028040106043,0.04071758068367126,-0.5378510797827295,
2016-09-27,75.70999145507812,76.70342254638672,0.0,0.0,0.0,-0.0,0.01074983405342822,0.004278361827942279,0.0,0.0,0.0,0.0,0.0,0.0,0.0,0.0,0.0,0.0,0.0,11068.275287882716,-0.029197028040106043,0.05035744241242557,0.3055070216663589,
2016-09-28,75.18695068359375,77.4596176147461,0.0,0.0,0.0,-0.0,-0.006908477486683107,0.009858687438647928,-0.0,0.0,0.0,0.0,0.0,0.0,0.0,0.0,0.0,0.0,0.0,11068.275287882716,-0.029197028040106043,0.041006180734833864,-0.4926489713783691,
2016-09-29,74.47120666503906,76.4793472290039,0.0,0.0,0.0,-0.0,-0.009519524492577536,-0.012655244318628966,0.0,0.0,0.0,0.0,0.0,0.0,0.0,0.0,0.0,0.0,0.0,11068.275287882716,-0.029197028040106043,0.03458118806360333,-1.0241471253008052,
2016-09-30,75.2626724243164,77.20753479003906,0.0,0.0,0.0,-0.0,0.010627808984447373,0.009521362137868694,0.0,0.0,0.0,0.0,0.0,0.0,0.0,0.0,0.0,0.0,0.0,11068.275287882716,-0.029197028040106043,0.042816479918378336,-0.3044033453153192,
2016-10-03,75.13877868652344,77.35694122314453,0.0,0.0,0.0,-0.0,-0.0016461511902537973,0.0019351276207919543,-0.0,0.0,0.0,0.0,0.0,0.0,0.0,0.0,0.0,0.0,0.0,11068.275287882716,-0.029197028040106043,0.040692316976791876,-0.466889292606972,
2016-10-04,74.6845474243164,77.23554229736328,0.0,0.0,0.0,-0.0,-0.006045230840150739,-0.0015693346177050316,0.0,0.0,0.0,0.0,0.0,0.0,0.0,0.0,0.0,0.0,0.0,11068.275287882716,-0.029197028040106043,0.03501597179701332,-0.9291882297538249,
2016-10-05,75.125,77.81439208984375,0.0,0.0,0.0,-0.0,0.005897506122400253,0.007494603847692849,0.0,0.0,0.0,0.0,0.0,0.0,0.0,0.0,0.0,0.0,0.0,11068.275287882716,-0.029197028040106043,0.03905520973025789,-0.5507017470194736,
2016-10-06,75.09748840332031,77.82372283935547,0.0,0.0,0.0,-0.0,-0.0003662109375,0.00011991033099567616,-0.0,0.0,0.0,0.0,0.0,0.0,0.0,0.0,0.0,0.0,0.0,11068.275287882716,-0.029197028040106043,0.038659368939256034,-0.560158227354831,
2016-10-07,74.87723541259766,77.37560272216797,0.0,0.0,0.0,-0.0,-0.0029328942339557074,-0.00575814290088017,0.0,0.0,0.0,0.0,0.0,0.0,0.0,0.0,0.0,0.0,0.0,11068.275287882716,-0.029197028040106043,0.03714597045636303,-0.6756797667141721,
2016-10-10,75.0493392944336,77.59965515136719,0.0,0.0,0.0,-0.0,0.002298480718306406,0.0028956469651515437,0.0,0.0,0.0,0.0,0.0,0.0,0.0,0.0,0.0,0.0,0.0,11068.275287882716,-0.029197028040106043,0.03872890762293779,-0.49988982758201955,
2016-10-11,74.80843353271484,76.59139251708984,0.0,0.0,0.0,-0.0,-0.003209965124058245,-0.012993132924503437,0.0,0.0,0.0,0.0,0.0,0.0,0.0,0.0,0.0,0.0,0.0,11068.275287882716,-0.029197028040106043,0.038738302172821815,-0.4727873810107936,
2016-10-12,74.83595275878906,76.78743743896484,0.0,0.0,0.0,-0.0,0.00036786261621402083,0.002559620806362295,0.0,0.0,0.0,0.0,0.0,0.0,0.0,0.0,0.0,0.0,0.0,11068.275287882716,-0.029197028040106043,0.038475814797184205,-0.473524616330209,
2016-10-13,74.53314971923828,76.43268585205078,0.0,0.0,0.0,-0.0,-0.004046224152804978,-0.004619916990927564,0.0,0.0,0.0,0.0,0.0,0.0,0.0,0.0,0.0,0.0,0.0,11068.275287882716,-0.029197028040106043,0.0355630879055453,-0.74642276257889,
2016-10-14,74.61573791503906,76.97418212890625,0.0,0.0,0.0,-0.0,0.0011080733353130423,0.007084616624668083,0.0,0.0,0.0,0.0,0.0,0.0,0.0,0.0,0.0,0.0,0.0,11068.275287882716,-0.029197028040106043,0.034929954889446835,-0.7847488205910707,
2016-10-17,74.34734344482422,76.69407653808594,0.0,0.0,0.0,-0.0,-0.003597022259840821,-0.0036389550765375533,0.0,0.0,0.0,0.0,0.0,0.0,0.0,0.0,0.0,0.0,0.0,11068.275287882716,-0.029197028040106043,0.03222528867421404,-1.0340476905478204,
2016-10-18,74.41614532470703,76.16194152832031,0.0,0.0,0.0,-0.0,0.0009254114094052746,-0.0069384108106623765,0.0,0.0,0.0,0.0,0.0,0.0,0.0,0.0,0.0,0.0,0.0,11068.275287882716,-0.029197028040106043,0.03486693803440355,-0.7289774221528286,
2016-10-19,74.36111450195312,77.31023406982422,0.0,0.0,0.0,-0.0,-0.0007395011191964063,0.015076986201525866,-0.0,0.0,0.0,0.0,0.0,0.0,0.0,0.0,0.0,0.0,0.0,11068.275287882716,-0.029197028040106043,0.030437593566196464,-1.1682372734882394,
2016-10-20,73.91376495361328,77.02084350585938,0.0,0.0,0.0,-0.0,-0.006015906987624442,-0.0037432374568090454,0.0,0.0,0.0,0.0,0.0,0.0,0.0,0.0,0.0,0.0,0.0,11068.275287882716,-0.029197028040106043,0.02532816564312501,-1.648317186074766,
2016-10-21,73.74858856201172,76.88079833984375,0.0,0.0,0.0,-0.0,-0.002234717602400904,-0.0018182761917554524,0.0,0.0,0.0,0.0,0.0,0.0,0.0,0.0,0.0,0.0,0.0,11068.275287882716,-0.029197028040106043,0.023539661436325465,-1.7581818552498214,
2016-10-24,74.63639068603516,77.64632415771484,0.0,0.0,0.0,-0.0,0.012038225291280291,0.009957308383911068,0.0,0.0,0.0,0.0,0.0,0.0,0.0,0.0,0.0,0.0,0.0,11068.275287882716,-0.029197028040106043,0.03306311645064075,-0.7665498440926112,
2016-10-25,74.216552734375,76.58204650878906,0.0,0.0,0.0,-0.0,-0.005625110590171012,-0.01370673577237247,0.0,0.0,0.0,0.0,0.0,0.0,0.0,0.0,0.0,0.0,0.0,11068.275287882716,-0.029197028040106043,0.030824971343896168,-0.9770674602078505,
2016-10-26,74.74649810791016,76.3206558227539,0.0,0.0,0.0,-0.0,0.007140528009052849,-0.0034132110324990306,0.0,0.0,0.0,0.0,0.0,0.0,0.0,0.0,0.0,0.0,0.0,11068.275287882716,-0.029197028040106043,0.03878311198784212,-0.1816403904016109,
2016-10-27,74.38175201416016,76.4793472290039,0.0,0.0,0.0,-0.0,-0.004879775012649024,0.0020792720468563175,-0.0,0.0,0.0,0.0,0.0,0.0,0.0,0.0,0.0,0.0,0.0,11068.275287882716,-0.029197028040106043,0.03337926823021076,-0.7214255818168887,
2016-10-28,74.12022399902344,76.7594223022461,0.0,0.0,0.0,-0.0,-0.0035160238641183117,0.0036621007290185137,-0.0,0.0,0.0,0.0,0.0,0.0,0.0,0.0,0.0,0.0,0.0,11068.275287882716,-0.029197028040106043,0.028955786719012444,-1.1599107564241973,
2016-10-31,74.16150665283203,77.03020477294922,0.0,0.0,0.0,-0.0,0.0005569688214803747,0.0035276772880976637,0.0,0.0,0.0,0.0,0.0,0.0,0.0,0.0,0.0,0.0,0.0,11068.275287882716,-0.029197028040106043,0.02864436270662618,-1.1612314631882033,
2016-11-01,73.52836608886719,76.19927215576172,0.0,0.0,0.0,-0.0,-0.008537320674035453,-0.010787101236933272,0.0,0.0,0.0,0.0,0.0,0.0,0.0,0.0,0.0,0.0,0.0,11068.275287882716,-0.029197028040106043,0.02274445853069884,-1.6793573888815099,
2016-11-02,73.56965637207031,75.22834014892578,0.0,0.0,0.0,-0.0,0.0005615558375555718,-0.012742011562147493,0.0,0.0,0.0,0.0,0.0,0.0,0.0,0.0,0.0,0.0,0.0,11068.275287882716,-0.029197028040106043,0.02646765697378961,-1.2701676326886597,
2016-11-03,73.96881103515625,75.2937240600586,0.0,0.0,0.0,-0.0,0.005425533878631317,0.0008691393563033945,0.0,0.0,0.0,0.0,0.0,0.0,0.0,0.0,0.0,0.0,0.0,11068.275287882716,-0.029197028040106043,0.031664327626300004,-0.7415430974911074,
2016-11-04,73.59718322753906,75.02296447753906,0.0,0.0,0.0,-0.0,-0.005024114926500012,-0.0035960445030392973,0.0,0.0,0.0,0.0,0.0,0.0,0.0,0.0,0.0,0.0,0.0,11068.275287882716,-0.029197028040106043,0.02751577203622313,-1.1144983139827258,
2016-11-07,75.56546783447266,77.03020477294922,0.0,0.0,0.0,-0.0,0.026744020906999788,0.026755011740586365,0.0,0.0,0.0,0.0,0.0,0.0,0.0,0.0,0.0,0.0,0.0,11068.275287882716,-0.029197028040106043,0.04739852956488089,0.8807480200776283,
2016-11-08,77.10017395019531,77.37560272216797,-1.0,0.0,0.0,-0.0,0.020309622367249203,0.004483928742456733,0.0,0.0,0.0,0.0,0.0,0.0,0.0,0.0,0.0,0.0,0.0,11068.275287882716,-0.029197028040106043,0.06640159593644235,2.6499229891696654,Enter Short Spread
2016-11-09,78.10505676269531,77.71170806884766,-1.0,-1.0,-0.8022105569956678,0.1977894430043322,0.013033470107980838,0.004343815554969321,-0.009596426455778758,0.0,1.0,-0.6044211139913356,0.8022105569956678,0.8022105569956678,0.1977894430043322,1.0,0.001,9.410227761279378e-05,-0.010690528733391552,10949.949572888518,-0.039575425106305295,0.07828218890497896,3.4159083315895935,
2016-11-10,78.52782440185547,76.43268585205078,-1.0,-1.0,-0.8022105569956678,0.1977894430043322,0.005412807527233943,-0.016458552367215273,-0.007597539246701827,0.0,1.0,-0.6044211139913356,0.8022105569956678,0.0,0.0,0.0,0.0,9.410227761279378e-05,-0.00769164152431462,10865.726486064537,-0.046962666647529794,0.08777211177673161,3.741659439205718,
2016-11-11,79.16541290283203,76.4420166015625,-1.0,-1.0,-0.8022105569956678,0.1977894430043322,0.008119268626541665,0.00012207800115482392,-0.006489217267443945,0.0,1.0,-0.6044211139913356,0.8022105569956678,0.0,0.0,0.0,0.0,9.410227761279378e-05,-0.006583319545056738,10794.19393651759,-0.05323681595135776,0.09582849930825521,3.8326052192509947,
2016-11-14,78.25060272216797,73.17444610595703,-1.0,-1.0,-0.8022105569956678,0.1977894430043322,-0.011555680026413828,-0.04274573906961365,0.0008154325890657437,0.0,1.0,-0.6044211139913356,0.8022105569956678,0.0,0.0,0.0,0.0,9.410227761279378e-05,0.00072133031145295,10801.9801157917,-0.052553886968935815,0.09497661664439172,3.403862721522669,
2016-11-15,78.43773651123047,73.35183715820312,-1.0,-1.0,-0.8022105569956678,0.1977894430043322,0.002391467701877259,0.002424221318863662,-0.0014389752527828343,0.0,1.0,-0.6044211139913356,0.8022105569956678,0.0,0.0,0.0,0.0,9.410227761279378e-05,-0.0015330775303956281,10785.419842792398,-0.05400639531608453,0.0967682475004552,3.173026412812527,
2016-11-16,78.1812973022461,74.91890716552734,-1.0,-1.0,-0.8022105569956678,0.1977894430043322,-0.003269334639043997,0.02136374585880385,0.006848218155691638,0.0,1.0,-0.6044211139913356,0.8022105569956678,0.0,0.0,0.0,0.0,9.410227761279378e-05,0.006754115878078845,10858.265818204349,-0.04761704489012786,0.08828168381445578,2.5056068089939836,
2016-11-17,78.65258026123047,75.8450927734375,-1.0,-1.0,-0.8022105569956678,0.1977894430043322,0.006028078009020721,0.012362508249937898,-0.00239061419633817,0.0,1.0,-0.6044211139913356,0.8022105569956678,0.0,0.0,0.0,0.0,9.410227761279378e-05,-0.0024847164739509636,10831.286106247318,-0.049983446508199414,0.09126230785295597,2.4968612198806146,
2016-11-18,79.06839752197266,75.6111831665039,-1.0,-1.0,-0.8022105569956678,0.1977894430043322,0.005286759307337796,-0.0030840440479428244,-0.004851085483084922,0.0,1.0,-0.6044211139913356,0.8022105569956678,0.0,0.0,0.0,0.0,9.410227761279378e-05,-0.004945187760697715,10777.723362762088,-0.054681456740987455,0.0972967043515709,2.6065702748343047,
2016-11-21,79.49114990234375,76.42510986328125,-1.0,-1.0,-0.8022105569956678,0.1977894430043322,0.005346666855789106,0.01076463378419823,-0.0021600216761306704,0.0,1.0,-0.6044211139913356,0.8022105569956678,0.0,0.0,0.0,0.0,9.410227761279378e-05,-0.0022541239537434642,10753.429038363265,-0.05681232191326546,0.0999892320258422,2.541905685777307,
2016-11-22,79.44261932373047,74.7785873413086,-1.0,-1.0,-0.8022105569956678,0.1977894430043322,-0.0006105154935223123,-0.02154426110630603,-0.003771465430043148,0.0,1.0,-0.6044211139913356,0.8022105569956678,0.0,0.0,0.0,0.0,9.410227761279378e-05,-0.003865567707655942,10711.860930325998,-0.06045827774393653,0.10474844201170419,2.5606013903447757,
2016-11-23,80.1703109741211,74.4417724609375,-1.0,-1.0,-0.8022105569956678,0.1977894430043322,0.00915996547678355,-0.004504162118412092,-0.00823909672379356,0.0,1.0,-0.6044211139913356,0.8022105569956678,0.0,0.0,0.0,0.0,9.410227761279378e-05,-0.008333199001406354,10622.596861518201,-0.06828766588562041,0.11497974402078981,2.7585419114326197,
2016-11-25,80.5722885131836,74.96566009521484,-1.0,-1.0,-0.8022105569956678,0.1977894430043322,0.0050140449023861056,0.007037549173781965,-0.0026303668227465136,0.0,1.0,-0.6044211139913356,0.8022105569956678,0.0,0.0,0.0,0.0,9.410227761279378e-05,-0.0027244691003593074,10593.65592460342,-0.0708260873503389,0.1182521909426022,2.666144571395148,
2016-11-28,80.1772689819336,73.98332977294922,-1.0,-1.0,-0.8022105569956678,0.1977894430043322,-0.0049026723522364035,-0.013103737378126978,0.0013411946011600423,0.0,1.0,-0.6044211139913356,0.8022105569956678,0.0,0.0,0.0,0.0,9.410227761279378e-05,0.0012470923235472484,10606.867191585294,-0.06966732169663303,0.11658961440632565,2.428535880615612,
2016-11-29,80.58613586425781,74.04883575439453,-1.0,-1.0,-0.8022105569956678,0.1977894430043322,0.0050995361592616195,0.0008854154259660962,-0.0039157759188115345,0.0,1.0,-0.6044211139913356,0.8022105569956678,0.0,0.0,0.0,0.0,9.410227761279378e-05,-0.004009878196424328,10564.334946101388,-0.07339784241878278,0.12145798449256096,2.4280575594040767,
2016-11-30,80.33663940429688,72.33679962158203,-1.0,-1.0,-0.8022105569956678,0.1977894430043322,-0.0030960221294292767,-0.02312036530177175,-0.0020893025381737503,0.0,1.0,-0.6044211139913356,0.8022105569956678,0.0,0.0,0.0,0.0,9.410227761279378e-05,-0.002183404815786544,10541.26872630449,-0.07542099003196356,0.12412454547791252,2.355467018085483,
2016-12-01,80.69007110595703,70.5685806274414,-1.0,-1.0,-0.8022105569956678,0.1977894430043322,0.004399383696914505,-0.024444252488232454,-0.008364047130244204,0.0,1.0,-0.6044211139913356,0.8022105569956678,0.0,0.0,0.0,0.0,9.410227761279378e-05,-0.008458149407856998,10452.109100469033,-0.08324121743764201,0.13461602956972452,2.5040867489112912,
2016-12-02,80.63463592529297,70.83988952636719,-1.0,-1.0,-0.8022105569956678,0.1977894430043322,-0.0006870136548927652,0.0038446132331628746,0.0013115535167095246,0.0,1.0,-0.6044211139913356,0.8022105569956678,0.0,0.0,0.0,0.0,9.410227761279378e-05,0.0012174512390967307,10464.834033644574,-0.0821251083218586,0.13298268670636038,2.2991175209438905,
2016-12-05,80.78019714355469,72.32743072509766,-1.0,-1.0,-0.8022105569956678,0.1977894430043322,0.0018051947105779398,0.02099863803679125,0.0027051626668881633,0.0,1.0,-0.6044211139913356,0.8022105569956678,0.0,0.0,0.0,0.0,9.410227761279378e-05,0.0026110603892753694,10492.158347270164,-0.07972848154988743,0.12966253309798792,2.0812182135043304,
2016-12-06,80.76631927490234,72.14028930664062,-1.0,-1.0,-0.8022105569956678,0.1977894430043322,-0.00017179790521781868,-0.0025874196909927427,-0.0003739462062644207,0.0,1.0,-0.6044211139913356,0.8022105569956678,0.0,0.0,0.0,0.0,9.410227761279378e-05,-0.0004680484838772145,10487.247508463124,-0.08015921323885333,0.130129489786589,1.986062512199452,
2016-12-07,82.2078628540039,74.19849395751953,-1.0,-1.0,-0.8022105569956678,0.1977894430043322,0.01784832578782014,0.02853058492918259,-0.008675066869956517,0.0,1.0,-0.6044211139913356,0.8022105569956678,0.0,0.0,0.0,0.0,9.410227761279378e-05,-0.008769169147569311,10395.283061168988,-0.08822545268679494,0.14088450986730527,2.156343424873977,
2016-12-08,82.45733642578125,74.1704330444336,-1.0,-1.0,-0.8022105569956678,0.1977894430043322,0.0030346680124795355,-0.0003781870977327406,-0.002509244132000128,0.0,1.0,-0.6044211139913356,0.8022105569956678,0.0,0.0,0.0,0.0,9.410227761279378e-05,-0.002603346409612922,10368.220538334783,-0.09059911768091933,0.14400784432306923,2.118514331522932,
2016-12-09,82.88700866699219,74.03947448730469,-1.0,-1.0,-0.8022105569956678,0.1977894430043322,0.005210843083655492,-0.0017656436905316708,-0.0045294190146506685,0.0,1.0,-0.6044211139913356,0.8022105569956678,0.0,0.0,0.0,0.0,9.410227761279378e-05,-0.004623521292263462,10320.282849912908,-0.09480375202352476,0.14964087191720066,2.1402093076782656,
2016-12-12,83.25430297851562,73.44072723388672,-1.0,-1.0,-0.8022105569956678,0.1977894430043322,0.004431265133467255,-0.008086865250787723,-0.005154304244518642,0.0,1.0,-0.6044211139913356,0.8022105569956678,0.0,0.0,0.0,0.0,9.410227761279378e-05,-0.005248406522131435,10266.117810093183,-0.09955458991521349,0.15606431496408302,2.1741442695282687,
2016-12-13,83.27513122558594,74.0955810546875,-1.0,-1.0,-0.8022105569956678,0.1977894430043322,0.0002501762230318061,0.008916766560811196,0.001562948284237084,0.0,1.0,-0.6044211139913356,0.8022105569956678,0.0,0.0,0.0,0.0,9.410227761279378e-05,0.00146884600662429,10281.197156242073,-0.09823197427042729,0.15412572563875648,2.020319476135075,
2016-12-14,81.26531219482422,74.03012084960938,-1.0,-1.0,-0.8022105569956678,0.1977894430043322,-0.02413468464333335,-0.0008834562621191644,0.01918636048864,0.0,1.0,-0.6044211139913356,0.8022105569956678,0.0,0.0,0.0,0.0,9.410227761279378e-05,0.019092258211027207,10477.488427067523,-0.0810151862767503,0.1299129442811764,1.3951180922129611,
2016-12-15,81.27918243408203,74.37627410888672,-1.0,-1.0,-0.8022105569956678,0.1977894430043322,0.00017067847133311886,0.004675843498628707,0.0007879124096138895,0.0,1.0,-0.6044211139913356,0.8022105569956678,0.0,0.0,0.0,0.0,9.410227761279378e-05,0.0006938101320010957,10484.757814696146,-0.08037758530183403,0.128933440064241,1.3233533744301955,
2016-12-16,80.26042175292969,73.30036926269531,-1.0,-1.0,-0.8022105569956678,0.1977894430043322,-0.012534091149090543,-0.014465699701712409,0.007193817555476763,0.0,1.0,-0.6044211139913356,0.8022105569956678,0.0,0.0,0.0,0.0,9.410227761279378e-05,0.007099715277863969,10559.196609937848,-0.07384852799433528,0.11991278090403257,1.0788616250281338,
2016-12-19,81.07127380371094,73.06647491455078,-1.0,-1.0,-0.8022105569956678,0.1977894430043322,0.010102763392862979,-0.0031909027266465717,-0.008735670321568483,0.0,1.0,-0.6044211139913356,0.8022105569956678,0.0,0.0,0.0,0.0,9.410227761279378e-05,-0.008829772599181277,10465.96130504205,-0.0820262348845423,0.1307528450773343,1.2808724566993508,
2016-12-20,81.44549560546875,73.30974578857422,-1.0,-1.0,-0.8022105569956678,0.1977894430043322,0.004615960551747067,0.003329445882094939,-0.003044443038754419,0.0,1.0,-0.6044211139913356,0.8022105569956678,0.0,0.0,0.0,0.0,9.410227761279378e-05,-0.0031385453163672128,10433.113411206828,-0.08490733714559362,0.13453865501951068,1.3181178605252226,
2016-12-21,80.46138000488281,73.10391998291016,-1.0,-1.0,-0.8022105569956678,0.1977894430043322,-0.01208311881792834,-0.002807618597637229,0.009137888158579858,0.0,1.0,-0.6044211139913356,0.8022105569956678,0.0,0.0,0.0,0.0,9.410227761279378e-05,0.009043785880967064,10527.46825496963,-0.07663143504149428,0.12307514934531749,1.0267325308281747,
2016-12-22,80.60000610351562,72.87940979003906,-1.0,-1.0,-0.8022105569956678,0.1977894430043322,0.00172288989605196,-0.00307111018018702,-0.001989553635098176,0.0,1.0,-0.6044211139913356,0.8022105569956678,0.0,0.0,0.0,0.0,9.410227761279378e-05,-0.00208365591271097,10505.532633494286,-0.07855541741148153,0.12555492105120614,1.0466488241058316,
2016-12-23,80.37130737304688,73.11328887939453,-1.0,-1.0,-0.8022105569956678,0.1977894430043322,-0.0028374530167531997,0.003209124360766147,0.002910965684866192,0.0,1.0,-0.6044211139913356,0.8022105569956678,0.0,0.0,0.0,0.0,9.410227761279378e-05,0.0028168634072533983,10535.125283943284,-0.07595983388497585,0.12192347436390594,0.9340929823588398,
2016-12-27,80.48219299316406,73.30036926269531,-1.0,-1.0,-0.8022105569956678,0.1977894430043322,0.0013796667460255208,0.0025587740090502464,-0.0006006847427735231,0.0,1.0,-0.6044211139913356,0.8022105569956678,0.0,0.0,0.0,0.0,9.410227761279378e-05,-0.0006947870203863169,10527.805615637855,-0.07660184499870826,0.12267211614686446,0.9198541393677218,
2016-12-28,79.83767700195312,73.25360870361328,-1.0,-1.0,-0.8022105569956678,0.1977894430043322,-0.008008181278878479,-0.0006379307437653914,0.006298071597766687,0.0,1.0,-0.6044211139913356,0.8022105569956678,0.0,0.0,0.0,0.0,9.410227761279378e-05,0.006203969320153894,10593.119798685817,-0.07087311117479356,0.11478903269640761,0.7188714010294172,
2016-12-29,79.6852035522461,73.28168487548828,-1.0,-1.0,-0.8022105569956678,0.1977894430043322,-0.001909793163236695,0.0003832735666116083,0.0016078637024850213,0.0,1.0,-0.6044211139913356,0.8022105569956678,0.0,0.0,0.0,0.0,9.410227761279378e-05,0.0015137614248722274,10609.155254806117,-0.06946663473167847,0.11278293344325352,0.6491303588994294,
2016-12-30,79.44955444335938,72.99164581298828,-1.0,-1.0,-0.8022105569956678,0.1977894430043322,-0.0029572505105318614,-0.00395786563849887,0.0015895135391048101,0.0,1.0,-0.6044211139913356,0.8022105569956678,0.0,0.0,0.0,0.0,9.410227761279378e-05,0.0014954112614920163,10625.02030504907,-0.06807510465806221,0.11079907147763812,0.5811302388107544,
2017-01-03,79.75448608398438,74.37627410888672,-1.0,-1.0,-0.8022105569956678,0.1977894430043322,0.0038380535015132278,0.01896968181051828,0.0006730757620437232,0.0,1.0,-0.6044211139913356,0.8022105569956678,0.0,0.0,0.0,0.0,9.410227761279378e-05,0.0005789734844309295,10631.171910077235,-0.06753554485417801,0.10999650684013318,0.5398993643693125,
2017-01-04,79.77527618408203,74.98439025878906,-1.0,-1.0,-0.8022105569956678,0.1977894430043322,0.00026067624679781964,0.008176211529661526,0.001408051087198133,0.0,1.0,-0.6044211139913356,0.8022105569956678,0.0,0.0,0.0,0.0,9.410227761279378e-05,0.0013139488095853392,10645.140725752977,-0.06631033429335864,0.10824945553591947,0.47741907457591864,
2017-01-05,79.8168716430664,75.8637924194336,-1.0,-1.0,-0.8022105569956678,0.1977894430043322,0.0005214078969577596,0.011727803048201091,0.001901356713127779,0.0,1.0,-0.6044211139913356,0.8022105569956678,0.0,0.0,0.0,0.0,9.410227761279378e-05,0.001807254435514985,10664.379203546276,-0.06462291950361576,0.10589599731638,0.40153045421258077,
2017-01-06,79.97628784179688,76.91161346435547,-1.0,-1.0,-0.8022105569956678,0.1977894430043322,0.0019972744539946685,0.013811872719580176,0.0011296079598402129,0.0,1.0,-0.6044211139913356,0.8022105569956678,0.0,0.0,0.0,0.0,9.410227761279378e-05,0.001035505682227419,10675.422228808973,-0.06365433122173669,0.10450918947793686,0.3476645924530196,
2017-01-09,79.53965759277344,76.48126220703125,-1.0,-1.0,-0.8022105569956678,0.1977894430043322,-0.005459496318298118,-0.005595400199524647,0.0032729544935674215,0.0,1.0,-0.6044211139913356,0.8022105569956678,0.0,0.0,0.0,0.0,9.410227761279378e-05,0.0031788522159546277,10709.357818417273,-0.06067782671764155,0.10041818656440893,0.23060458851107699,
2017-01-10,78.95057678222656,76.06961822509766,-1.0,-1.0,-0.8022105569956678,0.1977894430043322,-0.00740612706133148,-0.0053822854128543485,0.004876714081152611,0.0,1.0,-0.6044211139913356,0.8022105569956678,0.0,0.0,0.0,0.0,9.410227761279378e-05,0.004782611803539818,10760.57651952797,-0.05618541340437444,0.09431511426817996,0.0639987269223922,
2017-01-11,79.13077545166016,76.52804565429688,-1.0,-1.0,-0.8022105569956678,0.1977894430043322,0.0022824237235232747,0.006026419481200529,-0.0006390222540506229,0.0,1.0,-0.6044211139913356,0.8022105569956678,0.0,0.0,0.0,0.0,9.410227761279378e-05,-0.0007331245316634167,10752.687676906662,-0.05687734703114944,0.09511354947758455,0.06003591261932204,
2017-01-12,78.94365692138672,76.12577056884766,-1.0,-1.0,-0.8022105569956678,0.1977894430043322,-0.0023646745429374283,-0.005256570738346511,0.0008572726837528827,0.0,1.0,-0.6044211139913356,0.8022105569956678,0.0,0.0,0.0,0.0,9.410227761279378e-05,0.000763170406140089,10760.893809928144,-0.05615758373304336,0.09404552955952128,0.009029232636474135,
2017-01-13,79.17235565185547,75.93864440917969,-1.0,-1.0,-0.8022105569956678,0.1977894430043322,0.0028969867800334725,-0.002458118430456291,-0.002810183253618371,0.0,1.0,-0.6044211139913356,0.8022105569956678,0.0,0.0,0.0,0.0,9.410227761279378e-05,-0.002904285531231165,10729.641101732856,-0.05889877160636958,0.09754513694387956,0.07133409925913047,
2017-01-17,79.0545425415039,76.02284240722656,0.0,-1.0,-0.8022105569956678,0.1977894430043322,-0.0014880586712566757,0.0011087635116737715,0.0014130380929085337,0.0,1.0,-0.6044211139913356,0.8022105569956678,0.0,0.0,0.0,0.0,9.410227761279378e-05,0.0013189358152957398,10743.7928096672,-0.057657519490422415,0.09578274968722877,-0.0008584102603665827,Exit Short Spread
2017-01-18,79.67132568359375,76.33153533935547,0.0,0.0,0.0,-0.0,0.007801994955141556,0.004060528682620745,0.0,0.0,0.0,0.0,0.0,0.8022105569956678,0.1977894430043322,1.0,0.001,0.0,-0.001,10733.049016857534,-0.05859986197093192,0.10255534779874065,0.14534707821708825,
2017-01-19,79.19315338134766,76.46255493164062,0.0,0.0,0.0,-0.0,-0.00600181179543946,0.0017164543029648538,-0.0,0.0,0.0,0.0,0.0,0.0,0.0,0.0,0.0,0.0,0.0,10733.049016857534,-0.05859986197093192,0.09611261423999262,-0.06065396786749844,
2017-01-20,79.67132568359375,76.56549072265625,0.0,0.0,0.0,-0.0,0.0060380510414013155,0.001346224843096655,0.0,0.0,0.0,0.0,0.0,0.0,0.0,0.0,0.0,0.0,0.0,10733.049016857534,-0.05859986197093192,0.10180081334811009,0.06643279782707116,
2017-01-23,79.3248291015625,76.8554916381836,0.0,0.0,0.0,-0.0,-0.004349075141630299,0.003787619106077722,-0.0,0.0,0.0,0.0,0.0,0.0,0.0,0.0,0.0,0.0,0.0,10733.049016857534,-0.05859986197093192,0.09651015915861372,-0.11850029433400655,
2017-01-24,80.42674255371094,77.86588287353516,0.0,0.0,0.0,-0.0,0.013891154442168707,0.013146636809094003,0.0,0.0,0.0,0.0,0.0,0.0,0.0,0.0,0.0,0.0,0.0,10733.049016857534,-0.05859986197093192,0.107085461577628,0.1626586295155229,
2017-01-25,81.07819366455078,78.49270629882812,0.0,0.0,0.0,-0.0,0.00809993156697586,0.0080500394031493,0.0,0.0,0.0,0.0,0.0,0.0,0.0,0.0,0.0,0.0,0.0,10733.049016857534,-0.05859986197093192,0.11317592927049702,0.3175821783638619,
2017-01-26,81.03662109375,77.87523651123047,0.0,0.0,0.0,-0.0,-0.0005127466328712638,-0.007866588078220937,0.0,0.0,0.0,0.0,0.0,0.0,0.0,0.0,0.0,0.0,0.0,10733.049016857534,-0.05859986197093192,0.1146102709411585,0.33299747133518987,
2017-01-27,81.84053802490234,78.3710708618164,0.0,0.0,0.0,-0.0,0.009920415243156677,0.0063670349240536606,0.0,0.0,0.0,0.0,0.0,0.0,0.0,0.0,0.0,0.0,0.0,10733.049016857534,-0.05859986197093192,0.12291695073979358,0.583480819714753,
2017-01-30,81.10591888427734,78.3055648803711,0.0,0.0,0.0,-0.0,-0.0089762256988275,-0.0008358438990939687,0.0,0.0,0.0,0.0,0.0,0.0,0.0,0.0,0.0,0.0,0.0,10733.049016857534,-0.05859986197093192,0.11410636411639508,0.2443059641637591,
2017-01-31,75.63093566894531,77.37939453125,0.0,0.0,0.0,-0.0,-0.06750411425760172,-0.011827644057430975,0.0,0.0,0.0,0.0,0.0,0.0,0.0,0.0,0.0,0.0,0.0,10733.049016857534,-0.05859986197093192,0.04714937844806766,-2.3414184131375237,
2017-02-01,73.0112533569336,77.12678527832031,1.0,0.0,0.0,-0.0,-0.0346377086154096,-0.003264554529793684,0.0,0.0,0.0,0.0,0.0,0.0,0.0,0.0,0.0,0.0,0.0,10733.049016857534,-0.05859986197093192,0.012703772458916962,-3.5184785701983126,Enter Long Spread
2017-02-02,72.83800506591797,76.99581909179688,1.0,1.0,0.8022105569956678,-0.1977894430043322,-0.0023728984649620255,-0.0016980635981498349,-0.0015677051460073635,0.0,1.0,0.6044211139913356,0.1977894430043322,0.8022105569956678,0.1977894430043322,1.0,0.001,2.3201436221655254e-05,-0.0025909065822290185,10705.240689512371,-0.06103894178506275,0.010747077030885732,-3.46499372463318,
2017-02-03,74.12012481689453,80.53219604492188,1.0,1.0,0.8022105569956678,-0.1977894430043322,0.017602345778364725,0.0459294672728765,0.005036423861904359,0.0,1.0,0.6044211139913356,0.1977894430043322,0.0,0.0,0.0,0.0,2.3201436221655254e-05,0.005013222425682703,10758.908442209367,-0.056331721151176684,0.017124490198462183,-3.072153440428323,
2017-02-06,73.50332641601562,80.29830932617188,1.0,1.0,0.8022105569956678,-0.1977894430043322,-0.008321604994630527,-0.0029042635149243434,-0.006101246714885796,0.0,1.0,0.6044211139913356,0.1977894430043322,0.0,0.0,0.0,0.0,2.3201436221655254e-05,-0.006124448151107451,10693.016065292544,-0.06211116859683108,0.009485171396803826,-3.0755251224293887,
2017-02-07,73.24689483642578,80.25151824951172,1.0,1.0,0.8022105569956678,-0.1977894430043322,-0.003488707138755709,-0.0005827155895660185,-0.0026834227050857758,0.0,1.0,0.6044211139913356,0.1977894430043322,0.0,0.0,0.0,0.0,2.3201436221655254e-05,-0.002706624141307431,10664.074089866835,-0.06464968114976954,0.006134078151169398,-2.9262563800048045,
2017-02-08,73.57264709472656,79.60600280761719,1.0,1.0,0.8022105569956678,-0.1977894430043322,0.004447318333811179,-0.008043653951661622,0.005158635552522458,0.0,1.0,0.6044211139913356,0.1977894430043322,0.0,0.0,0.0,0.0,2.3201436221655254e-05,0.005135434116300803,10718.838739766696,-0.05984625121165332,0.012562762838280506,-2.550402038058273,
2017-02-09,73.7805404663086,80.06441497802734,1.0,1.0,0.8022105569956678,-0.1977894430043322,0.0028256883473876115,0.00575851260259852,0.001127824022852595,0.0,1.0,0.6044211139913356,0.1977894430043322,0.0,0.0,0.0,0.0,2.3201436221655254e-05,0.0011046225866309398,10730.679011141097,-0.0588077361458359,0.01396874567167794,-2.3544781085442237,
2017-02-10,74.39041137695312,80.36380004882812,1.0,1.0,0.8022105569956678,-0.1977894430043322,0.008266013054255561,0.0037393025463676732,0.005891488368517071,0.0,1.0,0.6044211139913356,0.1977894430043322,0.0,0.0,0.0,0.0,2.3201436221655254e-05,0.005868286932295416,10793.649714556834,-0.053284549883082954,0.02128055608342061,-2.0496384905756133,
2017-02-13,75.19432067871094,80.86898803710938,1.0,1.0,0.8022105569956678,-0.1977894430043322,0.010806625301266637,0.0062862630683753196,0.007425832431299926,0.0,1.0,0.6044211139913356,0.1977894430043322,0.0,0.0,0.0,0.0,2.3201436221655254e-05,0.00740263099507827,10873.551120483831,-0.04627636474852781,0.03048414549100298,-1.7378086121969154,
2017-02-14,75.53392028808594,81.25257110595703,1.0,1.0,0.8022105569956678,-0.1977894430043322,0.004516293335849575,0.004743265350020565,0.0026848503809053935,0.0,1.0,0.6044211139913356,0.1977894430043322,0.0,0.0,0.0,0.0,2.3201436221655254e-05,0.0026616489446837383,10902.49269634863,-0.04373788724124095,0.03382355754348265,-1.5966370464457373,
2017-02-15,75.55470275878906,82.0539779663086,1.0,1.0,0.8022105569956678,-0.1977894430043322,0.0002751408986036985,0.009863156936984696,-0.0017301073833093567,0.0,1.0,0.6044211139913356,0.1977894430043322,0.0,0.0,0.0,0.0,2.3201436221655254e-05,-0.001753308819531012,10883.37725974925,-0.04541451003732422,0.031678759198125794,-1.5902037736230024,
2017-02-16,74.8772964477539,81.93214416503906,1.0,1.0,0.8022105569956678,-0.1977894430043322,-0.008965772960523699,-0.0014848006676722036,-0.0068987598235270686,0.0,1.0,0.6044211139913356,0.1977894430043322,0.0,0.0,0.0,0.0,2.3201436221655254e-05,-0.006921961259748724,10808.042943982035,-0.05202211381796418,0.023038909685878295,-1.72319684558607,
2017-02-17,74.65383911132812,81.97901153564453,1.0,1.0,0.8022105569956678,-0.1977894430043322,-0.002984313630790658,0.0005720266579507527,-0.0025071887340660467,0.0,1.0,0.6044211139913356,0.1977894430043322,0.0,0.0,0.0,0.0,2.3201436221655254e-05,-0.002530390170287702,10780.694378356535,-0.05442086774280941,0.01990913810310868,-1.720518820614341,
2017-02-21,75.22647857666016,82.4101791381836,1.0,1.0,0.8022105569956678,-0.1977894430043322,0.0076705963437202485,0.005259487696452458,0.005113162223415284,0.0,1.0,0.6044211139913356,0.1977894430043322,0.0,0.0,0.0,0.0,2.3201436221655254e-05,0.005089960787193628,10835.56769000109,-0.04960790703843165,0.026257107491932663,-1.5158077525358218,
2017-02-22,73.75991821289062,82.29769897460938,1.0,1.0,0.8022105569956678,-0.1977894430043322,-0.01949526804282109,-0.0013648819205406282,-0.015369350600580934,0.0,1.0,0.6044211139913356,0.1977894430043322,0.0,0.0,0.0,0.0,2.3201436221655254e-05,-0.015392552036802589,10668.78065048445,-0.0642368667847083,0.00690604923867455,-1.8559990045952914,
2017-02-23,73.38980102539062,82.65389251708984,1.0,1.0,0.8022105569956678,-0.1977894430043322,-0.0050178633120463445,0.004328110590192447,-0.00488143750538014,0.0,1.0,0.6044211139913356,0.1977894430043322,0.0,0.0,0.0,0.0,2.3201436221655254e-05,-0.004904638941601796,10616.454133446678,-0.06882644708799124,0.0008107372727210738,-1.8914268079564567,
2017-02-24,74.1510238647461,82.88822174072266,1.0,1.0,0.8022105569956678,-0.1977894430043322,0.010372324610774086,0.0028350657966211834,0.007760042218554615,0.0,1.0,0.6044211139913356,0.1977894430043322,0.0,0.0,0.0,0.0,2.3201436221655254e-05,0.00773684078233296,10698.591948750096,-0.06162210556839165,0.010431626283607276,-1.6175652371412257,
2017-02-27,74.53511810302734,82.48514556884766,1.0,1.0,0.8022105569956678,-0.1977894430043322,0.005179891230926881,-0.004862888398496912,0.005117191417269762,0.0,1.0,0.6044211139913356,0.1977894430043322,0.0,0.0,0.0,0.0,2.3201436221655254e-05,0.005093989981048107,10753.09046894835,-0.05684201797572008,0.016800044735234998,-1.4296045667718984,
2017-02-28,73.85772705078125,82.4289321899414,1.0,1.0,0.8022105569956678,-0.1977894430043322,-0.009088213307849813,-0.0006814969958358619,-0.007155867748570138,0.0,1.0,0.6044211139913356,0.1977894430043322,0.0,0.0,0.0,0.0,2.3201436221655254e-05,-0.007179069184791794,10675.893288521444,-0.06361301438086109,0.007838365812062209,-1.548825610316765,
2017-03-01,74.63288116455078,83.41312408447266,1.0,1.0,0.8022105569956678,-0.1977894430043322,0.010495233805889681,0.011939884072055706,0.006057804337074327,0.0,1.0,0.6044211139913356,0.1977894430043322,0.0,0.0,0.0,0.0,2.3201436221655254e-05,0.006034602900852671,10740.318065129548,-0.05796229076112325,0.015352498566615802,-1.347889862368987,
2017-03-02,73.99039459228516,82.98194885253906,1.0,1.0,0.8022105569956678,-0.1977894430043322,-0.008608626147623477,-0.005169153375635949,-0.005883526809881501,0.0,1.0,0.6044211139913356,0.1977894430043322,0.0,0.0,0.0,0.0,2.3201436221655254e-05,-0.005906728246103157,10676.877925042116,-0.06352665150717873,0.007984392863801926,-1.4402759041564517,
2017-03-03,73.9764175415039,83.22566223144531,1.0,1.0,0.8022105569956678,-0.1977894430043322,-0.00018890358482703817,0.002936944507525796,-0.0007324370682807367,0.0,1.0,0.6044211139913356,0.1977894430043322,0.0,0.0,0.0,0.0,2.3201436221655254e-05,-0.000755638504502392,10668.81006497408,-0.06423428682774035,0.007072412819490337,-1.4052228939126152,
2017-03-06,74.09515380859375,83.36624908447266,1.0,1.0,0.8022105569956678,-0.1977894430043322,0.0016050556520019743,0.0016892248046807001,0.000953481755374651,0.0,1.0,0.6044211139913356,0.1977894430043322,0.0,0.0,0.0,0.0,2.3201436221655254e-05,0.0009302803191529957,10678.735049006309,-0.06336376240143793,0.008260045417090023,-1.3332449470282242,
2017-03-07,73.77391815185547,83.4787368774414,1.0,1.0,0.8022105569956678,-0.1977894430043322,-0.004335447599827069,0.001349320548832189,-0.003744823193670623,0.0,1.0,0.6044211139913356,0.1977894430043322,0.0,0.0,0.0,0.0,2.3201436221655254e-05,-0.003768024629892278,10638.49731232556,-0.06689303081395881,0.003582714325548686,-1.3760856052330817,
2017-03-08,73.83677673339844,83.3849868774414,1.0,1.0,0.8022105569956678,-0.1977894430043322,0.0008520434201906291,-0.0011230404712236908,0.0009056437759702749,0.0,1.0,0.6044211139913356,0.1977894430043322,0.0,0.0,0.0,0.0,2.3201436221655254e-05,0.0008824423397486196,10647.885172785258,-0.06606961771683462,0.004711442389799814,-1.3103619457807587,
2017-03-09,73.95549011230469,83.52560424804688,1.0,1.0,0.8022105569956678,-0.1977894430043322,0.0016077811648642637,0.00168636316765447,0.0009562341921595056,0.0,1.0,0.6044211139913356,0.1977894430043322,0.0,0.0,0.0,0.0,2.3201436221655254e-05,0.0009330327559378503,10657.819998432931,-0.06519823007839887,0.005902500492561913,-1.2484665104071095,
2017-03-10,74.53511810302734,84.10676574707031,1.0,1.0,0.8022105569956678,-0.1977894430043322,0.007837524838824939,0.006957884402698289,0.0049111490859229095,0.0,1.0,0.6044211139913356,0.1977894430043322,0.0,0.0,0.0,0.0,2.3201436221655254e-05,0.004887947649701254,10709.914864645212,-0.06062896796417383,0.011999907252061126,-1.0977803553945322,
2017-03-13,75.06586456298828,84.4629135131836,1.0,1.0,0.8022105569956678,-0.1977894430043322,0.007120756946105589,0.0042344722561833414,0.004874812486998334,0.0,1.0,0.6044211139913356,0.1977894430043322,0.0,0.0,0.0,0.0,2.3201436221655254e-05,0.0048516110507766785,10761.8752059554,-0.05607150508436953,0.018053603045946387,-0.9494073279136513,
2017-03-14,74.6049575805664,83.93800354003906,1.0,1.0,0.8022105569956678,-0.1977894430043322,-0.006140034289955132,-0.006214679926505262,-0.003696402246603726,0.0,1.0,0.6044211139913356,0.1977894430043322,0.0,0.0,0.0,0.0,2.3201436221655254e-05,-0.003719603682825381,10721.845295305222,-0.059582544990381514,0.013431685967763896,-1.010046031572015,
2017-03-15,75.2404556274414,84.28483581542969,1.0,1.0,0.8022105569956678,-0.1977894430043322,0.00851817449515635,0.004132005298710606,0.006016102479822746,0.0,1.0,0.6044211139913356,0.1977894430043322,0.0,0.0,0.0,0.0,2.3201436221655254e-05,0.005992901043601091,10786.100253164785,-0.05394671624283376,0.020897115805083244,-0.8290226082490805,
2017-03-16,75.2823486328125,84.39732360839844,1.0,1.0,0.8022105569956678,-0.1977894430043322,0.0005567882998811502,0.0013346148435890992,0.0001826887256375265,0.0,1.0,0.6044211139913356,0.1977894430043322,0.0,0.0,0.0,0.0,2.3201436221655254e-05,0.00015948728941587125,10787.820499057532,-0.05379583276896416,0.02112491188260135,-0.7961064279436623,
2017-03-17,75.52676391601562,84.58479309082031,1.0,1.0,0.8022105569956678,-0.1977894430043322,0.003246647954559201,0.002221272836704369,0.002165150946863372,0.0,1.0,0.6044211139913356,0.1977894430043322,0.0,0.0,0.0,0.0,2.3201436221655254e-05,0.0021419495106417166,10810.927465896379,-0.05176911121599659,0.0238192411303082,-0.7135154673019307,
2017-03-20,74.80748748779297,83.59123229980469,1.0,1.0,0.8022105569956678,-0.1977894430043322,-0.009523464146067195,-0.01174632879870996,-0.0053165236467022465,0.0,1.0,0.6044211139913356,0.1977894430043322,0.0,0.0,0.0,0.0,2.3201436221655254e-05,-0.005339725082923902,10753.200085337061,-0.056832403477239724,0.01716340483202039,-0.8263009382732179,
2017-03-21,74.38147735595703,82.5414047241211,1.0,1.0,0.8022105569956678,-0.1977894430043322,-0.00569475257280172,-0.012559063274941606,-0.0020843405035729156,0.0,1.0,0.6044211139913356,0.1977894430043322,0.0,0.0,0.0,0.0,2.3201436221655254e-05,-0.002107541939794571,10730.537265170211,-0.058820168743166645,0.014568490701446501,-0.8530927605314432,
2017-03-22,74.38846588134766,82.97256469726562,1.0,1.0,0.8022105569956678,-0.1977894430043322,9.395518399268887e-05,0.005223559916209375,-0.000957793165843403,0.0,1.0,0.6044211139913356,0.1977894430043322,0.0,0.0,0.0,0.0,2.3201436221655254e-05,-0.0009809946020650582,10720.01066603582,-0.05974346107720219,0.01337789596469352,-0.8507640764540346,
2017-03-23,73.78089904785156,83.29126739501953,1.0,1.0,0.8022105569956678,-0.1977894430043322,-0.008167487073401758,0.003841061185907879,-0.00731176570691482,0.0,1.0,0.6044211139913356,0.1977894430043322,0.0,0.0,0.0,0.0,2.3201436221655254e-05,-0.007334967143136475,10641.379740026374,-0.06664021189632019,0.00423165155495675,-1.0204147416054263,
2017-03-24,73.36190032958984,83.6005859375,1.0,1.0,0.8022105569956678,-0.1977894430043322,-0.005678959238352044,0.0037136971516291695,-0.005290251144861595,0.0,1.0,0.6044211139913356,0.1977894430043322,0.0,0.0,0.0,0.0,2.3201436221655254e-05,-0.005313452581083251,10584.837273380443,-0.07159957487149915,-0.0023774308316726334,-1.1340961721089433,
2017-03-27,73.1733169555664,83.3756332397461,1.0,1.0,0.8022105569956678,-0.1977894430043322,-0.0025705900907173618,-0.002690802884109944,-0.0015299421047993626,0.0,1.0,0.6044211139913356,0.1977894430043322,0.0,0.0,0.0,0.0,2.3201436221655254e-05,-0.0015531435410210178,10568.397501736536,-0.07304151399526837,-0.004287004063997069,-1.1418787210216428,
2017-03-28,74.15800476074219,83.53497314453125,1.0,1.0,0.8022105569956678,-0.1977894430043322,0.01345692454769698,0.0019111087807510696,0.010417289795591228,0.0,1.0,0.6044211139913356,0.1977894430043322,0.0,0.0,0.0,0.0,2.3201436221655254e-05,0.010394088359369573,10678.246359186525,-0.06340662558626786,0.008609435518219577,-0.8213462694143966,
2017-03-29,74.0462646484375,83.59123229980469,1.0,1.0,0.8022105569956678,-0.1977894430043322,-0.0015067842327365355,0.0006734802580961041,-0.0013419655037391085,0.0,1.0,0.6044211139913356,0.1977894430043322,0.0,0.0,0.0,0.0,2.3201436221655254e-05,-0.0013651669399607636,10663.668770280206,-0.06468523189720388,0.006935520558293717,-0.8318816533412148,
2017-03-30,74.48623657226562,83.4318618774414,1.0,1.0,0.8022105569956678,-0.1977894430043322,0.00594185170470185,-0.001906544717413583,0.005143710583334614,0.0,1.0,0.6044211139913356,0.1977894430043322,0.0,0.0,0.0,0.0,2.3201436221655254e-05,0.005120509147112959,10718.27218376021,-0.05989594407170362,0.013330306882065601,-0.6565649595261834,
2017-03-31,74.93317413330078,83.30064392089844,1.0,1.0,0.8022105569956678,-0.1977894430043322,0.006000270407024111,-0.0015727559422769044,0.0051245547871481365,0.0,1.0,0.6044211139913356,0.1977894430043322,0.0,0.0,0.0,0.0,2.3201436221655254e-05,0.005101353350926481,10772.949877480978,-0.0551001410957741,0.01970072427208569,-0.479709155850932,
2017-04-03,74.3046646118164,83.75994873046875,1.0,1.0,0.8022105569956678,-0.1977894430043322,-0.008387600402010253,0.005513820637526701,-0.007819197103075931,0.0,1.0,0.6044211139913356,0.1977894430043322,0.0,0.0,0.0,0.0,2.3201436221655254e-05,-0.007842398539297586,10688.464111097896,-0.06251042236902704,0.009922021278896853,-0.6906331415194891,
2017-04-04,74.46528625488281,83.21629333496094,1.0,1.0,0.8022105569956678,-0.1977894430043322,0.002161662984491386,-0.006490636679557182,0.0030178882804188555,0.0,1.0,0.6044211139913356,0.1977894430043322,0.0,0.0,0.0,0.0,2.3201436221655254e-05,0.0029946868441972003,10720.472713956075,-0.059702934664323526,0.013686869622278497,-0.5719865322428824,
2017-04-05,74.54208374023438,83.45060729980469,1.0,1.0,0.8022105569956678,-0.1977894430043322,0.001031319279277243,0.0028157222035904983,0.0002704150871662722,0.0,1.0,0.6044211139913356,0.1977894430043322,0.0,0.0,0.0,0.0,2.3201436221655254e-05,0.000247213650944617,10723.122961155545,-0.059470480393829295,0.014024401149380417,-0.5378975738043321,
2017-04-06,74.49320220947266,83.50684356689453,1.0,1.0,0.8022105569956678,-0.1977894430043322,-0.0006557575038023122,0.0006738868524684971,-0.0006593432975770283,0.0,1.0,0.6044211139913356,0.1977894430043322,0.0,0.0,0.0,0.0,2.3201436221655254e-05,-0.0006825447337986836,10715.803950048532,-0.06011243386441878,0.013202333975782965,-0.5336629882051981,
2017-04-07,73.31998443603516,83.17878723144531,1.0,1.0,0.8022105569956678,-0.1977894430043322,-0.01574932663168982,-0.00392849641342774,-0.011857260972058206,0.0,1.0,0.6044211139913356,0.1977894430043322,0.0,0.0,0.0,0.0,2.3201436221655254e-05,-0.011880462408279861,10588.495244045484,-0.07127873276190222,-0.0017018309998986236,-0.8956505299983724,
2017-04-10,74.3186264038086,83.29126739501953,1.0,1.0,0.8022105569956678,-0.1977894430043322,0.013620324328418976,0.001352269819241858,0.010658903271623216,0.0,1.0,0.6044211139913356,0.1977894430043322,0.0,0.0,0.0,0.0,2.3201436221655254e-05,0.010635701835401561,10701.111322346718,-0.06140113027536154,0.011493386085213553,-0.5189992177255472,
2017-04-11,73.8507308959961,83.28189849853516,1.0,1.0,0.8022105569956678,-0.1977894430043322,-0.006295804032628416,-0.00011248353851955883,-0.005028312403319473,0.0,1.0,0.6044211139913356,0.1977894430043322,0.0,0.0,0.0,0.0,2.3201436221655254e-05,-0.005051513839541129,10647.054510403414,-0.06614247545555318,0.005205414898542093,-0.6645507171074252,
2017-04-12,72.78923034667969,83.12254333496094,1.0,1.0,0.8022105569956678,-0.1977894430043322,-0.014373595717167897,-0.0019134429743700165,-0.011152191406178605,0.0,1.0,0.6044211139913356,0.1977894430043322,0.0,0.0,0.0,0.0,2.3201436221655254e-05,-0.01117539284240026,10528.069493635207,-0.07657870015116874,-0.008800259742232086,-1.0278253055719713,
2017-04-13,72.44703674316406,83.30064392089844,1.0,1.0,0.8022105569956678,-0.1977894430043322,-0.004701157051473559,0.002142626762752009,-0.00419510677075761,0.0,1.0,0.6044211139913356,0.1977894430043322,0.0,0.0,0.0,0.0,2.3201436221655254e-05,-0.004218308206979266,10483.658851686558,-0.08047397579882054,-0.014040213306727,-1.1547222922162614,
2017-04-17,73.23619842529297,84.18170166015625,1.0,1.0,0.8022105569956678,-0.1977894430043322,0.010892946317826668,0.010576841880051369,0.006646448868747386,0.0,1.0,0.6044211139913356,0.1977894430043322,0.0,0.0,0.0,0.0,2.3201436221655254e-05,0.00662324743252573,10553.094718259463,-0.07438372741988974,-0.005800252001872508,-0.8907172290920383,
2017-04-18,72.69844818115234,84.10676574707031,1.0,1.0,0.8022105569956678,-0.1977894430043322,-0.007342683750702572,-0.0008901686662079467,-0.00571431245682497,0.0,1.0,0.6044211139913356,0.1977894430043322,0.0,0.0,0.0,0.0,2.3201436221655254e-05,-0.005737513893046626,10492.546190698813,-0.07969446364344812,-0.012950452202269647,-1.0912709518643497,
2017-04-19,72.94986724853516,84.12548065185547,1.0,1.0,0.8022105569956678,-0.1977894430043322,0.0034583828633634184,0.0002225136660400917,0.0027303403890561184,0.0,1.0,0.6044211139913356,0.1977894430043322,0.0,0.0,0.0,0.0,2.3201436221655254e-05,0.0027071389528344632,10520.950971206066,-0.07720306867746829,-0.009552891663011875,-0.967884834953614,
2017-04-20,73.69707489013672,85.43775177001953,1.0,1.0,0.8022105569956678,-0.1977894430043322,0.010242755330258202,0.015598973200459332,0.005131534237898421,0.0,1.0,0.6044211139913356,0.1977894430043322,0.0,0.0,0.0,0.0,2.3201436221655254e-05,0.005108332801676765,10574.695490157112,-0.07248911484390663,-0.00317856228103941,-0.7491000312608448,
2017-04-21,73.86471557617188,85.43775177001953,1.0,1.0,0.8022105569956678,-0.1977894430043322,0.002274726456715781,0.0,0.0018248095778547484,0.0,1.0,0.6044211139913356,0.1977894430043322,0.0,0.0,0.0,0.0,2.3201436221655254e-05,0.0018016081416330932,10593.746947647469,-0.07081810368175623,-0.0009064190977985387,-0.6664463284839193,
2017-04-24,74.70272827148438,86.0938949584961,1.0,1.0,0.8022105569956678,-0.1977894430043322,0.011345236880365484,0.0076797805991286605,0.007582289269948652,0.0,1.0,0.6044211139913356,0.1977894430043322,0.0,0.0,0.0,0.0,2.3201436221655254e-05,0.007559087833726996,10673.826011313015,-0.06379433611397745,0.008488684715572958,-0.26810520622756195,
2017-04-25,74.97505187988281,86.33756256103516,1.0,1.0,0.8022105569956678,-0.1977894430043322,0.0036454305578874635,0.0028302541388856017,0.002364608488641041,0.0,1.0,0.6044211139913356,0.1977894430043322,0.0,0.0,0.0,0.0,2.3201436221655254e-05,0.002341407052419386,10698.817782812202,-0.061602297570039544,0.011430657645089104,-0.06869702736493137,
2017-04-26,75.1566390991211,86.0657730102539,0.0,1.0,0.8022105569956678,-0.1977894430043322,0.002421968570681443,-0.003147987303777633,0.0025655674115112495,0.0,1.0,0.6044211139913356,0.1977894430043322,0.0,0.0,0.0,0.0,2.3201436221655254e-05,0.0025423659752895943,10726.018093119048,-0.05921654718009173,0.014627075862234884,0.32718087274105284,Exit Long Spread
2017-04-27,76.00164794921875,85.85955810546875,0.0,0.0,0.0,-0.0,0.011243302790365783,-0.0023960152517376043,0.0,0.0,0.0,0.0,0.0,0.8022105569956678,0.1977894430043322,1.0,0.001,0.0,-0.001,10715.292075025929,-0.06015733063291162,0.02639910217534247,1.5222258934058839,
2017-04-28,75.0448989868164,85.5033950805664,0.0,0.0,0.0,-0.0,-0.012588529172967489,-0.004148204728294025,0.0,0.0,0.0,0.0,0.0,0.0,0.0,0.0,0.0,0.0,0.0,10715.292075025929,-0.06015733063291162,0.01475555613780477,0.39553509189696356,
2017-05-01,74.40242004394531,85.54084777832031,0.0,0.0,0.0,-0.0,-0.008561260679209703,0.0004380258552145744,-0.0,0.0,0.0,0.0,0.0,0.0,0.0,0.0,0.0,0.0,0.0,10715.292075025929,-0.06015733063291162,0.006049463300084046,-0.4350859705864766,
2017-05-02,74.66779327392578,86.74063110351562,0.0,0.0,0.0,-0.0,0.0035667284723228665,0.014025852634808489,0.0,0.0,0.0,0.0,0.0,0.0,0.0,0.0,0.0,0.0,0.0,10715.292075025929,-0.06015733063291162,0.006175722008875839,-0.40618837464494234,
2017-05-03,74.96808624267578,86.64692687988281,0.0,0.0,0.0,-0.0,0.004021720149788743,-0.0010802806302041557,0.0,0.0,0.0,0.0,0.0,0.0,0.0,0.0,0.0,0.0,0.0,10715.292075025929,-0.06015733063291162,0.010455869784533167,0.004814098550052913,
2017-05-04,74.75860595703125,86.81564331054688,0.0,0.0,0.0,-0.0,-0.0027942594795128395,0.0019471715470988915,-0.0,0.0,0.0,0.0,0.0,0.0,0.0,0.0,0.0,0.0,0.0,10715.292075025929,-0.06015733063291162,0.0071780799751295365,-0.31301849897873346,
2017-05-05,75.0239486694336,86.31883239746094,0.0,0.0,0.0,-0.0,0.0035493266494943665,-0.005722596690423631,0.0,0.0,0.0,0.0,0.0,0.0,0.0,0.0,0.0,0.0,0.0,10715.292075025929,-0.06015733063291162,0.012136113028845763,0.165912606589844,
2017-05-08,75.08680725097656,86.15950012207031,0.0,0.0,0.0,-0.0,0.0008378468829990382,-0.0018458576299661411,0.0,0.0,0.0,0.0,0.0,0.0,0.0,0.0,0.0,0.0,0.0,10715.292075025929,-0.06015733063291162,0.013429136054818658,0.29159408315560287,
2017-05-09,74.38147735595703,86.2344970703125,0.0,0.0,0.0,-0.0,-0.009393526251049389,0.0008704431680306435,-0.0,0.0,0.0,0.0,0.0,0.0,0.0,0.0,0.0,0.0,0.0,10715.292075025929,-0.06015733063291162,0.0037766931648937074,-0.615453527364771,
2017-05-10,73.39679718017578,86.46884155273438,0.0,0.0,0.0,-0.0,-0.01323824439610155,0.0027175259366423177,-0.0,0.0,0.0,0.0,0.0,0.0,0.0,0.0,0.0,0.0,0.0,10715.292075025929,-0.06015733063291162,-0.010219070161400001,-1.9128412022720418,
2017-05-11,73.31233215332031,86.3282241821289,0.0,0.0,0.0,-0.0,-0.0011507999000027747,-0.0016262201283188116,0.0,0.0,0.0,0.0,0.0,0.0,0.0,0.0,0.0,0.0,0.0,10715.292075025929,-0.06015733063291162,-0.010969252813433972,-1.9459859291548038,
2017-05-12,73.29824829101562,86.91874694824219,0.0,0.0,0.0,-0.0,-0.00019210768353727925,0.0068404368525807335,-0.0,0.0,0.0,0.0,0.0,0.0,0.0,0.0,0.0,0.0,0.0,10715.292075025929,-0.06015733063291162,-0.012842184244479471,-2.0745652057607114,
2017-05-15,74.11481475830078,87.38739776611328,0.0,0.0,0.0,-0.0,0.011140327174575138,0.005391826669454369,0.0,0.0,0.0,0.0,0.0,0.0,0.0,0.0,0.0,0.0,0.0,10715.292075025929,-0.06015733063291162,-0.0030892670339146555,-1.0683815179736564,
2017-05-16,73.5586929321289,87.31241607666016,0.0,0.0,0.0,-0.0,-0.007503517724296693,-0.0008580377877117629,0.0,0.0,0.0,0.0,0.0,0.0,0.0,0.0,0.0,0.0,0.0,10715.292075025929,-0.06015733063291162,-0.010409432999947787,-1.7329227421749565,
2017-05-17,72.41131591796875,86.16214752197266,1.0,0.0,0.0,-0.0,-0.015598115850411043,-0.013174169337812902,0.0,0.0,0.0,0.0,0.0,0.0,0.0,0.0,0.0,0.0,0.0,10715.292075025929,-0.06015733063291162,-0.022860729529915025,-2.781950838090863,Enter Long Spread
2017-05-18,72.6365737915039,86.11520385742188,1.0,1.0,0.8022105569956678,-0.1977894430043322,0.0031108103848069835,-0.0005448293235589263,0.002603286419943065,0.0,1.0,0.6044211139913356,0.1977894430043322,0.8022105569956678,0.1977894430043322,1.0,0.001,2.3201436221655254e-05,0.0015800849837214097,10732.223147129864,-0.05867229934398421,-0.019620380419036687,-2.316305428766508,
2017-05-19,72.79846954345703,86.83822631835938,1.0,1.0,0.8022105569956678,-0.1977894430043322,0.0022288462065658265,0.008395990818701238,0.00012736560932644797,0.0,1.0,0.6044211139913356,0.1977894430043322,0.0,0.0,0.0,0.0,2.3201436221655254e-05,0.00010416417310479271,10733.341060279561,-0.05857424672242473,-0.01945545046841679,-2.180738004005517,
2017-05-22,73.05188751220703,87.61759948730469,1.0,1.0,0.8022105569956678,-0.1977894430043322,0.003481089236343493,0.008975001010361972,0.0010174060844359242,0.0,1.0,0.6044211139913356,0.1977894430043322,0.0,0.0,0.0,0.0,2.3201436221655254e-05,0.000994204648214269,10744.012197852562,-0.057638276862567395,-0.018183371176846652,-1.9632360517054002,
2017-05-23,73.34754180908203,88.13402557373047,1.0,1.0,0.8022105569956678,-0.1977894430043322,0.004047182173432473,0.005894090792804896,0.0020809033306863588,0.0,1.0,0.6044211139913356,0.1977894430043322,0.0,0.0,0.0,0.0,2.3201436221655254e-05,0.0020577018944647036,10766.120172106235,-0.0556991773595964,-0.015593311496931106,-1.6711954477670241,
2017-05-24,73.71355438232422,89.02607727050781,1.0,1.0,0.8022105569956678,-0.1977894430043322,0.00499011369999125,0.01012153581968267,0.002001188958618261,0.0,1.0,0.6044211139913356,0.1977894430043322,0.0,0.0,0.0,0.0,2.3201436221655254e-05,0.0019779875223966056,10787.415423471284,-0.05383136211502482,-0.01309858302708422,-1.4100426610561525,
2017-05-25,74.57232666015625,89.24205017089844,1.0,1.0,0.8022105569956678,-0.1977894430043322,0.011650127103868924,0.0024259509911279675,0.008866027457774006,0.0,1.0,0.6044211139913356,0.1977894430043322,0.0,0.0,0.0,0.0,2.3201436221655254e-05,0.008842826021552352,10882.80666128325,-0.04546455746315892,-0.0021132034102089303,-0.4850901616886056,
2017-05-26,74.5230712890625,88.89462280273438,1.0,1.0,0.8022105569956678,-0.1977894430043322,-0.0006605046845087337,-0.0038930903929116356,0.00024014834952151018,0.0,1.0,0.6044211139913356,0.1977894430043322,0.0,0.0,0.0,0.0,2.3201436221655254e-05,0.00021694691329985494,10885.167652596454,-0.04525747394526536,-0.0018121901081546987,-0.4464017116546154,
2017-05-30,75.1847152709961,88.94156646728516,0.0,1.0,0.8022105569956678,-0.1977894430043322,0.008878377802857607,0.0005280821614481734,0.007017879325875016,0.0,1.0,0.6044211139913356,0.1977894430043322,0.0,0.0,0.0,0.0,2.3201436221655254e-05,0.00699467788965336,10961.305894101242,-0.03857935750795827,0.006896839430458046,0.27363184606170293,Exit Long Spread
2017-05-31,74.59345245361328,89.42047882080078,0.0,0.0,0.0,-0.0,-0.007864135885221613,0.005384572956580236,-0.0,0.0,0.0,0.0,0.0,0.8022105569956678,0.1977894430043322,1.0,0.001,0.0,-0.001,10950.344588207141,-0.03954077815045032,-0.0023224165600828073,-0.4734820238708364,
2017-06-01,75.78306579589844,89.58008575439453,0.0,0.0,0.0,-0.0,0.015947959280004254,0.0017849035891834841,0.0,0.0,0.0,0.0,0.0,0.0,0.0,0.0,0.0,0.0,0.0,10950.344588207141,-0.03954077815045032,0.013060024547819182,0.780004653154079,
2017-06-02,75.79010772705078,90.2843246459961,0.0,0.0,0.0,-0.0,9.292222580836729e-05,0.00786155634559682,0.0,0.0,0.0,0.0,0.0,0.0,0.0,0.0,0.0,0.0,0.0,10950.344588207141,-0.03954077815045032,0.011222211693791007,0.6181048404474577,
2017-06-05,75.98719024658203,90.659912109375,0.0,0.0,0.0,-0.0,0.0026003726006171846,0.0041600517570639095,0.0,0.0,0.0,0.0,0.0,0.0,0.0,0.0,0.0,0.0,0.0,10950.344588207141,-0.03954077815045032,0.012795652991197448,0.7344067307029111,
2017-06-06,75.62114715576172,89.9462890625,0.0,0.0,0.0,-0.0,-0.004817168388941417,-0.00787142884072134,0.0,0.0,0.0,0.0,0.0,0.0,0.0,0.0,0.0,0.0,0.0,10950.344588207141,-0.03954077815045032,0.009915267436545916,0.5031515782366835,
2017-06-07,75.09321594238281,90.22799682617188,0.0,0.0,0.0,-0.0,-0.006981264279044774,0.003131955377015272,-0.0,0.0,0.0,0.0,0.0,0.0,0.0,0.0,0.0,0.0,0.0,10950.344588207141,-0.03954077815045032,0.0021385259532149536,-0.11179554254383814,
2017-06-08,75.14248657226562,90.22799682617188,0.0,0.0,0.0,-0.0,0.0006561262460862416,0.0,0.0,0.0,0.0,0.0,0.0,0.0,0.0,0.0,0.0,0.0,0.0,10950.344588207141,-0.03954077815045032,0.002794437042584308,-0.04317996461811669,
2017-06-09,75.33956909179688,88.79132843017578,0.0,0.0,0.0,-0.0,0.002622784106854237,-0.015922645370969435,0.0,0.0,0.0,0.0,0.0,0.0,0.0,0.0,0.0,0.0,0.0,10950.344588207141,-0.03954077815045032,0.009371194275723749,0.5278912779271115,
2017-06-12,76.68407440185547,87.79597473144531,0.0,0.0,0.0,-0.0,0.01784593841279336,-0.011210032740001208,0.0,0.0,0.0,0.0,0.0,0.0,0.0,0.0,0.0,0.0,0.0,10950.344588207141,-0.03954077815045032,0.02983926735482889,2.194463772591474,
2017-06-13,77.32461547851562,89.27960968017578,0.0,0.0,0.0,-0.0,0.008352987000970646,0.01689866708888066,0.0,0.0,0.0,0.0,0.0,0.0,0.0,0.0,0.0,0.0,0.0,10950.344588207141,-0.03954077815045032,0.03402591369603836,2.45440335182389,
2017-06-14,77.00081634521484,89.50497436523438,0.0,0.0,0.0,-0.0,-0.00418752982212689,0.0025242570601049508,-0.0,0.0,0.0,0.0,0.0,0.0,0.0,0.0,0.0,0.0,0.0,10950.344588207141,-0.03954077815045032,0.029208006289751065,2.0015160795827183,
2017-06-15,77.61322784423828,88.42514038085938,-1.0,0.0,0.0,-0.0,0.007953311771109473,-0.012064513643326946,0.0,0.0,0.0,0.0,0.0,0.0,0.0,0.0,0.0,0.0,0.0,10950.344588207141,-0.03954077815045032,0.04012251866584915,2.6639157731954346,Enter Short Spread
2017-06-16,77.84548950195312,88.42514038085938,-1.0,-1.0,-0.8022105569956678,0.1977894430043322,0.0029925524832050687,0.0,-0.002400657194390707,0.0,1.0,-0.6044211139913356,0.8022105569956678,0.8022105569956678,0.1977894430043322,1.0,0.001,9.410227761279378e-05,-0.003494759472003501,10912.075767735803,-0.042897352113482,0.043110602377009144,2.67987126713915,
2017-06-19,78.04261779785156,89.00727844238281,-1.0,-1.0,-0.8022105569956678,0.1977894430043322,0.0025323020917416006,0.006583399913373977,-0.0007293124695563163,0.0,1.0,-0.6044211139913356,0.8022105569956678,0.0,0.0,0.0,0.0,9.410227761279378e-05,-0.0008234147471691101,10903.090603626422,-0.043685444548306474,0.044021849654766854,2.5448040601647675,
2017-06-20,77.15567779541016,88.62229919433594,-1.0,-1.0,-0.8022105569956678,0.1977894430043322,-0.0113648161410832,-0.00432525580810883,0.008261485549554613,0.0,1.0,-0.6044211139913356,0.8022105569956678,0.0,0.0,0.0,0.0,9.410227761279378e-05,0.008167383271941818,10992.140323434947,-0.035874857045395836,0.03366068912999376,1.779888991898798,
2017-06-21,76.86004638671875,88.7725601196289,-1.0,-1.0,-0.8022105569956678,0.1977894430043322,-0.00383162221029687,0.0016955205028417186,0.0034091238433787124,0.0,1.0,-0.6044211139913356,0.8022105569956678,0.0,0.0,0.0,0.0,9.410227761279378e-05,0.0033150215657659185,11028.57950566106,-0.032678761404404066,0.029404021504304545,1.450486999025953,
2017-06-22,76.77559661865234,88.21853637695312,-1.0,-1.0,-0.8022105569956678,0.1977894430043322,-0.0010987472950705346,-0.0062409346078246,-0.00035296430033207105,0.0,1.0,-0.6044211139913356,0.8022105569956678,0.0,0.0,0.0,0.0,9.410227761279378e-05,-0.00044706657794486485,11023.64899636187,-0.0331112184003165,0.029848228686487843,1.4309201314097941,
2017-06-23,77.62025451660156,89.74909210205078,-1.0,-1.0,-0.8022105569956678,0.1977894430043322,0.011001645511719893,0.01734959327093888,-0.005394069784414993,0.0,1.0,-0.6044211139913356,0.8022105569956678,0.0,0.0,0.0,0.0,9.410227761279378e-05,-0.005488172062027786,10963.149313918437,-0.038417670398579906,0.036548842244937596,1.7665946157128685,
2017-06-26,78.14115905761719,89.41107177734375,-1.0,-1.0,-0.8022105569956678,0.1977894430043322,0.006710935750722236,-0.0037662812713769034,-0.00612851418141231,0.0,1.0,-0.6044211139913356,0.8022105569956678,0.0,0.0,0.0,0.0,9.410227761279378e-05,-0.006222616459025104,10894.9298405549,-0.044401228429465256,0.044167710437315266,2.112513301676664,
2017-06-27,77.19792175292969,89.110595703125,-1.0,-1.0,-0.8022105569956678,0.1977894430043322,-0.01207094079564408,-0.0033606137164646777,0.009018742224003099,0.0,1.0,-0.6044211139913356,0.8022105569956678,0.0,0.0,0.0,0.0,9.410227761279378e-05,0.008924639946390305,10992.163166623035,-0.035872853459985365,0.032853297463247166,1.4243233950338525,
2017-06-28,77.48652648925781,90.35945892333984,-1.0,-1.0,-0.8022105569956678,0.1977894430043322,0.0037385039619564076,0.014014755600731066,-0.00022709664154111795,0.0,1.0,-0.6044211139913356,0.8022105569956678,0.0,0.0,0.0,0.0,9.410227761279378e-05,-0.00032119891915391175,10988.632495694752,-0.036182530057381035,0.033153404720945856,1.3958552110795297,
2017-06-29,77.27532958984375,88.65987396240234,-1.0,-1.0,-0.8022105569956678,0.1977894430043322,-0.0027255951322497918,-0.01880915380845094,-0.001533750865969539,0.0,1.0,-0.6044211139913356,0.8022105569956678,0.0,0.0,0.0,0.0,9.410227761279378e-05,-0.001627853143582333,10970.744615742964,-0.03775148335566669,0.03510575759225709,1.4596896532302879,
2017-06-30,77.84548950195312,88.05892181396484,-1.0,-1.0,-0.8022105569956678,0.1977894430043322,0.007378291560005357,-0.006778175081687432,-0.007259594856021134,0.0,1.0,-0.6044211139913356,0.8022105569956678,0.0,0.0,0.0,0.0,9.410227761279378e-05,-0.007353697133633927,10890.069082508347,-0.04482756751435746,0.044133848766205075,1.8741888752865288,
2017-07-03,77.85960388183594,87.65513610839844,-1.0,-1.0,-0.8022105569956678,0.1977894430043322,0.00018131275136323843,-0.004585403696168888,-0.0010523954462767712,0.0,1.0,-0.6044211139913356,0.8022105569956678,0.0,0.0,0.0,0.0,9.410227761279378e-05,-0.001146497723889565,10877.583643092252,-0.045922670534124244,0.045448301666636715,1.8596164961026762,
2017-07-05,77.7962417602539,88.27487182617188,-1.0,-1.0,-0.8022105569956678,0.1977894430043322,-0.000813799691020689,0.0070701586385883974,0.002051241442495276,0.0,1.0,-0.6044211139913356,0.8022105569956678,0.0,0.0,0.0,0.0,9.410227761279378e-05,0.0019571391648824823,10898.872588059434,-0.04405540842630007,0.04289711741447477,1.6534247067621572,
2017-07-06,76.89521026611328,87.5612564086914,-1.0,-1.0,-0.8022105569956678,0.1977894430043322,-0.011581941154912734,-0.008084015334348993,0.007692222574754224,0.0,1.0,-0.6044211139913356,0.8022105569956678,0.0,0.0,0.0,0.0,9.410227761279378e-05,0.00759812029714143,10981.683533086725,-0.03679202642212143,0.03324884183634724,1.1302206882216554,
2017-07-07,77.68360137939453,88.19036865234375,-1.0,-1.0,-0.8022105569956678,0.1977894430043322,0.01025279871857876,0.007184824309920401,-0.006803820972452393,0.0,1.0,-0.6044211139913356,0.8022105569956678,0.0,0.0,0.0,0.0,9.410227761279378e-05,-0.006897923250065187,10905.93272291899,-0.04343616109771242,0.04168431250927451,1.4970519048313506,
2017-07-10,77.57803344726562,89.28900909423828,-1.0,-1.0,-0.8022105569956678,0.1977894430043322,-0.0013589474516421118,0.012457601194814094,0.003554143993602045,0.0,1.0,-0.6044211139913356,0.8022105569956678,0.0,0.0,0.0,0.0,9.410227761279378e-05,0.003460041715989251,10943.667705092063,-0.04012641031110353,0.0372719247608333,1.2348970957571288,
2017-07-11,77.4794692993164,89.5894775390625,-1.0,-1.0,-0.8022105569956678,0.1977894430043322,-0.0012705161960082645,0.0033651224027706483,0.0016848071909572136,0.0,1.0,-0.6044211139913356,0.8022105569956678,0.0,0.0,0.0,0.0,9.410227761279378e-05,0.0015907049133444197,10961.075851080559,-0.03859953467579602,0.03517230414213124,1.0954503952388914,
2017-07-12,77.83142852783203,90.31251525878906,-1.0,-1.0,-0.8022105569956678,0.1977894430043322,0.004542612794054435,0.008070565200152036,-0.002047859344065837,0.0,1.0,-0.6044211139913356,0.8022105569956678,0.0,0.0,0.0,0.0,9.410227761279378e-05,-0.002141961621678631,10937.597647275237,-0.040658817575584316,0.03772277462540807,1.1804900888778493,
2017-07-13,78.24674987792969,90.087158203125,-1.0,-1.0,-0.8022105569956678,0.1977894430043322,0.00533616506793444,-0.002495302616899786,-0.0047742724660923734,0.0,1.0,-0.6044211139913356,0.8022105569956678,0.0,0.0,0.0,0.0,9.410227761279378e-05,-0.004868374743705167,10884.349323132434,-0.04532924995869558,0.04366075232421407,1.4230920286902595,
2017-07-14,79.12664031982422,91.0167465209961,-1.0,-1.0,-0.8022105569956678,0.1977894430043322,0.011245073351509483,0.010318766141730107,-0.006979973549106804,0.0,1.0,-0.6044211139913356,0.8022105569956678,0.0,0.0,0.0,0.0,9.410227761279378e-05,-0.007074075826719597,10807.35261069609,-0.052082663234039095,0.05231195771890085,1.770867430543718,
2017-07-17,78.85913848876953,90.92283630371094,-1.0,-1.0,-0.8022105569956678,0.1977894430043322,-0.003380679755559779,-0.0010317905316852283,0.0025079397151724233,0.0,1.0,-0.6044211139913356,0.8022105569956678,0.0,0.0,0.0,0.0,9.410227761279378e-05,0.0024138374375596294,10833.439803028696,-0.04979454487884172,0.04918007553797099,1.5553586424854953,
2017-07-18,78.71836853027344,91.62709045410156,-1.0,-1.0,-0.8022105569956678,0.1977894430043322,-0.001785081110366682,0.007745624520975047,0.0029640136715540534,0.0,1.0,-0.6044211139913356,0.8022105569956678,0.0,0.0,0.0,0.0,9.410227761279378e-05,0.0028699113939412596,10864.530815354983,-0.047067539416604465,0.04549103081269834,1.3298351686462466,
2017-07-19,79.53489685058594,92.25621795654295,-1.0,-1.0,-0.8022105569956678,0.1977894430043322,0.01037278002018649,0.006866173522737107,-0.0069630970009540724,0.0,1.0,-0.6044211139913356,0.8022105569956678,0.0,0.0,0.0,0.0,9.410227761279378e-05,-0.007057199278566866,10787.857656322893,-0.05379257368995649,0.05412327507927239,1.6644948995253779,
2017-07-20,79.24629974365234,92.12476348876952,-1.0,-1.0,-0.8022105569956678,0.1977894430043322,-0.0036285595174122554,-0.0014248846385114255,0.0026290416125586127,0.0,1.0,-0.6044211139913356,0.8022105569956678,0.0,0.0,0.0,0.0,9.410227761279378e-05,0.002534939334945819,10815.204221035701,-0.051393995265985426,0.05083968007611572,1.4564431644446114,
2017-07-21,79.31668090820312,93.52384948730467,-1.0,-1.0,-0.8022105569956678,0.1977894430043322,0.0008881318721309928,0.015186861225491288,0.002291332058946203,0.0,1.0,-0.6044211139913356,0.8022105569956678,0.0,0.0,0.0,0.0,9.410227761279378e-05,0.002197229781333409,10838.967709841363,-0.0493096899016322,0.048011161533067837,1.2845572426049516,
2017-07-24,78.94361114501953,94.24687957763672,-1.0,-1.0,-0.8022105569956678,0.1977894430043322,-0.004703547335967895,0.007730970167456608,0.0053023396115466455,0.0,1.0,-0.6044211139913356,0.8022105569956678,0.0,0.0,0.0,0.0,9.410227761279378e-05,0.005208237333933852,10895.419626129064,-0.04435826913556862,0.04139773461755425,0.9697301075487493,
2017-07-25,79.69680786132812,93.89008331298828,-1.0,-1.0,-0.8022105569956678,0.1977894430043322,0.009540945814157986,-0.0037857620989406593,-0.008402631232737549,0.0,1.0,-0.6044211139913356,0.8022105569956678,0.0,0.0,0.0,0.0,9.410227761279378e-05,-0.008496733510350343,10802.844149082404,-0.05247810225409355,0.05182862489556306,1.3842181526304596,
2017-07-26,79.04216003417969,94.69762420654295,-1.0,-1.0,-0.8022105569956678,0.1977894430043322,-0.008214228959929182,0.00860091785053263,0.008290711940217601,0.0,1.0,-0.6044211139913356,0.8022105569956678,0.0,0.0,0.0,0.0,9.410227761279378e-05,0.008196609662604807,10891.390845818387,-0.04471163511149989,0.041468937082602464,0.9011236846834638,
2017-07-27,75.87457275390625,93.49568939208984,0.0,-1.0,-0.8022105569956678,0.1977894430043322,-0.04007465482855854,-0.012692343915952864,0.02963789953787133,0.0,1.0,-0.6044211139913356,0.8022105569956678,0.0,0.0,0.0,0.0,9.410227761279378e-05,0.029543797260258537,11213.163888849482,-0.0164887893341501,0.003718570740180338,-0.7442922204293718,Exit Short Spread
2017-07-28,77.19087219238281,93.10132598876952,0.0,0.0,0.0,-0.0,0.017348360467819512,-0.004217984870580449,0.0,0.0,0.0,0.0,0.0,0.8022105569956678,0.1977894430043322,1.0,0.001,0.0,-0.001,11201.950724960632,-0.017472300544815855,0.02196033342132342,0.04284407791484554,
2017-07-31,77.63433837890625,93.48628997802734,0.0,0.0,0.0,-0.0,0.005745059926492102,0.004134892657750688,0.0,0.0,0.0,0.0,0.0,0.0,0.0,0.0,0.0,0.0,0.0,11201.950724960632,-0.017472300544815855,0.026671574736271797,0.23505098503041486,
2017-08-01,77.54988098144531,94.7164077758789,0.0,0.0,0.0,-0.0,-0.0010878871286147396,0.013158269497491881,-0.0,0.0,0.0,0.0,0.0,0.0,0.0,0.0,0.0,0.0,0.0,11201.950724960632,-0.017472300544815855,0.022360010329132818,0.038821845062731564,
2017-08-02,78.31713104248047,95.10138702392578,0.0,0.0,0.0,-0.0,0.009893632992405532,0.004064546545703207,0.0,0.0,0.0,0.0,0.0,0.0,0.0,0.0,0.0,0.0,0.0,11201.950724960632,-0.017472300544815855,0.03120491648352819,0.4135427524005445,
2017-08-03,78.50017547607422,94.45344543457033,0.0,0.0,0.0,-0.0,0.0023372208756531343,-0.006813166554473504,0.0,0.0,0.0,0.0,0.0,0.0,0.0,0.0,0.0,0.0,0.0,11201.950724960632,-0.017472300544815855,0.035224982731641985,0.5682404978045085,
2017-08-04,78.87322235107422,94.73516082763672,0.0,0.0,0.0,-0.0,0.004752178867596379,0.0029825846137241374,0.0,0.0,0.0,0.0,0.0,0.0,0.0,0.0,0.0,0.0,0.0,11201.950724960632,-0.017472300544815855,0.03923162741559394,0.7175325346653039,
2017-08-07,78.73949432373047,95.29857635498048,0.0,0.0,0.0,-0.0,-0.0016954807139551997,0.005947269444856351,-0.0,0.0,0.0,0.0,0.0,0.0,0.0,0.0,0.0,0.0,0.0,11201.950724960632,-0.017472300544815855,0.03607271874711415,0.5514189831668617,
2017-08-08,78.76061248779297,95.10138702392578,0.0,0.0,0.0,-0.0,0.0002682029424228016,-0.00206917394358741,0.0,0.0,0.0,0.0,0.0,0.0,0.0,0.0,0.0,0.0,0.0,11201.950724960632,-0.017472300544815855,0.036851580532872186,0.5610549947362432,
2017-08-09,79.12664031982422,94.810302734375,0.0,0.0,0.0,-0.0,0.004647346185734369,-0.003060778592824831,0.0,0.0,0.0,0.0,0.0,0.0,0.0,0.0,0.0,0.0,0.0,11201.950724960632,-0.017472300544815855,0.04224397028493421,0.7827444534193106,
2017-08-10,78.65858459472656,93.42057800292967,0.0,0.0,0.0,-0.0,-0.005915273581764691,-0.014657950574621048,0.0,0.0,0.0,0.0,0.0,0.0,0.0,0.0,0.0,0.0,0.0,11201.950724960632,-0.017472300544815855,0.03995187944955525,0.6498601095675878,
2017-08-11,79.02735900878906,93.9839859008789,0.0,0.0,0.0,-0.0,0.004688292014947137,0.006030875744865938,0.0,0.0,0.0,0.0,0.0,0.0,0.0,0.0,0.0,0.0,0.0,11201.950724960632,-0.017472300544815855,0.04314673577879269,0.7832864922622457,
2017-08-14,80.6229476928711,95.6553726196289,0.0,0.0,0.0,-0.0,0.020190332868197824,0.017783739460813575,0.0,0.0,0.0,0.0,0.0,0.0,0.0,0.0,0.0,0.0,0.0,11201.950724960632,-0.017472300544815855,0.058789799184174596,1.540686023292238,
2017-08-15,80.97042083740234,96.36903381347656,0.0,0.0,0.0,-0.0,0.004309854135511548,0.007460753894980021,0.0,0.0,0.0,0.0,0.0,0.0,0.0,0.0,0.0,0.0,0.0,11201.950724960632,-0.017472300544815855,0.06125773047360661,1.6485636265345578,
2017-08-16,81.38172149658203,97.17316436767578,0.0,0.0,0.0,-0.0,0.005079640872876601,0.008344283660201679,0.0,0.0,0.0,0.0,0.0,0.0,0.0,0.0,0.0,0.0,0.0,11201.950724960632,-0.017472300544815855,0.06427572029469797,1.7893547349958934,
2017-08-17,80.076904296875,96.0821533203125,0.0,0.0,0.0,-0.0,-0.016033295630909383,-0.011227493253540666,0.0,0.0,0.0,0.0,0.0,0.0,0.0,0.0,0.0,0.0,0.0,11201.950724960632,-0.017472300544815855,0.05089635851512164,1.0504542537175603,
2017-08-18,80.37474060058594,96.41133880615234,0.0,0.0,0.0,-0.0,0.0037193783441820116,0.0034260835593726835,0.0,0.0,0.0,0.0,0.0,0.0,0.0,0.0,0.0,0.0,0.0,11201.950724960632,-0.017472300544815855,0.053765560996701156,1.208911991405212,
2017-08-21,80.72223663330078,97.07908630371094,0.0,0.0,0.0,-0.0,0.0043234482639475935,0.006926026604621605,0.0,0.0,0.0,0.0,0.0,0.0,0.0,0.0,0.0,0.0,0.0,11201.950724960632,-0.017472300544815855,0.05637792635218797,1.341157024693309,
2017-08-22,81.26828002929688,97.87855529785156,0.0,0.0,0.0,-0.0,0.006764473071733779,0.00823523401981241,0.0,0.0,0.0,0.0,0.0,0.0,0.0,0.0,0.0,0.0,0.0,11201.950724960632,-0.017472300544815855,0.06109749557044797,1.6035980618970485,
2017-08-23,80.52364349365234,97.04147338867188,0.0,0.0,0.0,-0.0,-0.00916269589286367,-0.008552250353842994,0.0,0.0,0.0,0.0,0.0,0.0,0.0,0.0,0.0,0.0,0.0,11201.950724960632,-0.017472300544815855,0.05401023693813878,1.126611718795746,
2017-08-24,80.3818359375,97.07908630371094,0.0,0.0,0.0,-0.0,-0.001761067308926778,0.00038759628976792193,-0.0,0.0,0.0,0.0,0.0,0.0,0.0,0.0,0.0,0.0,0.0,11201.950724960632,-0.017472300544815855,0.05215207163681845,0.9947327434720985,
2017-08-25,80.41728973388672,97.2013702392578,0.0,0.0,0.0,-0.0,0.00044106726318471345,0.0012596321226623353,0.0,0.0,0.0,0.0,0.0,0.0,0.0,0.0,0.0,0.0,0.0,11201.950724960632,-0.017472300544815855,0.05228266783972102,0.9741890094318,
2017-08-28,80.69386291503906,97.60577392578124,0.0,0.0,0.0,-0.0,0.0034392253465338474,0.004160473103702156,0.0,0.0,0.0,0.0,0.0,0.0,0.0,0.0,0.0,0.0,0.0,11201.950724960632,-0.017472300544815855,0.05469233293681319,1.1102214112941142,
2017-08-29,81.47392272949219,97.5963897705078,0.0,0.0,0.0,-0.0,0.009666903854564923,-9.614344414266007e-05,0.0,0.0,0.0,0.0,0.0,0.0,0.0,0.0,0.0,0.0,0.0,11201.950724960632,-0.017472300544815855,0.06433651706751009,1.7273746853955472,
2017-08-30,81.5306396484375,97.55876922607422,0.0,0.0,0.0,-0.0,0.000696135856053326,-0.0003854706564663246,0.0,0.0,0.0,0.0,0.0,0.0,0.0,0.0,0.0,0.0,0.0,11201.950724960632,-0.017472300544815855,0.06512746897474675,1.7385365740639898,
2017-08-31,81.09806060791016,97.36125183105467,0.0,0.0,0.0,-0.0,-0.00530572361988868,-0.0020245990861348373,0.0,0.0,0.0,0.0,0.0,0.0,0.0,0.0,0.0,0.0,0.0,11201.950724960632,-0.017472300544815855,0.06030730210197466,1.3971601303338184,
2017-09-01,81.11933135986328,97.71865844726562,0.0,0.0,0.0,-0.0,0.00026228434803110545,0.0036709328350783554,0.0,0.0,0.0,0.0,0.0,0.0,0.0,0.0,0.0,0.0,0.0,11201.950724960632,-0.017472300544815855,0.059666120502012365,1.3578879372983172,
2017-09-05,80.78606414794922,96.881591796875,0.0,0.0,0.0,-0.0,-0.004108357481838909,-0.008566088234237768,0.0,0.0,0.0,0.0,0.0,0.0,0.0,0.0,0.0,0.0,0.0,11201.950724960632,-0.017472300544815855,0.057670414745559784,1.1941667171567631,
2017-09-06,80.70803833007812,97.04147338867188,0.0,0.0,0.0,-0.0,-0.000965832643216813,0.0016502783328755655,-0.0,0.0,0.0,0.0,0.0,0.0,0.0,0.0,0.0,0.0,0.0,11201.950724960632,-0.017472300544815855,0.056297565516917114,1.045079836166261,
2017-09-07,81.31790161132812,98.33941650390624,0.0,0.0,0.0,-0.0,0.00755641313887212,0.01337513817453928,0.0,0.0,0.0,0.0,0.0,0.0,0.0,0.0,0.0,0.0,0.0,11201.950724960632,-0.017472300544815855,0.060549716793116604,1.34776996142558,
2017-09-08,81.5873794555664,98.21710205078124,0.0,0.0,0.0,-0.0,0.003313880940094771,-0.0012437988496722951,0.0,0.0,0.0,0.0,0.0,0.0,0.0,0.0,0.0,0.0,0.0,11201.950724960632,-0.017472300544815855,0.0641649752790876,1.5831695083960518,
2017-09-11,82.40289306640625,99.8348159790039,0.0,0.0,0.0,-0.0,0.0099955853010818,0.016470796780241548,0.0,0.0,0.0,0.0,0.0,0.0,0.0,0.0,0.0,0.0,0.0,11201.950724960632,-0.017472300544815855,0.07008305014841287,1.9600666371052617,
2017-09-12,83.07659912109375,99.89118957519533,0.0,0.0,0.0,-0.0,0.008175757301926101,0.0005646687043854293,0.0,0.0,0.0,0.0,0.0,0.0,0.0,0.0,0.0,0.0,0.0,11201.950724960632,-0.017472300544815855,0.0780863841059245,2.416746963197673,
2017-09-13,83.01276397705078,99.5338363647461,0.0,0.0,0.0,-0.0,-0.0007683889894183338,-0.0035774247155223593,0.0,0.0,0.0,0.0,0.0,0.0,0.0,0.0,0.0,0.0,0.0,11201.950724960632,-0.017472300544815855,0.07820131505184258,2.2760327627898684,
2017-09-14,83.23967742919922,99.76895141601562,0.0,0.0,0.0,-0.0,0.0027334766519901965,0.002362162053193062,0.0,0.0,0.0,0.0,0.0,0.0,0.0,0.0,0.0,0.0,0.0,11201.950724960632,-0.017472300544815855,0.08034934523663328,2.2828712856830324,
2017-09-15,83.60845947265625,99.0353546142578,-1.0,0.0,0.0,-0.0,0.004430363678075366,-0.007352956920423925,0.0,0.0,0.0,0.0,0.0,0.0,0.0,0.0,0.0,0.0,0.0,11201.950724960632,-0.017472300544815855,0.08658953386524781,2.5310466931039906,Enter Short Spread
2017-09-18,83.38861083984375,98.59332275390624,-1.0,-1.0,-0.8022105569956678,0.1977894430043322,-0.002629502256101257,-0.004463374338116721,0.0012266061452324182,0.0,1.0,-0.6044211139913356,0.8022105569956678,0.8022105569956678,0.1977894430043322,1.0,0.001,9.410227761279378e-05,0.00013250386761962438,11203.435026756573,-0.017342111824594775,0.08505950122377937,2.2902668415003027,
2017-09-19,82.94893646240234,99.13880920410156,-1.0,-1.0,-0.8022105569956678,0.1977894430043322,-0.0052725950584048276,0.005532691616012331,0.0053240394116613595,0.0,1.0,-0.6044211139913356,0.8022105569956678,0.0,0.0,0.0,0.0,9.410227761279378e-05,0.005229937134048566,11262.028287631909,-0.012202872845160417,0.0784126010645152,1.7830121417087688,
2017-09-20,83.55879211425781,98.7249984741211,-1.0,-1.0,-0.8022105569956678,0.1977894430043322,0.007352181689898929,-0.004174053867527672,-0.006723581558115547,0.0,1.0,-0.6044211139913356,0.8022105569956678,0.0,0.0,0.0,0.0,9.410227761279378e-05,-0.00681768383572834,11185.247339417805,-0.018937361351942794,0.08676917707569642,2.1687996935873515,
2017-09-21,83.15458679199219,99.04476928710938,-1.0,-1.0,-0.8022105569956678,0.1977894430043322,-0.004837376319572928,0.003239005499423797,0.004521235445341254,0.0,1.0,-0.6044211139913356,0.8022105569956678,0.0,0.0,0.0,0.0,9.410227761279378e-05,0.00442713316772846,11234.765918903388,-0.014594066404764905,0.08112275862917162,1.7530050461681819,
2017-09-22,83.44535064697266,99.27989959716795,-1.0,-1.0,-0.8022105569956678,0.1977894430043322,0.0034966664642059886,0.002373980087499561,-0.0023355145526688446,0.0,1.0,-0.6044211139913356,0.8022105569956678,0.0,0.0,0.0,0.0,9.410227761279378e-05,-0.0024296168302816385,11207.469742542544,-0.01698822524568744,0.08402870173691102,1.8370590943421266,
2017-09-25,83.83536529541016,96.8909912109375,-1.0,-1.0,-0.8022105569956678,0.1977894430043322,0.00467389309786137,-0.024062356991934375,-0.008508726572179676,0.0,1.0,-0.6044211139913356,0.8022105569956678,0.0,0.0,0.0,0.0,9.410227761279378e-05,-0.00860282884979247,11111.053798508223,-0.025444907301229502,0.09469695664456546,2.302409298188358,
2017-09-26,84.3317642211914,96.81575775146484,-1.0,-1.0,-0.8022105569956678,0.1977894430043322,0.005921116035364049,-0.000776475279408273,-0.004903560405786169,0.0,1.0,-0.6044211139913356,0.8022105569956678,0.0,0.0,0.0,0.0,9.410227761279378e-05,-0.004997662683398962,11055.52449956618,-0.030315404920926547,0.10079213039644186,2.456686832787538,
2017-09-27,84.11903381347656,97.70923614501952,-1.0,-1.0,-0.8022105569956678,0.1977894430043322,-0.002522541887738483,0.009228646392959172,0.003848938562554926,0.0,1.0,-0.6044211139913356,0.8022105569956678,0.0,0.0,0.0,0.0,9.410227761279378e-05,0.003754836284942132,11097.036184106219,-0.026674398018374124,0.09600146296359369,2.0832979742389197,
2017-09-28,84.82111358642578,98.35818481445312,-1.0,-1.0,-0.8022105569956678,0.1977894430043322,0.008346265299551403,0.006641630771429208,-0.0053818176838653295,0.0,1.0,-0.6044211139913356,0.8022105569956678,0.0,0.0,0.0,0.0,9.410227761279378e-05,-0.005475919961478123,11036.269702152427,-0.03200425111128291,0.10268097402041287,2.2722081055309236,
2017-09-29,85.16148376464844,98.97891998291016,-1.0,-1.0,-0.8022105569956678,0.1977894430043322,0.004012800160609231,0.00631096608409365,-0.001970868185362522,0.0,1.0,-0.6044211139913356,0.8022105569956678,0.0,0.0,0.0,0.0,9.410227761279378e-05,-0.002064970462975316,11013.480131196055,-0.034003133741023706,0.10513463021494718,2.2536479990372142,
2017-10-02,85.65787506103516,99.1670379638672,-1.0,-1.0,-0.8022105569956678,0.1977894430043322,0.005828823952369611,0.00190058631665746,-0.0043000282005067805,0.0,1.0,-0.6044211139913356,0.8022105569956678,0.0,0.0,0.0,0.0,9.410227761279378e-05,-0.004394130478119574,10965.0854624814,-0.038247850012820384,0.11047837698925167,2.3439553944883063,
2017-10-03,84.89199829101562,99.3080825805664,-1.0,-1.0,-0.8022105569956678,0.1977894430043322,-0.008941113347416207,0.0014222933304772756,0.007453970124216032,0.0,1.0,-0.6044211139913356,0.8022105569956678,0.0,0.0,0.0,0.0,9.410227761279378e-05,0.007359867846603239,11045.787042411974,-0.03116948128772823,0.10114662688675424,1.8369435392161177,
2017-10-04,84.38850402832031,99.04476928710938,-1.0,-1.0,-0.8022105569956678,0.1977894430043322,-0.005930997889451284,-0.002651478979502131,0.004233474569943423,0.0,1.0,-0.6044211139913356,0.8022105569956678,0.0,0.0,0.0,0.0,9.410227761279378e-05,0.00413937229233063,11091.509667242319,-0.027159131082606258,0.09585257577892214,1.543147496370366,
2017-10-05,83.8211898803711,99.9194107055664,-1.0,-1.0,-0.8022105569956678,0.1977894430043322,-0.006722647290427486,0.008830768396477673,0.00713961138977883,0.0,1.0,-0.6044211139913356,0.8022105569956678,0.0,0.0,0.0,0.0,9.410227761279378e-05,0.007045509112166036,11169.65499967055,-0.020304971875961364,0.08693951227183949,1.11789896691482,
2017-10-06,83.46662139892578,100.38029479980467,-1.0,-1.0,-0.8022105569956678,0.1977894430043322,-0.004230057840402313,0.004612558170467684,0.004305712367634915,0.0,1.0,-0.6044211139913356,0.8022105569956678,0.0,0.0,0.0,0.0,9.410227761279378e-05,0.004211610090022122,11216.697231369228,-0.0161788784103698,0.08156584551913926,0.8567064762432143,
2017-10-09,83.07659912109375,100.64363861083984,-1.0,-1.0,-0.8022105569956678,0.1977894430043322,-0.004672793402861419,0.0026234612237430177,0.004267457132622736,0.0,1.0,-0.6044211139913356,0.8022105569956678,0.0,0.0,0.0,0.0,9.410227761279378e-05,0.004173354855009943,11263.50848921694,-0.012073043756122392,0.07623611861889978,0.6079928856588279,
2017-10-10,83.76447296142578,100.9258041381836,-1.0,-1.0,-0.8022105569956678,0.1977894430043322,0.008279995180464406,0.0028036101559762994,-0.006087775054489954,0.0,1.0,-0.6044211139913356,0.8022105569956678,0.0,0.0,0.0,0.0,9.410227761279378e-05,-0.006181877332102748,11193.878861407502,-0.018180287012699692,0.08379174431023673,0.9052577803025722,
2017-10-11,84.3317642211914,101.98854064941406,-1.0,-1.0,-0.8022105569956678,0.1977894430043322,0.006772456624025702,0.010529879056256242,-0.0033502372871487534,0.0,1.0,-0.6044211139913356,0.8022105569956678,0.0,0.0,0.0,0.0,9.410227761279378e-05,-0.0034443395647615472,11155.323341562009,-0.021562007495604663,0.08795874466930576,1.0489215541269645,
2017-10-12,84.79273223876953,101.67818450927734,-1.0,-1.0,-0.8022105569956678,0.1977894430043322,0.005466125626982787,-0.003043049132388065,-0.004986866676760008,0.0,1.0,-0.6044211139913356,0.8022105569956678,0.0,0.0,0.0,0.0,9.410227761279378e-05,-0.005080968954372801,11098.643489987542,-0.026533420559298304,0.09416140970955644,1.269683872463644,
2017-10-13,83.93466186523438,102.19544982910156,-1.0,-1.0,-0.8022105569956678,0.1977894430043322,-0.010119621704356652,0.0050872792656622146,0.009124277496400216,0.0,1.0,-0.6044211139913356,0.8022105569956678,0.0,0.0,0.0,0.0,9.410227761279378e-05,0.009030175218787422,11198.866185392984,-0.01774284677731508,0.08273911945345902,0.7630295550241764,
2017-10-16,83.92047119140625,101.85690307617188,-1.0,-1.0,-0.8022105569956678,0.1977894430043322,-0.0001690681002671779,-0.0033127380279242002,-0.0005195963944768653,0.0,1.0,-0.6044211139913356,0.8022105569956678,0.0,0.0,0.0,0.0,9.410227761279378e-05,-0.0006136986720896591,11191.993456086098,-0.01834565668789845,0.08338816678899352,0.7649155489798661,
2017-10-17,83.45243072509766,101.14210510253906,-1.0,-1.0,-0.8022105569956678,0.1977894430043322,-0.0055771906385163605,-0.007017668435277957,0.0030860604775925227,0.0,1.0,-0.6044211139913356,0.8022105569956678,0.0,0.0,0.0,0.0,9.410227761279378e-05,0.002991958199979729,11225.479432681153,-0.01540858792588018,0.07953171015743621,0.5790931189410787,
2017-10-18,83.7857437133789,101.38661193847656,-1.0,-1.0,-0.8022105569956678,0.1977894430043322,0.00399404769142353,0.002417458443144005,-0.0027259194642485583,0.0,1.0,-0.6044211139913356,0.8022105569956678,0.0,0.0,0.0,0.0,9.410227761279378e-05,-0.002820021741861352,11193.823336618176,-0.018185157114779193,0.08292248437494054,0.6999252501172308,
2017-10-19,84.68634796142578,100.65300750732422,-1.0,-1.0,-0.8022105569956678,0.1977894430043322,0.010748896030901678,-0.007235713050530834,-0.01005402552604183,0.0,1.0,-0.6044211139913356,0.8022105569956678,0.0,0.0,0.0,0.0,9.410227761279378e-05,-0.010148127803654624,11080.226986786643,-0.028148739619903385,0.09540451227529068,1.1868179782277706,
2017-10-20,84.92748260498047,101.15149688720705,-1.0,-1.0,-0.8022105569956678,0.1977894430043322,0.0028473850786967514,0.004952553254273573,-0.0013046396203504115,0.0,1.0,-0.6044211139913356,0.8022105569956678,0.0,0.0,0.0,0.0,9.410227761279378e-05,-0.0013987418979632053,11064.728609061283,-0.029508108696385316,0.09702978566047338,1.252656814940776,
2017-10-23,84.87074279785156,101.13267517089844,-1.0,-1.0,-0.8022105569956678,0.1977894430043322,-0.0006680971269668046,-0.00018607452077146203,0.0004991509925305602,0.0,1.0,-0.6044211139913356,0.8022105569956678,0.0,0.0,0.0,0.0,9.410227761279378e-05,0.0004050487149177664,11069.210363165299,-0.029115012202974522,0.09640734722671906,1.2004542592927263,
2017-10-24,84.88489532470703,101.9603271484375,-1.0,-1.0,-0.8022105569956678,0.1977894430043322,0.0001667538940854918,0.008183823637023968,0.00148490218455714,0.0,1.0,-0.6044211139913356,0.8022105569956678,0.0,0.0,0.0,0.0,9.410227761279378e-05,0.001390799906944346,11084.605419908336,-0.027764705452292815,0.09456453205870186,1.090882653959579,
2017-10-25,84.06939697265625,102.97608184814452,-1.0,-1.0,-0.8022105569956678,0.1977894430043322,-0.00960710794224684,0.009962254222941391,0.009677352127290475,0.0,1.0,-0.6044211139913356,0.8022105569956678,0.0,0.0,0.0,0.0,9.410227761279378e-05,0.009583249849677681,11190.831963132408,-0.018447531711967224,0.08246688357816079,0.5007797501696325,
2017-10-26,84.62252044677734,103.26765441894533,-1.0,-1.0,-0.8022105569956678,0.1977894430043322,0.006579367689541149,0.0028314591657390142,-0.004718005487625074,0.0,1.0,-0.6044211139913356,0.8022105569956678,0.0,0.0,0.0,0.0,9.410227761279378e-05,-0.004812107765237867,11136.980473743146,-0.023170867966604503,0.08832757628020627,0.7629697053657591,
2017-10-27,85.62953186035156,103.1829833984375,-1.0,-1.0,-0.8022105569956678,0.1977894430043322,0.011900040417817337,-0.0008199181145756018,-0.009708509199039275,0.0,1.0,-0.6044211139913356,0.8022105569956678,0.0,0.0,0.0,0.0,9.410227761279378e-05,-0.00980261147665207,11027.80898113598,-0.032746344427003304,0.10035960623614026,1.3352942157236876,
2017-10-30,83.74320220947266,103.4933624267578,-1.0,-1.0,-0.8022105569956678,0.1977894430043322,-0.02202896138630317,0.003008044719174041,0.01826682487327988,0.0,1.0,-0.6044211139913356,0.8022105569956678,0.0,0.0,0.0,0.0,9.410227761279378e-05,0.018172722595667087,11228.21429458817,-0.01516871206463033,0.07734384716997056,0.1296793611106663,
2017-10-31,83.34605407714844,103.43694305419922,0.0,-1.0,-0.8022105569956678,0.1977894430043322,-0.004742452185322543,-0.000545149671782208,0.003696620359177122,0.0,1.0,-0.6044211139913356,0.8022105569956678,0.0,0.0,0.0,0.0,9.410227761279378e-05,0.003602518081564328,11268.664139608105,-0.011620839542552663,0.07272456018956808,-0.15062508294275084,Exit Short Spread
2017-11-01,83.29644012451172,104.46206665039062,0.0,0.0,0.0,-0.0,-0.0005952765633127077,0.009910613808977953,-0.0,0.0,0.0,0.0,0.0,0.8022105569956678,0.1977894430043322,1.0,0.001,0.0,-0.001,11257.395475468496,-0.012609218703010239,0.06969761877675662,-0.3588489414190046,
2017-11-02,82.87802124023438,104.37744140625,0.0,0.0,0.0,-0.0,-0.005023250497282805,-0.000810105015668916,0.0,0.0,0.0,0.0,0.0,0.0,0.0,0.0,0.0,0.0,0.0,11257.395475468496,-0.012609218703010239,0.0648615261588601,-0.6727197315779531,
2017-11-03,81.87813568115234,104.73482513427734,0.0,0.0,0.0,-0.0,-0.012064544304016489,0.003423955628844677,-0.0,0.0,0.0,0.0,0.0,0.0,0.0,0.0,0.0,0.0,0.0,11257.395475468496,-0.012609218703010239,0.05188086133160419,-1.470980539835383,
2017-11-06,80.78606414794922,105.2614974975586,0.0,0.0,0.0,-0.0,-0.013337767453033389,0.005028626940523528,-0.0,0.0,0.0,0.0,0.0,0.0,0.0,0.0,0.0,0.0,0.0,11257.395475468496,-0.012609218703010239,0.03721661813089572,-2.3081742084767973,
2017-11-07,80.80730438232422,105.42139434814452,0.0,0.0,0.0,-0.0,0.0002629195344396873,0.0015190440416223971,0.0,0.0,0.0,0.0,0.0,0.0,0.0,0.0,0.0,0.0,0.0,11257.395475468496,-0.012609218703010239,0.037105258585773626,-2.2163823486604586,
2017-11-08,80.22579956054688,105.7787857055664,1.0,0.0,0.0,-0.0,-0.007196191312434652,0.003390121707569582,-0.0,0.0,0.0,0.0,0.0,0.0,0.0,0.0,0.0,0.0,0.0,11257.395475468496,-0.012609218703010239,0.02904861019492122,-2.513037488698724,Enter Long Spread
2017-11-09,79.81450653076172,105.46842193603516,1.0,1.0,0.8022105569956678,-0.1977894430043322,-0.005126692810019984,-0.002934083308491986,-0.0035323563913568787,0.0,1.0,0.6044211139913356,0.1977894430043322,0.8022105569956678,0.1977894430043322,1.0,0.001,2.3201436221655254e-05,-0.004555557827578534,11206.111759392079,-0.017107334505626515,0.02463320860967988,-2.5676139862940603,
2017-11-10,80.8932876586914,105.22389221191406,1.0,1.0,0.8022105569956678,-0.1977894430043322,0.013516103460639917,-0.002318511262730305,0.01130133793682572,0.0,1.0,0.6044211139913356,0.1977894430043322,0.0,0.0,0.0,0.0,2.3201436221655254e-05,0.011278136500604065,11332.495817455529,-0.006022136858738314,0.03863108981376295,-1.8141089380096844,
2017-11-13,82.0220718383789,104.77243041992188,1.0,1.0,0.8022105569956678,-0.1977894430043322,0.013953990650622528,-0.004290487478670446,0.012042651740771527,0.0,1.0,0.6044211139913356,0.1977894430043322,0.0,0.0,0.0,0.0,2.3201436221655254e-05,0.012019450304549872,11468.706187759954,0.0,0.053548739067303064,-1.064442007573054,
2017-11-14,81.4933853149414,105.31794738769533,1.0,1.0,0.8022105569956678,-0.1977894430043322,-0.006445661656526491,0.0052066842926812296,-0.006200605013836561,0.0,1.0,0.6044211139913356,0.1977894430043322,0.0,0.0,0.0,0.0,2.3201436221655254e-05,-0.0062238064500582165,11397.327180214752,-0.006223806450058045,0.04580180811945622,-1.429726256829255,
2017-11-15,80.65038299560547,103.69087982177734,1.0,1.0,0.8022105569956678,-0.1977894430043322,-0.010344426312369426,-0.01544910061652116,-0.005242738987986914,0.0,1.0,0.6044211139913356,0.1977894430043322,0.0,0.0,0.0,0.0,2.3201436221655254e-05,-0.0052659404242085695,11337.309534288526,-0.011456972680289002,0.039242297322219066,-1.7009646535936556,
2017-11-16,81.22904205322266,104.60005950927734,1.0,1.0,0.8022105569956678,-0.1977894430043322,0.0071749077453076016,0.008768174106176918,0.004021534466130001,0.0,1.0,0.6044211139913356,0.1977894430043322,0.0,0.0,0.0,0.0,2.3201436221655254e-05,0.0039983330299083455,11382.639873469767,-0.007504448442671063,0.04423916879294021,-1.436164031600846,
2017-11-17,80.68608856201172,103.46945190429688,1.0,1.0,0.8022105569956678,-0.1977894430043322,-0.006684228663624836,-0.010808861967045003,-0.003224280011360346,0.0,1.0,0.6044211139913356,0.1977894430043322,0.0,0.0,0.0,0.0,2.3201436221655254e-05,-0.0032474814475820014,11345.674961656166,-0.010727559333161163,0.04021199259143926,-1.6002421946060594,
2017-11-20,80.87184143066406,103.59193420410156,1.0,1.0,0.8022105569956678,-0.1977894430043322,0.0023021672256373638,0.0011837532484271218,0.0016126889567147514,0.0,1.0,0.6044211139913356,0.1977894430043322,0.0,0.0,0.0,0.0,2.3201436221655254e-05,0.0015894875204930962,11363.708770419293,-0.009155123134353182,0.04221982559905069,-1.4818820331782203,
2017-11-21,81.38623046875,105.00520324707033,1.0,1.0,0.8022105569956678,-0.1977894430043322,0.006360545635985648,0.013642655230128975,0.0024041236783730615,0.0,1.0,0.6044211139913356,0.1977894430043322,0.0,0.0,0.0,0.0,2.3201436221655254e-05,0.0023809222421514063,11390.764877384114,-0.006795998528502101,0.045219294481062766,-1.3222281401199254,
2017-11-22,81.27906036376953,104.41162872314452,1.0,1.0,0.8022105569956678,-0.1977894430043322,-0.001316808806148373,-0.005652810580530687,6.170833029507379e-05,0.0,1.0,0.6044211139913356,0.1977894430043322,0.0,0.0,0.0,0.0,2.3201436221655254e-05,3.850689407341853e-05,11391.203500360663,-0.006757753327224059,0.045299303745399255,-1.2872365756477169,
2017-11-24,80.82899475097656,105.4951171875,1.0,1.0,0.8022105569956678,-0.1977894430043322,-0.005537288580584887,0.010377086131166724,-0.0064945494423682,0.0,1.0,0.6044211139913356,0.1977894430043322,0.0,0.0,0.0,0.0,2.3201436221655254e-05,-0.0065177508785898555,11316.95847373799,-0.013231458853128264,0.037201283563237375,-1.605074440773567,
2017-11-27,81.82917022705078,105.88140869140624,1.0,1.0,0.8022105569956678,-0.1977894430043322,0.012373969008963037,0.003661700315661598,0.009202282905043876,0.0,1.0,0.6044211139913356,0.1977894430043322,0.0,0.0,0.0,0.0,2.3201436221655254e-05,0.009179081468822221,11420.837757547708,-0.004173830023070368,0.04859815721718297,-1.0737018942120364,
2017-11-28,82.29354858398438,106.80474090576172,1.0,1.0,0.8022105569956678,-0.1977894430043322,0.005674973308968934,0.008720437570362893,0.0028277130093273873,0.0,1.0,0.6044211139913356,0.1977894430043322,0.0,0.0,0.0,0.0,2.3201436221655254e-05,0.002804511573105732,11452.867629213313,-0.0013810240045685207,0.052116337124202605,-0.9064796994864333,
2017-11-29,85.04403686523438,103.50715637207033,0.0,1.0,0.8022105569956678,-0.1977894430043322,0.03342289071959259,-0.03087488912688796,0.03291892290379739,0.0,1.0,0.6044211139913356,0.1977894430043322,0.0,0.0,0.0,0.0,2.3201436221655254e-05,0.03289572146757573,11829.617972748929,0.0,0.09272519094342058,0.8784950785857731,Exit Long Spread
2017-11-30,86.76579284667969,106.07927703857422,0.0,0.0,0.0,-0.0,0.020245463937391683,0.024849689206590364,0.0,0.0,0.0,0.0,0.0,0.8022105569956678,0.1977894430043322,1.0,0.001,0.0,-0.001,11817.78835477618,-0.0010000000000000009,0.10671649891479773,1.444781965565688,
2017-12-01,85.95133209228516,104.32682800292967,0.0,0.0,0.0,-0.0,-0.009386887708543568,-0.016520182683817608,0.0,0.0,0.0,0.0,0.0,0.0,0.0,0.0,0.0,0.0,0.0,11817.78835477618,-0.0010000000000000009,0.10139243871086445,1.170509126221589,
2017-12-04,88.38749694824219,101.21765899658205,-1.0,0.0,0.0,-0.0,0.028343538100623622,-0.02980220012306245,0.0,0.0,0.0,0.0,0.0,0.0,0.0,0.0,0.0,0.0,0.0,11817.78835477618,-0.0010000000000000009,0.13680134492934104,2.517463078234793,Enter Short Spread
2017-12-05,85.99420928955078,102.30115509033205,-1.0,-1.0,-0.8022105569956678,0.1977894430043322,-0.027077219531319696,0.010704615227137282,0.023838891245465125,0.0,1.0,-0.6044211139913356,0.8022105569956678,0.8022105569956678,0.1977894430043322,1.0,0.001,9.410227761279378e-05,0.02274478896785233,12086.581456972304,0.0,0.10672552691090442,1.2367531388384396,
2017-12-06,84.50822448730469,103.39408111572266,-1.0,-1.0,-0.8022105569956678,0.1977894430043322,-0.017280056581980285,0.010683418231451691,0.01597531115692822,0.0,1.0,-0.6044211139913356,0.8022105569956678,0.0,0.0,0.0,0.0,9.410227761279378e-05,0.015881208879315427,12278.530981727343,0.0,0.08667434278340225,0.41421702122950044,
2017-12-07,85.53697204589844,104.95806884765624,-1.0,-1.0,-0.8022105569956678,0.1977894430043322,0.012173342474474769,0.015126472570350602,-0.00677372726263747,0.0,1.0,-0.6044211139913356,0.8022105569956678,0.0,0.0,0.0,0.0,9.410227761279378e-05,-0.006867829540250264,12194.204123940157,-0.006867829540250336,0.09507259660719236,0.7406944784965941,
2017-12-08,85.41552734375,106.08869934082033,-1.0,-1.0,-0.8022105569956678,0.1977894430043322,-0.0014197919244004487,0.010772211279965305,0.003269601739480557,0.0,1.0,-0.6044211139913356,0.8022105569956678,0.0,0.0,0.0,0.0,9.410227761279378e-05,0.0031754994618677632,12232.926812573636,-0.003714138867391692,0.09101005095083758,0.5676930983671924,
2017-12-11,84.33676147460938,105.87200164794922,-1.0,-1.0,-0.8022105569956678,0.1977894430043322,-0.012629622536885932,-0.002042608630490883,0.009727610106659668,0.0,1.0,-0.6044211139913356,0.8022105569956678,0.0,0.0,0.0,0.0,9.410227761279378e-05,0.009633507829046874,12350.772808794722,0.0,0.07880412828489658,0.08047798232672865,
2017-12-12,84.41536712646484,106.89896392822266,-1.0,-1.0,-0.8022105569956678,0.1977894430043322,0.0009320449407952403,0.009700036499624698,0.0011708685252821175,0.0,1.0,-0.6044211139913356,0.8022105569956678,0.0,0.0,0.0,0.0,9.410227761279378e-05,0.0010767662476693237,12364.071704087864,0.0,0.0773556663987498,0.027168691187398744,
2017-12-13,84.58680725097656,106.75764465332033,-1.0,-1.0,-0.8022105569956678,0.1977894430043322,0.0020309113180172478,-0.001321989191562456,-0.0018906940054923078,0.0,1.0,-0.6044211139913356,0.8022105569956678,0.0,0.0,0.0,0.0,9.410227761279378e-05,-0.0019847962831051015,12339.531540525546,-0.001984796283105106,0.07971067757729244,0.1215223941622547,
2017-12-14,83.47232055664062,106.3901824951172,0.0,-1.0,-0.8022105569956678,0.1977894430043322,-0.013175656234773792,-0.0034420219685100673,0.009888854918921046,0.0,1.0,-0.6044211139913356,0.8022105569956678,0.0,0.0,0.0,0.0,9.410227761279378e-05,0.009794752641308252,12460.394199674614,0.0,0.06729756576745904,-0.36740566207751085,Exit Short Spread
2017-12-15,84.30104064941406,107.23814392089844,0.0,0.0,0.0,-0.0,0.0099280825936916,0.007970297690016226,0.0,0.0,0.0,0.0,0.0,0.8022105569956678,0.1977894430043322,1.0,0.001,0.0,-0.001,12447.93380547494,-0.0009999999999998899,0.07521935775612798,-0.0430176854127116,
2017-12-18,84.87971496582031,106.98377227783205,0.0,0.0,0.0,-0.0,0.00686437927632233,-0.002372025790133292,0.0,0.0,0.0,0.0,0.0,0.0,0.0,0.0,0.0,0.0,0.0,12447.93380547494,-0.0009999999999998899,0.08264581522472869,0.25845844914775634,
2017-12-19,85.01545715332031,105.6552963256836,0.0,0.0,0.0,-0.0,0.0015992300110181379,-0.012417546361129017,0.0,0.0,0.0,0.0,0.0,0.0,0.0,0.0,0.0,0.0,0.0,12447.93380547494,-0.0009999999999998899,0.08732455017333951,0.4541393384812821,
2017-12-20,84.53681182861328,105.63646697998048,0.0,0.0,0.0,-0.0,-0.005630097640289322,-0.00017821487760605326,0.0,0.0,0.0,0.0,0.0,0.0,0.0,0.0,0.0,0.0,0.0,12447.93380547494,-0.0009999999999998899,0.08172248757148526,0.2415824795714082,
2017-12-21,84.71540832519531,105.90969848632812,0.0,0.0,0.0,-0.0,0.0021126476468513733,0.002586526359305674,0.0,0.0,0.0,0.0,0.0,0.0,0.0,0.0,0.0,0.0,0.0,12447.93380547494,-0.0009999999999998899,0.08319600768200863,0.3121666268403745,
2017-12-22,84.75825500488281,106.17350006103516,0.0,0.0,0.0,-0.0,0.0005057719786112358,0.0024908160298566795,0.0,0.0,0.0,0.0,0.0,0.0,0.0,0.0,0.0,0.0,0.0,12447.93380547494,-0.0009999999999998899,0.08308829092132042,0.3243053057312224,
2017-12-26,84.48680877685547,106.45612335205078,0.0,0.0,0.0,-0.0,-0.0032025933994477285,0.0026619004822592274,-0.0,0.0,0.0,0.0,0.0,0.0,0.0,0.0,0.0,0.0,0.0,12447.93380547494,-0.0009999999999998899,0.07922512394381087,0.1841735159892255,
2017-12-27,85.07260131835938,107.42657470703124,0.0,0.0,0.0,-0.0,0.006933538501271652,0.009115974961545037,0.0,0.0,0.0,0.0,0.0,0.0,0.0,0.0,0.0,0.0,0.0,12447.93380547494,-0.0009999999999998899,0.08389732469922495,0.40661273485153193,
2017-12-28,85.0511703491211,107.73751831054688,0.0,0.0,0.0,-0.0,-0.000251913881862853,0.002894475639418248,-0.0,0.0,0.0,0.0,0.0,0.0,0.0,0.0,0.0,0.0,0.0,12447.93380547494,-0.0009999999999998899,0.08293276095929247,0.3821051578179937,
2017-12-29,85.12261962890625,107.42657470703124,0.0,0.0,0.0,-0.0,0.0008400740341591995,-0.002886121830088628,0.0,0.0,0.0,0.0,0.0,0.0,0.0,0.0,0.0,0.0,0.0,12447.93380547494,-0.0009999999999998899,0.08448510045119462,0.46010371544948664,
2018-01-02,88.3517837524414,107.88825988769533,0.0,0.0,0.0,-0.0,0.03793544110381886,0.004297681294625377,0.0,0.0,0.0,0.0,0.0,0.0,0.0,0.0,0.0,0.0,0.0,12447.93380547494,-0.0009999999999998899,0.12066134118074645,1.949282556936809,
2018-01-03,90.30928802490234,108.96229553222656,-1.0,0.0,0.0,-0.0,0.022155797985310643,0.009955074311600143,0.0,0.0,0.0,0.0,0.0,0.0,0.0,0.0,0.0,0.0,0.0,12447.93380547494,-0.0009999999999998899,0.14013292378471287,2.5739662077854453,Enter Short Spread
2018-01-04,90.89510345458984,109.3674545288086,-1.0,-1.0,-0.8022105569956678,0.1977894430043322,0.006486768332466086,0.003718341235406486,-0.0044683053952383886,0.0,1.0,-0.6044211139913356,0.8022105569956678,0.8022105569956678,0.1977894430043322,1.0,0.001,9.410227761279378e-05,-0.005562407672851182,12378.693322964222,-0.006556845265178413,0.14568366624542128,2.588078479068948,
2018-01-05,91.17372131347656,111.98672485351562,-1.0,-1.0,-0.8022105569956678,0.1977894430043322,0.0030652680760290263,0.023949266589331497,0.002277921688453856,0.0,1.0,-0.6044211139913356,0.8022105569956678,0.0,0.0,0.0,0.0,9.410227761279378e-05,0.002183819410841062,12405.72615372376,-0.004387344820301342,0.14290902108923542,2.333026265980119,
2018-01-08,92.28107452392578,112.43892669677734,-1.0,-1.0,-0.8022105569956678,0.1977894430043322,0.01214553047189848,0.00403799507355207,-0.008944599968417436,0.0,1.0,-0.6044211139913356,0.8022105569956678,0.0,0.0,0.0,0.0,9.410227761279378e-05,-0.00903870224603023,12293.594488874462,-0.01338639116285012,0.1539878011435567,2.540970977353985,
2018-01-09,92.23819732666016,112.22223663330078,-1.0,-1.0,-0.8022105569956678,0.1977894430043322,-0.00046463695277532135,-0.0019271801131731658,-8.43921246688605e-06,0.0,1.0,-0.6044211139913356,0.8022105569956678,0.0,0.0,0.0,0.0,9.410227761279378e-05,-0.00010254149007967983,12292.333885377138,-0.013487559992433007,0.15399867155882863,2.388848456587342,
2018-01-10,92.7239761352539,112.09977722167967,-1.0,-1.0,-0.8022105569956678,0.1977894430043322,0.005266568760807111,-0.001091222339662079,-0.004440729317818704,0.0,1.0,-0.6044211139913356,0.8022105569956678,0.0,0.0,0.0,0.0,9.410227761279378e-05,-0.004534831595431497,12236.590221292136,-0.01796122777466569,0.159520614243295,2.3990897354251732,
2018-01-11,95.34591674804688,112.91002655029295,-1.0,-1.0,-0.8022105569956678,0.1977894430043322,0.028276835421384705,0.007227929873678374,-0.021254367669674635,0.0,1.0,-0.6044211139913356,0.8022105569956678,0.0,0.0,0.0,0.0,9.410227761279378e-05,-0.021348469947287427,11975.357742695609,-0.03892625299058927,0.18562936368336058,2.9101655806600037,
2018-01-12,95.79597473144533,113.14559173583984,-1.0,-1.0,-0.8022105569956678,0.1977894430043322,0.004720264891759696,0.0020863088314124756,-0.003373996466285548,0.0,1.0,-0.6044211139913356,0.8022105569956678,0.0,0.0,0.0,0.0,9.410227761279378e-05,-0.003468098743898342,11933.826019550434,-0.0422593516453863,0.1898246679385036,2.7758026408655696,
2018-01-16,94.93155670166016,113.42823028564452,-1.0,-1.0,-0.8022105569956678,0.1977894430043322,-0.00902353185724647,0.002498007615396425,0.0077328520521396825,0.0,1.0,-0.6044211139913356,0.8022105569956678,0.0,0.0,0.0,0.0,9.410227761279378e-05,0.007638749774526889,12024.985530366519,-0.03494341048371208,0.18014504784407648,2.358313672613046,
2018-01-17,95.73882293701172,114.92626190185548,-1.0,-1.0,-0.8022105569956678,0.1977894430043322,0.008503665834623808,0.013206867571137204,-0.00420955152497139,0.0,1.0,-0.6044211139913356,0.8022105569956678,0.0,0.0,0.0,0.0,9.410227761279378e-05,-0.004303653802584183,11973.234155662738,-0.03909667994489274,0.18537784986401395,2.3368098100300037,
2018-01-18,95.43879699707033,115.99092864990234,-1.0,-1.0,-0.8022105569956678,0.1977894430043322,-0.0031337959955783923,0.009263911750267084,0.00434626817625035,0.0,1.0,-0.6044211139913356,0.8022105569956678,0.0,0.0,0.0,0.0,9.410227761279378e-05,0.004252165898637556,12024.14633363585,-0.035010759615466736,0.17996557946128044,2.0929915305116893,
2018-01-19,95.07443237304688,115.60464477539062,-1.0,-1.0,-0.8022105569956678,0.1977894430043322,-0.0038177830765683263,-0.0033302938342500976,0.0024039689258254227,0.0,1.0,-0.6044211139913356,0.8022105569956678,0.0,0.0,0.0,0.0,9.410227761279378e-05,0.002309866648212629,12051.920508225145,-0.03278176315321846,0.1769629626844269,1.9295634338200223,
2018-01-22,94.91725158691406,117.1404037475586,-1.0,-1.0,-0.8022105569956678,0.1977894430043322,-0.0016532392801050788,0.013284578445371453,0.003953795374997589,0.0,1.0,-0.6044211139913356,0.8022105569956678,0.0,0.0,0.0,0.0,9.410227761279378e-05,0.003859693097384795,12098.437222620973,-0.029048597600796144,0.17205453439871743,1.7447348853142515,
2018-01-23,94.35285949707033,117.44187927246094,-1.0,-1.0,-0.8022105569956678,0.1977894430043322,-0.005946148675901486,0.0025736254550738913,0.0052790991865348195,0.0,1.0,-0.6044211139913356,0.8022105569956678,0.0,0.0,0.0,0.0,9.410227761279378e-05,0.005184996908922026,12161.16758222305,-0.024014217580642705,0.16545691055725698,1.540162265978337,
2018-01-24,94.08139038085938,117.34767150878906,-1.0,-1.0,-0.8022105569956678,0.1977894430043322,-0.0028771689343382034,-0.000802164987953935,0.002149435527221096,0.0,1.0,-0.6044211139913356,0.8022105569956678,0.0,0.0,0.0,0.0,9.410227761279378e-05,0.0020553332496083022,12186.16283430885,-0.022008241550891317,0.16277345219157313,1.431319231686901,
2018-01-25,93.79561614990234,117.97893524169922,-1.0,-1.0,-0.8022105569956678,0.1977894430043322,-0.0030375213397693113,0.005379431264325385,0.0035007263993135744,0.0,1.0,-0.6044211139913356,0.8022105569956678,0.0,0.0,0.0,0.0,9.410227761279378e-05,0.0034066241217007806,12227.676510571182,-0.01867659123573384,0.158408534438639,1.3010081491174552,
2018-01-26,94.81724548339844,119.01531982421876,-1.0,-1.0,-0.8022105569956678,0.1977894430043322,0.010892079773358931,0.008784488352910902,-0.007000262323427225,0.0,1.0,-0.6044211139913356,0.8022105569956678,0.0,0.0,0.0,0.0,9.410227761279378e-05,-0.007094364601040019,12140.928915181617,-0.025638457289043015,0.1670853163006698,1.4253830804230105,
2018-01-29,93.3312530517578,117.62088012695312,-1.0,-1.0,-0.8022105569956678,0.1977894430043322,-0.015672174656253035,-0.011716472293862412,0.010254989431347398,0.0,1.0,-0.6044211139913356,0.8022105569956678,0.0,0.0,0.0,0.0,9.410227761279378e-05,0.010160887153734604,12264.29152383029,-0.015738079606618327,0.1541948520736085,1.1266628066057625,
2018-01-30,91.52379608154295,116.4054718017578,-1.0,-1.0,-0.8022105569956678,0.1977894430043322,-0.019366042039663856,-0.010333270112275028,0.01349183163152007,0.0,1.0,-0.6044211139913356,0.8022105569956678,0.0,0.0,0.0,0.0,9.410227761279378e-05,0.013397729353907276,12428.60518238399,-0.0025512047838305296,0.13719981085026944,0.7611148385226778,
2018-01-31,90.95940399169922,117.04619598388672,-1.0,-1.0,-0.8022105569956678,0.1977894430043322,-0.006166615831153854,0.005504244536030933,0.006035605781629434,0.0,1.0,-0.6044211139913356,0.8022105569956678,0.0,0.0,0.0,0.0,9.410227761279378e-05,0.005941503504016641,12502.449783625165,0.0,0.12966072228820202,0.5890366015172415,
2018-02-01,85.37980651855469,118.4499969482422,0.0,-1.0,-0.8022105569956678,0.1977894430043322,-0.06134162305695967,0.011993563332453272,0.05158109781070503,0.0,1.0,-0.6044211139913356,0.8022105569956678,0.0,0.0,0.0,0.0,9.410227761279378e-05,0.05148699553309224,13146.163359787384,0.0,0.06341755365606239,-0.7461693508098829,Exit Short Spread
2018-02-02,83.20797729492188,113.9181671142578,0.0,0.0,0.0,-0.0,-0.025437270382673405,-0.03825943394464271,0.0,0.0,0.0,0.0,0.0,0.8022105569956678,0.1977894430043322,1.0,0.001,0.0,-0.001,13133.017196427596,-0.001000000000000112,0.04726942831391634,-1.0788390221337663,
2018-02-05,80.94329071044922,109.54645538330078,0.0,0.0,0.0,-0.0,-0.027217181069619234,-0.038375895976032304,0.0,0.0,0.0,0.0,0.0,0.0,0.0,0.0,0.0,0.0,0.0,13133.017196427596,-0.001000000000000112,0.029323123074227464,-1.4337594284132749,
2018-02-06,80.52178192138672,113.03252410888672,0.0,0.0,0.0,-0.0,-0.005207458028489653,0.03182274326803425,-0.0,0.0,0.0,0.0,0.0,0.0,0.0,0.0,0.0,0.0,0.0,13133.017196427596,-0.001000000000000112,0.0163782407788835,-1.679027313598573,
2018-02-07,79.95024871826172,112.73098754882812,0.0,0.0,0.0,-0.0,-0.007097870780889859,-0.0026676973060260067,0.0,0.0,0.0,0.0,0.0,0.0,0.0,0.0,0.0,0.0,0.0,13133.017196427596,-0.001000000000000112,0.009913674664745686,-1.7889288943108863,
2018-02-08,78.07132720947266,107.27581787109376,0.0,0.0,0.0,-0.0,-0.02350113400410092,-0.04839103955663937,0.0,0.0,0.0,0.0,0.0,0.0,0.0,0.0,0.0,0.0,0.0,13133.017196427596,-0.001000000000000112,-0.0016385940142689126,-1.9631339794186686,
2018-02-09,76.00667572021484,109.59357452392578,0.0,0.0,0.0,-0.0,-0.02644570757351361,0.02160558361453946,-0.0,0.0,0.0,0.0,0.0,0.0,0.0,0.0,0.0,0.0,0.0,13133.017196427596,-0.001000000000000112,-0.03371052481909853,-2.441802006989071,
2018-02-12,75.94952392578125,111.61924743652344,0.0,0.0,0.0,-0.0,-0.0007519312467232364,0.018483500710668288,-0.0,0.0,0.0,0.0,0.0,0.0,0.0,0.0,0.0,0.0,0.0,13133.017196427596,-0.001000000000000112,-0.03897834337813788,-2.4059667314243667,
2018-02-13,76.84253692626953,111.50618743896484,0.0,0.0,0.0,-0.0,0.011757980225931997,-0.001012907721160583,0.0,0.0,0.0,0.0,0.0,0.0,0.0,0.0,0.0,0.0,0.0,13133.017196427596,-0.001000000000000112,-0.027039086529514256,-2.1093568535262506,
2018-02-14,76.15672302246094,113.84278106689452,0.0,0.0,0.0,-0.0,-0.008924925324454547,0.020954833822191654,-0.0,0.0,0.0,0.0,0.0,0.0,0.0,0.0,0.0,0.0,0.0,13133.017196427596,-0.001000000000000112,-0.04111722020697628,-2.2409000530024326,
2018-02-15,77.37834167480469,115.40949249267578,0.0,0.0,0.0,-0.0,0.016040851074742957,0.013762062127247843,0.0,0.0,0.0,0.0,0.0,0.0,0.0,0.0,0.0,0.0,0.0,13133.017196427596,-0.001000000000000112,-0.028573640439425896,-1.9604336981674872,
2018-02-16,76.65789031982422,115.003662109375,0.0,0.0,0.0,-0.0,-0.009310762409567852,-0.0035164385054941016,0.0,0.0,0.0,0.0,0.0,0.0,0.0,0.0,0.0,0.0,0.0,13133.017196427596,-0.001000000000000112,-0.03705949365378847,-2.0148460860093715,
2018-02-20,75.44026947021484,115.1546859741211,0.0,0.0,0.0,-0.0,-0.015883829368762203,0.0013132091793952583,-0.0,0.0,0.0,0.0,0.0,0.0,0.0,0.0,0.0,0.0,0.0,13133.017196427596,-0.001000000000000112,-0.053394389534069164,-2.163788184800822,
2018-02-21,75.43309020996094,113.66343688964844,0.0,0.0,0.0,-0.0,-9.516482780780322e-05,-0.012949964405337244,0.0,0.0,0.0,0.0,0.0,0.0,0.0,0.0,0.0,0.0,0.0,13133.017196427596,-0.001000000000000112,-0.050275819539775446,-2.0263142678162396,
2018-02-22,75.70684051513672,113.61627960205078,0.0,0.0,0.0,-0.0,0.0036290480002054704,-0.00041488528666822067,0.0,0.0,0.0,0.0,0.0,0.0,0.0,0.0,0.0,0.0,0.0,13133.017196427596,-0.001000000000000112,-0.04655102716172865,-1.8998175217213429,
2018-02-23,76.0887222290039,116.02301788330078,0.0,0.0,0.0,-0.0,0.005044216761242781,0.021183040755072824,0.0,0.0,0.0,0.0,0.0,0.0,0.0,0.0,0.0,0.0,0.0,13133.017196427596,-0.001000000000000112,-0.04668773716369623,-1.8296818589112929,
2018-02-26,77.86106872558594,117.58970642089844,0.0,0.0,0.0,-0.0,0.02329315626102657,0.01350325621742976,0.0,0.0,0.0,0.0,0.0,0.0,0.0,0.0,0.0,0.0,0.0,13133.017196427596,-0.001000000000000112,-0.02696875049143177,-1.5107636956051855,
2018-02-27,76.1463394165039,116.4382553100586,0.0,0.0,0.0,-0.0,-0.022022935687223022,-0.009792108049988313,0.0,0.0,0.0,0.0,0.0,0.0,0.0,0.0,0.0,0.0,0.0,13133.017196427596,-0.001000000000000112,-0.04681161474892903,-1.7057756673378233,
2018-02-28,75.22416687011719,116.03244018554688,0.0,0.0,0.0,-0.0,-0.012110530242860906,-0.0034852387939950935,0.0,0.0,0.0,0.0,0.0,0.0,0.0,0.0,0.0,0.0,0.0,13133.017196427596,-0.001000000000000112,-0.05813526915535516,-1.7721997243113183,
2018-03-01,76.67950439453125,113.63514709472656,0.0,0.0,0.0,-0.0,0.01934667521046607,-0.020660541887999706,0.0,0.0,0.0,0.0,0.0,0.0,0.0,0.0,0.0,0.0,0.0,13133.017196427596,-0.001000000000000112,-0.033826032558054386,-1.4056220182143364,
2018-03-02,75.9157943725586,113.98432159423828,0.0,0.0,0.0,-0.0,-0.009959767319872248,0.0030727684914302333,-0.0,0.0,0.0,0.0,0.0,0.0,0.0,0.0,0.0,0.0,0.0,13133.017196427596,-0.001000000000000112,-0.04459217660915349,-1.4831823476281163,
2018-03-05,76.2328109741211,115.03197479248048,0.0,0.0,0.0,-0.0,0.004175897837632281,0.009191204400651243,0.0,0.0,0.0,0.0,0.0,0.0,0.0,0.0,0.0,0.0,0.0,13133.017196427596,-0.001000000000000112,-0.042680764926905645,-1.4059006755697685,
2018-03-06,79.10749816894531,114.2580337524414,0.0,0.0,0.0,-0.0,0.03770931647529174,-0.006728051408621649,0.0,0.0,0.0,0.0,0.0,0.0,0.0,0.0,0.0,0.0,0.0,13133.017196427596,-0.001000000000000112,-0.004000617571926712,-0.9035122955288483,
2018-03-07,78.68241119384766,115.003662109375,0.0,0.0,0.0,-0.0,-0.005373535820710984,0.006525828709332826,-0.0,0.0,0.0,0.0,0.0,0.0,0.0,0.0,0.0,0.0,0.0,13133.017196427596,-0.001000000000000112,-0.010992394640589653,-0.9607929952168673,
2018-03-08,78.38701629638672,115.3528823852539,0.0,0.0,0.0,-0.0,-0.0037542684950665484,0.0030366013522837854,-0.0,0.0,0.0,0.0,0.0,0.0,0.0,0.0,0.0,0.0,0.0,13133.017196427596,-0.001000000000000112,-0.015501284480762267,-0.9865245912912566,
2018-03-09,79.52536010742188,117.51423645019533,0.0,0.0,0.0,-0.0,0.014522096449378852,0.01873688823590003,0.0,0.0,0.0,0.0,0.0,0.0,0.0,0.0,0.0,0.0,0.0,13133.017196427596,-0.001000000000000112,-0.0056605609550786085,-0.8455437826363763,
2018-03-12,78.46626281738281,117.2593765258789,0.0,0.0,0.0,-0.0,-0.013317730200887445,-0.0021687578630052995,0.0,0.0,0.0,0.0,0.0,0.0,0.0,0.0,0.0,0.0,0.0,13133.017196427596,-0.001000000000000112,-0.018532467520682383,-0.9733121994178509,
2018-03-13,78.76885986328125,116.27782440185548,0.0,0.0,0.0,-0.0,0.00385639681352834,-0.008370777272611485,0.0,0.0,0.0,0.0,0.0,0.0,0.0,0.0,0.0,0.0,0.0,13133.017196427596,-0.001000000000000112,-0.0126109396079912,-0.8788468976838227,
2018-03-14,78.35820007324219,115.69264221191406,0.0,0.0,0.0,-0.0,-0.005213478914787406,-0.0050326207335892326,0.0,0.0,0.0,0.0,0.0,0.0,0.0,0.0,0.0,0.0,0.0,13133.017196427596,-0.001000000000000112,-0.01659410288531582,-0.9032017928791595,
2018-03-15,79.04985046386719,116.4760284423828,0.0,0.0,0.0,-0.0,0.00882677741421456,0.00677127097705843,0.0,0.0,0.0,0.0,0.0,0.0,0.0,0.0,0.0,0.0,0.0,13133.017196427596,-0.001000000000000112,-0.009469921081603605,-0.7986232892676666,
2018-03-16,79.90719604492188,117.53308868408205,0.0,0.0,0.0,-0.0,0.010845631914845555,0.0090753458530064,0.0,0.0,0.0,0.0,0.0,0.0,0.0,0.0,0.0,0.0,0.0,13133.017196427596,-0.001000000000000112,-0.0009101654754932742,-0.6798901112730937,
2018-03-19,78.14204406738281,116.28726959228516,0.0,0.0,0.0,-0.0,-0.02209002524061454,-0.01059973072898246,0.0,0.0,0.0,0.0,0.0,0.0,0.0,0.0,0.0,0.0,0.0,13133.017196427596,-0.001000000000000112,-0.020620457413468962,-0.8838939390334126,
2018-03-20,77.83226013183594,117.89175415039062,0.0,0.0,0.0,-0.0,-0.003964369492046371,0.013797594214147058,-0.0,0.0,0.0,0.0,0.0,0.0,0.0,0.0,0.0,0.0,0.0,13133.017196427596,-0.001000000000000112,-0.027971323732799203,-0.941558322730992,
2018-03-21,77.5584945678711,116.29669952392578,0.0,0.0,0.0,-0.0,-0.003517379085499095,-0.013529823505977201,0.0,0.0,0.0,0.0,0.0,0.0,0.0,0.0,0.0,0.0,0.0,13133.017196427596,-0.001000000000000112,-0.02813627825009357,-0.9163858776852646,
2018-03-22,75.25298309326172,113.2481689453125,0.0,0.0,0.0,-0.0,-0.029726098829726877,-0.026213388609417132,0.0,0.0,0.0,0.0,0.0,0.0,0.0,0.0,0.0,0.0,0.0,13133.017196427596,-0.001000000000000112,-0.05176387816141159,-1.149425034452282,
2018-03-23,73.24287414550781,110.4261703491211,0.0,0.0,0.0,-0.0,-0.02671135236277289,-0.024918712792205477,0.0,0.0,0.0,0.0,0.0,0.0,0.0,0.0,0.0,0.0,0.0,13133.017196427596,-0.001000000000000112,-0.07261677103554587,-1.337672789849064,
2018-03-26,74.7126235961914,113.86165618896484,0.0,0.0,0.0,-0.0,0.020066791040500576,0.031111156250209326,0.0,0.0,0.0,0.0,0.0,0.0,0.0,0.0,0.0,0.0,0.0,13133.017196427596,-0.001000000000000112,-0.06030238927673959,-1.1613953916648179,
2018-03-27,73.61029052734375,110.8037109375,0.0,0.0,0.0,-0.0,-0.01475430811807077,-0.026856672859121966,0.0,0.0,0.0,0.0,0.0,0.0,0.0,0.0,0.0,0.0,0.0,13133.017196427596,-0.001000000000000112,-0.06845442110937783,-1.21021132780473,
2018-03-28,73.97772979736328,110.4167251586914,0.0,0.0,0.0,-0.0,0.004991683464189656,-0.0034925344605730713,0.0,0.0,0.0,0.0,0.0,0.0,0.0,0.0,0.0,0.0,0.0,13133.017196427596,-0.001000000000000112,-0.06261254390645954,-1.109754027129923,
2018-03-29,75.4042739868164,112.89897918701172,0.0,0.0,0.0,-0.0,0.019283427503934636,0.022480779290934505,0.0,0.0,0.0,0.0,0.0,0.0,0.0,0.0,0.0,0.0,0.0,13133.017196427596,-0.001000000000000112,-0.04899406132554329,-0.9306369719288161,
2018-04-02,74.8134994506836,111.7380828857422,0.0,0.0,0.0,-0.0,-0.007834761942487556,-0.010282611141652076,0.0,0.0,0.0,0.0,0.0,0.0,0.0,0.0,0.0,0.0,0.0,13133.017196427596,-0.001000000000000112,-0.054311317247102364,-0.9559205491391393,
2018-04-03,76.03826904296875,112.5025634765625,0.0,0.0,0.0,-0.0,0.016370970497009196,0.006841719233737109,0.0,0.0,0.0,0.0,0.0,0.0,0.0,0.0,0.0,0.0,0.0,13133.017196427596,-0.001000000000000112,-0.03975402561435826,-0.7700184796081669,
2018-04-04,76.66509246826172,113.07830047607422,0.0,0.0,0.0,-0.0,0.008243525703337085,0.005117545607142171,0.0,0.0,0.0,0.0,0.0,0.0,0.0,0.0,0.0,0.0,0.0,13133.017196427596,-0.001000000000000112,-0.03280283373309034,-0.6679417372733149,
2018-04-05,77.21985626220703,114.38074493408205,0.0,0.0,0.0,-0.0,0.007236198067262167,0.011518075992691612,0.0,0.0,0.0,0.0,0.0,0.0,0.0,0.0,0.0,0.0,0.0,13133.017196427596,-0.001000000000000112,-0.028416306302831984,-0.5940062384305014,
2018-04-06,75.88700103759766,111.08682250976562,0.0,0.0,0.0,-0.0,-0.01726052454803262,-0.02879787525614308,0.0,0.0,0.0,0.0,0.0,0.0,0.0,0.0,0.0,0.0,0.0,13133.017196427596,-0.001000000000000112,-0.038623012536126655,-0.6820161379283614,
2018-04-09,75.3610610961914,112.11559295654295,0.0,0.0,0.0,-0.0,-0.006930566951060313,0.009260958442545153,-0.0,0.0,0.0,0.0,0.0,0.0,0.0,0.0,0.0,0.0,0.0,13133.017196427596,-0.001000000000000112,-0.04785053972497422,-0.7599927814460816,
2018-04-10,76.38410186767578,113.93718719482422,0.0,0.0,0.0,-0.0,0.013575190643594581,0.016247465586587406,0.0,0.0,0.0,0.0,0.0,0.0,0.0,0.0,0.0,0.0,0.0,13133.017196427596,-0.001000000000000112,-0.03834037421465597,-0.6251850811500342,
2018-04-11,76.43453979492188,113.04997253417967,0.0,0.0,0.0,-0.0,0.0006603197002101879,-0.007786875229133683,0.0,0.0,0.0,0.0,0.0,0.0,0.0,0.0,0.0,0.0,0.0,13133.017196427596,-0.001000000000000112,-0.03575286130692601,-0.5696306546849954,
2018-04-12,77.0829849243164,114.26750946044922,0.0,0.0,0.0,-0.0,0.008483666299742731,0.01076990023948432,0.0,0.0,0.0,0.0,0.0,0.0,0.0,0.0,0.0,0.0,0.0,13133.017196427596,-0.001000000000000112,-0.02994616020444596,-0.4718248651368413,
2018-04-13,77.2702865600586,113.9654769897461,0.0,0.0,0.0,-0.0,0.002429870041048554,-0.002643205160673179,0.0,0.0,0.0,0.0,0.0,0.0,0.0,0.0,0.0,0.0,0.0,13133.017196427596,-0.001000000000000112,-0.026866677889811452,-0.40492822128603634,
2018-04-16,78.71123504638672,115.03197479248048,0.0,0.0,0.0,-0.0,0.018648157661588893,0.009358077822377187,0.0,0.0,0.0,0.0,0.0,0.0,0.0,0.0,0.0,0.0,0.0,13133.017196427596,-0.001000000000000112,-0.010686822023650677,-0.15330110422163135,
2018-04-17,78.90574645996094,116.84412384033205,0.0,0.0,0.0,-0.0,0.0024712026619782,0.015753437695220862,0.0,0.0,0.0,0.0,0.0,0.0,0.0,0.0,0.0,0.0,0.0,13133.017196427596,-0.001000000000000112,-0.012072488440295182,-0.13576750852312822,
2018-04-18,79.90000915527344,117.48589324951172,0.0,0.0,0.0,-0.0,0.012600637341628973,0.005492526180064017,0.0,0.0,0.0,0.0,0.0,0.0,0.0,0.0,0.0,0.0,0.0,13133.017196427596,-0.001000000000000112,-0.0009010856755220509,0.0776181633856332,
2018-04-19,79.02103424072266,116.99510192871094,0.0,0.0,0.0,-0.0,-0.011000936343356749,-0.004177448944942319,0.0,0.0,0.0,0.0,0.0,0.0,0.0,0.0,0.0,0.0,0.0,13133.017196427596,-0.001000000000000112,-0.010930849345659244,-0.03667078608401408,
2018-04-20,78.2068862915039,117.22158813476562,0.0,0.0,0.0,-0.0,-0.010302927024956499,0.0019358605815198437,-0.0,0.0,0.0,0.0,0.0,0.0,0.0,0.0,0.0,0.0,0.0,13133.017196427596,-0.001000000000000112,-0.02176405463871789,-0.1808015469147004,
2018-04-23,78.61036682128906,117.4669952392578,0.0,0.0,0.0,-0.0,0.0051591432534630055,0.002093531647174407,0.0,0.0,0.0,0.0,0.0,0.0,0.0,0.0,0.0,0.0,0.0,13133.017196427596,-0.001000000000000112,-0.017133806398965667,-0.04726370488951874,
2018-04-24,77.9691390991211,114.45623779296876,0.0,0.0,0.0,-0.0,-0.00815703765415221,-0.02563066706658068,0.0,0.0,0.0,0.0,0.0,0.0,0.0,0.0,0.0,0.0,0.0,13133.017196427596,-0.001000000000000112,-0.018922516252512622,-0.024000780965169013,
2018-04-25,78.2861328125,114.3996124267578,0.0,0.0,0.0,-0.0,0.004065630543591325,-0.000494733771639333,0.0,0.0,0.0,0.0,0.0,0.0,0.0,0.0,0.0,0.0,0.0,13133.017196427596,-0.001000000000000112,-0.014743118524964904,0.1549724949970417,
2018-04-26,81.61470794677734,119.93981170654295,0.0,0.0,0.0,-0.0,0.04251806820308124,0.04842847945251716,0.0,0.0,0.0,0.0,0.0,0.0,0.0,0.0,0.0,0.0,0.0,13133.017196427596,-0.001000000000000112,0.015235695890979395,1.161780338688203,
2018-04-27,82.12625122070312,118.92991638183594,0.0,0.0,0.0,-0.0,0.0062677829375969996,-0.008420017593307016,0.0,0.0,0.0,0.0,0.0,0.0,0.0,0.0,0.0,0.0,0.0,13133.017196427596,-0.001000000000000112,0.023568709165353363,1.8002143283243728,
2018-04-30,81.77322387695312,119.75104522705078,0.0,0.0,0.0,-0.0,-0.004298593184307031,0.006904308606242804,-0.0,0.0,0.0,0.0,0.0,0.0,0.0,0.0,0.0,0.0,0.0,13133.017196427596,-0.001000000000000112,0.01756440472829701,1.7297299915188982,
2018-05-01,81.01671600341797,120.3456573486328,0.0,0.0,0.0,-0.0,-0.009251290797504752,0.004965402351642334,-0.0,0.0,0.0,0.0,0.0,0.0,0.0,0.0,0.0,0.0,0.0,13133.017196427596,-0.001000000000000112,0.0070488370123029664,1.4161316165939797,
2018-05-02,80.0801010131836,119.27913665771484,0.0,0.0,0.0,-0.0,-0.011560762228314259,-0.008862145210843164,0.0,0.0,0.0,0.0,0.0,0.0,0.0,0.0,0.0,0.0,0.0,13133.017196427596,-0.001000000000000112,-0.002384520002656876,1.075965179675135,
2018-05-03,79.11469268798828,120.03418731689452,0.0,0.0,0.0,-0.0,-0.01205553330953435,0.006330115058984509,-0.0,0.0,0.0,0.0,0.0,0.0,0.0,0.0,0.0,0.0,0.0,13133.017196427596,-0.001000000000000112,-0.016069116409362483,0.5028491932874417,
2018-05-04,80.19539642333984,120.95913696289062,0.0,0.0,0.0,-0.0,0.013659962500437661,0.007705718401326944,0.0,0.0,0.0,0.0,0.0,0.0,0.0,0.0,0.0,0.0,0.0,13133.017196427596,-0.001000000000000112,-0.004394214997583523,1.0682443733512323,
2018-05-07,80.77896881103516,121.99729919433594,0.0,0.0,0.0,-0.0,0.007276881388736056,0.008582751642513875,0.0,0.0,0.0,0.0,0.0,0.0,0.0,0.0,0.0,0.0,0.0,13133.017196427596,-0.001000000000000112,0.0007492222802769621,1.3040849780200827,
2018-05-08,80.16656494140625,122.60134887695312,0.0,0.0,0.0,-0.0,-0.007581229107560095,0.004951336518154825,-0.0,0.0,0.0,0.0,0.0,0.0,0.0,0.0,0.0,0.0,0.0,13133.017196427596,-0.001000000000000112,-0.008078657475961037,0.8670145912118886,
2018-05-09,80.26023864746094,123.48854064941406,0.0,0.0,0.0,-0.0,0.0011684884605340784,0.007236394873202823,0.0,0.0,0.0,0.0,0.0,0.0,0.0,0.0,0.0,0.0,0.0,13133.017196427596,-0.001000000000000112,-0.008688599769762995,0.8128960589325235,
2018-05-10,82.12625122070312,123.63956451416016,0.0,0.0,0.0,-0.0,0.023249526847765267,0.0012229787796655955,0.0,0.0,0.0,0.0,0.0,0.0,0.0,0.0,0.0,0.0,0.0,13133.017196427596,-0.001000000000000112,0.013993426280653587,1.781510633218476,
2018-05-11,83.17813110351562,124.41349029541016,0.0,0.0,0.0,-0.0,0.012808083495564837,0.006259531763081805,0.0,0.0,0.0,0.0,0.0,0.0,0.0,0.0,0.0,0.0,0.0,13133.017196427596,-0.001000000000000112,0.02518166804125377,2.1548544464555066,
2018-05-14,83.81935119628906,123.83775329589844,0.0,0.0,0.0,-0.0,0.007708998558472402,-0.004627609097250462,0.0,0.0,0.0,0.0,0.0,0.0,0.0,0.0,0.0,0.0,0.0,13133.017196427596,-0.001000000000000112,0.03400471482060263,2.3714676427748764,
2018-05-15,83.29341125488281,123.73394775390624,0.0,0.0,0.0,-0.0,-0.006274683994804464,-0.0008382382531130217,0.0,0.0,0.0,0.0,0.0,0.0,0.0,0.0,0.0,0.0,0.0,13133.017196427596,-0.001000000000000112,0.027917021197634728,2.0085168896950485,
2018-05-16,83.80492401123047,123.5357666015625,0.0,0.0,0.0,-0.0,0.006141095059516655,-0.0016016716183492319,0.0,0.0,0.0,0.0,0.0,0.0,0.0,0.0,0.0,0.0,0.0,13133.017196427596,-0.001000000000000112,0.03443455415047603,2.150414000173598,
2018-05-17,83.99945831298828,122.82673645019533,0.0,0.0,0.0,-0.0,0.0023212753194756797,-0.005739472631064002,0.0,0.0,0.0,0.0,0.0,0.0,0.0,0.0,0.0,0.0,0.0,13133.017196427596,-0.001000000000000112,0.038172314711377275,2.171336441550657,
2018-05-18,83.7816162109375,122.82673645019533,0.0,0.0,0.0,-0.0,-0.0025933750815283485,0.0,-0.0,0.0,0.0,0.0,0.0,0.0,0.0,0.0,0.0,0.0,0.0,13133.017196427596,-0.001000000000000112,0.03557557100736375,1.9716324185769183,
2018-05-21,85.01604461669922,123.51685333251952,0.0,0.0,0.0,-0.0,0.014733881507534852,0.005618621012567715,0.0,0.0,0.0,0.0,0.0,0.0,0.0,0.0,0.0,0.0,0.0,13133.017196427596,-0.001000000000000112,0.048820538605542696,2.310954791026947,
2018-05-22,83.7671127319336,123.56415557861328,0.0,0.0,0.0,-0.0,-0.014690543301520531,0.0003829618778128374,-0.0,0.0,0.0,0.0,0.0,0.0,0.0,0.0,0.0,0.0,0.0,13133.017196427596,-0.001000000000000112,0.03392661740111924,1.7059067807944919,
2018-05-23,83.7090072631836,124.67015838623048,0.0,0.0,0.0,-0.0,-0.0006936549065018616,0.008950838553770879,-0.0,0.0,0.0,0.0,0.0,0.0,0.0,0.0,0.0,0.0,0.0,13133.017196427596,-0.001000000000000112,0.031035661292310612,1.5447108974256032,
2018-05-24,83.96315002441406,124.67961120605467,0.0,0.0,0.0,-0.0,0.0030360264628563893,7.582263427385882e-05,0.0,0.0,0.0,0.0,0.0,0.0,0.0,0.0,0.0,0.0,0.0,13133.017196427596,-0.001000000000000112,0.03404839455327302,1.5914760605168754,
2018-05-25,83.86150360107422,124.10291290283205,0.0,0.0,0.0,-0.0,-0.0012106075499821456,-0.004625441943908015,0.0,0.0,0.0,0.0,0.0,0.0,0.0,0.0,0.0,0.0,0.0,13133.017196427596,-0.001000000000000112,0.03398012753482571,1.526464828773691,
2018-05-29,82.65609741210938,122.59984588623048,0.0,0.0,0.0,-0.0,-0.014373772675230212,-0.012111456382803865,0.0,0.0,0.0,0.0,0.0,0.0,0.0,0.0,0.0,0.0,0.0,13133.017196427596,-0.001000000000000112,0.022506428590879368,1.1036072743497896,
2018-05-30,84.73286437988281,123.4979019165039,0.0,0.0,0.0,-0.0,0.025125393440958543,0.00732509917758617,0.0,0.0,0.0,0.0,0.0,0.0,0.0,0.0,0.0,0.0,0.0,13133.017196427596,-0.001000000000000112,0.04552190770699638,1.7950794623933735,
2018-05-31,84.31896209716797,123.57355499267578,0.0,0.0,0.0,-0.0,-0.004884790402684747,0.0006125859224963559,-0.0,0.0,0.0,0.0,0.0,0.0,0.0,0.0,0.0,0.0,0.0,13133.017196427596,-0.001000000000000112,0.040474157520833165,1.5704680955228818,
2018-06-01,85.1395034790039,123.6964340209961,0.0,0.0,0.0,-0.0,0.009731398032275962,0.0009943796496556523,0.0,0.0,0.0,0.0,0.0,0.0,0.0,0.0,0.0,0.0,0.0,13133.017196427596,-0.001000000000000112,0.04991346248384554,1.7919840300679488,
2018-06-04,84.93616485595703,125.7951202392578,0.0,0.0,0.0,-0.0,-0.0023882993761764615,0.016966424577004924,-0.0,0.0,0.0,0.0,0.0,0.0,0.0,0.0,0.0,0.0,0.0,13133.017196427596,-0.001000000000000112,0.04337423122935857,1.5255527211882178,
2018-06-05,84.82000732421875,126.25830841064452,0.0,0.0,0.0,-0.0,-0.001367586256517117,0.003682083776427536,-0.0,0.0,0.0,0.0,0.0,0.0,0.0,0.0,0.0,0.0,0.0,13133.017196427596,-0.001000000000000112,0.04109953816054368,1.4072083798600359,
2018-06-06,84.97247314453125,128.82957458496094,0.0,0.0,0.0,-0.0,0.0017975218951551408,0.02036512453464523,0.0,0.0,0.0,0.0,0.0,0.0,0.0,0.0,0.0,0.0,0.0,13133.017196427596,-0.001000000000000112,0.03792475681608565,1.2666702335809632,
2018-06-07,84.36979675292969,126.52298736572266,0.0,0.0,0.0,-0.0,-0.007092607397415129,-0.017904174772517933,0.0,0.0,0.0,0.0,0.0,0.0,0.0,0.0,0.0,0.0,0.0,13133.017196427596,-0.001000000000000112,0.03526124644650541,1.1505625911643067,
2018-06-08,84.6675033569336,127.373779296875,0.0,0.0,0.0,-0.0,0.003528592167594269,0.006724405966585856,0.0,0.0,0.0,0.0,0.0,0.0,0.0,0.0,0.0,0.0,0.0,13133.017196427596,-0.001000000000000112,0.0371312377774371,1.1671762705619302,
2018-06-11,84.84903717041016,126.58917236328124,0.0,0.0,0.0,-0.0,0.002144078971022312,-0.006159877942893188,0.0,0.0,0.0,0.0,0.0,0.0,0.0,0.0,0.0,0.0,0.0,13133.017196427596,-0.001000000000000112,0.04079647037752343,1.2341698266026837,
2018-06-12,85.93097686767578,127.48725128173828,0.0,0.0,0.0,-0.0,0.01275134914133047,0.007094437080920057,0.0,0.0,0.0,0.0,0.0,0.0,0.0,0.0,0.0,0.0,0.0,13133.017196427596,-0.001000000000000112,0.05172420849957349,1.4956726212901952,
2018-06-13,85.19758605957031,127.05236053466795,0.0,0.0,0.0,-0.0,-0.008534649957893659,-0.003411248910757725,0.0,0.0,0.0,0.0,0.0,0.0,0.0,0.0,0.0,0.0,0.0,13133.017196427596,-0.001000000000000112,0.04399542992370531,1.2329540414900029,
2018-06-14,85.09593200683594,127.6195831298828,0.0,0.0,0.0,-0.0,-0.0011931564899421154,0.0044644789976968635,-0.0,0.0,0.0,0.0,0.0,0.0,0.0,0.0,0.0,0.0,0.0,13133.017196427596,-0.001000000000000112,0.04170326893494325,1.1296020332490488,
2018-06-15,84.79093933105469,127.71412658691406,0.0,0.0,0.0,-0.0,-0.003584104064536797,0.0007408224875256053,-0.0,0.0,0.0,0.0,0.0,0.0,0.0,0.0,0.0,0.0,0.0,13133.017196427596,-0.001000000000000112,0.0379301403293546,0.9908927521399773,
2018-06-18,84.79093933105469,128.75393676757812,0.0,0.0,0.0,-0.0,0.0,0.008141700596890677,0.0,0.0,0.0,0.0,0.0,0.0,0.0,0.0,0.0,0.0,0.0,13133.017196427596,-0.001000000000000112,0.03593088674796885,0.9058841020347903,
2018-06-19,83.37498474121094,127.72357940673828,0.0,0.0,0.0,-0.0,-0.016699361995688555,-0.00800253092610137,0.0,0.0,0.0,0.0,0.0,0.0,0.0,0.0,0.0,0.0,0.0,13133.017196427596,-0.001000000000000112,0.021071523727970165,0.4605865425915794,
2018-06-20,82.52542114257812,128.0922393798828,0.0,0.0,0.0,-0.0,-0.010189670214270974,0.002886389301465897,-0.0,0.0,0.0,0.0,0.0,0.0,0.0,0.0,0.0,0.0,0.0,13133.017196427596,-0.001000000000000112,0.010118953307195255,0.1084730472480772,
2018-06-21,82.35839080810547,127.17529296875,0.0,0.0,0.0,-0.0,-0.002023986453629556,-0.007158485288194738,0.0,0.0,0.0,0.0,0.0,0.0,0.0,0.0,0.0,0.0,0.0,13133.017196427596,-0.001000000000000112,0.00986422745065929,0.06408926142941355,
2018-06-22,82.56170654296875,127.93144989013672,0.0,0.0,0.0,-0.0,0.0024686705612910753,0.0059457847804802455,0.0,0.0,0.0,0.0,0.0,0.0,0.0,0.0,0.0,0.0,0.0,13133.017196427596,-0.001000000000000112,0.010868230738421358,0.05967008531005883,
2018-06-25,80.02021789550781,123.77205657958984,0.0,0.0,0.0,-0.0,-0.030782898681221305,-0.0325126723266157,0.0,0.0,0.0,0.0,0.0,0.0,0.0,0.0,0.0,0.0,0.0,13133.017196427596,-0.001000000000000112,-0.012249026786422812,-0.7469386433011972,
2018-06-26,79.5627670288086,125.30352020263672,0.0,0.0,0.0,-0.0,-0.0057166910904512536,0.012373258273058463,-0.0,0.0,0.0,0.0,0.0,0.0,0.0,0.0,0.0,0.0,0.0,13133.017196427596,-0.001000000000000112,-0.021014096591047693,-1.0986151438999945,
2018-06-27,78.69864654541016,123.8571548461914,0.0,0.0,0.0,-0.0,-0.010860865146703036,-0.011542894837322182,0.0,0.0,0.0,0.0,0.0,0.0,0.0,0.0,0.0,0.0,0.0,13133.017196427596,-0.001000000000000112,-0.02907185418272773,-1.4020322694093972,
2018-06-28,76.88333129882812,125.4831314086914,0.0,0.0,0.0,-0.0,-0.023066664120259928,0.013127837180816782,-0.0,0.0,0.0,0.0,0.0,0.0,0.0,0.0,0.0,0.0,0.0,13133.017196427596,-0.001000000000000112,-0.05562439612109027,-2.272784332667175,
2018-06-29,77.13748168945312,125.20896911621094,0.0,0.0,0.0,-0.0,0.003305663091485611,-0.002184853768013917,0.0,0.0,0.0,0.0,0.0,0.0,0.0,0.0,0.0,0.0,0.0,13133.017196427596,-0.001000000000000112,-0.05178490762500498,-2.0785034879236712,
2018-07-02,76.88333129882812,125.25625610351562,0.0,0.0,0.0,-0.0,-0.0032947716863273024,0.0003776645366420084,-0.0,0.0,0.0,0.0,0.0,0.0,0.0,0.0,0.0,0.0,0.0,13133.017196427596,-0.001000000000000112,-0.05517821672166101,-2.1460794531105596,
2018-07-03,76.79620361328125,124.2636260986328,0.0,0.0,0.0,-0.0,-0.0011332454522323676,-0.007924793824768961,0.0,0.0,0.0,0.0,0.0,0.0,0.0,0.0,0.0,0.0,0.0,13133.017196427596,-0.001000000000000112,-0.05435041981832289,-2.0998158760505574,
2018-07-05,77.18103790283203,126.00299072265624,0.0,0.0,0.0,-0.0,0.005011110855019263,0.013997375407690305,0.0,0.0,0.0,0.0,0.0,0.0,0.0,0.0,0.0,0.0,0.0,13133.017196427596,-0.001000000000000112,-0.052779022664810604,-2.0113512131492457,
2018-07-06,76.99226379394531,126.75931549072266,0.0,0.0,0.0,-0.0,-0.0024458612376316857,0.006002435051174038,-0.0,0.0,0.0,0.0,0.0,0.0,0.0,0.0,0.0,0.0,0.0,13133.017196427596,-0.001000000000000112,-0.05670338950892995,-2.0856528629889857,
2018-07-09,78.85114288330078,128.1111602783203,0.0,0.0,0.0,-0.0,0.024143712598585054,0.010664658312205866,0.0,0.0,0.0,0.0,0.0,0.0,0.0,0.0,0.0,0.0,0.0,13133.017196427596,-0.001000000000000112,-0.03546203671348591,-1.399627841000346,
2018-07-10,78.7930908203125,129.2171630859375,0.0,0.0,0.0,-0.0,-0.0007362234821909341,0.008633149564912346,-0.0,0.0,0.0,0.0,0.0,0.0,0.0,0.0,0.0,0.0,0.0,13133.017196427596,-0.001000000000000112,-0.03831794653560672,-1.4727123505077138,
2018-07-11,77.93621063232422,130.5973663330078,0.0,0.0,0.0,-0.0,-0.010875067586095799,0.010681268758023998,-0.0,0.0,0.0,0.0,0.0,0.0,0.0,0.0,0.0,0.0,0.0,13133.017196427596,-0.001000000000000112,-0.051872140375358367,-1.8299981105504215,
2018-07-12,78.80757141113281,132.25167846679688,0.0,0.0,0.0,-0.0,0.011180435534893673,0.01266727025390968,0.0,0.0,0.0,0.0,0.0,0.0,0.0,0.0,0.0,0.0,0.0,13133.017196427596,-0.001000000000000112,-0.04385731371816859,-1.5404911661446106,
2018-07-13,79.1270980834961,131.79795837402344,0.0,0.0,0.0,-0.0,0.004054517435848171,-0.0034307322072085755,0.0,0.0,0.0,0.0,0.0,0.0,0.0,0.0,0.0,0.0,0.0,13133.017196427596,-0.001000000000000112,-0.03896367341918161,-1.3528118290398692,
2018-07-16,80.34698486328125,130.8904266357422,0.0,0.0,0.0,-0.0,0.015416801694128957,-0.006885779942856218,0.0,0.0,0.0,0.0,0.0,0.0,0.0,0.0,0.0,0.0,0.0,13133.017196427596,-0.001000000000000112,-0.021960904022424232,-0.8386941580750136,
2018-07-17,80.65196228027344,132.005859375,0.0,0.0,0.0,-0.0,0.0037957543461168974,0.008521881759633754,0.0,0.0,0.0,0.0,0.0,0.0,0.0,0.0,0.0,0.0,0.0,13133.017196427596,-0.001000000000000112,-0.020264550188273667,-0.7896582006309104,
2018-07-18,81.4434585571289,133.19700622558594,0.0,0.0,0.0,-0.0,0.00981372621914578,0.009023439233876385,0.0,0.0,0.0,0.0,0.0,0.0,0.0,0.0,0.0,0.0,0.0,13133.017196427596,-0.001000000000000112,-0.012713467003579337,-0.5688102348624957,
2018-07-19,81.9372329711914,132.4690704345703,0.0,0.0,0.0,-0.0,0.006062787887576526,-0.005465106248580209,0.0,0.0,0.0,0.0,0.0,0.0,0.0,0.0,0.0,0.0,0.0,13133.017196427596,-0.001000000000000112,-0.005317836285404276,-0.3573632064174254,
2018-07-20,81.37811279296875,133.28207397460938,0.0,0.0,0.0,-0.0,-0.0068237620181687,0.00613730840997051,-0.0,0.0,0.0,0.0,0.0,0.0,0.0,0.0,0.0,0.0,0.0,13133.017196427596,-0.001000000000000112,-0.013673549370741833,-0.6070360052148095,
2018-07-23,81.84283447265625,132.3745574951172,0.0,0.0,0.0,-0.0,0.005710647049161466,-0.006808991280140786,0.0,0.0,0.0,0.0,0.0,0.0,0.0,0.0,0.0,0.0,0.0,13133.017196427596,-0.001000000000000112,-0.006294610325294991,-0.3761837636926406,
2018-07-24,81.64678192138672,132.3745574951172,0.0,0.0,0.0,-0.0,-0.002395476067425739,0.0,-0.0,0.0,0.0,0.0,0.0,0.0,0.0,0.0,0.0,0.0,0.0,13133.017196427596,-0.001000000000000112,-0.008692960135755046,-0.43188276033418205,
2018-07-25,87.2815933227539,134.8418731689453,0.0,0.0,0.0,-0.0,0.0690144947389677,0.018638896480686062,0.0,0.0,0.0,0.0,0.0,0.0,0.0,0.0,0.0,0.0,0.0,13133.017196427596,-0.001000000000000112,0.05349101100549669,1.382065903484261,
2018-07-26,86.31583404541016,134.7095184326172,0.0,0.0,0.0,-0.0,-0.011064867637928244,-0.0009815551595185878,0.0,0.0,0.0,0.0,0.0,0.0,0.0,0.0,0.0,0.0,0.0,13133.017196427596,-0.001000000000000112,0.042606599071766116,1.0357063634271746,
2018-07-27,86.16336059570312,133.01742553710938,0.0,0.0,0.0,-0.0,-0.0017664597856612563,-0.012561049250237044,0.0,0.0,0.0,0.0,0.0,0.0,0.0,0.0,0.0,0.0,0.0,13133.017196427596,-0.001000000000000112,0.043955188508175036,1.0433660411089642,
2018-07-30,86.19966888427734,129.0186767578125,0.0,0.0,0.0,-0.0,0.0004213889560851225,-0.03006184162075287,0.0,0.0,0.0,0.0,0.0,0.0,0.0,0.0,0.0,0.0,0.0,13133.017196427596,-0.001000000000000112,0.05190209398309875,1.228758124794973,
2018-07-31,87.05648040771484,129.2644805908203,0.0,0.0,0.0,-0.0,0.009939847038017868,0.0019051802357981096,0.0,0.0,0.0,0.0,0.0,0.0,0.0,0.0,0.0,0.0,0.0,13133.017196427596,-0.001000000000000112,0.06132357986134851,1.4423207014227484,
2018-08-01,86.67163848876953,130.69189453125,0.0,0.0,0.0,-0.0,-0.0044206004784821396,0.011042584427721325,-0.0,0.0,0.0,0.0,0.0,0.0,0.0,0.0,0.0,0.0,0.0,13133.017196427596,-0.001000000000000112,0.054185492035512484,1.2024236024050163,
2018-08-02,86.11978149414062,131.32530212402344,0.0,0.0,0.0,-0.0,-0.006367215438074503,0.004846571358118723,-0.0,0.0,0.0,0.0,0.0,0.0,0.0,0.0,0.0,0.0,0.0,13133.017196427596,-0.001000000000000112,0.046605856869883056,0.961316090846239,
2018-08-03,86.51915740966797,132.17605590820312,0.0,0.0,0.0,-0.0,0.004637446921001764,0.006478216843363693,0.0,0.0,0.0,0.0,0.0,0.0,0.0,0.0,0.0,0.0,0.0,13133.017196427596,-0.001000000000000112,0.04964049522249292,1.01213632575454,
2018-08-06,86.8023452758789,132.07211303710938,0.0,0.0,0.0,-0.0,0.0032731232560443413,-0.0007863971305509532,0.0,0.0,0.0,0.0,0.0,0.0,0.0,0.0,0.0,0.0,0.0,13133.017196427596,-0.001000000000000112,0.05310224030354904,1.0784805743999923,
2018-08-07,87.14363861083984,132.6109161376953,0.0,0.0,0.0,-0.0,0.003931844627886871,0.00407961293414405,0.0,0.0,0.0,0.0,0.0,0.0,0.0,0.0,0.0,0.0,0.0,13133.017196427596,-0.001000000000000112,0.056022570512075376,1.1323563935460594,
2018-08-08,87.55754089355469,132.98902893066406,0.0,0.0,0.0,-0.0,0.00474965573291275,0.0028512946292909014,0.0,0.0,0.0,0.0,0.0,0.0,0.0,0.0,0.0,0.0,0.0,13133.017196427596,-0.001000000000000112,0.06005898011511568,1.2167511440682108,
2018-08-09,87.76809692382812,132.35568237304688,0.0,0.0,0.0,-0.0,0.0024047732282639345,-0.004762397039137611,0.0,0.0,0.0,0.0,0.0,0.0,0.0,0.0,0.0,0.0,0.0,13133.017196427596,-0.001000000000000112,0.06363786669459692,1.2794997997877622,
2018-08-10,86.60629272460938,132.0909881591797,0.0,0.0,0.0,-0.0,-0.01323720394925565,-0.001999870418265437,0.0,0.0,0.0,0.0,0.0,0.0,0.0,0.0,0.0,0.0,0.0,13133.017196427596,-0.001000000000000112,0.050805842847744254,0.9302245391930758,
2018-08-13,85.80027770996094,132.54470825195312,0.0,0.0,0.0,-0.0,-0.009306656471388286,0.0034349057350275825,-0.0,0.0,0.0,0.0,0.0,0.0,0.0,0.0,0.0,0.0,0.0,13133.017196427596,-0.001000000000000112,0.04061016506626536,0.6621050851139763,
2018-08-14,86.39570617675781,133.0646514892578,0.0,0.0,0.0,-0.0,0.006939703258416641,0.003922776277996087,0.0,0.0,0.0,0.0,0.0,0.0,0.0,0.0,0.0,0.0,0.0,13133.017196427596,-0.001000000000000112,0.04656060932994066,0.810218797663658,
2018-08-15,87.17268371582031,132.2705535888672,0.0,0.0,0.0,-0.0,0.008993242528429368,-0.0059677599685799,0.0,0.0,0.0,0.0,0.0,0.0,0.0,0.0,0.0,0.0,0.0,13133.017196427596,-0.001000000000000112,0.05698944563888686,1.0746236039667774,
2018-08-16,87.9423828125,133.16053771972656,0.0,0.0,0.0,-0.0,0.008829590461948866,0.006728512935885167,0.0,0.0,0.0,0.0,0.0,0.0,0.0,0.0,0.0,0.0,0.0,13133.017196427596,-0.001000000000000112,0.06412688742290662,1.2330379150242743,
2018-08-17,89.11300659179688,133.80435180664062,0.0,0.0,0.0,-0.0,0.013311258370070966,0.004834871486244285,0.0,0.0,0.0,0.0,0.0,0.0,0.0,0.0,0.0,0.0,0.0,13133.017196427596,-0.001000000000000112,0.0761611376508542,1.4954005751486643,
2018-08-20,89.66171264648438,133.43508911132812,0.0,0.0,0.0,-0.0,0.00615741826780658,-0.002759721117636893,0.0,0.0,0.0,0.0,0.0,0.0,0.0,0.0,0.0,0.0,0.0,13133.017196427596,-0.001000000000000112,0.0829810415821175,1.612651317279499,
2018-08-21,89.99828338623047,132.58299255371094,0.0,0.0,0.0,-0.0,0.00375378441713603,-0.006385850703080509,0.0,0.0,0.0,0.0,0.0,0.0,0.0,0.0,0.0,0.0,0.0,13133.017196427596,-0.001000000000000112,0.08830731354851884,1.6823101167494634,
2018-08-22,89.1642074584961,133.6244659423828,0.0,0.0,0.0,-0.0,-0.009267687075262487,0.007855256308609615,-0.0,0.0,0.0,0.0,0.0,0.0,0.0,0.0,0.0,0.0,0.0,13133.017196427596,-0.001000000000000112,0.07706722470410532,1.3671495115976895,
2018-08-23,89.04714965820312,134.53330993652344,0.0,0.0,0.0,-0.0,-0.0013128339681307555,0.006801478963684104,-0.0,0.0,0.0,0.0,0.0,0.0,0.0,0.0,0.0,0.0,0.0,13133.017196427596,-0.001000000000000112,0.07408226313130273,1.2713874549361726,
2018-08-24,89.80073547363281,136.52145385742188,0.0,0.0,0.0,-0.0,0.008462773017690495,0.014778079286360324,0.0,0.0,0.0,0.0,0.0,0.0,0.0,0.0,0.0,0.0,0.0,13133.017196427596,-0.001000000000000112,0.0788924710740242,1.3506580633547878,
2018-08-27,90.61284637451172,137.65760803222656,0.0,0.0,0.0,-0.0,0.009043477167482106,0.008322165804000692,0.0,0.0,0.0,0.0,0.0,0.0,0.0,0.0,0.0,0.0,0.0,13133.017196427596,-0.001000000000000112,0.0858519158922526,1.4758882091177972,
2018-08-28,89.80803680419922,137.4682159423828,0.0,0.0,0.0,-0.0,-0.008881848463143327,-0.0013758199968098017,0.0,0.0,0.0,0.0,0.0,0.0,0.0,0.0,0.0,0.0,0.0,13133.017196427596,-0.001000000000000112,0.07726983827376777,1.2528549158261932,
2018-08-29,90.3348388671875,139.2008056640625,0.0,0.0,0.0,-0.0,0.00586586770777342,0.01260356592105527,0.0,0.0,0.0,0.0,0.0,0.0,0.0,0.0,0.0,0.0,0.0,13133.017196427596,-0.001000000000000112,0.08003050963858294,1.284285588109122,
2018-08-30,89.8812026977539,138.92623901367188,0.0,0.0,0.0,-0.0,-0.005021718919547058,-0.001972450152718519,0.0,0.0,0.0,0.0,0.0,0.0,0.0,0.0,0.0,0.0,0.0,13133.017196427596,-0.001000000000000112,0.07548293824598629,1.1568192133739497,
2018-08-31,89.90314483642578,139.0682373046875,0.0,0.0,0.0,-0.0,0.00024412377686644504,0.0010221128278125047,0.0,0.0,0.0,0.0,0.0,0.0,0.0,0.0,0.0,0.0,0.0,13133.017196427596,-0.001000000000000112,0.07547515336960542,1.1301349257948814,
2018-09-04,90.97132873535156,139.9298095703125,0.0,0.0,0.0,-0.0,0.011881496480120823,0.00619532024223024,0.0,0.0,0.0,0.0,0.0,0.0,0.0,0.0,0.0,0.0,0.0,13133.017196427596,-0.001000000000000112,0.08576384081319666,1.318160927515797,
2018-09-05,91.2054672241211,135.07296752929688,0.0,0.0,0.0,-0.0,0.0025737613380438784,-0.034709130641495944,0.0,0.0,0.0,0.0,0.0,0.0,0.0,0.0,0.0,0.0,0.0,13133.017196427596,-0.001000000000000112,0.09704406777022667,1.5121705763200413,
2018-09-06,90.50308990478516,136.80555725097656,0.0,0.0,0.0,-0.0,-0.007701044035112181,0.01282706490700214,-0.0,0.0,0.0,0.0,0.0,0.0,0.0,0.0,0.0,0.0,0.0,13133.017196427596,-0.001000000000000112,0.08617074541578673,1.2565486305943043,
2018-09-07,89.98363494873047,135.5747528076172,0.0,0.0,0.0,-0.0,-0.005739637802435138,-0.00899674302778064,0.0,0.0,0.0,0.0,0.0,0.0,0.0,0.0,0.0,0.0,0.0,13133.017196427596,-0.001000000000000112,0.08264280779706357,1.157417461234825,
2018-09-10,90.97132873535156,136.40786743164062,0.0,0.0,0.0,-0.0,0.010976371283332176,0.006145057296955914,0.0,0.0,0.0,0.0,0.0,0.0,0.0,0.0,0.0,0.0,0.0,13133.017196427596,-0.001000000000000112,0.09204891431911055,1.3159150535648299,
2018-09-11,90.04216766357422,137.74281311035156,0.0,0.0,0.0,-0.0,-0.010213779271933121,0.009786427306914147,-0.0,0.0,0.0,0.0,0.0,0.0,0.0,0.0,0.0,0.0,0.0,13133.017196427596,-0.001000000000000112,0.07938144914517231,1.0344396833109732,
2018-09-12,90.21044921875,138.76531982421875,0.0,0.0,0.0,-0.0,0.0018689194134522413,0.00742330355230969,0.0,0.0,0.0,0.0,0.0,0.0,0.0,0.0,0.0,0.0,0.0,13133.017196427596,-0.001000000000000112,0.07942512765769627,1.0119836691449384,
2018-09-13,87.57657623291016,139.7688446044922,0.0,0.0,0.0,-0.0,-0.029196983372214547,0.00723181254181271,-0.0,0.0,0.0,0.0,0.0,0.0,0.0,0.0,0.0,0.0,0.0,13133.017196427596,-0.001000000000000112,0.0480168029676491,0.3732268603969957,
2018-09-14,88.08138275146484,139.96771240234375,0.0,0.0,0.0,-0.0,0.005764172799038736,0.0014228335249841795,0.0,0.0,0.0,0.0,0.0,0.0,0.0,0.0,0.0,0.0,0.0,13133.017196427596,-0.001000000000000112,0.05341386835817774,0.46655424456770733,
2018-09-17,87.1302719116211,138.39598083496094,0.0,0.0,0.0,-0.0,-0.010798091607252092,-0.011229243804919742,0.0,0.0,0.0,0.0,0.0,0.0,0.0,0.0,0.0,0.0,0.0,13133.017196427596,-0.001000000000000112,0.04534134850532756,0.2934035855619944,
2018-09-18,86.50837707519531,139.7688446044922,0.0,0.0,0.0,-0.0,-0.007137528929745396,0.00991982398078739,-0.0,0.0,0.0,0.0,0.0,0.0,0.0,0.0,0.0,0.0,0.0,13133.017196427596,-0.001000000000000112,0.03574448943172093,0.09308056499094752,
2018-09-19,86.51570129394531,139.57000732421875,0.0,0.0,0.0,-0.0,8.466484978253419e-05,-0.0014226151817745558,0.0,0.0,0.0,0.0,0.0,0.0,0.0,0.0,0.0,0.0,0.0,13133.017196427596,-0.001000000000000112,0.036180154057635416,0.08618150364831079,
2018-09-20,87.1522216796875,141.29310607910156,0.0,0.0,0.0,-0.0,0.00735728169826122,0.012345766743997455,0.0,0.0,0.0,0.0,0.0,0.0,0.0,0.0,0.0,0.0,0.0,13133.017196427596,-0.001000000000000112,0.040485222523014563,0.15381869933531095,
2018-09-21,86.69129180908203,142.05999755859375,0.0,0.0,0.0,-0.0,-0.005288790827381762,0.0054276638172483516,-0.0,0.0,0.0,0.0,0.0,0.0,0.0,0.0,0.0,0.0,0.0,13133.017196427596,-0.001000000000000112,0.03384779466292742,-0.00277195378777089,
2018-09-24,85.84258270263672,141.17002868652344,0.0,0.0,0.0,-0.0,-0.009790015683632913,-0.006264739457729762,0.0,0.0,0.0,0.0,0.0,0.0,0.0,0.0,0.0,0.0,0.0,13133.017196427596,-0.001000000000000112,0.025559006378293336,-0.20791885519550032,
2018-09-25,85.05975341796875,141.6150360107422,0.0,0.0,0.0,-0.0,-0.00911935848178902,0.00315227905214166,-0.0,0.0,0.0,0.0,0.0,0.0,0.0,0.0,0.0,0.0,0.0,13133.017196427596,-0.001000000000000112,0.015621822625731419,-0.45583765871081117,
2018-09-26,85.38166046142578,141.32154846191406,0.0,0.0,0.0,-0.0,0.0037844812678358153,-0.00207243211664232,0.0,0.0,0.0,0.0,0.0,0.0,0.0,0.0,0.0,0.0,0.0,13133.017196427596,-0.001000000000000112,0.01991066055154156,-0.40281566779168604,
2018-09-27,85.40363311767578,142.03163146972656,0.0,0.0,0.0,-0.0,0.00025734632157825565,0.00502459119320986,0.0,0.0,0.0,0.0,0.0,0.0,0.0,0.0,0.0,0.0,0.0,13133.017196427596,-0.001000000000000112,0.018932235006150266,-0.46934815265945823,
2018-09-28,85.41825103759766,142.09786987304688,0.0,0.0,0.0,-0.0,0.00017116274083717187,0.0004663637433075518,0.0,0.0,0.0,0.0,0.0,0.0,0.0,0.0,0.0,0.0,0.0,13133.017196427596,-0.001000000000000112,0.0189884253479089,-0.5156378422991088,
2018-10-01,85.93772888183594,142.76060485839844,0.0,0.0,0.0,-0.0,0.006081579029399986,0.004663933287273547,0.0,0.0,0.0,0.0,0.0,0.0,0.0,0.0,0.0,0.0,0.0,13133.017196427596,-0.001000000000000112,0.023904340966702353,-0.44954323447840283,
2018-10-02,85.5938491821289,141.70022583007812,0.0,0.0,0.0,-0.0,-0.004001498575554208,-0.007427672566756693,0.0,0.0,0.0,0.0,0.0,0.0,0.0,0.0,0.0,0.0,0.0,13133.017196427596,-0.001000000000000112,0.021732983805136774,-0.5464163320677241,
2018-10-03,86.17184448242188,141.4161834716797,0.0,0.0,0.0,-0.0,0.006752766767891272,-0.002004530033276386,0.0,0.0,0.0,0.0,0.0,0.0,0.0,0.0,0.0,0.0,0.0,13133.017196427596,-0.001000000000000112,0.028957776728194773,-0.40044818434686225,
2018-10-04,85.82797241210938,138.9451904296875,0.0,0.0,0.0,-0.0,-0.003990538584591197,-0.017473198479345475,0.0,0.0,0.0,0.0,0.0,0.0,0.0,0.0,0.0,0.0,0.0,13133.017196427596,-0.001000000000000112,0.0293054508083479,-0.45453871262377454,
2018-10-05,85.77674865722656,137.6196746826172,0.0,0.0,0.0,-0.0,-0.0005968188860020485,-0.009539846201017554,0.0,0.0,0.0,0.0,0.0,0.0,0.0,0.0,0.0,0.0,0.0,13133.017196427596,-0.001000000000000112,0.031071846732235286,-0.46586498396397713,
2018-10-08,86.90345764160156,134.33448791503906,0.0,0.0,0.0,-0.0,0.013135365958873768,-0.02387149057832416,0.0,0.0,0.0,0.0,0.0,0.0,0.0,0.0,0.0,0.0,0.0,13133.017196427596,-0.001000000000000112,0.05007872766158905,0.08049233036721311,
2018-10-09,86.27425384521484,134.7321319580078,0.0,0.0,0.0,-0.0,-0.0072402619350500075,0.0029601039103244187,-0.0,0.0,0.0,0.0,0.0,0.0,0.0,0.0,0.0,0.0,0.0,13133.017196427596,-0.001000000000000112,0.04208337591741573,-0.22782363002665768,
2018-10-10,85.3451156616211,128.30368041992188,0.0,0.0,0.0,-0.0,-0.010769588170078226,-0.047712831710326586,0.0,0.0,0.0,0.0,0.0,0.0,0.0,0.0,0.0,0.0,0.0,13133.017196427596,-0.001000000000000112,0.04330914072179781,-0.23343622301787947,
2018-10-11,83.23067474365234,126.60904693603516,0.0,0.0,0.0,-0.0,-0.024775183694778158,-0.01320798809777235,0.0,0.0,0.0,0.0,0.0,0.0,0.0,0.0,0.0,0.0,0.0,13133.017196427596,-0.001000000000000112,0.021500086574879118,-1.0810069508716948,
2018-10-12,84.60612487792969,132.6019744873047,0.0,0.0,0.0,-0.0,0.01652575974559478,0.04733411787150765,0.0,0.0,0.0,0.0,0.0,0.0,0.0,0.0,0.0,0.0,0.0,13133.017196427596,-0.001000000000000112,0.026488082085468045,-0.9423797032112208,
2018-10-15,84.70124053955078,129.92266845703125,0.0,0.0,0.0,-0.0,0.0011242172095498049,-0.020205626957160883,0.0,0.0,0.0,0.0,0.0,0.0,0.0,0.0,0.0,0.0,0.0,13133.017196427596,-0.001000000000000112,0.032644495446393584,-0.772341817416299,
2018-10-16,85.95235443115234,134.19248962402344,0.0,0.0,0.0,-0.0,0.014770903987142425,0.032864327816699124,0.0,0.0,0.0,0.0,0.0,0.0,0.0,0.0,0.0,0.0,0.0,13133.017196427596,-0.001000000000000112,0.03933479132190931,-0.5565605750069226,
2018-10-17,86.3401107788086,134.8647003173828,0.0,0.0,0.0,-0.0,0.00451129407940587,0.005009301900894325,0.0,0.0,0.0,0.0,0.0,0.0,0.0,0.0,0.0,0.0,0.0,13133.017196427596,-0.001000000000000112,0.042603952097879816,-0.48125272487835274,
2018-10-18,83.94035339355469,131.8729705810547,0.0,0.0,0.0,-0.0,-0.02779423565255501,-0.022183193447118166,0.0,0.0,0.0,0.0,0.0,0.0,0.0,0.0,0.0,0.0,0.0,13133.017196427596,-0.001000000000000112,0.01994711234122226,-1.4537945529721077,
2018-10-19,85.22802734375,132.62091064453125,0.0,0.0,0.0,-0.0,0.015340344639223069,0.005671670700834408,0.0,0.0,0.0,0.0,0.0,0.0,0.0,0.0,0.0,0.0,0.0,13133.017196427596,-0.001000000000000112,0.033776552461641796,-0.8297058550776648,
2018-10-22,84.60612487792969,133.1510467529297,0.0,0.0,0.0,-0.0,-0.0072969243241075565,0.003997379491831321,-0.0,0.0,0.0,0.0,0.0,0.0,0.0,0.0,0.0,0.0,0.0,13133.017196427596,-0.001000000000000112,0.02546926400152083,-1.1710255840685908,
2018-10-23,83.58184814453125,131.71200561523438,0.0,0.0,0.0,-0.0,-0.012106413511743686,-0.01080758411434457,0.0,0.0,0.0,0.0,0.0,0.0,0.0,0.0,0.0,0.0,0.0,13133.017196427596,-0.001000000000000112,0.015968144447191746,-1.5293134871654566,
2018-10-24,78.96522521972656,127.11077117919922,1.0,0.0,0.0,-0.0,-0.05523475524041466,-0.034934054906707424,0.0,0.0,0.0,0.0,0.0,0.0,0.0,0.0,0.0,0.0,0.0,13133.017196427596,-0.001000000000000112,-0.03208342700883415,-3.2061443006622943,Enter Long Spread
2018-10-25,78.88475799560547,133.0374755859375,1.0,1.0,0.8022105569956678,-0.1977894430043322,-0.001019021017127364,0.046626295724245814,-0.01003965847839389,0.0,1.0,0.6044211139913356,0.1977894430043322,0.8022105569956678,0.1977894430043322,1.0,0.001,2.3201436221655254e-05,-0.011062859914615546,12987.728466927281,-0.012051797054700941,-0.04433898094474742,-3.2753857720201687,
2018-10-26,77.0483627319336,130.4054718017578,1.0,1.0,0.8022105569956678,-0.1977894430043322,-0.02327946881416787,-0.019783927593240547,-0.0147619836248718,0.0,1.0,0.6044211139913356,0.1977894430043322,0.0,0.0,0.0,0.0,2.3201436221655254e-05,-0.014785185061093454,12795.70249802053,-0.026658794066021896,-0.06296696273656988,-3.4552059298045297,
2018-10-29,76.91665649414062,127.17705535888672,1.0,1.0,0.8022105569956678,-0.1977894430043322,-0.0017093969699421008,-0.02475675597247118,0.00352532867900529,0.0,1.0,0.6044211139913356,0.1977894430043322,0.0,0.0,0.0,0.0,2.3201436221655254e-05,0.0035021272427836346,12840.5146763294,-0.023250029312196774,-0.05849708027742562,-2.999098440385307,
2018-10-30,78.33602905273438,125.69065856933594,1.0,1.0,0.8022105569956678,-0.1977894430043322,0.018453383484003494,-0.011687617592310628,0.017115186416787852,0.0,1.0,0.6044211139913356,0.1977894430043322,0.0,0.0,0.0,0.0,2.3201436221655254e-05,0.017091984980566195,13059.984560319961,-0.00655543348343246,-0.03731327558902464,-2.239736018673623,
2018-10-31,77.9482650756836,130.50958251953125,1.0,1.0,0.8022105569956678,-0.1977894430043322,-0.004950008083633439,0.038339555262470126,-0.01155410802230242,0.0,1.0,0.6044211139913356,0.1977894430043322,0.0,0.0,0.0,0.0,2.3201436221655254e-05,-0.011577309458524076,12908.785077541592,-0.018056848659883995,-0.05155169840613483,-2.452762212813838,
2018-11-01,78.66525268554688,133.33096313476562,1.0,1.0,0.8022105569956678,-0.1977894430043322,0.009198249751513066,0.021618187421694746,0.003103083807646295,0.0,1.0,0.6044211139913356,0.1977894430043322,0.0,0.0,0.0,0.0,2.3201436221655254e-05,0.0030798823714246397,12948.54261713842,-0.015032579258330458,-0.047668782135455556,-2.210176337101601,
2018-11-02,77.54586029052734,132.33685302734375,1.0,1.0,0.8022105569956678,-0.1977894430043322,-0.01422982011504037,-0.007455958346427538,-0.009940602072031289,0.0,1.0,0.6044211139913356,0.1977894430043322,0.0,0.0,0.0,0.0,2.3201436221655254e-05,-0.009963803508252943,12819.525882783013,-0.024846601100631194,-0.0601556218293855,-2.3613730828543518,
2018-11-05,78.15312957763672,132.35581970214844,1.0,1.0,0.8022105569956678,-0.1977894430043322,0.00783109871802612,0.0001433211865842221,0.00625384264681058,0.0,1.0,0.6044211139913356,0.1977894430043322,0.0,0.0,0.0,0.0,2.3201436221655254e-05,0.006230641210588924,12899.399749048494,-0.01877077014680284,-0.052390361113731965,-2.0562896308058436,
2018-11-06,79.49201202392578,133.29306030273438,1.0,1.0,0.8022105569956678,-0.1977894430043322,0.017131526958994447,0.00708121941819484,0.012342501339445016,0.0,1.0,0.6044211139913356,0.1977894430043322,0.0,0.0,0.0,0.0,2.3201436221655254e-05,0.012319299903223361,13058.311323128586,-0.006682712990432438,-0.03714368521510547,-1.633087189065928,
2018-11-07,81.30646514892578,137.07061767578125,1.0,1.0,0.8022105569956678,-0.1977894430043322,0.022825603212230705,0.028340240403118555,0.012705539502704009,0.0,1.0,0.6044211139913356,0.1977894430043322,0.0,0.0,0.0,0.0,2.3201436221655254e-05,0.012682338066482354,13223.921241905879,0.0,-0.021464950315160047,-1.2350532852780478,
2018-11-08,81.57716369628906,137.49661254882812,1.0,1.0,0.8022105569956678,-0.1977894430043322,0.0033293606709805523,0.0031078496637002573,0.002056148424382304,0.0,1.0,0.6044211139913356,0.1977894430043322,0.0,0.0,0.0,0.0,2.3201436221655254e-05,0.0020329469881606487,13250.804772766283,0.0,-0.018906188946764768,-1.1391180387521664,
2018-11-09,80.12123107910156,136.2659149169922,1.0,1.0,0.8022105569956678,-0.1977894430043322,-0.017847306172692146,-0.008950748742256431,-0.01254693381746496,0.0,1.0,0.6044211139913356,0.1977894430043322,0.0,0.0,0.0,0.0,2.3201436221655254e-05,-0.012570135253686615,13084.240364552414,-0.012570135253686665,-0.03469788659134743,-1.4347480369146355,
2018-11-12,78.81159973144531,132.28004455566406,1.0,1.0,0.8022105569956678,-0.1977894430043322,-0.016345621878466665,-0.02925067771904777,-0.0073271551780156275,0.0,1.0,0.6044211139913356,0.1977894430043322,0.0,0.0,0.0,0.0,2.3201436221655254e-05,-0.007350356614237283,12988.066531846554,-0.019828096891120306,-0.04385907607390571,-1.5718529735473556,
2018-11-13,80.04075622558594,132.28004455566406,1.0,1.0,0.8022105569956678,-0.1977894430043322,0.015596136841899533,0.0,0.01251138562292088,0.0,1.0,0.6044211139913356,0.1977894430043322,0.0,0.0,0.0,0.0,2.3201436221655254e-05,0.012488184186699225,13150.26389892536,-0.007587529630469048,-0.02838330905128572,-1.1954217887923089,
2018-11-14,80.11389923095703,132.06228637695312,1.0,1.0,0.8022105569956678,-0.1977894430043322,0.0009138220179347734,-0.0016461906967327744,0.0010586768109880486,0.0,1.0,0.6044211139913356,0.1977894430043322,0.0,0.0,0.0,0.0,2.3201436221655254e-05,0.0010354753747663934,13163.880673364374,-0.006559910955790449,-0.027063692464297295,-1.1300641767590602,
2018-11-15,80.8089370727539,134.52830505371094,1.0,1.0,0.8022105569956678,-0.1977894430043322,0.008675621190190386,0.018673148439357634,0.003266323278308286,0.0,1.0,0.6044211139913356,0.1977894430043322,0.0,0.0,0.0,0.0,2.3201436221655254e-05,0.0032431218420866307,13206.572742302782,-0.0033380637042067507,-0.02298699853275732,-1.0073654238435155,
2018-11-16,81.21468353271484,132.95382690429688,1.0,1.0,0.8022105569956678,-0.1977894430043322,0.005021059237490411,-0.011703694243270557,0.006342813893084918,0.0,1.0,0.6044211139913356,0.1977894430043322,0.0,0.0,0.0,0.0,2.3201436221655254e-05,0.006319612456863262,13290.03316391751,0.0,-0.015075873255009586,-0.8062076022530414,
2018-11-19,82.0999526977539,127.81324768066406,1.0,1.0,0.8022105569956678,-0.1977894430043322,0.010900358488529438,-0.038664394574615124,0.016391791721548504,0.0,1.0,0.6044211139913356,0.1977894430043322,0.0,0.0,0.0,0.0,2.3201436221655254e-05,0.016368590285326848,13507.572271656081,0.0,0.005487609363186596,-0.3321403408641999,
2018-11-20,80.04910278320312,126.49486541748048,1.0,1.0,0.8022105569956678,-0.1977894430043322,-0.024979915909341233,-0.010314910911875863,-0.01799897177143834,0.0,1.0,0.6044211139913356,0.1977894430043322,0.0,0.0,0.0,0.0,2.3201436221655254e-05,-0.018022173207659996,13264.136464561308,-0.018022173207660086,-0.017253194185075982,-0.8096466592786494,
2018-11-21,80.24089050292969,127.49077606201172,1.0,1.0,0.8022105569956678,-0.1977894430043322,0.0023958759443685196,0.007873130986339794,0.0003647747833360952,0.0,1.0,0.6044211139913356,0.1977894430043322,0.0,0.0,0.0,0.0,2.3201436221655254e-05,0.00034157334711443997,13268.667140050093,-0.01768675575457035,-0.01679374605334183,-0.771594384401517,
2018-11-23,80.18189239501953,126.02063751220705,1.0,1.0,0.8022105569956678,-0.1977894430043322,-0.0007352623773286826,-0.011531332659623916,0.0016909406225898778,0.0,1.0,0.6044211139913356,0.1977894430043322,0.0,0.0,0.0,0.0,2.3201436221655254e-05,0.0016677391863682226,13290.79581619043,-0.01604851346385383,-0.014669645556995015,-0.6967588744359273,
2018-11-26,81.62042236328125,128.93240356445312,1.0,1.0,0.8022105569956678,-0.1977894430043322,0.017940833338963014,0.023105469943079937,0.009822307875420846,0.0,1.0,0.6044211139913356,0.1977894430043322,0.0,0.0,0.0,0.0,2.3201436221655254e-05,0.009799106439199191,13421.033739054943,-0.0064066681162778805,-0.002519813937235771,-0.39269339485285903,
2018-11-27,82.26225280761719,128.9039764404297,1.0,1.0,0.8022105569956678,-0.1977894430043322,0.007863601115407626,-0.0002204808352093135,0.006351872612372086,0.0,1.0,0.6044211139913356,0.1977894430043322,0.0,0.0,0.0,0.0,2.3201436221655254e-05,0.00632867117615043,13505.971048433443,-0.00011854263597010917,0.005367396963247062,-0.18399790235767297,
2018-11-28,83.76717376708984,134.0919647216797,0.0,1.0,0.8022105569956678,-0.1977894430043322,0.018294186070884066,0.04024692196867585,0.006715372918883076,0.0,1.0,0.6044211139913356,0.1977894430043322,0.0,0.0,0.0,0.0,2.3201436221655254e-05,0.006692171482661421,13596.355322729418,0.0,0.013767642784004774,0.04572879995950067,Exit Long Spread
2018-11-29,83.55323028564453,131.9295196533203,0.0,0.0,0.0,-0.0,-0.0025540253039951777,-0.016126582027847336,0.0,0.0,0.0,0.0,0.0,0.8022105569956678,0.1977894430043322,1.0,0.001,0.0,-0.001,13582.75896740669,-0.0009999999999998899,0.015218857591825952,0.11894381700481814,
2018-11-30,85.05079650878906,134.4049530029297,0.0,0.0,0.0,-0.0,0.017923498804591764,0.018763301466678817,0.0,0.0,0.0,0.0,0.0,0.0,0.0,0.0,0.0,0.0,0.0,13582.75896740669,-0.0009999999999998899,0.0284002947547346,0.4925789514034476,
2018-12-03,85.0360336303711,137.52537536621094,0.0,0.0,0.0,-0.0,-0.00017357719179555975,0.023216572704826133,-0.0,0.0,0.0,0.0,0.0,0.0,0.0,0.0,0.0,0.0,0.0,13582.75896740669,-0.0009999999999998899,0.022567965257820122,0.3776435253257471,
2018-12-04,78.76548767089844,131.49327087402344,0.0,0.0,0.0,-0.0,-0.07373986875645022,-0.043861756247709494,0.0,0.0,0.0,0.0,0.0,0.0,0.0,0.0,0.0,0.0,0.0,13582.75896740669,-0.0009999999999998899,-0.04297350113025211,-1.36850696138172,
2018-12-06,79.70238494873047,133.7789764404297,0.0,0.0,0.0,-0.0,0.011894768959555213,0.01738268088711603,0.0,0.0,0.0,0.0,0.0,0.0,0.0,0.0,0.0,0.0,0.0,13582.75896740669,-0.0009999999999998899,-0.03539789168072849,-1.133207906464745,
2018-12-07,77.69579315185547,130.04205322265625,0.0,0.0,0.0,-0.0,-0.025176057130106733,-0.027933561140957353,0.0,0.0,0.0,0.0,0.0,0.0,0.0,0.0,0.0,0.0,0.0,13582.75896740669,-0.0009999999999998899,-0.05391109227566737,-1.6249587025372136,
2018-12-10,77.0171127319336,130.7724151611328,0.0,0.0,0.0,-0.0,-0.00873509867639044,0.005616351944444098,-0.0,0.0,0.0,0.0,0.0,0.0,0.0,0.0,0.0,0.0,0.0,13582.75896740669,-0.0009999999999998899,-0.064065434046501,-1.838467985910315,
2018-12-11,76.41218566894531,129.757568359375,0.0,0.0,0.0,-0.0,-0.007854450024552317,-0.007760404214507743,0.0,0.0,0.0,0.0,0.0,0.0,0.0,0.0,0.0,0.0,0.0,13582.75896740669,-0.0009999999999998899,-0.07003005932599327,-1.925664206653767,
2018-12-12,74.663818359375,130.696533203125,0.0,0.0,0.0,-0.0,-0.022880739430031327,0.007236301170113313,-0.0,0.0,0.0,0.0,0.0,0.0,0.0,0.0,0.0,0.0,0.0,13582.75896740669,-0.0009999999999998899,-0.09495435124393281,-2.4642198731965332,
2018-12-13,74.34661865234375,130.449951171875,0.0,0.0,0.0,-0.0,-0.004248372424572433,-0.0018866761436339141,0.0,0.0,0.0,0.0,0.0,0.0,0.0,0.0,0.0,0.0,0.0,13582.75896740669,-0.0009999999999998899,-0.09874616385551294,-2.4042082548326746,
2018-12-14,72.78263092041016,128.12623596191406,1.0,0.0,0.0,-0.0,-0.021036433939881527,-0.01781307841885904,0.0,0.0,0.0,0.0,0.0,0.0,0.0,0.0,0.0,0.0,0.0,13582.75896740669,-0.0009999999999998899,-0.11557551604184524,-2.6351512275459594,Enter Long Spread
2018-12-17,71.46215057373047,124.62642669677734,1.0,1.0,0.8022105569956678,-0.1977894430043322,-0.01814279492209714,-0.02731532101026557,-0.00915165949180876,0.0,1.0,0.6044211139913356,0.1977894430043322,0.8022105569956678,0.1977894430043322,1.0,0.001,2.3201436221655254e-05,-0.010174860928030416,13444.55628389437,-0.011164686067102192,-0.12705647543477983,-2.7017763350403756,
2018-12-18,71.76459503173828,125.8215103149414,1.0,1.0,0.8022105569956678,-0.1977894430043322,0.004232232805473357,0.009589327479249343,0.001498474095307255,0.0,1.0,0.6044211139913356,0.1977894430043322,0.0,0.0,0.0,0.0,2.3201436221655254e-05,0.0014752726590855998,13464.390670193536,-0.009705884364118789,-0.1251862109055777,-2.4807846045619164,
2018-12-19,69.5809555053711,124.49369049072266,1.0,1.0,0.8022105569956678,-0.1977894430043322,-0.030427810892006857,-0.010553202078842583,-0.022322199162749235,0.0,1.0,0.6044211139913356,0.1977894430043322,0.0,0.0,0.0,0.0,2.3201436221655254e-05,-0.02234540059897089,13163.523466847013,-0.03183440308880625,-0.1534707807649267,-2.848759264865885,
2018-12-20,69.3006362915039,122.1225357055664,1.0,1.0,0.8022105569956678,-0.1977894430043322,-0.0040286772699685836,-0.019046385208838723,0.0005353264850048787,0.0,1.0,0.6044211139913356,0.1977894430043322,0.0,0.0,0.0,0.0,2.3201436221655254e-05,0.0005121250487832234,13170.264836944632,-0.03133858123525779,-0.15276630664548008,-2.6194833314102306,
2018-12-21,68.97604370117188,117.8545150756836,1.0,1.0,0.8022105569956678,-0.1977894430043322,-0.004683832756840478,-0.034948673520609486,0.0031550585846420506,0.0,1.0,0.6044211139913356,0.1977894430043322,0.0,0.0,0.0,0.0,2.3201436221655254e-05,0.0031318571484203954,13211.512225020808,-0.02830487204650034,-0.14869017898342585,-2.3744687696042392,
2018-12-24,66.31289672851562,115.45496368408205,1.0,1.0,0.8022105569956678,-0.1977894430043322,-0.038609737957629564,-0.0203602839489061,-0.02694609017078261,0.0,1.0,0.6044211139913356,0.1977894430043322,0.0,0.0,0.0,0.0,2.3201436221655254e-05,-0.026969291607004266,12855.20709925472,-0.05451080130538366,-0.18299328291344286,-2.773533332325941,
2018-12-26,71.27035522460938,123.51676177978516,1.0,1.0,0.8022105569956678,-0.1977894430043322,0.07475858755483933,0.06982634473613891,0.046161214330187654,0.0,1.0,0.6044211139913356,0.1977894430043322,0.0,0.0,0.0,0.0,2.3201436221655254e-05,0.046138012893966,13448.320810154737,-0.01088780846490578,-0.1275388118063372,-1.7142270483885558,
2018-12-27,72.1334457397461,125.20501708984376,1.0,1.0,0.8022105569956678,-0.1977894430043322,0.012110091389564204,0.013668228390479875,0.007011411878681725,0.0,1.0,0.6044211139913356,0.1977894430043322,0.0,0.0,0.0,0.0,2.3201436221655254e-05,0.006988210442460069,13542.300506073814,-0.003975684319255657,-0.11884861501491795,-1.5034388773425018,
2018-12-28,71.2113265991211,124.1901626586914,1.0,1.0,0.8022105569956678,-0.1977894430043322,-0.012783517148923673,-0.008105541253383808,-0.008651881922646312,0.0,1.0,0.6044211139913356,0.1977894430043322,0.0,0.0,0.0,0.0,2.3201436221655254e-05,-0.008675083358867967,13424.819920312782,-0.012616278285245697,-0.12970793510141476,-1.6204510735822755,
2018-12-31,71.94902038574219,125.13858032226562,1.0,1.0,0.8022105569956678,-0.1977894430043322,0.010359219829928046,0.007636817951359953,0.006799793540882174,0.0,1.0,0.6044211139913356,0.1977894430043322,0.0,0.0,0.0,0.0,2.3201436221655254e-05,0.006776592104660519,13515.794448991262,-0.00592518155240318,-0.12127775063832491,-1.4246653388414756,
2019-01-02,71.71295166015625,126.0680923461914,1.0,1.0,0.8022105569956678,-0.1977894430043322,-0.0032810554517670454,0.007427861348051401,-0.004101249880240208,0.0,1.0,0.6044211139913356,0.1977894430043322,0.0,0.0,0.0,0.0,2.3201436221655254e-05,-0.004124451316461864,13460.049212783091,-0.010025194746011046,-0.12638881266613033,-1.4550384789819024,
2019-01-03,69.67687225341797,121.5250015258789,1.0,1.0,0.8022105569956678,-0.1977894430043322,-0.028392073671533513,-0.03603680150752875,-0.015648722336471143,0.0,1.0,0.6044211139913356,0.1977894430043322,0.0,0.0,0.0,0.0,2.3201436221655254e-05,-0.0156719237726928,13249.104347543662,-0.025540004430837926,-0.14614261607186307,-1.7098577153059074,
2019-01-04,72.10395812988281,126.7604751586914,1.0,1.0,0.8022105569956678,-0.1977894430043322,0.03483345044016062,0.04308145292800192,0.019422705101235383,0.0,1.0,0.6044211139913356,0.1977894430043322,0.0,0.0,0.0,0.0,2.3201436221655254e-05,0.019399503665013727,13506.130395891982,-0.006635964175384923,-0.12230165116638325,-1.2795848349582195,
2019-01-07,71.86050415039062,129.04623413085938,1.0,1.0,0.8022105569956678,-0.1977894430043322,-0.0033764301684193754,0.01803211110802816,-0.006275169138313805,0.0,1.0,0.6044211139913356,0.1977894430043322,0.0,0.0,0.0,0.0,2.3201436221655254e-05,-0.006298370574535461,13421.063781630657,-0.012892538988424351,-0.13009010173236746,-1.3625961702424045,
2019-01-08,71.86786651611328,129.7481231689453,1.0,1.0,0.8022105569956678,-0.1977894430043322,0.00010245357738170036,0.005439050917008359,-0.000993597509969713,0.0,1.0,0.6044211139913356,0.1977894430043322,0.0,0.0,0.0,0.0,2.3201436221655254e-05,-0.0010167989461913683,13407.417258120728,-0.013896228814558653,-0.13132504765392583,-1.3401291770871384,
2019-01-09,72.23674774169922,131.27511596679688,1.0,1.0,0.8022105569956678,-0.1977894430043322,0.005132769949463212,0.011768900856186315,0.0017897978949712092,0.0,1.0,0.6044211139913356,0.1977894430043322,0.0,0.0,0.0,0.0,2.3201436221655254e-05,0.001766596458749554,13431.102753969904,-0.012154181384422591,-0.12909015092583287,-1.2597149993726462,
2019-01-10,72.96707153320312,131.52169799804688,1.0,1.0,0.8022105569956678,-0.1977894430043322,0.010110142196813277,0.0018783607954486747,0.007738942867518015,0.0,1.0,0.6044211139913356,0.1977894430043322,0.0,0.0,0.0,0.0,2.3201436221655254e-05,0.00771574143129636,13534.733669956706,-0.004532218473997762,-0.11949346015610751,-1.0663698530267607,
2019-01-11,72.22936248779297,130.9431610107422,1.0,1.0,0.8022105569956678,-0.1977894430043322,-0.010110163802784178,-0.004398794998170419,-0.007240444922970565,0.0,1.0,0.6044211139913356,0.1977894430043322,0.0,0.0,0.0,0.0,2.3201436221655254e-05,-0.007263646359192221,13436.42215101229,-0.011762944400972142,-0.12856813920213117,-1.179976120162272,
2019-01-14,73.13675689697266,130.0325927734375,1.0,1.0,0.8022105569956678,-0.1977894430043322,0.012562680576518215,-0.006953919779208562,0.011453326902473804,0.0,1.0,0.6044211139913356,0.1977894430043322,0.0,0.0,0.0,0.0,2.3201436221655254e-05,0.011430125466252149,13590.002142015888,-0.0004672708650758084,-0.1143631979290134,-0.9141555785190154,
2019-01-15,71.9711685180664,130.26023864746094,1.0,1.0,0.8022105569956678,-0.1977894430043322,-0.015937107801323624,0.0017506831877149853,-0.013131182778775022,0.0,1.0,0.6044211139913356,0.1977894430043322,0.0,0.0,0.0,0.0,2.3201436221655254e-05,-0.013154384214996677,13411.234032357184,-0.013615508419580702,-0.13085993028074272,-1.1624623338103859,
2019-01-16,71.55066680908203,130.26023864746094,1.0,1.0,0.8022105569956678,-0.1977894430043322,-0.005842641124811254,0.0,-0.004687028391060631,0.0,1.0,0.6044211139913356,0.1977894430043322,0.0,0.0,0.0,0.0,2.3201436221655254e-05,-0.004710229827282287,13348.064037797312,-0.018261606072991432,-0.13671970640825615,-1.2244447588555787,
2019-01-17,73.46134185791016,130.20335388183594,1.0,1.0,0.8022105569956678,-0.1977894430043322,0.026703804926463626,-0.0004367009166853508,0.02150844905503272,0.0,1.0,0.6044211139913356,0.1977894430043322,0.0,0.0,0.0,0.0,2.3201436221655254e-05,0.021485247618811064,13634.850498881133,0.0,-0.11025853057592339,-0.7402930395133919,
2019-01-18,74.95154571533203,131.36045837402344,1.0,1.0,0.8022105569956678,-0.1977894430043322,0.020285551825397485,0.008886902354586113,0.014515548362069126,0.0,1.0,0.6044211139913356,0.1977894430043322,0.0,0.0,0.0,0.0,2.3201436221655254e-05,0.014492346925847471,13832.451482592984,0.0,-0.09235742573127004,-0.3978088797050677,
2019-01-22,75.74825286865234,130.93365478515625,1.0,1.0,0.8022105569956678,-0.1977894430043322,0.010629629392117312,-0.0032491024631776666,0.009169839081763866,0.0,1.0,0.6044211139913356,0.1977894430043322,0.0,0.0,0.0,0.0,2.3201436221655254e-05,0.00914663764554221,13958.971904053806,0.0,-0.08098150528717563,-0.1661974355355818,
2019-01-23,74.44989013671875,129.94725036621094,1.0,1.0,0.8022105569956678,-0.1977894430043322,-0.01714049740770862,-0.007533620141925046,-0.01226021744094316,0.0,1.0,0.6044211139913356,0.1977894430043322,0.0,0.0,0.0,0.0,2.3201436221655254e-05,-0.012283418877164816,13787.508005061738,-0.012283418877164776,-0.09640611383404374,-0.4326549076198001,
2019-01-24,73.54986572265625,130.60171508789062,1.0,1.0,0.8022105569956678,-0.1977894430043322,-0.012088995865671581,0.005036387609859361,-0.010694064407026728,0.0,1.0,0.6044211139913356,0.1977894430043322,0.0,0.0,0.0,0.0,2.3201436221655254e-05,-0.010717265843248383,13639.743616455575,-0.022869040054842693,-0.10980740858553983,-0.6599036701097866,
2019-01-25,74.38346862792969,131.52169799804688,1.0,1.0,0.8022105569956678,-0.1977894430043322,0.01133384673218596,0.0070441870502016,0.007698865666852724,0.0,1.0,0.6044211139913356,0.1977894430043322,0.0,0.0,0.0,0.0,2.3201436221655254e-05,0.0076756642306310685,13744.437708647381,-0.015368910896949473,-0.10026800336326169,-0.4711462782681032,
2019-01-28,74.01463317871094,128.9798583984375,1.0,1.0,0.8022105569956678,-0.1977894430043322,-0.004958567488479004,-0.01932638977674328,-0.00015525931760667798,0.0,1.0,0.6044211139913356,0.1977894430043322,0.0,0.0,0.0,0.0,2.3201436221655254e-05,-0.00017846075382833322,13741.984865932951,-0.015544628903353508,-0.10042722981933738,-0.46069839181781597,
2019-01-29,74.73020935058594,128.0408477783203,1.0,1.0,0.8022105569956678,-0.1977894430043322,0.00966803645634795,-0.007280288812354319,0.009195765179807544,0.0,1.0,0.6044211139913356,0.1977894430043322,0.0,0.0,0.0,0.0,2.3201436221655254e-05,0.009172563743585889,13868.034098079113,-0.006514649259254046,-0.08900406842648345,-0.2348200821862007,
2019-01-30,74.64908599853516,130.5068817138672,1.0,1.0,0.8022105569956678,-0.1977894430043322,-0.001085549642584338,0.01925974388904672,-0.004680213399644672,0.0,1.0,0.6044211139913356,0.1977894430043322,0.0,0.0,0.0,0.0,2.3201436221655254e-05,-0.004703414835866328,13802.806980757909,-0.011187422997143925,-0.0947936543403265,-0.32902313892992024,
2019-01-31,77.75482177734375,128.05035400390625,0.0,1.0,0.8022105569956678,-0.1977894430043322,0.04160447160558056,-0.018822974525947278,0.03709853198739508,0.0,1.0,0.6044211139913356,0.1977894430043322,0.0,0.0,0.0,0.0,2.3201436221655254e-05,0.03707533055117342,14314.550612103554,0.0,-0.04934622673917399,0.5144223972519611,Exit Long Spread
2019-02-01,78.26384735107422,132.9253692626953,0.0,0.0,0.0,-0.0,0.006546546723341429,0.03807107990221059,0.0,0.0,0.0,0.0,0.0,0.8022105569956678,0.1977894430043322,1.0,0.001,0.0,-0.001,14300.236061491449,-0.001000000000000112,-0.05203338026918192,0.4616170740360604,
2019-02-04,78.6253433227539,134.2057647705078,0.0,0.0,0.0,-0.0,0.0046189394454134725,0.00963243897620547,0.0,0.0,0.0,0.0,0.0,0.0,0.0,0.0,0.0,0.0,0.0,14300.236061491449,-0.001000000000000112,-0.049788641150662505,0.5022181735734447,
2019-02-05,79.42205810546875,135.18267822265625,0.0,0.0,0.0,-0.0,0.010133053148580373,0.007279221230317212,0.0,0.0,0.0,0.0,0.0,0.0,0.0,0.0,0.0,0.0,0.0,14300.236061491449,-0.001000000000000112,-0.04149481477756711,0.6578133771149732,
2019-02-06,80.27780151367188,134.1963653564453,0.0,0.0,0.0,-0.0,0.010774631489236075,-0.007296148287478155,0.0,0.0,0.0,0.0,0.0,0.0,0.0,0.0,0.0,0.0,0.0,14300.236061491449,-0.001000000000000112,-0.028972315728101217,0.8943145932099656,
2019-02-07,79.62862396240234,132.94432067871094,0.0,0.0,0.0,-0.0,-0.008086638386067047,-0.009329944774649879,0.0,0.0,0.0,0.0,0.0,0.0,0.0,0.0,0.0,0.0,0.0,14300.236061491449,-0.001000000000000112,-0.034780680629864724,0.7949627602576612,
2019-02-08,79.74662780761719,133.1435546875,0.0,0.0,0.0,-0.0,0.0014819274695812013,0.0014986274537485134,0.0,0.0,0.0,0.0,0.0,0.0,0.0,0.0,0.0,0.0,0.0,14300.236061491449,-0.001000000000000112,-0.03366906841473183,0.8151851394835747,
2019-02-11,80.35894012451172,133.54188537597656,0.0,0.0,0.0,-0.0,0.007678222060645501,0.0029917384240751854,0.0,0.0,0.0,0.0,0.0,0.0,0.0,0.0,0.0,0.0,0.0,14300.236061491449,-0.001000000000000112,-0.026756702303168067,0.9349978937209891,
2019-02-12,81.63519287109375,134.67051696777344,0.0,0.0,0.0,-0.0,0.01588190118740429,0.008451517579067369,0.0,0.0,0.0,0.0,0.0,0.0,0.0,0.0,0.0,0.0,0.0,14300.236061491449,-0.001000000000000112,-0.013074611022753535,1.1787407139199357,
2019-02-13,82.63111877441406,136.09320068359375,0.0,0.0,0.0,-0.0,0.01219971275002596,0.010564180994127703,0.0,0.0,0.0,0.0,0.0,0.0,0.0,0.0,0.0,0.0,0.0,14300.236061491449,-0.001000000000000112,-0.0035397102758809584,1.3368958439490504,
2019-02-14,82.47616577148438,136.01724243164062,0.0,0.0,0.0,-0.0,-0.0018752378671371694,-0.0005581340696786397,0.0,0.0,0.0,0.0,0.0,0.0,0.0,0.0,0.0,0.0,0.0,14300.236061491449,-0.001000000000000112,-0.00527905914859228,1.2916254601356876,
2019-02-15,81.79012298583984,137.67990112304688,0.0,0.0,0.0,-0.0,-0.008318073218211208,0.012223881779119816,-0.0,0.0,0.0,0.0,0.0,0.0,0.0,0.0,0.0,0.0,0.0,14300.236061491449,-0.001000000000000112,-0.01662751432753229,1.0857401264709332,
2019-02-19,81.71633911132812,137.2333526611328,0.0,0.0,0.0,-0.0,-0.0009021122822433503,-0.0032433816284845873,0.0,0.0,0.0,0.0,0.0,0.0,0.0,0.0,0.0,0.0,0.0,14300.236061491449,-0.001000000000000112,-0.016729060471670998,1.1002715566042358,
2019-02-20,81.9376449584961,137.5088653564453,0.0,0.0,0.0,-0.0,0.0027082202846417935,0.0020076219808811135,0.0,0.0,0.0,0.0,0.0,0.0,0.0,0.0,0.0,0.0,0.0,14300.236061491449,-0.001000000000000112,-0.014518994881634883,1.1390415417554987,
2019-02-21,82.44668579101562,136.8153076171875,0.0,0.0,0.0,-0.0,0.006212539215367574,-0.005043731089337422,0.0,0.0,0.0,0.0,0.0,0.0,0.0,0.0,0.0,0.0,0.0,14300.236061491449,-0.001000000000000112,-0.0070789675034328425,1.268394546412398,
2019-02-22,81.41388702392578,138.59197998046875,0.0,0.0,0.0,-0.0,-0.012526868207992758,0.012985917981140016,-0.0,0.0,0.0,0.0,0.0,0.0,0.0,0.0,0.0,0.0,0.0,14300.236061491449,-0.001000000000000112,-0.022866097594578916,0.984247850087673,
2019-02-25,82.5003890991211,138.77252197265625,0.0,0.0,0.0,-0.0,0.013345414583583404,0.0013026871555839037,0.0,0.0,0.0,0.0,0.0,0.0,0.0,0.0,0.0,0.0,0.0,14300.236061491449,-0.001000000000000112,-0.009929924321352201,1.2277647900614197,
2019-02-26,82.63435363769531,139.70361328125,0.0,0.0,0.0,-0.0,0.0016238049303411994,0.006709478903735855,0.0,0.0,0.0,0.0,0.0,0.0,0.0,0.0,0.0,0.0,0.0,14300.236061491449,-0.001000000000000112,-0.009956170504228146,1.2400112439579372,
2019-02-27,82.70130920410156,139.87464904785156,0.0,0.0,0.0,-0.0,0.0008102630862196758,0.0012242758979843504,0.0,0.0,0.0,0.0,0.0,0.0,0.0,0.0,0.0,0.0,0.0,14300.236061491449,-0.001000000000000112,-0.009447902863213953,1.2700645274731366,
2019-02-28,82.00922393798828,140.729736328125,0.0,0.0,0.0,-0.0,-0.008368492261776161,0.006113239862220565,-0.0,0.0,0.0,0.0,0.0,0.0,0.0,0.0,0.0,0.0,0.0,14300.236061491449,-0.001000000000000112,-0.019354272182864785,1.1123027515673778,
2019-03-01,83.44551086425781,142.012451171875,0.0,0.0,0.0,-0.0,0.017513724155658217,0.009114739195980714,0.0,0.0,0.0,0.0,0.0,0.0,0.0,0.0,0.0,0.0,0.0,14300.236061491449,-0.001000000000000112,-0.004229255193681336,1.4363240497807355,
2019-03-04,82.21759796142578,140.57772827148438,0.0,0.0,0.0,-0.0,-0.014715146328596385,-0.010102796540383707,0.0,0.0,0.0,0.0,0.0,0.0,0.0,0.0,0.0,0.0,0.0,14300.236061491449,-0.001000000000000112,-0.016550175065086936,1.2350969581540339,
2019-03-05,81.83805847167969,140.56822204589844,0.0,0.0,0.0,-0.0,-0.004616280445509546,-6.762255801695538e-05,0.0,0.0,0.0,0.0,0.0,0.0,0.0,0.0,0.0,0.0,0.0,14300.236061491449,-0.001000000000000112,-0.021160470159297784,1.129213321049357,
2019-03-06,81.00457763671875,140.43521118164062,0.0,0.0,0.0,-0.0,-0.010184513788891625,-0.0009462370820509935,0.0,0.0,0.0,0.0,0.0,0.0,0.0,0.0,0.0,0.0,0.0,14300.236061491449,-0.001000000000000112,-0.031163790521431256,0.9300815099137126,
2019-03-07,79.52363586425781,139.5040740966797,0.0,0.0,0.0,-0.0,-0.018282198557994067,-0.006630367677210147,0.0,0.0,0.0,0.0,0.0,0.0,0.0,0.0,0.0,0.0,0.0,14300.236061491449,-0.001000000000000112,-0.047974976337093356,0.5975259531593649,
2019-03-08,79.38970184326172,139.99818420410156,0.0,0.0,0.0,-0.0,-0.0016842039418910604,0.003541904497208037,-0.0,0.0,0.0,0.0,0.0,0.0,0.0,0.0,0.0,0.0,0.0,14300.236061491449,-0.001000000000000112,-0.05053233337051921,0.5419697843383442,
2019-03-11,80.98967742919922,143.15248107910156,0.0,0.0,0.0,-0.0,0.0201534399146166,0.0225309841904906,0.0,0.0,0.0,0.0,0.0,0.0,0.0,0.0,0.0,0.0,0.0,14300.236061491449,-0.001000000000000112,-0.03607276771777723,0.8095487955435251,
2019-03-12,81.12364959716797,144.15960693359375,0.0,0.0,0.0,-0.0,0.0016541881906599887,0.00703533635533482,0.0,0.0,0.0,0.0,0.0,0.0,0.0,0.0,0.0,0.0,0.0,14300.236061491449,-0.001000000000000112,-0.03614847393782017,0.7856122316624715,
2019-03-13,82.5003890991211,144.86273193359375,0.0,0.0,0.0,-0.0,0.016970877281650143,0.004877406472978851,0.0,0.0,0.0,0.0,0.0,0.0,0.0,0.0,0.0,0.0,0.0,14300.236061491449,-0.001000000000000112,-0.02051962152541642,1.054859425110679,
2019-03-14,82.51526641845703,146.50640869140625,0.0,0.0,0.0,-0.0,0.00018033029296460334,0.011346443187099098,0.0,0.0,0.0,0.0,0.0,0.0,0.0,0.0,0.0,0.0,0.0,14300.236061491449,-0.001000000000000112,-0.023121083761000083,0.9722922328775238,
2019-03-15,81.503173828125,147.7035675048828,0.0,0.0,0.0,-0.0,-0.01226551927008801,0.008171375055668673,-0.0,0.0,0.0,0.0,0.0,0.0,0.0,0.0,0.0,0.0,0.0,14300.236061491449,-0.001000000000000112,-0.03746895610334011,0.6719607347098497,
2019-03-18,82.37388610839844,147.22845458984375,0.0,0.0,0.0,-0.0,0.010683170229782712,-0.0032166651291165582,0.0,0.0,0.0,0.0,0.0,0.0,0.0,0.0,0.0,0.0,0.0,14300.236061491449,-0.001000000000000112,-0.026048082901241276,0.8623825561259687,
2019-03-19,82.12085723876953,146.87689208984375,0.0,0.0,0.0,-0.0,-0.003071712184319453,-0.0023878706122358873,0.0,0.0,0.0,0.0,0.0,0.0,0.0,0.0,0.0,0.0,0.0,14300.236061491449,-0.001000000000000112,-0.028535075748657324,0.7872856681965403,
2019-03-20,80.31249237060547,146.07887268066406,0.0,0.0,0.0,-0.0,-0.02202077436802896,-0.005433253644089531,0.0,0.0,0.0,0.0,0.0,0.0,0.0,0.0,0.0,0.0,0.0,14300.236061491449,-0.001000000000000112,-0.04945867549035632,0.3501981138119167,
2019-03-21,81.71156311035156,148.02659606933594,0.0,0.0,0.0,-0.0,0.017420337713963896,0.013333368151941416,0.0,0.0,0.0,0.0,0.0,0.0,0.0,0.0,0.0,0.0,0.0,14300.236061491449,-0.001000000000000112,-0.03545402466698189,0.6059433131037503,
2019-03-22,79.88832092285156,145.43276977539062,0.0,0.0,0.0,-0.0,-0.022313147834875036,-0.01752270445191051,0.0,0.0,0.0,0.0,0.0,0.0,0.0,0.0,0.0,0.0,0.0,14300.236061491449,-0.001000000000000112,-0.05366125748299222,0.19830138423974497,
2019-03-25,79.55342864990234,145.3947296142578,0.0,0.0,0.0,-0.0,-0.004192005403050425,-0.000261565266147068,0.0,0.0,0.0,0.0,0.0,0.0,0.0,0.0,0.0,0.0,0.0,14300.236061491449,-0.001000000000000112,-0.05779757517685424,0.08523723913240865,
2019-03-26,80.67713928222656,147.55152893066406,0.0,0.0,0.0,-0.0,0.014125231952847983,0.014834095583301954,0.0,0.0,0.0,0.0,0.0,0.0,0.0,0.0,0.0,0.0,0.0,14300.236061491449,-0.001000000000000112,-0.04740174091190674,0.2911992459969769,
2019-03-27,81.10132598876953,146.52537536621094,0.0,0.0,0.0,-0.0,0.0052578302889381145,-0.006954543757627385,0.0,0.0,0.0,0.0,0.0,0.0,0.0,0.0,0.0,0.0,0.0,14300.236061491449,-0.001000000000000112,-0.0404370133812233,0.42102242072877366,
2019-03-28,82.08365631103516,146.95294189453125,0.0,0.0,0.0,-0.0,0.012112383001008586,0.002918037420151176,0.0,0.0,0.0,0.0,0.0,0.0,0.0,0.0,0.0,0.0,0.0,14300.236061491449,-0.001000000000000112,-0.029115808860578296,0.6517752878705521,
2019-03-29,83.1552734375,148.39710998535156,0.0,0.0,0.0,-0.0,0.013055182659069464,0.00982741871106474,0.0,0.0,0.0,0.0,0.0,0.0,0.0,0.0,0.0,0.0,0.0,14300.236061491449,-0.001000000000000112,-0.01855628643526841,0.8664455696562887,
2019-04-01,85.15713500976562,149.4136962890625,0.0,0.0,0.0,-0.0,0.024073777759509474,0.0068504454285618355,0.0,0.0,0.0,0.0,0.0,0.0,0.0,0.0,0.0,0.0,0.0,14300.236061491449,-0.001000000000000112,0.0035490299952385396,1.3558167802509453,
2019-04-02,84.5989761352539,149.9077606201172,0.0,0.0,0.0,-0.0,-0.006554458113788186,0.003306687026193744,-0.0,0.0,0.0,0.0,0.0,0.0,0.0,0.0,0.0,0.0,0.0,14300.236061491449,-0.001000000000000112,-0.0038409398751992896,1.1461385260246537,
2019-04-03,85.09759521484375,150.55386352539062,0.0,0.0,0.0,-0.0,0.00589391387896554,0.004310003048546118,0.0,0.0,0.0,0.0,0.0,0.0,0.0,0.0,0.0,0.0,0.0,14300.236061491449,-0.001000000000000112,0.0009753012521236393,1.2328533096269028,
2019-04-04,84.81478881835938,149.77474975585938,0.0,0.0,0.0,-0.0,-0.0033233183119967258,-0.005174983565930602,0.0,0.0,0.0,0.0,0.0,0.0,0.0,0.0,0.0,0.0,0.0,14300.236061491449,-0.001000000000000112,-0.0010743179018277704,1.1570263323006114,
2019-04-05,85.08271789550781,149.78424072265625,0.0,0.0,0.0,-0.0,0.0031589900874744448,6.336827010122725e-05,0.0,0.0,0.0,0.0,0.0,0.0,0.0,0.0,0.0,0.0,0.0,14300.236061491449,-0.001000000000000112,0.0020640697577740674,1.2115595610293126,
2019-04-08,84.81478881835938,149.8792266845703,0.0,0.0,0.0,-0.0,-0.003149042294082416,0.0006341519071417778,-0.0,0.0,0.0,0.0,0.0,0.0,0.0,0.0,0.0,0.0,0.0,14300.236061491449,-0.001000000000000112,-0.0012462453035149146,1.0992108885297385,
2019-04-09,84.0259780883789,149.63226318359375,0.0,0.0,0.0,-0.0,-0.009300391370068661,-0.0016477500347417129,0.0,0.0,0.0,0.0,0.0,0.0,0.0,0.0,0.0,0.0,0.0,14300.236061491449,-0.001000000000000112,-0.010183558402882875,0.8428293654716714,
2019-04-10,84.15250396728516,150.64883422851562,0.0,0.0,0.0,-0.0,0.0015057947766246027,0.006793795825132731,0.0,0.0,0.0,0.0,0.0,0.0,0.0,0.0,0.0,0.0,0.0,14300.236061491449,-0.001000000000000112,-0.010348279751305922,0.8150362724513507,
2019-04-11,84.45758056640625,149.9838104248047,0.0,0.0,0.0,-0.0,0.0036252824899862812,-0.004414397277725857,0.0,0.0,0.0,0.0,0.0,0.0,0.0,0.0,0.0,0.0,0.0,14300.236061491449,-0.001000000000000112,-0.005638749336698279,0.9391566573071725,
2019-04-12,85.179443359375,151.67498779296875,0.0,0.0,0.0,-0.0,0.008547045607127934,0.011275732783252224,0.0,0.0,0.0,0.0,0.0,0.0,0.0,0.0,0.0,0.0,0.0,14300.236061491449,-0.001000000000000112,0.0001074398544445021,1.1211850829962284,
2019-04-15,84.5692138671875,152.43504333496094,0.0,0.0,0.0,-0.0,-0.007164046489631537,0.005011080291166037,-0.0,0.0,0.0,0.0,0.0,0.0,0.0,0.0,0.0,0.0,0.0,14300.236061491449,-0.001000000000000112,-0.008314815843494694,0.8328874862671903,
2019-04-16,84.79248046875,152.23548889160156,0.0,0.0,0.0,-0.0,0.002640045843551597,-0.0013091113368260965,0.0,0.0,0.0,0.0,0.0,0.0,0.0,0.0,0.0,0.0,0.0,14300.236061491449,-0.001000000000000112,-0.005355268715309114,0.909575409752905,
2019-04-17,85.2017822265625,152.43504333496094,0.0,0.0,0.0,-0.0,0.004827099709193483,0.0013108273557782546,0.0,0.0,0.0,0.0,0.0,0.0,0.0,0.0,0.0,0.0,0.0,14300.236061491449,-0.001000000000000112,-0.0008627621794314866,1.0367443872686228,
2019-04-18,84.94877624511719,152.16900634765625,0.0,0.0,0.0,-0.0,-0.002969491656554024,-0.0017452482151371074,0.0,0.0,0.0,0.0,0.0,0.0,0.0,0.0,0.0,0.0,0.0,14300.236061491449,-0.001000000000000112,-0.0034059950103988434,0.9296805731041715,
2019-04-22,84.5543441772461,152.3970184326172,0.0,0.0,0.0,-0.0,-0.0046431753970530565,0.0014984134445881203,-0.0,0.0,0.0,0.0,0.0,0.0,0.0,0.0,0.0,0.0,0.0,14300.236061491449,-0.001000000000000112,-0.008429149027861627,0.7371514934846364,
2019-04-23,84.5394515991211,153.5941925048828,0.0,0.0,0.0,-0.0,-0.0001761302540976839,0.007855626603318067,-0.0,0.0,0.0,0.0,0.0,0.0,0.0,0.0,0.0,0.0,0.0,14300.236061491449,-0.001000000000000112,-0.010534574946601927,0.6396643951539972,
2019-04-24,85.15713500976562,153.43264770507812,0.0,0.0,0.0,-0.0,0.007306451591069463,-0.001051763723420418,0.0,0.0,0.0,0.0,0.0,0.0,0.0,0.0,0.0,0.0,0.0,14300.236061491449,-0.001000000000000112,-0.002995231544103305,0.9778132400258731,
2019-04-25,78.23619079589844,152.9861297607422,1.0,0.0,0.0,-0.0,-0.08127262868899365,-0.0029101886137963273,0.0,0.0,0.0,0.0,0.0,0.0,0.0,0.0,0.0,0.0,0.0,14300.236061491449,-0.001000000000000112,-0.08704252100016174,-2.994272202524771,Enter Long Spread
2019-04-26,77.35806274414062,154.80079650878906,1.0,1.0,0.8022105569956678,-0.1977894430043322,-0.01122406450038782,0.011861642299761943,-0.011350170658197958,0.0,1.0,0.6044211139913356,0.1977894430043322,0.8022105569956678,0.1977894430043322,1.0,0.001,2.3201436221655254e-05,-0.012373372094419613,14123.293919664578,-0.013360998722325212,-0.1012373950132921,-3.596976853472198,
2019-04-29,78.02039337158203,155.9599609375,1.0,1.0,0.8022105569956678,-0.1977894430043322,0.008561882290564204,0.007488103775002974,0.005387364486428379,0.0,1.0,0.6044211139913356,0.1977894430043322,0.0,0.0,0.0,0.0,2.3201436221655254e-05,0.005364163050206723,14199.053571055656,-0.00806850624777844,-0.09455131301883113,-3.02476246835977,
2019-04-30,79.04736328125,156.2259521484375,1.0,1.0,0.8022105569956678,-0.1977894430043322,0.013162839422981243,0.0017055096021991734,0.010222036950896803,0.0,1.0,0.6044211139913356,0.1977894430043322,0.0,0.0,0.0,0.0,2.3201436221655254e-05,0.010198835514675148,14343.867382890914,0.0,-0.08189449562638718,-2.3650561615422006,
2019-05-01,77.85667419433594,154.66778564453125,1.0,1.0,0.8022105569956678,-0.1977894430043322,-0.015062982969812677,-0.009973800655257103,-0.01011097148199014,0.0,1.0,0.6044211139913356,0.1977894430043322,0.0,0.0,0.0,0.0,2.3201436221655254e-05,-0.010134172918211795,14198.504150516797,-0.010134172918211948,-0.09460063653008755,-2.7040653040586666,
2019-05-02,78.51899719238281,153.0811004638672,1.0,1.0,0.8022105569956678,-0.1977894430043322,0.00850695210013308,-0.010258666173127318,0.00885342265093346,0.0,1.0,0.6044211139913356,0.1977894430043322,0.0,0.0,0.0,0.0,2.3201436221655254e-05,0.008830221214711805,14323.880083083865,-0.0013934386921961028,-0.08358727064070348,-2.1598116903943647,
2019-05-03,79.36736297607422,153.9552001953125,1.0,1.0,0.8022105569956678,-0.1977894430043322,0.01080459269764722,0.005710043426632172,0.007538172017206775,0.0,1.0,0.6044211139913356,0.1977894430043322,0.0,0.0,0.0,0.0,2.3201436221655254e-05,0.0075149705809851195,14431.523620513799,0.0,-0.07424446904686866,-1.7318751206478284,
2019-05-06,77.85667419433594,154.18321228027344,1.0,1.0,0.8022105569956678,-0.1977894430043322,-0.01903413097136275,0.0014810287971545044,-0.015562312669327968,0.0,1.0,0.6044211139913356,0.1977894430043322,0.0,0.0,0.0,0.0,2.3201436221655254e-05,-0.015585514105549623,14206.600905561709,-0.015585514105549647,-0.09382696678103764,-2.307720880195094,
2019-05-07,75.973876953125,152.21652221679688,1.0,1.0,0.8022105569956678,-0.1977894430043322,-0.024182862428869467,-0.012755539558363393,-0.016876836474344563,0.0,1.0,0.6044211139913356,0.1977894430043322,0.0,0.0,0.0,0.0,2.3201436221655254e-05,-0.01690003791056622,13966.50881167743,-0.03222215623687652,-0.11514185725736592,-2.8035214700583286,
2019-05-08,75.7952651977539,152.7390899658203,1.0,1.0,0.8022105569956678,-0.1977894430043322,-0.0023509627589664017,0.00343305537015981,-0.0025649892538134496,0.0,1.0,0.6044211139913356,0.1977894430043322,0.0,0.0,0.0,0.0,2.3201436221655254e-05,-0.0025881906900351048,13930.360823598752,-0.03472694984212654,-0.118340577009872,-2.6790603502220853,
2019-05-09,74.9766845703125,151.83653259277344,1.0,1.0,0.8022105569956678,-0.1977894430043322,-0.010799891329698275,-0.005909144628587493,-0.007495020414369575,0.0,1.0,0.6044211139913356,0.1977894430043322,0.0,0.0,0.0,0.0,2.3201436221655254e-05,-0.0075182218505912305,13825.629280468153,-0.0419840867796103,-0.12773795660190657,-2.726794519133708,
2019-05-10,74.88737487792969,152.69163513183594,1.0,1.0,0.8022105569956678,-0.1977894430043322,-0.0011911661991276246,0.00563173120763949,-0.002069463078785714,0.0,1.0,0.6044211139913356,0.1977894430043322,0.0,0.0,0.0,0.0,2.3201436221655254e-05,-0.0020926645150073694,13796.696876675269,-0.04398889268601902,-0.13031447192533196,-2.5950033461939293,
2019-05-13,73.934814453125,149.48023986816406,1.0,1.0,0.8022105569956678,-0.1977894430043322,-0.012719906744727116,-0.02103190041091063,-0.006044155607023892,0.0,1.0,0.6044211139913356,0.1977894430043322,0.0,0.0,0.0,0.0,2.3201436221655254e-05,-0.0060673570432455476,13712.98739070705,-0.04978935341140134,-0.13787513046590427,-2.5945445734028083,
2019-05-14,74.23992919921875,152.21652221679688,1.0,1.0,0.8022105569956678,-0.1977894430043322,0.004126807490498097,0.01830531146488723,-0.00031002882309448965,0.0,1.0,0.6044211139913356,0.1977894430043322,0.0,0.0,0.0,0.0,2.3201436221655254e-05,-0.0003332302593161449,13708.417808362845,-0.050105992351569206,-0.1382292793527986,-2.4266142522818908,
2019-05-15,75.56456756591797,154.66778564453125,1.0,1.0,0.8022105569956678,-0.1977894430043322,0.01784266742960683,0.016103793412407086,0.011128415847696521,0.0,1.0,0.6044211139913356,0.1977894430043322,0.0,0.0,0.0,0.0,2.3201436221655254e-05,0.011105214411474867,13860.652727366796,-0.03955721572845805,-0.12448277226882842,-1.980947388968987,
2019-05-16,75.3934097290039,156.8849334716797,1.0,1.0,0.8022105569956678,-0.1977894430043322,-0.0022650541441232575,0.014334903793373321,-0.004652342983394462,0.0,1.0,0.6044211139913356,0.1977894430043322,0.0,0.0,0.0,0.0,2.3201436221655254e-05,-0.004675544419616117,13795.846629855117,-0.04404780862881963,-0.1302596524583559,-2.0073481464764087,
2019-05-17,74.6796875,156.14276123046875,1.0,1.0,0.8022105569956678,-0.1977894430043322,-0.009466639479091432,-0.004730678879020012,-0.006658559788885389,0.0,1.0,0.6044211139913356,0.1977894430043322,0.0,0.0,0.0,0.0,2.3201436221655254e-05,-0.006681761225107045,13703.666076776228,-0.05043525291417961,-0.13860224277624877,-2.0809304636279053,
2019-05-20,74.01853942871094,155.552734375,1.0,1.0,0.8022105569956678,-0.1977894430043322,-0.00885311780782505,-0.003778765347936086,-0.006354664674351249,0.0,1.0,0.6044211139913356,0.1977894430043322,0.0,0.0,0.0,0.0,2.3201436221655254e-05,-0.006377866110572904,13616.26592931455,-0.056491449734413,-0.14656134207072014,-2.1302743046663224,
2019-05-21,74.68721008300781,155.92385864257812,1.0,1.0,0.8022105569956678,-0.1977894430043322,0.009033826652860233,0.002385842133018512,0.006775136724407316,0.0,1.0,0.6044211139913356,0.1977894430043322,0.0,0.0,0.0,0.0,2.3201436221655254e-05,0.006751935288185661,13708.202075736011,-0.050120941059169755,-0.1381556182735213,-1.857503041430712,
2019-05-22,73.25218963623047,156.28546142578125,1.0,1.0,0.8022105569956678,-0.1977894430043322,-0.019213737468335657,0.002319098477623127,-0.01587215623260335,0.0,1.0,0.6044211139913356,0.1977894430043322,0.0,0.0,0.0,0.0,2.3201436221655254e-05,-0.015895357668825008,13490.305300745658,-0.0652196084431611,-0.15812746310827697,-2.148183403707958,
2019-05-23,72.25297546386719,153.6876983642578,1.0,1.0,0.8022105569956678,-0.1977894430043322,-0.0136407413529257,-0.01662191119905987,-0.007655108160834843,0.0,1.0,0.6044211139913356,0.1977894430043322,0.0,0.0,0.0,0.0,2.3201436221655254e-05,-0.007678309597056498,13386.722560087721,-0.07239714169479217,-0.16772942781172473,-2.2065907172500565,
2019-05-24,72.01256561279297,154.76300048828125,1.0,1.0,0.8022105569956678,-0.1977894430043322,-0.00332733495791393,0.006996670100913649,-0.004053090712044067,0.0,1.0,0.6044211139913356,0.1977894430043322,0.0,0.0,0.0,0.0,2.3201436221655254e-05,-0.004076292148265722,13332.154368025022,-0.07617832194281071,-0.17278137144847738,-2.1719789907474163,
2019-05-28,70.67521667480469,155.78115844726562,1.0,1.0,0.8022105569956678,-0.1977894430043322,-0.018571049741223256,0.00657882023333789,-0.016199113346478493,0.0,1.0,0.6044211139913356,0.1977894430043322,0.0,0.0,0.0,0.0,2.3201436221655254e-05,-0.01622231478270015,13115.875963135368,-0.09116484800733682,-0.1931437604475188,-2.3915974896076677,
2019-05-29,71.20114135742188,154.84860229492188,1.0,1.0,0.8022105569956678,-0.1977894430043322,0.007441430070700861,-0.005986321848154952,0.007153625025852482,0.0,1.0,0.6044211139913356,0.1977894430043322,0.0,0.0,0.0,0.0,2.3201436221655254e-05,0.007130423589630826,13209.397714501582,-0.0846844684004825,-0.18424948501429572,-2.1084420465916915,
2019-05-30,71.93743896484375,154.87716674804688,1.0,1.0,0.8022105569956678,-0.1977894430043322,0.010341092760377757,0.0001844669742034899,0.008259248163166106,0.0,1.0,0.6044211139913356,0.1977894430043322,0.0,0.0,0.0,0.0,2.3201436221655254e-05,0.008236046726944451,13318.190931313009,-0.07714588691233093,-0.17400697272668553,-1.8392512860388983,
2019-05-31,69.81123352050781,153.51641845703125,1.0,1.0,0.8022105569956678,-0.1977894430043322,-0.029556312748011848,-0.008785983883791482,-0.021972611253700584,0.0,1.0,0.6044211139913356,0.1977894430043322,0.0,0.0,0.0,0.0,2.3201436221655254e-05,-0.02199581268992224,13025.246498219227,-0.0974448131239316,-0.20183307005326268,-2.1770070828700074,
2019-06-03,70.72030639648438,150.9186248779297,1.0,1.0,0.8022105569956678,-0.1977894430043322,0.013021870981688277,-0.016921926691695677,0.013793260828256507,0.0,1.0,0.6044211139913356,0.1977894430043322,0.0,0.0,0.0,0.0,2.3201436221655254e-05,0.013770059392034852,13204.6049160956,-0.08501657459605894,-0.18468735608921794,-1.8091691995137318,
2019-06-04,73.37239837646484,154.4679718017578,1.0,1.0,0.8022105569956678,-0.1977894430043322,0.037501138147109536,0.023518282960098613,0.025432140833868043,0.0,1.0,0.6044211139913356,0.1977894430043322,0.0,0.0,0.0,0.0,2.3201436221655254e-05,0.025408939397646386,13540.11992217854,-0.061767816190119174,-0.15360371295419317,-1.2713670803235277,
2019-06-05,73.78563690185547,157.37974548339844,1.0,1.0,0.8022105569956678,-0.1977894430043322,0.005632070567876957,0.018850339314207876,0.0007897083538956386,0.0,1.0,0.6044211139913356,0.1977894430043322,0.0,0.0,0.0,0.0,2.3201436221655254e-05,0.0007665069176739833,13550.498517765023,-0.06104865473084464,-0.1525918363396901,-1.2130358306368076,
2019-06-06,73.62783813476562,158.835693359375,1.0,1.0,0.8022105569956678,-0.1977894430043322,-0.0021386108965859574,0.00925117696374822,-0.003545401377341495,0.0,1.0,0.6044211139913356,0.1977894430043322,0.0,0.0,0.0,0.0,2.3201436221655254e-05,-0.00356860281356315,13502.142170629344,-0.064399399143371,-0.1570031800844358,-1.2376458991059327,
2019-06-07,73.8006591796875,161.8140411376953,1.0,1.0,0.8022105569956678,-0.1977894430043322,0.0023472242198059323,0.01875112397804468,-0.0018258063185583968,0.0,1.0,0.6044211139913356,0.1977894430043322,0.0,0.0,0.0,0.0,2.3201436221655254e-05,-0.001849007754780052,13477.176605049708,-0.0661293319097318,-0.1592390887651316,-1.2282956927793975,
2019-06-10,75.19808197021484,162.54678344726562,1.0,1.0,0.8022105569956678,-0.1977894430043322,0.01893509903651336,0.004528298684208565,0.014294286670342653,0.0,1.0,0.6044211139913356,0.1977894430043322,0.0,0.0,0.0,0.0,2.3201436221655254e-05,0.014271085234120998,13669.510541095673,-0.05280198400777014,-0.14159498417311678,-0.9276084947262142,
2019-06-11,75.13797760009766,162.0614776611328,1.0,1.0,0.8022105569956678,-0.1977894430043322,-0.0007992806271440722,-0.0029856375859338424,-5.066376196243905e-05,0.0,1.0,0.6044211139913356,0.1977894430043322,0.0,0.0,0.0,0.0,2.3201436221655254e-05,-7.386519818409431e-05,13668.500839990476,-0.05287194897694092,-0.14165735786637423,-0.899202955504305,
2019-06-12,75.43097686767578,163.2794647216797,1.0,1.0,0.8022105569956678,-0.1977894430043322,0.0038994830169309935,0.007515586542371722,0.0016417027669408013,0.0,1.0,0.6044211139913356,0.1977894430043322,0.0,0.0,0.0,0.0,2.3201436221655254e-05,0.0016185013307191461,13690.623326788935,-0.05133902096599874,-0.13961153895926692,-0.8395528260271626,
2019-06-13,76.64808654785156,161.14797973632812,1.0,1.0,0.8022105569956678,-0.1977894430043322,0.016135409227310937,-0.013054213455346741,0.015525981231786836,0.0,1.0,0.6044211139913356,0.1977894430043322,0.0,0.0,0.0,0.0,2.3201436221655254e-05,0.015502779795565181,13902.866045488172,-0.03663213870738935,-0.12036514075793536,-0.5255683646014893,
2019-06-14,76.34758758544922,161.4429168701172,1.0,1.0,0.8022105569956678,-0.1977894430043322,-0.003920501814676625,0.0018302254503694826,-0.0035070672168551944,0.0,1.0,0.6044211139913356,0.1977894430043322,0.0,0.0,0.0,0.0,2.3201436221655254e-05,-0.0035302686530768496,13853.785193299858,-0.040033086069492296,-0.12474418763425565,-0.5731754805633781,
2019-06-17,76.18229675292969,161.34780883789062,1.0,1.0,0.8022105569956678,-0.1977894430043322,-0.002164977804105961,-0.0005891124495915889,-0.0016202478268434624,0.0,1.0,0.6044211139913356,0.1977894430043322,0.0,0.0,0.0,0.0,2.3201436221655254e-05,-0.0016434492630651176,13831.017200233267,-0.041610742986758265,-0.12676622066223553,-0.5822247267185946,
2019-06-18,76.74577331542969,161.08135986328125,1.0,1.0,0.8022105569956678,-0.1977894430043322,0.007396423926774531,-0.001651395060946137,0.0062601178673585235,0.0,1.0,0.6044211139913356,0.1977894430043322,0.0,0.0,0.0,0.0,2.3201436221655254e-05,0.006236916431136868,13917.280098668738,-0.03563334928226747,-0.11898951900969035,-0.446905816701257,
2019-06-19,76.30250549316406,162.42306518554688,1.0,1.0,0.8022105569956678,-0.1977894430043322,-0.005775794589283345,0.008329364262906758,-0.006280863712702074,0.0,1.0,0.6044211139913356,0.1977894430043322,0.0,0.0,0.0,0.0,2.3201436221655254e-05,-0.0063040651489237294,13829.544658230912,-0.04171277947584129,-0.1268272031597233,-0.5490186276711074,
2019-06-20,77.68490600585938,165.3253631591797,1.0,1.0,0.8022105569956678,-0.1977894430043322,0.018117367231396564,0.017868755095326705,0.010999692140508204,0.0,1.0,0.6044211139913356,0.1977894430043322,0.0,0.0,0.0,0.0,2.3201436221655254e-05,0.01097649070428655,13981.344526616502,-0.03119414870772108,-0.11323874099652187,-0.3251932719497948,
2019-06-21,76.76078796386719,165.03988647460938,1.0,1.0,0.8022105569956678,-0.1977894430043322,-0.011895721955594407,-0.001726756736626367,-0.009201339482721676,0.0,1.0,0.6044211139913356,0.1977894430043322,0.0,0.0,0.0,0.0,2.3201436221655254e-05,-0.009224540918943331,13852.373041928882,-0.040130937925478505,-0.1247796738118927,-0.4823815621879912,
2019-06-24,74.92010498046875,165.4300537109375,1.0,1.0,0.8022105569956678,-0.1977894430043322,-0.02397946962536246,0.002364078433779948,-0.019704173441258604,0.0,1.0,0.6044211139913356,0.1977894430043322,0.0,0.0,0.0,0.0,2.3201436221655254e-05,-0.01972737487748026,13579.10208598805,-0.059066634746318014,-0.14963352007659902,-0.8362443330549288,
2019-06-25,72.97420501708984,162.98448181152344,1.0,1.0,0.8022105569956678,-0.1977894430043322,-0.0259730010240401,-0.014783117363229015,-0.01791187106920352,0.0,1.0,0.6044211139913356,0.1977894430043322,0.0,0.0,0.0,0.0,2.3201436221655254e-05,-0.017935072505425177,13335.559905517284,-0.07594234287491641,-0.17227770720094404,-1.1472093956749907,
2019-06-26,75.1079330444336,162.77516174316406,1.0,1.0,0.8022105569956678,-0.1977894430043322,0.02923948300422108,-0.0012842944679938295,0.0237102418345596,0.0,1.0,0.6044211139913356,0.1977894430043322,0.0,0.0,0.0,0.0,2.3201436221655254e-05,0.023687040398337942,13651.439851733729,-0.05405415182020101,-0.14314069029749343,-0.6708796716977503,
2019-06-27,76.40767669677734,162.93692016601562,1.0,1.0,0.8022105569956678,-0.1977894430043322,0.017305011596775444,0.0009937537221238468,0.013685708996683362,0.0,1.0,0.6044211139913356,0.1977894430043322,0.0,0.0,0.0,0.0,2.3201436221655254e-05,0.013662507560461707,13837.952751919229,-0.041130159517657194,-0.12622859892773208,-0.37994171701471047,
2019-06-28,77.58723449707031,165.14450073242188,1.0,1.0,0.8022105569956678,-0.1977894430043322,0.015437687039929537,0.013548682300837278,0.009704489193301417,0.0,1.0,0.6044211139913356,0.1977894430043322,0.0,0.0,0.0,0.0,2.3201436221655254e-05,0.009681287757079762,13971.921954479434,-0.03184706467036236,-0.11422693571070774,-0.16065850947155488,
2019-07-01,77.36181640625,165.51560974121094,1.0,1.0,0.8022105569956678,-0.1977894430043322,-0.0029053502458425973,0.0022471775151045037,-0.002775170628029269,0.0,1.0,0.6044211139913356,0.1977894430043322,0.0,0.0,0.0,0.0,2.3201436221655254e-05,-0.0027983720642509244,13932.823318398125,-0.034556316798511344,-0.11768994710765401,-0.19021792932869347,
2019-07-02,76.63307189941406,166.79074096679688,1.0,1.0,0.8022105569956678,-0.1977894430043322,-0.009419950832191937,0.0077039937657823465,-0.009080552639807435,0.0,1.0,0.6044211139913356,0.1977894430043322,0.0,0.0,0.0,0.0,2.3201436221655254e-05,-0.00910375407602909,13805.982321322665,-0.04334547866463345,-0.1290467291363835,-0.3541823644665899,
2019-07-03,77.53463745117188,168.30374145507812,1.0,1.0,0.8022105569956678,-0.1977894430043322,0.0117647058823529,0.00907124987580965,0.00764357379848302,0.0,1.0,0.6044211139913356,0.1977894430043322,0.0,0.0,0.0,0.0,2.3201436221655254e-05,0.007620372362261364,13911.189047437942,-0.036055414990016965,-0.11957717283061742,-0.161092071243622,
2019-07-05,76.94862365722656,168.10394287109375,1.0,1.0,0.8022105569956678,-0.1977894430043322,-0.007558090334972678,-0.001187130970809136,-0.005828377883952475,0.0,1.0,0.6044211139913356,0.1977894430043322,0.0,0.0,0.0,0.0,2.3201436221655254e-05,-0.00585157932017413,13829.786621288922,-0.04169601318945515,-0.126871102701841,-0.2634630009937018,
2019-07-08,76.57296752929688,167.65673828125,1.0,1.0,0.8022105569956678,-0.1977894430043322,-0.004881908344495867,-0.002660286143238655,-0.003390141897736511,0.0,1.0,0.6044211139913356,0.1977894430043322,0.0,0.0,0.0,0.0,2.3201436221655254e-05,-0.0034133433339581663,13782.580811315082,-0.04496703371474042,-0.13110818424484028,-0.31335320359527147,
2019-07-09,76.43022918701172,169.1221160888672,1.0,1.0,0.8022105569956678,-0.1977894430043322,-0.0018640826768342444,0.00874034543818314,-0.0032241348583528736,0.0,1.0,0.6044211139913356,0.1977894430043322,0.0,0.0,0.0,0.0,2.3201436221655254e-05,-0.003247336294574529,13737.824136413592,-0.04806834692867379,-0.13511962380358566,-0.3610509527642232,
2019-07-10,76.34758758544922,170.62557983398438,1.0,1.0,0.8022105569956678,-0.1977894430043322,-0.0010812685300247704,0.008889811574538165,-0.002625715909474427,0.0,1.0,0.6044211139913356,0.1977894430043322,0.0,0.0,0.0,0.0,2.3201436221655254e-05,-0.002648917345696082,13701.433775766525,-0.05058993519641142,-0.13838362433314955,-0.39716490406517807,
2019-07-11,77.63229370117188,171.98635864257812,1.0,1.0,0.8022105569956678,-0.1977894430043322,0.016827068887864893,0.007975233314475805,0.011921435350038805,0.0,1.0,0.6044211139913356,0.1977894430043322,0.0,0.0,0.0,0.0,2.3201436221655254e-05,0.01189823391381715,13864.45663978527,-0.03929363216524595,-0.12365510040675343,-0.059368537338204914,
2019-07-12,79.57069396972656,171.59620666503906,0.0,1.0,0.8022105569956678,-0.1977894430043322,0.02496899390885088,-0.0022685053664627253,0.0204790769241257,0.0,1.0,0.6044211139913356,0.1977894430043322,0.0,0.0,0.0,0.0,2.3201436221655254e-05,0.020455875487904042,14148.066238516161,-0.019641542324381867,-0.09843279023030793,0.5408926132327018,Exit Long Spread
2019-07-15,79.48052215576172,171.82456970214844,0.0,0.0,0.0,-0.0,-0.0011332289498335868,0.001330816348144248,-0.0,0.0,0.0,0.0,0.0,0.8022105569956678,0.1977894430043322,1.0,0.001,0.0,-0.001,14133.918172277647,-0.02062190078205728,-0.09989456374930339,0.5818593592711565,
2019-07-16,79.34529113769531,170.62557983398438,0.0,0.0,0.0,-0.0,-0.001701435954351016,-0.006977988481172814,0.0,0.0,0.0,0.0,0.0,0.0,0.0,0.0,0.0,0.0,0.0,14133.918172277647,-0.02062190078205728,-0.09987095644203392,0.6683183964766869,
2019-07-17,76.80587768554688,170.4733123779297,0.0,0.0,0.0,-0.0,-0.03200458925459804,-0.0008924069661937484,0.0,0.0,0.0,0.0,0.0,0.0,0.0,0.0,0.0,0.0,0.0,14133.918172277647,-0.02062190078205728,-0.13217876302287923,-0.12472198291116317,
2019-07-18,77.2341079711914,171.7864990234375,0.0,0.0,0.0,-0.0,0.005575488472350454,0.007703180205688387,0.0,0.0,0.0,0.0,0.0,0.0,0.0,0.0,0.0,0.0,0.0,14133.918172277647,-0.02062190078205728,-0.1285107438475641,0.037683978254892746,
2019-07-19,77.6172866821289,170.55897521972656,0.0,0.0,0.0,-0.0,0.0049612628539768,-0.007145636069709194,0.0,0.0,0.0,0.0,0.0,0.0,0.0,0.0,0.0,0.0,0.0,14133.918172277647,-0.02062190078205728,-0.12179362674468952,0.36014537814774517,
2019-07-22,78.1431884765625,171.82456970214844,0.0,0.0,0.0,-0.0,0.006775575608399587,0.00742027489782604,0.0,0.0,0.0,0.0,0.0,0.0,0.0,0.0,0.0,0.0,0.0,14133.918172277647,-0.02062190078205728,-0.11686365760114392,0.5688006430150518,
2019-07-23,79.08984375,172.13856506347656,0.0,0.0,0.0,-0.0,0.012114367123903902,0.0018274182899011837,0.0,0.0,0.0,0.0,0.0,0.0,0.0,0.0,0.0,0.0,0.0,14133.918172277647,-0.02062190078205728,-0.10527223102035155,1.0040308093325696,
2019-07-24,85.94174194335938,174.4508514404297,-1.0,0.0,0.0,-0.0,0.08663436249814782,0.013432703915595257,0.0,0.0,0.0,0.0,0.0,0.0,0.0,0.0,0.0,0.0,0.0,14133.918172277647,-0.02062190078205728,-0.02547691312282474,3.545525985973086,Enter Short Spread
2019-07-25,88.84178161621094,172.79515075683594,0.0,-1.0,-0.8022105569956678,0.1977894430043322,0.03374425055013264,-0.009490929221168787,-0.02894719963347179,0.0,1.0,-0.6044211139913356,0.8022105569956678,0.8022105569956678,0.1977894430043322,1.0,0.001,9.410227761279378e-05,-0.030041301911084582,13709.31686927769,-0.050043693945767576,0.010061708836785144,4.070078869492157,Stop Short Spread
2019-07-26,90.59232330322266,174.79347229003906,-1.0,0.0,0.0,-0.0,0.01970403626723649,0.011564685261423957,0.0,0.0,0.0,0.0,0.0,0.8022105569956678,0.1977894430043322,1.0,0.001,0.0,-0.001,13695.607552408414,-0.05099365025182179,0.02673915787476222,3.9066761802937937,Enter Short Spread
2019-07-29,89.2174301147461,174.33670043945312,-1.0,-1.0,-0.8022105569956678,0.1977894430043322,-0.015176707455383798,-0.0026132088607291326,0.011658049816126139,0.0,1.0,-0.6044211139913356,0.8022105569956678,0.8022105569956678,0.1977894430043322,1.0,0.001,9.410227761279378e-05,0.010563947538513344,13840.287232100121,-0.04096839695936605,0.01209124993112276,3.2095430558278646,
2019-07-30,90.01380920410156,172.7380828857422,-1.0,-1.0,-0.8022105569956678,0.1977894430043322,0.008926272459666373,-0.009169713259923329,-0.008974422479953725,0.0,1.0,-0.6044211139913356,0.8022105569956678,0.0,0.0,0.0,0.0,9.410227761279378e-05,-0.00906852475756652,13714.77624468399,-0.049665398794828786,0.02324919161406247,3.165312193512594,
2019-07-31,89.75836181640625,169.37901306152344,-1.0,-1.0,-0.8022105569956678,0.1977894430043322,-0.002837868877608507,-0.019446029318506475,-0.0015696509345663181,0.0,1.0,-0.6044211139913356,0.8022105569956678,0.0,0.0,0.0,0.0,9.410227761279378e-05,-0.001663753212179112,13691.958241652579,-0.051246521040228865,0.0252490448166538,2.935940425015076,
2019-08-01,87.88761901855469,170.49234008789062,-1.0,-1.0,-0.8022105569956678,0.1977894430043322,-0.020841989091534674,0.006572992758924645,0.018019732254676877,0.0,1.0,-0.6044211139913356,0.8022105569956678,0.0,0.0,0.0,0.0,9.410227761279378e-05,0.017925629977064084,13937.395218753856,-0.03423951723694374,0.002571490889302419,2.330908852481387,
2019-08-02,88.05289459228516,168.82711791992188,-1.0,-1.0,-0.8022105569956678,0.1977894430043322,0.001880533066842771,-0.009767137732465292,-0.003440420210851617,0.0,1.0,-0.6044211139913356,0.8022105569956678,0.0,0.0,0.0,0.0,9.410227761279378e-05,-0.003534522488464411,13888.133181922554,-0.03765301938174004,0.006870237181984651,2.267153615357983,
2019-08-05,86.28732299804688,160.68173217773438,-1.0,-1.0,-0.8022105569956678,0.1977894430043322,-0.020051261260785047,-0.048246903948517494,0.006542605205819237,0.0,1.0,-0.6044211139913356,0.8022105569956678,0.0,0.0,0.0,0.0,9.410227761279378e-05,0.006448502928206443,13977.690849413504,-0.031447322059272476,-0.001192699375946349,2.010778049339305,
2019-08-06,86.40003204345703,164.12637329101562,-1.0,-1.0,-0.8022105569956678,0.1977894430043322,0.0013062063057942552,0.021437664796089217,0.003192291291209605,0.0,1.0,-0.6044211139913356,0.8022105569956678,0.0,0.0,0.0,0.0,9.410227761279378e-05,0.003098189013596811,14020.99637763861,-0.028446562793386643,-0.005117061774923659,1.850504044211817,
2019-08-07,86.70807647705078,166.828857421875,-1.0,-1.0,-0.8022105569956678,0.1977894430043322,0.003565327770235216,0.016465873684222254,0.00039663240814949647,0.0,1.0,-0.6044211139913356,0.8022105569956678,0.0,0.0,0.0,0.0,9.410227761279378e-05,0.00030253013053670267,14025.23815150299,-0.028152638605205338,-0.0055847655534895235,1.7595575079982955,
2019-08-08,88.31586456298828,171.18701171875,-1.0,-1.0,-0.8022105569956678,0.1977894430043322,0.01854254126330468,0.026123503836354534,-0.0097080690818367,0.0,1.0,-0.6044211139913356,0.8022105569956678,0.0,0.0,0.0,0.0,9.410227761279378e-05,-0.009802171359449495,13887.76036378487,-0.03767885297682583,0.006429756978842516,1.8641408841210425,
2019-08-09,86.96350860595703,170.378173828125,-1.0,-1.0,-0.8022105569956678,0.1977894430043322,-0.015312718317632812,-0.00472487884743189,0.011349493135209478,0.0,1.0,-0.6044211139913356,0.8022105569956678,0.0,0.0,0.0,0.0,9.410227761279378e-05,0.011255390857596683,14044.072534815909,-0.02684755233654923,-0.007833705979838568,1.5704085921550064,
2019-08-12,86.31739044189453,167.7994384765625,-1.0,-1.0,-0.8022105569956678,0.1977894430043322,-0.007429761913012811,-0.01513536208084898,0.0029666186069431956,0.0,1.0,-0.6044211139913356,0.8022105569956678,0.0,0.0,0.0,0.0,9.410227761279378e-05,0.002872516329330402,14084.414362502466,-0.024052156039708228,-0.011530970350190461,1.4557532432705977,
2019-08-13,87.02362060546875,169.95950317382812,-1.0,-1.0,-0.8022105569956678,0.1977894430043322,0.008181783067800596,0.012872895862326317,-0.0040173898495757445,0.0,1.0,-0.6044211139913356,0.8022105569956678,0.0,0.0,0.0,0.0,9.410227761279378e-05,-0.004111492127188538,14026.506403734977,-0.028064757916697602,-0.006536105284869587,1.4743985583990755,
2019-08-14,85.67877960205078,165.1064910888672,-1.0,-1.0,-0.8022105569956678,0.1977894430043322,-0.015453746857016615,-0.0285539319328173,0.006749492581261801,0.0,1.0,-0.6044211139913356,0.8022105569956678,0.0,0.0,0.0,0.0,9.410227761279378e-05,0.006655390303649008,14119.858278448468,-0.021596149530761388,-0.014967909370868782,1.2984945254700675,
2019-08-15,85.5736083984375,167.974853515625,-1.0,-1.0,-0.8022105569956678,0.1977894430043322,-0.0012275058550292872,0.017372802291667266,0.004420875044371743,0.0,1.0,-0.6044211139913356,0.8022105569956678,0.0,0.0,0.0,0.0,9.410227761279378e-05,0.004326772766758949,14180.951696718153,-0.01736281839565912,-0.020442747976265885,1.1755953362092946,
2019-08-16,87.36176300048828,169.8425750732422,-1.0,-1.0,-0.8022105569956678,0.1977894430043322,0.02089609910715695,0.01111905454016937,-0.014563839699554163,0.0,1.0,-0.6044211139913356,0.8022105569956678,0.0,0.0,0.0,0.0,9.410227761279378e-05,-0.014657941977166957,13973.088129566651,-0.03176625718822235,-0.0024883129248369773,1.3907630705864142,
2019-08-19,88.4906997680664,171.28155517578125,-1.0,-1.0,-0.8022105569956678,0.1977894430043322,0.012922550195922922,0.008472434558405073,-0.008690848078278208,0.0,1.0,-0.6044211139913356,0.8022105569956678,0.0,0.0,0.0,0.0,9.410227761279378e-05,-0.008784950355891002,13850.335244029919,-0.0402721425517224,0.008271327487441082,1.4917349902852142,
2019-08-20,87.16475677490234,170.8050994873047,-1.0,-1.0,-0.8022105569956678,0.1977894430043322,-0.01498398132955614,-0.0027817104298685225,0.011470115051872882,0.0,1.0,-0.6044211139913356,0.8022105569956678,0.0,0.0,0.0,0.0,9.410227761279378e-05,0.011376012774260088,14007.896834693789,-0.02935426618557746,-0.006139246091594774,1.2381710539697115,
2019-08-21,87.8390884399414,172.42506408691406,-1.0,-1.0,-0.8022105569956678,0.1977894430043322,0.007736288036465089,0.009484287087867527,-0.004330240074409082,0.0,1.0,-0.6044211139913356,0.8022105569956678,0.0,0.0,0.0,0.0,9.410227761279378e-05,-0.004424342352021876,13945.921103465302,-0.033648735214501846,-0.0007601136152919352,1.2766026911371606,
2019-08-22,87.30115509033203,171.61509704589844,-1.0,-1.0,-0.8022105569956678,0.1977894430043322,-0.006124077095553848,-0.004697501754195921,0.003983683042434379,0.0,1.0,-0.6044211139913356,0.8022105569956678,0.0,0.0,0.0,0.0,9.410227761279378e-05,0.003889580764821585,14000.164889937061,-0.029890033922930992,-0.005742095924109902,1.166353560333598,
2019-08-23,84.31584930419922,166.9838104248047,-1.0,-1.0,-0.8022105569956678,0.1977894430043322,-0.03419549011744305,-0.026986475553809286,0.022094343205415874,0.0,1.0,-0.6044211139913356,0.8022105569956678,0.0,0.0,0.0,0.0,9.410227761279378e-05,0.02200024092780308,14308.171890544645,-0.008547380942772742,-0.03379083920259607,0.725208814635795,
2019-08-26,86.64952850341797,169.2327423095703,-1.0,-1.0,-0.8022105569956678,0.1977894430043322,0.027677823546545577,0.013467963625002799,-0.019539621219910226,0.0,1.0,-0.6044211139913356,0.8022105569956678,0.0,0.0,0.0,0.0,9.410227761279378e-05,-0.019633723497523018,14027.24919989066,-0.02801328752623733,-0.009787561215819585,1.0546093755550523,
2019-08-27,86.4752426147461,169.985595703125,-1.0,-1.0,-0.8022105569956678,0.1977894430043322,-0.0020113887713191225,0.004448627276733008,0.002493448817773646,0.0,1.0,-0.6044211139913356,0.8022105569956678,0.0,0.0,0.0,0.0,9.410227761279378e-05,0.0023993465401608524,14060.905431726394,-0.025681154570580955,-0.012895376678074166,0.9775655037954782,
2019-08-28,88.14216613769531,170.2619171142578,-1.0,-1.0,-0.8022105569956678,0.1977894430043322,0.019276309294389504,0.001625557800882138,-0.015142140643865147,0.0,1.0,-0.6044211139913356,0.8022105569956678,0.0,0.0,0.0,0.0,9.410227761279378e-05,-0.015236242921477941,13846.67006087268,-0.04052611318251764,0.005797033259980822,1.2238578851651556,
2019-08-29,89.6878662109375,172.6442413330078,-1.0,-1.0,-0.8022105569956678,0.1977894430043322,0.017536443009892766,0.013992114379584253,-0.011300427205097984,0.0,1.0,-0.6044211139913356,0.8022105569956678,0.0,0.0,0.0,0.0,9.410227761279378e-05,-0.011394529482710778,13688.893770626697,-0.05145886667375055,0.019755566538592895,1.389102437244537,
2019-08-30,89.90758514404297,172.3107147216797,-1.0,-1.0,-0.8022105569956678,0.1977894430043322,0.0024498178224992007,-0.0019318722058315752,-0.0023473736474719756,0.0,1.0,-0.6044211139913356,0.8022105569956678,0.0,0.0,0.0,0.0,9.410227761279378e-05,-0.0024414759250847694,13655.47266604467,-0.0537747070147192,0.022679162892482507,1.3859257391418593,
2019-09-03,88.89985656738281,170.76690673828125,-1.0,-1.0,-0.8022105569956678,0.1977894430043322,-0.011208493421835941,-0.008959442747898949,0.0072194885602771515,0.0,1.0,-0.6044211139913356,0.8022105569956678,0.0,0.0,0.0,0.0,9.410227761279378e-05,0.007125386282664358,13752.773183662603,-0.04703248629177181,0.013626336250526894,1.2084063223256862,
2019-09-04,90.52131652832033,173.21604919433594,-1.0,-1.0,-0.8022105569956678,0.1977894430043322,0.01823917409482556,0.014342020376396869,-0.011794957787946647,0.0,1.0,-0.6044211139913356,0.8022105569956678,0.0,0.0,0.0,0.0,9.410227761279378e-05,-0.011889060065559441,13589.265637214023,-0.0583623743027758,0.028190185107086707,1.3826433498701167,
2019-09-05,91.83211517333984,176.03675842285156,-1.0,-1.0,-0.8022105569956678,0.1977894430043322,0.014480552153805837,0.016284341096771016,-0.008395581053686502,0.0,1.0,-0.6044211139913356,0.8022105569956678,0.0,0.0,0.0,0.0,9.410227761279378e-05,-0.008489683331299297,13473.897075249168,-0.06635657955778185,0.03858424124521642,1.4863703081748114,
2019-09-06,90.98350524902344,176.99920654296875,-1.0,-1.0,-0.8022105569956678,0.1977894430043322,-0.00924088400571621,0.005467313353983316,0.008494511568372467,0.0,1.0,-0.6044211139913356,0.8022105569956678,0.0,0.0,0.0,0.0,9.410227761279378e-05,0.008400409290759673,13587.083325422831,-0.05851359269444234,0.027956070678045508,1.2805867565687898,
2019-09-09,92.1806640625,173.00636291503906,-1.0,-1.0,-0.8022105569956678,0.1977894430043322,0.01315797638483951,-0.022558539701478142,-0.015017308567164423,0.0,1.0,-0.6044211139913356,0.8022105569956678,0.0,0.0,0.0,0.0,9.410227761279378e-05,-0.015111410844777217,13381.763327110146,-0.07274078060000977,0.046653859635522155,1.5051100707502874,
2019-09-10,92.7413558959961,168.05108642578125,-1.0,-1.0,-0.8022105569956678,0.1977894430043322,0.006082531940927893,-0.02864216324628055,-0.010544588851196692,0.0,1.0,-0.6044211139913356,0.8022105569956678,0.0,0.0,0.0,0.0,9.410227761279378e-05,-0.010638691128809486,13239.398880314191,-0.08260560503154724,0.05988295856964321,1.6355996856886825,
2019-09-11,93.08231353759766,166.7455596923828,-1.0,-1.0,-0.8022105569956678,0.1977894430043322,0.0036764358069545366,-0.007768630130070675,-0.004485828642789168,0.0,1.0,-0.6044211139913356,0.8022105569956678,0.0,0.0,0.0,0.0,9.410227761279378e-05,-0.0045799309204019615,13178.763348014703,-0.08680720798726682,0.06547553023551145,1.6500122128333246,
2019-09-12,92.8625946044922,169.6043701171875,-1.0,-1.0,-0.8022105569956678,0.1977894430043322,-0.002360479931740267,0.01714474694305923,0.005284651869136368,0.0,1.0,-0.6044211139913356,0.8022105569956678,0.0,0.0,0.0,0.0,9.410227761279378e-05,0.005190549591523575,13247.168372727529,-0.08206723551370276,0.05892095556969568,1.495779283784401,
2019-09-13,92.94593048095705,168.92776489257812,-1.0,-1.0,-0.8022105569956678,0.1977894430043322,0.0008974105970200874,-0.003989314804458632,-0.0015089566080321085,0.0,1.0,-0.6044211139913356,0.8022105569956678,0.0,0.0,0.0,0.0,9.410227761279378e-05,-0.0016030588856449023,13225.932381757995,-0.083538735788237,0.06080351848420196,1.468417671830849,
2019-09-16,92.8701629638672,167.82237243652344,-1.0,-1.0,-0.8022105569956678,0.1977894430043322,-0.0008151784236036796,-0.0065435806645379735,-0.0006403064376429255,0.0,1.0,-0.6044211139913356,0.8022105569956678,0.0,0.0,0.0,0.0,9.410227761279378e-05,-0.0007344087152557192,13216.219141749449,-0.0842117929278684,0.061606665274641204,1.4261050467665963,
2019-09-17,92.73377990722656,168.14637756347656,-1.0,-1.0,-0.8022105569956678,0.1977894430043322,-0.0014685346971309299,0.0019306432286056996,0.0015599348861788747,0.0,1.0,-0.6044211139913356,0.8022105569956678,0.0,0.0,0.0,0.0,9.410227761279378e-05,0.0014658326085660808,13235.59190672938,-0.08286940071140192,0.05966149938656984,1.3509112071021168,
2019-09-18,91.71088409423828,167.0409393310547,-1.0,-1.0,-0.8022105569956678,0.1977894430043322,-0.011030455288370766,-0.0065742613575160425,0.007548428188731718,0.0,1.0,-0.6044211139913356,0.8022105569956678,0.0,0.0,0.0,0.0,9.410227761279378e-05,0.007454325911118925,13334.254322428707,-0.07603281032124498,0.05019602961980718,1.181630641868622,
2019-09-19,90.25613403320312,167.67945861816406,-1.0,-1.0,-0.8022105569956678,0.1977894430043322,-0.01586234911376838,0.00382253170789415,0.013481000335186653,0.0,1.0,-0.6044211139913356,0.8022105569956678,0.0,0.0,0.0,0.0,9.410227761279378e-05,0.013386898057573858,13512.758625716822,-0.06366375574447258,0.03326585744243382,0.9143383776710979,
2019-09-20,91.45327758789062,165.86883544921875,-1.0,-1.0,-0.8022105569956678,0.1977894430043322,0.013263847022819464,-0.010798121510330105,-0.012776152547102623,0.0,1.0,-0.6044211139913356,0.8022105569956678,0.0,0.0,0.0,0.0,9.410227761279378e-05,-0.012870254824715417,13338.845978818976,-0.07571464180965815,0.04911932475232872,1.1179566613971086,
2019-09-23,90.2031021118164,166.6788330078125,-1.0,-1.0,-0.8022105569956678,0.1977894430043322,-0.01367010028561022,0.004883361943188724,0.011932176203037863,0.0,1.0,-0.6044211139913356,0.8022105569956678,0.0,0.0,0.0,0.0,9.410227761279378e-05,0.01183807392542507,13496.752223596095,-0.06477288341121279,0.034153838742123854,0.8642658592764556,
2019-09-24,89.3999252319336,166.26907348632812,-1.0,-1.0,-0.8022105569956678,0.1977894430043322,-0.008904093773706268,-0.002458377672137746,0.0066567168752801505,0.0,1.0,-0.6044211139913356,0.8022105569956678,0.0,0.0,0.0,0.0,9.410227761279378e-05,0.006562614597667357,13585.326206759766,-0.05863534828375283,0.025816739487370288,0.710389630852168,
2019-09-25,90.2031021118164,167.0314178466797,-1.0,-1.0,-0.8022105569956678,0.1977894430043322,0.00898408894413616,0.004585003959947098,-0.006300265616563496,0.0,1.0,-0.6044211139913356,0.8022105569956678,0.0,0.0,0.0,0.0,9.410227761279378e-05,-0.006394367894176289,13498.45663303135,-0.06465478018939963,0.033632837236870605,0.8033970103083977,
2019-09-26,89.74848175048828,167.3839874267578,-1.0,-1.0,-0.8022105569956678,0.1977894430043322,-0.005039963711719997,0.002110797984135937,0.004460605653993766,0.0,1.0,-0.6044211139913356,0.8022105569956678,0.0,0.0,0.0,0.0,9.410227761279378e-05,0.004366503376380972,13557.397689495412,-0.060570592129014944,0.028060249660967873,0.6904123119078671,
2019-09-27,90.1273193359375,165.81167602539062,-1.0,-1.0,-0.8022105569956678,0.1977894430043322,0.004221102998738457,-0.009393439752145794,-0.00524413660422573,0.0,1.0,-0.6044211139913356,0.8022105569956678,0.0,0.0,0.0,0.0,9.410227761279378e-05,-0.005338238881838524,13485.0250620128,-0.0655854907208544,0.0345994194677981,0.7687020352257496,
2019-09-30,90.7865219116211,163.91531372070312,-1.0,-1.0,-0.8022105569956678,0.1977894430043322,0.007314126066775728,-0.011436844196648144,-0.008129556189347055,0.0,1.0,-0.6044211139913356,0.8022105569956678,0.0,0.0,0.0,0.0,9.410227761279378e-05,-0.00822365846695985,13374.128821484415,-0.07326979651173782,0.044722993040058556,0.9083757691865735,
2019-10-01,87.7481689453125,166.0880126953125,-1.0,-1.0,-0.8022105569956678,0.1977894430043322,-0.03346700481891318,0.013255009097633552,0.02946928544319534,0.0,1.0,-0.6044211139913356,0.8022105569956678,0.0,0.0,0.0,0.0,9.410227761279378e-05,0.029375183165582547,13766.996305295617,-0.04604692703919244,0.007436525067768818,0.25536033442676226,
2019-10-02,87.3163070678711,161.8379364013672,-1.0,-1.0,-0.8022105569956678,0.1977894430043322,-0.0049216055745910925,-0.025589301870581393,-0.0011131298145463063,0.0,1.0,-0.6044211139913356,0.8022105569956678,0.0,0.0,0.0,0.0,9.410227761279378e-05,-0.0012072320921591002,13750.376345543229,-0.04719856980328452,0.008894080095814827,0.24949583745097015,
2019-10-03,87.81637573242188,164.73486328125,-1.0,-1.0,-0.8022105569956678,0.1977894430043322,0.005727093613362211,0.017900171889848382,-0.0010538699297667144,0.0,1.0,-0.6044211139913356,0.8022105569956678,0.0,0.0,0.0,0.0,9.410227761279378e-05,-0.0011479722073795082,13734.591295657538,-0.04829235936430176,0.010230485075463314,0.24096675551609142,
2019-10-04,89.02108764648438,167.69850158691406,-1.0,-1.0,-0.8022105569956678,0.1977894430043322,0.01371853374743326,0.017990352780420826,-0.007446850742801427,0.0,1.0,-0.6044211139913356,0.8022105569956678,0.0,0.0,0.0,0.0,9.410227761279378e-05,-0.00754095302041422,13631.019387942393,-0.055469141971504876,0.019459577775429837,0.3887701432090987,
2019-10-07,87.56633758544922,166.6692657470703,-1.0,-1.0,-0.8022105569956678,0.1977894430043322,-0.016341634319411824,-0.00613741822439795,0.011895515037506571,0.0,1.0,-0.6044211139913356,0.8022105569956678,0.0,0.0,0.0,0.0,9.410227761279378e-05,0.011801412759893777,13791.884674077617,-0.044322343451453916,0.004500823271702092,0.05825547635571525,
2019-10-08,85.42205810546875,164.3059539794922,0.0,-1.0,-0.8022105569956678,0.1977894430043322,-0.024487486163139227,-0.014179649481174117,0.01683953494147753,0.0,1.0,-0.6044211139913356,0.8022105569956678,0.0,0.0,0.0,0.0,9.410227761279378e-05,0.01674543266386474,14022.835750195172,-0.02831910760536016,-0.016770373357622104,-0.42439971192429776,Exit Short Spread
2019-10-09,86.27067565917969,166.6502685546875,0.0,0.0,0.0,-0.0,0.009934407722454575,0.014267983103569915,0.0,0.0,0.0,0.0,0.0,0.8022105569956678,0.1977894430043322,1.0,0.001,0.0,-0.001,14008.812914444978,-0.029290788497754683,-0.010377977368738467,-0.3332154199893957,
2019-10-10,87.34658813476562,166.6502685546875,0.0,0.0,0.0,-0.0,0.012471357936692629,0.0,0.0,0.0,0.0,0.0,0.0,0.0,0.0,0.0,0.0,0.0,0.0,14008.812914444978,-0.029290788497754683,0.0020162537721044593,-0.11606165114803378,
2019-10-11,87.90729522705078,168.7276611328125,0.0,0.0,0.0,-0.0,0.006419335938114168,0.012465581940801274,0.0,0.0,0.0,0.0,0.0,0.0,0.0,0.0,0.0,0.0,0.0,14008.812914444978,-0.029290788497754683,0.005360613958168559,-0.09847671041473344,
2019-10-14,87.79363250732422,169.01351928710938,0.0,0.0,0.0,-0.0,-0.001292983926225788,0.0016941985230973788,-0.0,0.0,0.0,0.0,0.0,0.0,0.0,0.0,0.0,0.0,0.0,14008.812914444978,-0.029290788497754683,0.003649432851044132,-0.2257908331435904,
2019-10-15,88.25582885742188,170.338134765625,0.0,0.0,0.0,-0.0,0.005264577132733317,0.007837334457638567,0.0,0.0,0.0,0.0,0.0,0.0,0.0,0.0,0.0,0.0,0.0,14008.812914444978,-0.029290788497754683,0.006975395308918886,-0.2171443126754437,
2019-10-16,89.02867889404297,169.4995574951172,0.0,0.0,0.0,-0.0,0.008756929107420763,-0.004923015457822477,0.0,0.0,0.0,0.0,0.0,0.0,0.0,0.0,0.0,0.0,0.0,14008.812914444978,-0.029290788497754683,0.016910999151349637,0.07072180638663748,
2019-10-17,89.70301055908203,169.5662384033203,0.0,0.0,0.0,-0.0,0.0075743195722539625,0.00039339871553978334,0.0,0.0,0.0,0.0,0.0,0.0,0.0,0.0,0.0,0.0,0.0,14008.812914444978,-0.029290788497754683,0.024359802042200007,0.35448751825504,
2019-10-18,88.91500854492188,167.4412078857422,0.0,0.0,0.0,-0.0,-0.00878456597218824,-0.012532155796979194,0.0,0.0,0.0,0.0,0.0,0.0,0.0,0.0,0.0,0.0,0.0,14008.812914444978,-0.029290788497754683,0.01864582120266145,0.10491509799017149,
2019-10-21,89.80150604248047,168.12730407714844,0.0,0.0,0.0,-0.0,0.009970167152497211,0.004097534890422194,0.0,0.0,0.0,0.0,0.0,0.0,0.0,0.0,0.0,0.0,0.0,14008.812914444978,-0.029290788497754683,0.02755840846233837,0.4842188336364552,
2019-10-22,87.96790313720703,162.81942749023438,0.0,0.0,0.0,-0.0,-0.020418398154770978,-0.031570580495827394,0.0,0.0,0.0,0.0,0.0,0.0,0.0,0.0,0.0,0.0,0.0,14008.812914444978,-0.029290788497754683,0.014838094089975273,-0.059971584550724065,
2019-10-23,87.24810028076172,163.25782775878906,0.0,0.0,0.0,-0.0,-0.008182562398044269,0.0026925550305167967,-0.0,0.0,0.0,0.0,0.0,0.0,0.0,0.0,0.0,0.0,0.0,14008.812914444978,-0.029290788497754683,0.0059588986130227894,-0.42592892044088926,
2019-10-24,86.38433837890625,167.87005615234375,0.0,0.0,0.0,-0.0,-0.009900065434959693,0.028251192955777826,-0.0,0.0,0.0,0.0,0.0,0.0,0.0,0.0,0.0,0.0,0.0,14008.812914444978,-0.029290788497754683,-0.010859409025282929,-1.10662196942533,
2019-10-25,87.67997741699219,169.48049926757812,0.0,0.0,0.0,-0.0,0.01499854096703146,0.009593391174974597,0.0,0.0,0.0,0.0,0.0,0.0,0.0,0.0,0.0,0.0,0.0,14008.812914444978,-0.029290788497754683,0.0016737360204146512,-0.5767033331991859,
2019-10-28,88.0815658569336,171.3768310546875,0.0,0.0,0.0,-0.0,0.00458016130674288,0.01118908544230468,0.0,0.0,0.0,0.0,0.0,0.0,0.0,0.0,0.0,0.0,0.0,14008.812914444978,-0.029290788497754683,0.0035000291668982886,-0.4967606728473519,
2019-10-29,88.58163452148438,169.2708740234375,0.0,0.0,0.0,-0.0,0.005677336224505947,-0.01228845823726299,0.0,0.0,0.0,0.0,0.0,0.0,0.0,0.0,0.0,0.0,0.0,14008.812914444978,-0.029290788497754683,0.012209866930113389,-0.13954401499760016,
2019-10-30,88.55890655517578,170.81460571289062,0.0,0.0,0.0,-0.0,-0.0002565765063081704,0.009119889634641831,-0.0,0.0,0.0,0.0,0.0,0.0,0.0,0.0,0.0,0.0,0.0,14008.812914444978,-0.029290788497754683,0.009714889738384525,-0.257125302268923,
2019-10-31,87.26323699951172,170.4429473876953,0.0,0.0,0.0,-0.0,-0.014630595679913982,-0.0021757994501946376,0.0,0.0,0.0,0.0,0.0,0.0,0.0,0.0,0.0,0.0,0.0,14008.812914444978,-0.029290788497754683,-0.004486748783371741,-0.8631452497852745,
2019-11-01,90.5516128540039,172.41552734375,0.0,0.0,0.0,-0.0,0.037683404461727577,0.011573256542952048,0.0,0.0,0.0,0.0,0.0,0.0,0.0,0.0,0.0,0.0,0.0,14008.812914444978,-0.029290788497754683,0.029666919342302256,0.574635333087851,
2019-11-04,93.21112060546876,170.52871704101562,0.0,0.0,0.0,-0.0,0.0293700760002229,-0.010943389680748372,0.0,0.0,0.0,0.0,0.0,0.0,0.0,0.0,0.0,0.0,0.0,14008.812914444978,-0.029290788497754683,0.06132698302679107,1.8345857912606691,
2019-11-05,91.97606658935548,168.07012939453125,0.0,0.0,0.0,-0.0,-0.013250071537503016,-0.01441744058798633,0.0,0.0,0.0,0.0,0.0,0.0,0.0,0.0,0.0,0.0,0.0,14008.812914444978,-0.029290788497754683,0.05156891951203035,1.378540293064127,
2019-11-06,92.40039825439452,168.45130920410156,0.0,0.0,0.0,-0.0,0.004613500889677491,0.0022679806991492413,0.0,0.0,0.0,0.0,0.0,0.0,0.0,0.0,0.0,0.0,0.0,14008.812914444978,-0.029290788497754683,0.0556132608104567,1.4884856221183802,
2019-11-07,93.56723022460938,170.03317260742188,0.0,0.0,0.0,-0.0,0.012627997197613317,0.009390626946114589,0.0,0.0,0.0,0.0,0.0,0.0,0.0,0.0,0.0,0.0,0.0,14008.812914444978,-0.029290788497754683,0.06585768240009182,1.8319345851921365,
2019-11-08,94.18097686767578,170.54779052734375,0.0,0.0,0.0,-0.0,0.006559418736592937,0.003026573650484421,0.0,0.0,0.0,0.0,0.0,0.0,0.0,0.0,0.0,0.0,0.0,14008.812914444978,-0.029290788497754683,0.07165059028588883,1.984415062925525,
2019-11-11,93.30205535888672,171.09095764160156,0.0,0.0,0.0,-0.0,-0.009332261546022735,0.0031848381769021827,-0.0,0.0,0.0,0.0,0.0,0.0,0.0,0.0,0.0,0.0,0.0,14008.812914444978,-0.029290788497754683,0.06149051869860167,1.515800350761183,
2019-11-12,93.2035675048828,171.28155517578125,0.0,0.0,0.0,-0.0,-0.0010555807546263063,0.0011140129017159772,-0.0,0.0,0.0,0.0,0.0,0.0,0.0,0.0,0.0,0.0,0.0,14008.812914444978,-0.029290788497754683,0.06015986727045308,1.408616522016212,
2019-11-13,93.21112060546876,170.96710205078125,0.0,0.0,0.0,-0.0,8.103874978360182e-05,-0.001835884340711913,0.0,0.0,0.0,0.0,0.0,0.0,0.0,0.0,0.0,0.0,0.0,14008.812914444978,-0.029290788497754683,0.06069396617298173,1.379991096068395,
2019-11-14,94.01426696777344,171.57797241210938,0.0,0.0,0.0,-0.0,0.008616422129545276,0.0035730286938284728,0.0,0.0,0.0,0.0,0.0,0.0,0.0,0.0,0.0,0.0,0.0,14008.812914444978,-0.029290788497754683,0.06839409893885695,1.613221598453286,
2019-11-15,94.48005676269533,171.59707641601562,0.0,0.0,0.0,-0.0,0.004954458615111568,0.00011134298673476373,0.0,0.0,0.0,0.0,0.0,0.0,0.0,0.0,0.0,0.0,0.0,14008.812914444978,-0.029290788497754683,0.07330887391224072,1.729388305786121,
2019-11-18,93.74701690673828,171.4920654296875,0.0,0.0,0.0,-0.0,-0.007758672899596308,-0.0006119625609094514,0.0,0.0,0.0,0.0,0.0,0.0,0.0,0.0,0.0,0.0,0.0,14008.812914444978,-0.029290788497754683,0.06567087485059853,1.4199556429272413,
2019-11-19,92.044189453125,174.460693359375,0.0,0.0,0.0,-0.0,-0.018164070813125655,0.017310584733173373,-0.0,0.0,0.0,0.0,0.0,0.0,0.0,0.0,0.0,0.0,0.0,14008.812914444978,-0.029290788497754683,0.043108311889021644,0.5099943432000247,
2019-11-20,90.87588500976562,173.4011688232422,0.0,0.0,0.0,-0.0,-0.01269286470227815,-0.0060731418391779535,0.0,0.0,0.0,0.0,0.0,0.0,0.0,0.0,0.0,0.0,0.0,14008.812914444978,-0.029290788497754683,0.03183613659243889,0.030912158217187735,
2019-11-21,91.26530456542967,171.7115936279297,0.0,0.0,0.0,-0.0,0.004285180338240435,-0.009743735908924522,0.0,0.0,0.0,0.0,0.0,0.0,0.0,0.0,0.0,0.0,0.0,14008.812914444978,-0.029290788497754683,0.038526314214415214,0.2851231321047619,
2019-11-22,91.1125946044922,171.31072998046875,0.0,0.0,0.0,-0.0,-0.0016732531783530957,-0.002334517075938014,0.0,0.0,0.0,0.0,0.0,0.0,0.0,0.0,0.0,0.0,0.0,14008.812914444978,-0.029290788497754683,0.03742792056935329,0.22792132680402497,
2019-11-25,91.8609390258789,172.7425079345703,0.0,0.0,0.0,-0.0,0.008213402599664299,0.008357783276417008,0.0,0.0,0.0,0.0,0.0,0.0,0.0,0.0,0.0,0.0,0.0,14008.812914444978,-0.029290788497754683,0.043555682700203935,0.4668884613910213,
2019-11-26,92.54814910888672,174.2506866455078,0.0,0.0,0.0,-0.0,0.007480982562285909,0.008730790868850535,0.0,0.0,0.0,0.0,0.0,0.0,0.0,0.0,0.0,0.0,0.0,14008.812914444978,-0.029290788497754683,0.04886553950577488,0.6631341920339977,
2019-11-27,91.5325698852539,175.98793029785156,0.0,0.0,0.0,-0.0,-0.010973522792313672,0.009969795159992412,-0.0,0.0,0.0,0.0,0.0,0.0,0.0,0.0,0.0,0.0,0.0,14008.812914444978,-0.029290788497754683,0.0353854280081789,0.09979004814332076,
2019-11-29,91.4256820678711,176.12161254882812,0.0,0.0,0.0,-0.0,-0.0011677571985230228,0.000759610336631189,-0.0,0.0,0.0,0.0,0.0,0.0,0.0,0.0,0.0,0.0,0.0,14008.812914444978,-0.029290788497754683,0.034029773422767695,0.04678607069127913,
2019-12-02,90.27263641357422,173.5252227783203,0.0,0.0,0.0,-0.0,-0.012611835407920657,-0.014742028152779918,0.0,0.0,0.0,0.0,0.0,0.0,0.0,0.0,0.0,0.0,0.0,14008.812914444978,-0.029290788497754683,0.024999520099201256,-0.3253153847375132,
2019-12-03,89.28759765625,173.63021850585938,0.0,0.0,0.0,-0.0,-0.010911819976225923,0.0006050747312578153,-0.0,0.0,0.0,0.0,0.0,0.0,0.0,0.0,0.0,0.0,0.0,14008.812914444978,-0.029290788497754683,0.01387859015688031,-0.7617675718873822,
2019-12-04,88.93633270263672,172.38931274414062,0.0,0.0,0.0,-0.0,-0.003934084495873957,-0.007146830617372535,0.0,0.0,0.0,0.0,0.0,0.0,0.0,0.0,0.0,0.0,0.0,14008.812914444978,-0.029290788497754683,0.011705164195345175,-0.8228263175987905,
2019-12-05,87.82147979736328,173.62069702148438,0.0,0.0,0.0,-0.0,-0.012535404501116565,0.007143043021299977,-0.0,0.0,0.0,0.0,0.0,0.0,0.0,0.0,0.0,0.0,0.0,14008.812914444978,-0.029290788497754683,-0.002664367802273526,-1.3741257998521286,
2019-12-06,89.74575805664062,173.887939453125,0.0,0.0,0.0,-0.0,0.021911248406624173,0.0015392314178277466,0.0,0.0,0.0,0.0,0.0,0.0,0.0,0.0,0.0,0.0,0.0,14008.812914444978,-0.029290788497754683,0.018631064886929893,-0.4650357625157143,
2019-12-09,90.21154022216795,174.6038818359375,0.0,0.0,0.0,-0.0,0.005190018733067792,0.0041172630204493466,0.0,0.0,0.0,0.0,0.0,0.0,0.0,0.0,0.0,0.0,0.0,14008.812914444978,-0.029290788497754683,0.022794612025196948,-0.26715584317143304,
2019-12-10,90.5169906616211,173.97386169433594,0.0,0.0,0.0,-0.0,0.003385935310503463,-0.0036082825592248513,0.0,0.0,0.0,0.0,0.0,0.0,0.0,0.0,0.0,0.0,0.0,14008.812914444978,-0.029290788497754683,0.02706607886624024,-0.06154835580471104,
2019-12-11,89.18069458007812,173.7352752685547,0.0,0.0,0.0,-0.0,-0.014762930934573704,-0.0013713923658281724,0.0,0.0,0.0,0.0,0.0,0.0,0.0,0.0,0.0,0.0,0.0,14008.812914444978,-0.029290788497754683,0.01253144777585824,-0.6653104518011332,
2019-12-12,89.30284881591797,174.3366241455078,0.0,0.0,0.0,-0.0,0.0013697385562538855,0.003461294063762166,0.0,0.0,0.0,0.0,0.0,0.0,0.0,0.0,0.0,0.0,0.0,14008.812914444978,-0.029290788497754683,0.013048321466664126,-0.6186116246187129,
2019-12-13,90.57808685302734,176.7229461669922,0.0,0.0,0.0,-0.0,0.0142799256016799,0.01368801325126423,0.0,0.0,0.0,0.0,0.0,0.0,0.0,0.0,0.0,0.0,0.0,14008.812914444978,-0.029290788497754683,0.02387528292967267,-0.13450649033615797,
2019-12-16,90.95989227294922,177.77294921875,0.0,0.0,0.0,-0.0,0.004215207377269881,0.005941520750597062,0.0,0.0,0.0,0.0,0.0,0.0,0.0,0.0,0.0,0.0,0.0,14008.812914444978,-0.029290788497754683,0.026621051203190582,0.003152092431197566,
2019-12-17,91.8532943725586,177.0856475830078,0.0,0.0,0.0,-0.0,0.0098219344513788,-0.0038661767089011034,0.0,0.0,0.0,0.0,0.0,0.0,0.0,0.0,0.0,0.0,0.0,14008.812914444978,-0.029290788497754683,0.03735013864389347,0.47739279524646305,
2019-12-18,90.06647491455078,176.49383544921875,0.0,0.0,0.0,-0.0,-0.019452970851110085,-0.0033419542569741445,0.0,0.0,0.0,0.0,0.0,0.0,0.0,0.0,0.0,0.0,0.0,14008.812914444978,-0.029290788497754683,0.01853082580401777,-0.3528399255804391,
2019-12-19,90.53225708007812,178.05926513671875,0.0,0.0,0.0,-0.0,0.005171537644492519,0.008869599799424144,0.0,0.0,0.0,0.0,0.0,0.0,0.0,0.0,0.0,0.0,0.0,14008.812914444978,-0.029290788497754683,0.021511829430331364,-0.21169114918928633,
2019-12-20,89.6465072631836,179.45291137695312,0.0,0.0,0.0,-0.0,-0.009783803535474256,0.00782686730266069,-0.0,0.0,0.0,0.0,0.0,0.0,0.0,0.0,0.0,0.0,0.0,14008.812914444978,-0.029290788497754683,0.009757605447190398,-0.7168940193520863,
2019-12-23,90.82244110107422,178.57473754882812,0.0,0.0,0.0,-0.0,0.013117452913567806,-0.004893617057459387,0.0,0.0,0.0,0.0,0.0,0.0,0.0,0.0,0.0,0.0,0.0,14008.812914444978,-0.029290788497754683,0.02399927978284433,-0.07961905865991002,
2019-12-24,90.35661315917967,179.04246520996094,0.0,0.0,0.0,-0.0,-0.00512899605259598,0.0026192263673630034,-0.0,0.0,0.0,0.0,0.0,0.0,0.0,0.0,0.0,0.0,0.0,14008.812914444978,-0.029290788497754683,0.018212144809654163,-0.31781287301184213,
2019-12-26,90.89879608154295,180.5601806640625,0.0,0.0,0.0,-0.0,0.006000478585979296,0.00847684627399281,0.0,0.0,0.0,0.0,0.0,0.0,0.0,0.0,0.0,0.0,0.0,14008.812914444978,-0.029290788497754683,0.022113487572816393,-0.1559537574382485,
2019-12-27,90.82244110107422,180.7797393798828,0.0,0.0,0.0,-0.0,-0.0008399999093523514,0.0012159863543159677,-0.0,0.0,0.0,0.0,0.0,0.0,0.0,0.0,0.0,0.0,0.0,14008.812914444978,-0.029290788497754683,0.020973508648630235,-0.21687529118881876,
2019-12-30,88.9134292602539,179.29061889648438,0.0,0.0,0.0,-0.0,-0.02101916462139375,-0.008237208928978834,0.0,0.0,0.0,0.0,0.0,0.0,0.0,0.0,0.0,0.0,0.0,14008.812914444978,-0.029290788497754683,0.0017696364594692593,-1.067060929364999,
2019-12-31,89.3868637084961,179.35745239257812,0.0,0.0,0.0,-0.0,0.005324667512895287,0.00037276627469462476,0.0,0.0,0.0,0.0,0.0,0.0,0.0,0.0,0.0,0.0,0.0,14008.812914444978,-0.029290788497754683,0.006988287594156928,-0.8205150853934979,
