Date,portfolio,strategy_return,drawdown
2014-01-02,9990.0,-0.001,0.0
2014-01-03,9982.271974638972,-0.0007735761122149576,-0.0007735761122149576
2014-01-06,9887.428882331473,-0.009501152898704679,-0.010267379145998734
2014-01-07,9941.351810962384,0.005453685611561676,-0.004869688592353927
2014-01-08,9953.528473364053,0.0012248497622064924,-0.003650803467061814
2014-01-09,9952.324291640325,-0.00012098038669905442,-0.0037713421781456757
2014-01-10,9954.035283003319,0.00017191877121924826,-0.003600071771439506
2014-01-13,9792.925053432016,-0.016185418776483607,-0.019727221878677037
2014-01-14,9911.519598487226,0.01211022696570585,-0.007855896047324729
2014-01-15,9942.409203696528,0.0031165357544182815,-0.004763843473820972
2014-01-16,9870.359791890241,-0.007246675361088473,-0.011975996807783607
2014-01-17,10077.593460717411,0.020995553677530365,0.0
2014-01-21,10007.160649773306,-0.006989050631845073,-0.006989050631845073
2014-01-22,10051.422584151995,0.004423026263667529,-0.002596937122680276
2014-01-23,9893.533611991264,-0.01570812199356464,-0.018264266111112204
2014-01-24,9657.492238727249,-0.02385814639351158,-0.041686660969974865
2014-01-27,9487.731185735238,-0.017578171309447943,-0.05853205701157371
2014-01-28,9625.79707191957,0.014552044475281134,-0.044831773633154604
2014-01-29,9515.805413250668,-0.011426758516421387,-0.055746250298407074
2014-01-30,9622.54245858297,0.01121681672721797,-0.04515472904401596
2014-01-31,9472.774206941169,-0.015564311852759083,-0.060016238612307204
2014-02-03,9350.642890928993,-0.012892877349771958,-0.0721353339586559
2014-02-04,9387.876712697389,0.003981953134422067,-0.06844062034339315
2014-02-05,9405.776669775529,0.001906709858463529,-0.06666440689045783
2014-02-06,9529.999224891028,0.01320704918655724,-0.0543377978046955
2014-02-07,9623.060790525558,0.009765117859765082,-0.04510329494473331
2014-02-10,9564.317843243396,-0.006104393244610651,-0.050932359940373706
2014-02-11,9673.683040052474,0.0114347095738081,-0.04008004711039248
2014-02-12,9718.113097364094,0.004592879167909736,-0.035671250755904826
2014-02-13,9741.021438576743,0.0023572828370213017,-0.03339805514606542
2014-02-14,9818.044507464228,0.007907083397071357,-0.025755052956334068
2014-02-18,9783.146630837573,-0.0035544630705355296,-0.02921797064225662
2014-02-19,9670.455405278197,-0.011518914088863852,-0.04040032543744132
2014-02-20,9717.424390158652,0.004856956876593488,-0.03573959119929804
2014-02-21,9736.582466853251,0.0019715179584007814,-0.03383853448677254
2014-02-24,9792.866402635198,0.005780666468296891,-0.028253477300119623
2014-02-25,9789.35414180182,-0.0003586550340800576,-0.02860199908233574
2014-02-26,9754.539456741311,-0.0035563822246296173,-0.03205666166583998
2014-02-27,9775.431968525547,0.00214182451943401,-0.02998349689037305
2014-02-28,9778.442257766497,0.0003079443701969886,-0.029684785769242383
2014-03-03,9677.045439940746,-0.010369424408598116,-0.03974639603572083
2014-03-04,9827.392229400224,0.015536435205619759,-0.024827478136767
2014-03-05,9771.35457555806,-0.005702189607790231,-0.030388096756738037
2014-03-06,9833.105267133324,0.006319563075699364,-0.024260573175243216
2014-03-07,9889.125809776193,0.005697136471234154,-0.018701652500258903
2014-03-10,9913.08502799167,0.0024227842456803206,-0.016324178323624317
2014-03-11,9930.183449165654,0.001724833502961154,-0.01462750131034396
2014-03-12,9915.959620198544,-0.0014323833028788702,-0.016038932424583097
2014-03-13,9726.368321640353,-0.019119813494601012,-0.0348520845225736
2014-03-14,9685.731047063753,-0.0041780522012707655,-0.03888452289538602
2014-03-17,9788.93688404084,0.010655451454887777,-0.028643403586556482
2014-03-18,9868.933551539862,0.00817215070917876,-0.02070533108831074
2014-03-19,9787.894673777333,-0.008211513162927675,-0.028746822152464047
2014-03-20,9740.66197437546,-0.0048256239953637925,-0.033433724793058395
2014-03-21,9773.325014390843,0.003353266964946311,-0.030192570032975707
2014-03-24,9737.371009777318,-0.0036787894151256717,-0.033760287341048634
2014-03-25,9699.260046154111,-0.003913886364701469,-0.037542039777457625
2014-03-26,9593.85448409642,-0.010867381795736653,-0.04800143789354194
2014-03-27,9610.500032613014,0.0017350219918581544,-0.046349699452069903
2014-03-28,9541.296034099129,-0.007200873864943835,-0.05321681497758146
2014-03-31,9628.602346629763,0.00915036198631869,-0.044553406112066485
2014-04-01,9600.391216400472,-0.002929929933098263,-0.047352797686975534
2014-04-02,9630.160727475188,0.0031008643714289796,-0.04439876791878161
2014-04-03,9664.863601581561,0.0036035612580551657,-0.04095520034070399
2014-04-04,9478.902379229174,-0.01924095672927617,-0.05940813983238591
2014-04-07,9345.74522095207,-0.014047740228751215,-0.07262132994529835
2014-04-08,9330.097433719717,-0.0016743220430697203,-0.07417406049484365
2014-04-09,9463.109291733923,0.014256213180956712,-0.060975288532798544
2014-04-10,9268.088413258878,-0.02060854127991485,-0.08032721806193055
2014-04-11,9139.16552341209,-0.013910407853074847,-0.09312024155006104
2014-04-14,9229.570741785457,0.00989206488729999,-0.08414932813449538
2014-04-15,9283.309321478919,0.005822435430303141,-0.07881684673375866
2014-04-16,9479.973380482745,0.02118469310817872,-0.059301864335388976
2014-04-17,9479.694125416081,-2.9457368228347214e-05,-0.05932957482676293
2014-04-21,9550.231405791243,0.0074408814716968585,-0.052330157689118195
2014-04-22,9574.119650988436,0.0025013263220730053,-0.049959726167911334
2014-04-23,9559.767435462592,-0.0014990637310827726,-0.05138389708548097
2014-04-24,9543.68687578008,-0.001682107832755464,-0.05297957166247136
2014-04-25,9246.257159167184,-0.031165074932174464,-0.08249353427391037
2014-04-28,9344.507200842738,0.010625925710723294,-0.07274417872999672
2014-04-29,9360.634171832997,0.0017258235927952725,-0.07114389875709226
2014-04-30,9383.134045311224,0.0024036697797604756,-0.06891123541678856
2014-05-01,9442.937846707955,0.006373542262951615,-0.06297690182515814
2014-05-02,9427.037284611903,-0.0016838575403306244,-0.06455471523448386
2014-05-05,9458.696004591126,0.0033582894628942928,-0.061413219191541746
2014-05-06,9390.867590717364,-0.007171011082377388,-0.06814383539849211
2014-05-07,9537.08768569487,0.015570456463686266,-0.0536344095571466
2014-05-08,9594.687749576613,0.006039586274134701,-0.047918752926794594
2014-05-09,9630.141717796258,0.0036951664447035792,-0.04440065424997808
2014-05-12,9735.49579525004,0.010940033962230533,-0.03394636495318759
2014-05-13,9792.33402864555,0.005838247439153621,-0.02830630479229057
2014-05-14,9728.617862894203,-0.006506739411151319,-0.034628862454465836
2014-05-15,9629.350217435622,-0.010203674032382093,-0.04447919486225038
2014-05-16,9725.523733462425,0.009987539538510504,-0.03493589304106759
2014-05-19,9740.940194131563,0.0015851548041669883,-0.0334061170355926
2014-05-20,9643.442373509926,-0.010009077017059775,-0.0430808296544023
2014-05-21,9752.196821518544,0.011277554611345053,-0.03228912145218665
2014-05-22,9731.718215668787,-0.0020998966924632434,-0.03432121432530999
2014-05-23,9845.404507635576,0.011682036968944098,-0.023040119050933172
2014-05-27,9922.088342279,0.007788794719805647,-0.015430779088735136
2014-05-28,9917.975686880567,-0.0004144949386217789,-0.015838878047525595
2014-05-29,9969.562397579328,0.005201334660156487,-0.010719926692735693
2014-05-30,9964.372066447402,-0.000520617748797636,-0.011234963457431357
2014-06-02,9944.458783843309,-0.001998448318800361,-0.01321095928239846
2014-06-03,9862.697504684727,-0.008221792752705515,-0.021324134265819583
2014-06-04,9842.64593960278,-0.0020330710814584485,-0.023313851866565094
2014-06-05,9892.426920853817,0.005057682817862785,-0.018374083116705964
2014-06-06,9908.647821828763,0.0016397291690628535,-0.01676448246768447
2014-06-09,9894.221400238759,-0.0014559425109672564,-0.018196016855952624
2014-06-10,9903.67851758552,0.0009558222890113655,-0.017257586725423435
2014-06-11,9847.969239783928,-0.0056251096703786585,-0.022785620577825627
2014-06-12,9748.421087011042,-0.010108495502883064,-0.032663787737567285
2014-06-13,9744.39446825887,-0.00041305342847131055,-0.033063349276526766
2014-06-16,9727.92886701287,-0.0016897510973754581,-0.034697231543179274
2014-06-17,9761.931760335105,0.003495388770526242,-0.03132312308615748
2014-06-18,9829.743723546679,0.006946572141295793,-0.024594139279070393
2014-06-19,9788.064117559916,-0.004240151845151474,-0.028730008239177818
2014-06-20,9775.608138155923,-0.0012725682274236094,-0.029966015570942695
2014-06-23,9773.190979488649,-0.0002472642758499788,-0.03020587032165245
2014-06-24,9699.306573340997,-0.0075599061046403015,-0.03753742288285211
2014-06-25,9761.43989961486,0.006405955498369309,-0.03137193044499387
2014-06-26,9770.444299635968,0.0009224458802912228,-0.03047842347269858
2014-06-27,9781.132357952254,0.001093917327452898,-0.029417847020795862
2014-06-30,9811.122109734015,0.003066081787286956,-0.02644196275848054
2014-07-01,9900.737690682368,0.009134080683741885,-0.017549405096011217
2014-07-02,9948.424470074995,0.0048164875065324075,-0.012817444079870732
2014-07-03,10002.483791728464,0.005433958092166291,-0.007453135441683134
2014-07-07,9976.336147620661,-0.0026141151190293144,-0.010047767206670222
2014-07-08,9926.099334589475,-0.00503559746662785,-0.015032768162206778
2014-07-09,9950.435564535816,0.00245174152766503,-0.012617883096520899
2014-07-10,9892.751825527834,-0.005797106934049334,-0.01834184281297835
2014-07-11,9947.435166680723,0.005527616796348056,-0.01291561269503938
2014-07-14,10083.941874907621,0.013722804515894804,0.0
2014-07-15,10142.125041747368,0.0057698832025723235,0.0
2014-07-16,10173.584474707503,0.0031018581244699472,0.0
2014-07-17,9973.278025777521,-0.019688876563414004,-0.019688876563414004
2014-07-18,10083.246913615785,0.011026353376896836,-0.008879619697099383
2014-07-21,10072.777822227363,-0.0010382658957092117,-0.009908666186510207
2014-07-22,10139.640252797974,0.006637933621753023,-0.0033365056331834397
2014-07-23,10131.416509681228,-0.0008110488056493059,-0.004144848369923904
2014-07-24,10154.098067541825,0.002238735110625667,-0.0019153924768721131
2014-07-25,9947.819930708258,-0.020314767048877247,-0.02219124877377454
2014-07-28,9890.74475898731,-0.005737455253362667,-0.027801382730281432
2014-07-29,9688.175685373828,-0.02048066940858173,-0.0477126612100629
2014-07-30,9724.894076916798,0.0037900212315931103,-0.044103471977471775
2014-07-31,9544.944758098442,-0.018503987539102207,-0.06179136942067165
2014-08-01,9560.149351433658,0.0015929472323363836,-0.060296852579236226
2014-08-04,9575.44251438179,0.0015996782462230907,-0.05879362989639991
2014-08-05,9505.858616550391,-0.0072669119705838225,-0.06563329373409554
2014-08-06,9471.032223974766,-0.003663676684080963,-0.06905651125022338
2014-08-07,9400.277555091816,-0.007470639652544242,-0.07601125459155533
2014-08-08,9476.108365643353,0.008066869313923863,-0.06855755813480902
2014-08-11,9485.202135250407,0.0009596523442074734,-0.06766369721197862
2014-08-12,9495.511727685047,0.001086913308502524,-0.06665032847647834
2014-08-13,9540.576226974812,0.004745873690869651,-0.06222076882601302
2014-08-14,9571.272068645669,0.0032173991319379702,-0.05920355874168437
2014-08-15,9556.811508825636,-0.0015108294609452733,-0.060624941721889924
2014-08-18,9688.677313469476,0.013798096208349708,-0.04766335429204449
2014-08-19,9736.211423360943,0.004906150587282276,-0.042991047298413965
2014-08-20,9789.639837165445,0.005487597945573297,-0.03773936693567348
2014-08-21,9760.165526141504,-0.003010765616937694,-0.04063650816423625
2014-08-22,9736.30953997553,-0.002444219424565963,-0.042981403046200684
2014-08-25,9741.135822265525,0.0004956993479079408,-0.042507009551754904
2014-08-26,9733.580568311785,-0.0007756029780912055,-0.04324964396664799
2014-08-27,9740.697491902742,0.0007311722074943017,-0.04255009469680615
2014-08-28,9686.157991410691,-0.0055991370779544525,-0.04791098796187321
2014-08-29,9633.455925946979,-0.005440966945867154,-0.053091272805895984
2014-09-02,9714.282391516379,0.008390183771090909,-0.04514653457028761
2014-09-03,9719.133003739269,0.0004993278996219264,-0.04466974959494785
2014-09-04,9729.264254214391,0.0010424026990087931,-0.04367391076348104
2014-09-05,9747.375224205869,0.0018614943040151655,-0.041893715195586156
2014-09-08,9761.113256074455,0.0014094083332782947,-0.04054335221361649
2014-09-09,9692.210416089163,-0.007058912050058708,-0.04731607230618484
2014-09-10,9746.859385080275,0.005638442279420008,-0.04194441896935208
2014-09-11,9718.790655926936,-0.0028797716314964417,-0.04470340025300101
2014-09-12,9703.535678238626,-0.001569637440333893,-0.04620286956258757
2014-09-15,9695.951297187537,-0.0007816100545802174,-0.04694836698976712
2014-09-16,9773.187387065645,0.007965808357609072,-0.03935654032630109
2014-09-17,9803.530359759918,0.003104716147613207,-0.03637401506495319
2014-09-18,9836.054682736827,0.003317613327379565,-0.03317707665472347
2014-09-19,9822.36237869033,-0.0013920524527510914,-0.03452294487654217
2014-09-22,9704.338118303125,-0.012015873151173806,-0.046123994701274484
2014-09-23,9631.600128290338,-0.007495409694721733,-0.053273686158953004
2014-09-24,9713.425176787327,0.008495478155976288,-0.04523079344002856
2014-09-25,9552.837208526962,-0.01653257891398907,-0.06101559069212792
2014-09-26,9627.677192480656,0.007834320037076736,-0.05365928631978467
2014-09-29,9597.810787158942,-0.00310214029039535,-0.056594967976133614
2014-09-30,9700.153522604816,0.01066313326188939,-0.046535314399726135
2014-10-01,9556.178417961568,-0.014842559378852593,-0.06068717061138729
2014-10-02,9560.441895184813,0.00044614876750648236,-0.060268097350252514
2014-10-03,9693.46320498886,0.013913719811533554,-0.04719293095882471
2014-10-06,9677.568437816455,-0.0016397408063842933,-0.04875528759054293
2014-10-07,9487.44668307475,-0.019645612011254587,-0.06744307213829659
2014-10-08,9669.794044242604,0.019219856222555176,-0.049519462065446995
2014-10-09,9484.656141475723,-0.019146002688352204,-0.06771736499996839
2014-10-10,9385.597226885522,-0.010444122919440746,-0.07745423943556884
2014-10-13,9314.908058268345,-0.0075316644117950915,-0.08440254450866436
2014-10-14,9335.219238220105,0.002180502461720968,-0.08240608200302002
2014-10-15,9311.160356539753,-0.0025772165673250136,-0.08477092025055855
2014-10-16,9333.193019531125,0.0023662639400146013,-0.08260524668229474
2014-10-17,9481.817987798127,0.015924343143443265,-0.06799633783246917
2014-10-20,9564.33262905,0.008702407213264207,-0.05988566244003379
2014-10-21,9820.193319417649,0.026751546635937373,-0.034736149895684965
2014-10-22,9682.470355806356,-0.014024465622175852,-0.04827345957780205
2014-10-23,9828.914537379707,0.015124671307207516,-0.033878908479570535
2014-10-24,9816.162606000347,-0.0012973895877173014,-0.035132343924183296
2014-10-27,9896.494372365301,0.008183622214636976,-0.027236231539736422
2014-10-28,10003.575740276841,0.010820131238648667,-0.016710799900793938
2014-10-29,9943.165002544334,-0.006038914414300711,-0.022648799224699312
2014-10-30,10476.007501583139,0.05358882195985459,0.0
2014-10-31,10664.593483910867,0.01800170363559106,0.0
2014-11-03,10703.122789369005,0.003612824578477003,0.0
2014-11-04,10806.689802082601,0.009676336033112243,0.0
2014-11-05,10978.4843745657,0.01589705780672923,0.0
2014-11-06,11028.223137117762,0.004530567321960666,0.0
2014-11-07,11083.38094699902,0.005001513770211297,0.0
2014-11-10,11068.45893335827,-0.001346341311564303,-0.001346341311564303
2014-11-11,11043.2378367041,-0.0022786457271082305,-0.0036219192037957315
2014-11-12,11097.811312032238,0.004941800234234961,0.0
2014-11-13,11066.413190306961,-0.00282921747743492,-0.00282921747743492
2014-11-14,10971.374411965693,-0.008588038121015829,-0.011392958170901801
2014-11-17,10975.357500140002,0.0003630436830197592,-0.011034050629376901
2014-11-18,10951.915538028365,-0.0021358723040537653,-0.013146355610289873
2014-11-19,10935.511012678031,-0.0014978681394476334,-0.014624532242518917
2014-11-20,11029.857636703917,0.008627545975355533,-0.006123160091453861
2014-11-21,11119.706531868891,0.008145970521503898,0.0
2014-11-24,11124.344650737818,0.00041710802849270756,0.0
2014-11-25,11177.51162282439,0.004779335210820301,0.0
2014-11-26,11170.559102394043,-0.0006220096802359576,-0.0006220096802359576
2014-11-28,11337.729367364747,0.01496525495620693,0.0
2014-12-01,11330.364721224938,-0.0006495697596211603,-0.0006495697596211603
2014-12-02,11403.506251217217,0.00645535530337038,0.0
2014-12-03,11464.045453133975,0.005308823495431048,0.0
2014-12-04,11430.231628624471,-0.002949554295448076,-0.002949554295448076
2014-12-05,11507.868462261466,0.00679223625202563,0.0
2014-12-08,11463.938825256912,-0.0038173565459681535,-0.0038173565459681535
2014-12-09,11478.681205867226,0.0012859786531513873,-0.0025362869318462655
2014-12-10,11425.066935613151,-0.004670769166990163,-0.007195209688036552
2014-12-11,11485.248377088665,0.005267491369168376,-0.0019656190237993254
2014-12-12,11309.598302656737,-0.015293537298011084,-0.0172290950539562
2014-12-15,11345.018018111505,0.003131827895819006,-0.01415122571864702
2014-12-16,11224.416045352737,-0.010630390587854088,-0.02463118324981506
2014-12-17,11289.964354184462,0.005839796793603691,-0.01893522756117627
2014-12-18,11523.830057481497,0.02071447667683346,0.0
2014-12-19,11468.618026783082,-0.004791118093812052,-0.004791118093812052
2014-12-22,11578.102343068702,0.009546426259025909,0.0
2014-12-23,11624.357873310513,0.003995087352937743,0.0
2014-12-24,11676.34109511708,0.004471922008347784,0.0
2014-12-26,11629.506762880847,-0.00401104522852791,-0.00401104522852791
2014-12-29,11628.227005567966,-0.00011004398887881628,-0.004120647825990309
2014-12-30,11592.793476472578,-0.0030471996357158693,-0.007155291025151889
2014-12-31,11491.11680336331,-0.008770679242722679,-0.01586321350540454
2015-01-02,11516.099313507479,0.002174071552110357,-0.013723629714501362
2015-01-05,11273.144659921629,-0.02109695713555393,-0.03453106002222428
2015-01-06,11199.86060230675,-0.0065007644118521,-0.04080734614798043
2015-01-07,11328.07927585057,0.011448238339449635,-0.029826280033233177
2015-01-08,11504.611685458174,0.01558361354196558,-0.01470746771270004
2015-01-09,11375.125824315903,-0.011255126612047417,-0.025797059913498344
2015-01-12,11365.49770177759,-0.0008464189923712562,-0.026621643784411453
2015-01-13,11406.144796610657,0.0035763585458039593,-0.023140493781859228
2015-01-14,11250.530714183507,-0.013643004293035998,-0.0364677922188863
2015-01-15,11191.223233756315,-0.005271527355809491,-0.04154707861040796
2015-01-16,11282.822808596931,0.008184947518902419,-0.0337021917494954
2015-01-20,11376.013943905104,0.008259558524411625,-0.025720998450239785
2015-01-21,11404.409140771615,0.0024960585497282306,-0.0232891410186008
2015-01-22,11539.313974457142,0.011829182206663624,-0.011735450304482975
2015-01-23,10992.899635275367,-0.0473524111044461,-0.05853215954161539
2015-01-26,10924.01857785662,-0.006265958910214531,-0.06443135834521607
2015-01-27,10723.37756027373,-0.01836696048737929,-0.0816149106197206
2015-01-28,10540.980928833567,-0.01700925202110537,-0.09723595405741525
2015-01-29,10633.94073830292,0.008818895518070136,-0.08927457225877733
2015-01-30,10712.830574582384,0.0074186830847484675,-0.08251818893314333
2015-02-02,10786.678060432194,0.006893368221935869,-0.07619364897253078
2015-02-03,10909.86342714926,0.011420139363288895,-0.0656436516991058
2015-02-04,11024.00763399522,0.010462478069332315,-0.05586796889606627
2015-02-05,11227.542318942456,0.01846285776504608,-0.03843659349437023
2015-02-06,11088.572426876606,-0.012377587909990662,-0.05033842908942365
2015-02-09,11033.514508797965,-0.004965284615465082,-0.05505376907736437
2015-02-10,11043.57623350552,0.0009119238207855318,-0.05419205010002459
2015-02-11,11078.938385014548,0.003202056178300383,-0.05116351991056178
2015-02-12,11216.004844068611,0.012371804435654221,-0.039424700537480595
2015-02-13,11205.677184067565,-0.000920796678017477,-0.040309195082211424
2015-02-17,11269.718825453157,0.005715106756479571,-0.03482445967889447
2015-02-18,11235.256560588234,-0.0030579525007393693,-0.037775920636071825
2015-02-19,11225.2990645686,-0.0008862722418429003,-0.038628713128044945
2015-02-20,11327.270657942328,0.009084087006250963,-0.029895532712788775
2015-02-23,11317.99717541786,-0.0008186864077416312,-0.030689744054246182
2015-02-24,11333.183849973775,0.0013418164292264834,-0.029389107627800448
2015-02-25,11327.500537232972,-0.0005014753855613341,-0.02987584509928287
2015-02-26,11339.380939246912,0.0010488105451762486,-0.02885836865549274
2015-02-27,11277.214369847594,-0.005482360080536042,-0.03418251676772255
2015-03-02,11446.450245881735,0.015006886495537053,-0.019688603421450512
2015-03-03,11356.737589442091,-0.007837596330086849,-0.027371888425616886
2015-03-04,11267.359943520398,-0.00787001066263815,-0.03502648203448888
2015-03-05,11291.030114979942,0.0021007735244276127,-0.03299929121617318
2015-03-06,11176.756907652496,-0.010120706982779004,-0.04278602204191395
2015-03-09,11220.70849683734,0.003932409870590625,-0.03902186434672428
2015-03-10,11024.796642739157,-0.01745984704561243,-0.05580039560940819
2015-03-11,10977.022892643978,-0.0043332998914444865,-0.05989189565261588
2015-03-12,11134.720181074092,0.014366125494353454,-0.04638618464730271
2015-03-13,10973.906783447113,-0.014442518088628398,-0.0601587694250999
2015-03-16,11151.452106868332,0.016178861997353966,-0.04495320785620527
2015-03-17,11015.330620851255,-0.012206615310057956,-0.056611096651009385
2015-03-18,11120.656572650498,0.009561760370575545,-0.047590638020926335
2015-03-19,11093.340143419427,-0.0024563683855007845,-0.04993010626774663
2015-03-20,11165.097540070998,0.006468511352204054,-0.0437845683747522
2015-03-23,11116.479381159963,-0.004354476862969303,-0.04794838634777854
2015-03-24,11087.297582008869,-0.002625093624565311,-0.05044761096903416
2015-03-25,10872.259645190305,-0.01939498198077605,-0.06886416244409255
2015-03-26,10818.4695268004,-0.0049474644779754495,-0.07347092392457033
2015-03-27,10811.40627121213,-0.0006528886152308289,-0.07407584421002023
2015-03-30,10856.366421190545,0.0041585848177894125,-0.07022531007332766
2015-03-31,10817.048011031147,-0.003621691515740655,-0.07359266717938551
2015-04-01,10776.058382870217,-0.0037893543709087707,-0.07710315285525127
2015-04-02,10782.59591403048,0.0006066718393671344,-0.07654325732744782
2015-04-06,10792.886731933711,0.0009543915013860982,-0.07566191806034339
2015-04-07,10839.635713064847,0.00433146222065095,-0.07165818257931289
2015-04-08,10903.007284595556,0.005846282403598524,-0.06623083414760156
2015-04-09,10899.035862723182,-0.0003642501347298488,-0.06657095969206994
2015-04-10,10894.411495693214,-0.00042429138578981007,-0.06696700559311874
2015-04-13,10795.789359144735,-0.009052543736526308,-0.0754133275826091
2015-04-14,10808.495108254614,0.0011769171004727408,-0.07432516571697201
2015-04-15,10825.682973816027,0.0015902181931215509,-0.07285314075458027
2015-04-16,10798.940034830557,-0.00247032349369114,-0.07514349342307614
2015-04-17,10657.813028279359,-0.01306859803795668,-0.08723007135031868
2015-04-20,10780.094631098931,0.011473423533994387,-0.07675747536982713
2015-04-21,10845.085765291919,0.006028809246766631,-0.07119142230032871
2015-04-22,11114.316270810734,0.02482511538824772,-0.04813364218534
2015-04-23,11091.856948453187,-0.0020207560960390225,-0.050057131930508536
2015-04-24,11063.955558534453,-0.002515484111307864,-0.05244669812178748
2015-04-27,10995.771515630116,-0.006162718436783843,-0.05828620232510773
2015-04-28,11132.702119780228,0.01245302377877433,-0.046559018009862396
2015-04-29,11208.721729004777,0.006828495760205389,-0.04004845030673665
2015-04-30,11054.997873165092,-0.013714664308410396,-0.05321386356311808
2015-05-01,11071.96096365811,0.0015344272959287864,-0.05176108907196242
2015-05-04,11057.125129083812,-0.0013399464307175535,-0.05303167841612799
2015-05-05,11025.781738539697,-0.002834678108296962,-0.05571602878657256
2015-05-06,10954.804739305633,-0.006437366611926509,-0.061794730895039285
2015-05-07,11058.850003090116,0.009497683095269549,-0.05288395457076811
2015-05-08,11358.575500728877,0.027102772671210085,-0.027214483698244307
2015-05-11,11326.01085963428,-0.0028669652363104703,-0.030003425955867802
2015-05-12,11267.89217948919,-0.005131434259190382,-0.034980899607215066
2015-05-13,11248.200713489143,-0.0017475731650939963,-0.03666734109086467
2015-05-14,11470.855751415833,0.01979472482738287,-0.017598436190527145
2015-05-15,11505.114237518163,0.002986567597461187,-0.014664427512358635
2015-05-18,11533.332822197537,0.002452699216784371,-0.012247695725448482
2015-05-19,11556.526630383545,0.0020110239202815183,-0.010261302214239043
2015-05-20,11515.74300738988,-0.0035290554245287487,-0.01375414493452587
2015-05-21,11482.802016538386,-0.0028605180603938907,-0.01657531901492937
2015-05-22,11474.41487453544,-0.0007304090056474699,-0.01729362125829681
2015-05-26,11329.845678190737,-0.012599265228376733,-0.029674999565681093
2015-05-27,11436.835431030824,0.00944317829906871,-0.020512047578535975
2015-05-28,11390.331004354372,-0.004066197066216026,-0.024494838617066028
2015-05-29,11277.140147884424,-0.009937451021105215,-0.034188873379144336
2015-06-01,11329.548731125533,0.00464732924782707,-0.029700431082522294
2015-06-02,11320.629289964958,-0.0007872724123663133,-0.030464321164861974
2015-06-03,11371.349545721618,0.004480338897910885,-0.02612047275006446
2015-06-04,11278.514657670627,-0.008163928799983067,-0.03407115587029408
2015-06-05,11313.799378495225,0.0031284900446177932,-0.03104925709762507
2015-06-08,11188.248155198238,-0.011097176032273337,-0.041801874058214894
2015-06-09,11230.565518063244,0.0037823046359000134,-0.03817767684435458
2015-06-10,11426.456918699096,0.017442701377840653,-0.021400897283009646
2015-06-11,11454.57969161347,0.00246119799991118,-0.01899237112868768
2015-06-12,11378.880876556877,-0.006608606958491525,-0.025475464971179917
2015-06-15,11304.371355729778,-0.006548053506791329,-0.03185670377022953
2015-06-16,11364.24016980945,0.005296076375740144,-0.026729342930736033
2015-06-17,11344.00144251906,-0.0017809133728233784,-0.02846265365928724
2015-06-18,11461.931959581754,0.010395848207553238,-0.018362698878760075
2015-06-19,11359.676649262368,-0.008921297969659014,-0.027120177740194484
2015-06-22,11423.9504791139,0.005658068608467515,-0.021615556958054838
2015-06-23,11421.872865640416,-0.00018186471284886707,-0.021793490563844498
2015-06-24,11302.163220654564,-0.010480736950414404,-0.032045815672427924
2015-06-25,11257.552148219465,-0.003947126896342468,-0.03586645366781449
2015-06-26,11290.091884202993,0.0028904805907272735,-0.03307964436527233
2015-06-29,11001.742666803522,-0.025540023974731985,-0.05777481342983959
2015-06-30,11020.896668385774,0.0017409970549526754,-0.05613440215491872
2015-07-01,11086.396502692714,0.005943240035525488,-0.05052478234565061
2015-07-02,11135.144352443134,0.004397086983004783,-0.04634985722541707
2015-07-06,11096.968491730988,-0.0034284118376759487,-0.04961936266390676
2015-07-07,11107.297734675034,0.0009308166416570618,-0.04873473255076577
2015-07-08,10910.95923046325,-0.017676532033426118,-0.06554980352311779
2015-07-09,10953.309770054388,0.003881468044798053,-0.061922764946037545
2015-07-10,11139.508477421114,0.01699930991413945,-0.045976099303956186
2015-07-13,11280.367116994326,0.01264496004098592,-0.033912505201509235
2015-07-14,11338.922727149311,0.005190931247864183,-0.028897611436589088
2015-07-15,11296.844630851585,-0.0037109430331486726,-0.03250131707990245
2015-07-16,11362.238009693428,0.005788641074451428,-0.026900814464473566
2015-07-17,11396.621943976072,0.003026158601264095,-0.02395606199428213
2015-07-20,11562.482749643792,0.014553505984761461,-0.009751200701125784
2015-07-21,11518.966378092358,-0.0037635836950998813,-0.013478084936259238
2015-07-22,11477.615771684494,-0.0035897844520588196,-0.01701948596857039
2015-07-23,11401.07961679876,-0.006668297354451513,-0.023574292329763602
2015-07-24,11611.355722634176,0.01844352578027686,-0.0055655596178224576
2015-07-27,11544.072152259869,-0.005794635181415653,-0.011327944411672397
2015-07-28,11867.364549019532,0.028005056837450137,0.0
2015-07-29,12031.320170717823,0.013815672470585572,0.0
2015-07-30,12090.840245142237,0.0049470942157516795,0.0
2015-07-31,12044.138285571524,-0.0038625900784254874,-0.0038625900784254874
2015-08-03,12103.098219502934,0.004895321901280614,0.0
2015-08-04,12051.851380829215,-0.004234191753574201,-0.004234191753574201
2015-08-05,12040.451453163823,-0.0009459067578219127,-0.005176093360802603
2015-08-06,11886.786618952785,-0.012762381444647586,-0.01787241552758645
2015-08-07,11929.763005671515,0.0036154755777484393,-0.014321557231693482
2015-08-10,12010.299235313689,0.006750865847367393,-0.00766737429592268
2015-08-11,11894.891459930757,-0.009609067444681152,-0.01720276542387078
2015-08-12,11913.79402840187,0.0015891333296136345,-0.015640969582153663
2015-08-13,11936.812541741241,0.0019320892475140905,-0.01373910008379009
2015-08-14,12008.528124215003,0.006007934046294405,-0.007813709644654443
2015-08-17,12034.554141527362,0.0021672945296167256,-0.005663349725206657
2015-08-18,12032.940870940642,-0.0001340532077672707,-0.005796643742776553
2015-08-19,12003.697065212677,-0.0024303124266643605,-0.008212868514119953
2015-08-20,11898.55688792052,-0.008758982896765799,-0.016899915036037272
2015-08-21,11548.930925869667,-0.029383896328284642,-0.04578722601294616
2015-08-24,11105.61552945754,-0.03838583841722509,-0.08241548337086535
2015-08-25,10925.064046283313,-0.016257674569709057,-0.09733327383242552
2015-08-26,11375.77920887737,0.04125515060457596,-0.06009362209864266
2015-08-27,11660.223375853777,0.025004367767127,-0.03659185735892878
2015-08-28,11639.839344706328,-0.0017481681517063086,-0.038276056790988444
2015-08-31,11483.396399906316,-0.01344030103569771,-0.05120191610095581
2015-09-01,11144.819689130396,-0.029484021885605394,-0.07917629957165573
2015-09-02,11281.873315216078,0.012297518480209435,-0.06785245309862342
2015-09-03,11356.333449562597,0.0065999796546281075,-0.06170029825396284
2015-09-04,11168.209427777336,-0.016565559880817537,-0.07724375814939
2015-09-08,11427.10072947454,0.02318109302761595,-0.055853259865237814
2015-09-09,11297.296562802712,-0.011359326372000544,-0.06657813082948894
2015-09-10,11343.306425058094,0.004072643574470014,-0.06277663625174179
2015-09-11,11410.098215833226,0.0058882118028289465,-0.05725806657943233
2015-09-14,11332.805984452838,-0.006774019812829768,-0.06364421911480866
2015-09-15,11556.694757116184,0.01975581095895329,-0.045145751317317684
2015-09-16,11578.31564449517,0.001870853893209512,-0.04335935852872197
2015-09-17,11602.972038482787,0.002129532027341119,-0.04132216164405267
2015-09-18,11379.136401204545,-0.01929123301649449,-0.05981623921152657
2015-09-21,11537.269783901287,0.013896782420149467,-0.04675071005289133
2015-09-22,11430.894173273085,-0.00922017189687585,-0.05553983236677851
2015-09-23,11447.28958111713,0.0014343066776332236,-0.05418518684158358
2015-09-24,11378.7282434251,-0.005989307530502752,-0.05984996262449438
2015-09-25,11483.864883218954,0.009239753120442451,-0.05116320838296984
2015-09-28,11088.711341467459,-0.03440945585566069,-0.08381216607834285
2015-09-29,11254.636125502253,0.014963396460172973,-0.07010288428738587
2015-09-30,11386.01153053672,0.011673003335645804,-0.05924819215386523
2015-10-01,11410.641284369694,0.0021631590453705662,-0.05721319637127409
2015-10-02,11513.496989895051,0.009014016211888798,-0.04871490083900987
2015-10-05,11765.431094970772,0.02188163207901428,-0.02789923029692054
2015-10-06,11746.620417701226,-0.0015988090124116061,-0.029453433768494075
2015-10-07,11892.106149610327,0.012385326735327551,-0.017432897433866557
2015-10-08,12012.212077805994,0.010099634722786632,-0.007509328607321786
2015-10-09,12034.760655876235,0.0018771378597204347,-0.00564628679263135
2015-10-12,12164.27809701781,0.010761945737436385,0.0
2015-10-13,12108.869447958416,-0.00455502978618838,-0.00455502978618838
2015-10-14,12013.293119736674,-0.007893084373608139,-0.012412160925369786
2015-10-15,12165.372386441657,0.012659248816224267,0.0
2015-10-16,12233.41071438219,0.005592786293690644,0.0
2015-10-19,12339.788558393822,0.008695681563815283,0.0
2015-10-20,12290.002442819463,-0.004034600377369801,-0.004034600377369801
2015-10-21,12250.445927104014,-0.003218592990480662,-0.007240207631356466
2015-10-22,12397.714571111264,0.012021492514114884,0.0
2015-10-23,12476.00354374959,0.006314790697049322,0.0
2015-10-26,12546.173719532402,0.00562441133787317,0.0
2015-10-27,12329.452398628033,-0.01727389766387255,-0.01727389766387255
2015-10-28,12429.20722710808,0.008090775263558836,-0.009322881624237667
2015-10-29,12438.87102674723,0.0007775073230795737,-0.008552622909893115
2015-10-30,12330.88524485237,-0.008681316950924223,-0.017159691830574753
2015-11-02,12193.459547119468,-0.011144836319863738,-0.02811328619368747
2015-11-03,12434.272076872556,0.01974931961044457,-0.00891918485758203
2015-11-04,12451.118258735001,0.0013548185015010983,-0.007576450232744225
2015-11-05,12546.10939580825,0.007629124958845157,-5.126959469192727e-06
2015-11-06,12537.976191176349,-0.0006482650816529434,-0.0006533887174933195
2015-11-09,12423.240509772473,-0.009151052742038313,-0.009798462264916763
2015-11-10,12584.911252141283,0.013013572605443446,0.0
2015-11-11,12580.735159516396,-0.00033183329951380625,-0.00033183329951380625
2015-11-12,12425.816181806365,-0.012313984496593267,-0.01264173160600146
2015-11-13,12365.57102936614,-0.004848385937692767,-0.017428825549947624
2015-11-16,12507.532226754658,0.011480359220887193,-0.006148555507172082
2015-11-17,12501.108419560684,-0.0005135950943411238,-0.006658992733567404
2015-11-18,12678.21735578841,0.01416745861915758,0.0
2015-11-19,12671.242283134678,-0.0005501619398052826,-0.0005501619398052826
2015-11-20,12674.909799948695,0.00028943624721766703,-0.0002608849293946891
2015-11-23,12641.512432801344,-0.002634919512207179,-0.002895117030811023
2015-11-24,12602.450353729766,-0.003089984626382436,-0.005976155790076598
2015-11-25,12585.954077079768,-0.0013089737461345896,-0.007277306905179248
2015-11-27,12646.895124192226,0.0048419886755695085,-0.0024705548672333544
2015-11-30,12510.979715361984,-0.010746938872786993,-0.013190942837880248
2015-12-01,12663.537999489201,0.01219395184054961,-0.0011578407190272477
2015-12-02,12528.549600049271,-0.010659611827703697,-0.011805110414107811
2015-12-03,12408.142521252033,-0.009610615964418145,-0.021302271995918387
2015-12-04,12651.252621238644,0.01959278752401694,-0.002126855360896296
2015-12-07,12531.893326386922,-0.009434583153556164,-0.011541372520694537
2015-12-08,12421.946647385805,-0.008773349416373977,-0.020213465443199907
2015-12-09,12277.024434866937,-0.011666626546763204,-0.03164426903742146
2015-12-10,12298.529340611756,0.0017516382620974547,-0.029948060087745865
2015-12-11,11961.366051798788,-0.02741492738482154,-0.056541963579945564
2015-12-14,12052.034223844425,0.007580085054917474,-0.04939047141813624
2015-12-15,12265.186084179773,0.01768596540438261,-0.03257802418256084
2015-12-16,12461.196205644526,0.015981014892026524,-0.017117639180148636
2015-12-17,12327.815610630769,-0.010703675057563089,-0.0276380925901748
2015-12-18,12008.226540893964,-0.02592422533163219,-0.05284582178176289
2015-12-21,12029.471040713346,0.0017691621445543593,-0.05117015246460266
2015-12-22,12105.454175297658,0.0063164152710579735,-0.04517694912599446
2015-12-23,12174.85600309325,0.005733104003417866,-0.03970284927047296
2015-12-24,12152.447537371412,-0.0018405528341479682,-0.041470326912872446
2015-12-28,12159.837016576073,0.0006080650981572511,-0.04088747847312013
2015-12-29,12259.005996954762,0.008155453090654241,-0.033065481295148524
2015-12-30,12147.926845970767,-0.009061024279748864,-0.04182689844606047
2015-12-31,12030.605368560027,-0.009657736574998688,-0.05108068185411785
2016-01-04,11789.883771216508,-0.02000910095285857,-0.07006770428701647
2016-01-05,11890.196427859844,0.008508366883839713,-0.06215549913795926
2016-01-06,11728.978824219266,-0.013558867981594447,-0.07487160891241207
2016-01-07,11500.225840648665,-0.019503231014301736,-0.09291460164168253
2016-01-08,11354.927596399233,-0.012634381816734486,-0.1043750649049262
2016-01-11,11464.115659630555,0.009615918930733436,-0.09576280813670868
2016-01-12,11609.634047594009,0.012693381005905113,-0.08428498094067827
2016-01-13,11335.243811956869,-0.023634701534283487,-0.10592763210660605
2016-01-14,11427.048745576067,0.008099070045794576,-0.09868647737302805
2016-01-15,11189.629995966661,-0.020776908797323634,-0.11741298623044316
2016-01-19,11165.108950068256,-0.0021914081079753567,-0.11934709456841153
2016-01-20,11015.671045927615,-0.013384365957282207,-0.1311340753360517
2016-01-21,11115.29512557072,0.009043850277276944,-0.12327618200236312
2016-01-22,11262.272747615803,0.013223006711442276,-0.11168325707289906
2016-01-25,11149.691003158518,-0.009996361034775969,-0.12056319194843457
2016-01-26,11239.693685887654,0.00807221318542739,-0.11346419055073065
2016-01-27,11147.656870250416,-0.008188551948955514,-0.12072363508101536
2016-01-28,11009.373379782644,-0.012404713571405823,-0.13163080653794224
2016-01-29,11595.090449979052,0.05320167188370628,-0.08543211363345515
2016-02-01,11629.967991028263,0.003007957652393589,-0.08268113216102546
2016-02-02,11571.249200801885,-0.005048921052205446,-0.08731260270444285
2016-02-03,11693.843041101367,0.010594693638694253,-0.07764295934219922
2016-02-04,11676.649814679167,-0.0014702802459182207,-0.07899908267876199
2016-02-05,11435.392732895507,-0.02066149842743137,-0.0980283416836576
2016-02-08,11188.207583769363,-0.021615798853596102,-0.11752517962146813
2016-02-09,11251.329061039523,0.0056417863896027765,-0.11254644519068935
2016-02-10,11346.218186217488,0.00843359257054721,-0.10506202348414395
2016-02-11,11139.48572636789,-0.01822038466532583,-0.12136813766787113
2016-02-12,11428.726873769698,0.025965395037686134,-0.0985541142697196
2016-02-16,11558.038603627461,0.011314622467227586,-0.08835459439804583
2016-02-17,11643.093698607767,0.007358955779366516,-0.08164583617175836
2016-02-18,11567.393284707221,-0.006501743940237947,-0.08761673979142093
2016-02-19,11589.413349578375,0.0019036324199563914,-0.0858798974378624
2016-02-22,11763.511869999422,0.015022203037341919,-0.07214779965665818
2016-02-23,11625.794441020229,-0.011707169636170911,-0.08301032276337206
2016-02-24,11593.069293683338,-0.0028148740718676457,-0.08559153322999569
2016-02-25,11767.357785108637,0.01503385229658405,-0.0718444514018296
2016-02-26,11703.3081894485,-0.0054429887175854175,-0.0768963915810138
2016-02-29,11626.215230787297,-0.006587279204585017,-0.08297713278442953
2016-03-01,11926.237806168414,0.02580569595741089,-0.059312719487071286
2016-03-02,11916.105185623215,-0.000849607454578627,-0.06011193441302243
2016-03-03,11924.044731609716,0.0006662870008968813,-0.0594856992126237
2016-03-04,11963.30299441365,0.00329236124885246,-0.05638918637471979
2016-03-07,11829.527096318823,-0.01118218757455991,-0.06694081949006081
2016-03-08,11673.182777692717,-0.013216447061079828,-0.07927254675412487
2016-03-09,11624.096923848927,-0.004205010302553602,-0.08314421518086779
2016-03-10,11597.789942205301,-0.002263141972745575,-0.08521918999044653
2016-03-11,11776.310085481127,0.015392600156188152,-0.07113833475141562
2016-03-14,11787.651355873906,0.0009630580640671571,-0.07024378703429501
2016-03-15,11832.949729538535,0.003842866767692188,-0.06667085778143389
2016-03-16,11888.099876320346,0.004660726872196541,-0.062320865567691675
2016-03-17,12066.007653007277,0.014965198689262493,-0.04828831101413655
2016-03-18,12188.699337425162,0.010168374490240328,-0.038610950153789014
2016-03-21,12196.020740812166,0.000600671423941268,-0.038033471224256266
2016-03-22,12106.639642510167,-0.007328709929370514,-0.045083444875417156
2016-03-23,12194.979202752467,0.007296786131480548,-0.038115622999262966
2016-03-24,12244.446486978375,0.004056364787792477,-0.03421386908246937
2016-03-28,12219.876188939475,-0.0020066483254289613,-0.03615186220479749
2016-03-29,12392.921603435156,0.01416097936019245,-0.022502828619119675
2016-03-30,12502.529557844937,0.008844399885447496,-0.01385745274853345
2016-03-31,12461.567606930048,-0.003276293067364655,-0.017088344739526695
2016-04-01,12536.795910849498,0.006036825084318798,-0.011154679003380963
2016-04-04,12555.248288158138,0.0014718575176511095,-0.009699239583878083
2016-04-05,12426.760288500835,-0.010233807942969242,-0.01983378737175301
2016-04-06,12579.356156905676,0.012279617926326925,-0.007797720776383299
2016-04-07,12486.428953867013,-0.007387278162694355,-0.015127395006667377
2016-04-08,12544.271326878574,0.004632419182879932,-0.01056505225860338
2016-04-11,12501.792159112461,-0.003386340000083754,-0.013915615399620829
2016-04-12,12636.693048544883,0.010790524087707976,-0.003275248095077732
2016-04-13,12762.028536344891,0.009918377167073889,0.0
2016-04-14,12795.317906815768,0.0026084701484621053,0.0
2016-04-15,12796.034843605823,5.60311822868087e-05,0.0
2016-04-18,12954.911618840575,0.012416094296128222,0.0
2016-04-19,12924.567468251304,-0.0023422892785421867,-0.0023422892785421867
2016-04-20,12926.823359916172,0.00017454291375007536,-0.0021681551947875244
2016-04-21,12832.958283682547,-0.007261263933155071,-0.009413675580825176
2016-04-22,12705.854684847836,-0.009904465987108035,-0.019224904138329335
2016-04-25,12593.524796166606,-0.008840797527393973,-0.02789573818075275
2016-04-26,12689.119279340184,0.007590764676357775,-0.02051672348839828
2016-04-27,12722.107388818677,0.0025997162413156083,-0.017970344906354074
2016-04-28,12543.009912948139,-0.014077657922298648,-0.0317950224603154
2016-04-29,12510.81271998757,-0.002566943116845577,-0.03428034956310644
2016-05-02,12606.971407263565,0.007686046416662373,-0.026857783504365518
2016-05-03,12470.678473162938,-0.010810917999076408,-0.0373783442083393
2016-05-04,12394.23280439186,-0.0061300328555169425,-0.04327924658577431
2016-05-05,12370.924730771338,-0.0018805579972859254,-0.045078415449776865
2016-05-06,12402.464383993678,0.0025494984335237003,-0.04264384436582824
2016-05-09,12478.288376540222,0.006113623083199515,-0.036790929673899964
2016-05-10,12617.806347732912,0.01118085806183089,-0.02602142577471578
2016-05-11,12393.953905086231,-0.017740995263166415,-0.04330077504647212
2016-05-12,12454.502009213482,0.004885293635181531,-0.03862701841202354
2016-05-13,12298.261845646284,-0.012544874411808293,-0.05068732172895052
2016-05-16,12438.952279560837,0.011439863265259698,-0.03982731449355226
2016-05-17,12316.894770847492,-0.009812523271265028,-0.0492490313145173
2016-05-18,12386.720116652245,0.005669070581817426,-0.04385915696730802
2016-05-19,12335.562240983429,-0.004130058254891988,-0.04780807434891454
2016-05-20,12419.714046865553,0.0068218865292204445,-0.04131232907808302
2016-05-23,12355.561221236472,-0.005165402793252838,-0.04626433705132005
2016-05-24,12601.54321270229,0.019908605288040615,-0.027276790188547007
2016-05-25,12588.696855899938,-0.00101942727057458,-0.028268410755349693
2016-05-26,12590.954773082536,0.00017936067636270536,-0.02809412032025982
2016-05-27,12679.229698038693,0.007010979433019093,-0.021280108186994773
2016-05-31,12618.649423655186,-0.0047779144180090105,-0.025956348069280266
2016-06-01,12634.049310690156,0.0012204069166150688,-0.024767618459379026
2016-06-02,12709.564012005743,0.005977078247723089,-0.018938578205197287
2016-06-03,12712.27744385898,0.0002134952741630336,-0.018729126227980397
2016-06-06,12766.999708353196,0.0043046782715281395,-0.014505070819170629
2016-06-07,12811.96804924425,0.003522232467948694,-0.011033928582611097
2016-06-08,12951.20344528885,0.010867604064374259,-0.00028623688534723524
2016-06-09,12929.827172094814,-0.001650524083289806,-0.001936288527764285
2016-06-10,12807.037431137704,-0.009496626623294424,-0.011414526941875502
2016-06-13,12597.480459754806,-0.01636264221992534,-0.027590397341341166
2016-06-14,12617.80489455662,0.001613372996826179,-0.02602153794655715
2016-06-15,12589.281504844701,-0.002260566711110301,-0.02822328123521367
2016-06-16,12622.463011650096,0.0026356950388808364,-0.025661974158665224
2016-06-17,12539.288925453631,-0.006589370562599228,-0.032082248464165186
2016-06-20,12627.570160839423,0.007040370144641095,-0.025267749223784275
2016-06-21,12656.236405761789,0.002270131510436313,-0.02305497882705876
2016-06-22,12545.207747432407,-0.008772644155006115,-0.031625369856813856
2016-06-23,12767.645871506695,0.01773092391553366,-0.014455192968011898
2016-06-24,12329.019746201815,-0.03435450275792451,-0.0483130947592505
2016-06-27,12138.364100127998,-0.015463974427695426,-0.06302995672506606
2016-06-28,12353.677074562991,0.017738220130727678,-0.04640977584155781
2016-06-29,12584.785625415521,0.01870767298332554,-0.028570321767905527
2016-06-30,12419.79779705773,-0.013110102410055391,-0.04130586433369554
2016-07-01,12481.559225328005,0.004972820755979379,-0.03653845023721858
2016-07-05,12503.722114981692,0.001775650722284361,-0.03482767904048911
2016-07-06,12409.668787920124,-0.0075220263371716944,-0.042087730658655675
2016-07-07,12457.847960008894,0.0038823898455428996,-0.038368741791244054
2016-07-08,12720.37859112554,0.021073513817105427,-0.018103792184421375
2016-07-11,12755.01699166469,0.0027230636486963444,-0.015430026314125822
2016-07-12,12857.938391963908,0.008069091586979216,-0.007485441022664907
2016-07-13,12882.049386912171,0.0018751835802333083,-0.005624294018528042
2016-07-14,12981.505614436363,0.0077205283520520585,0.0
2016-07-15,12971.840906455081,-0.0007444982322030169,-0.0007444982322030169
2016-07-18,12966.014369904802,-0.0004491680550430255,-0.0011933318824229877
2016-07-19,12990.268790461521,0.0018706149680827178,0.0
2016-07-20,13046.598726230186,0.004336317952868374,0.0
2016-07-21,12957.78317887782,-0.006807563351649781,-0.006807563351649781
2016-07-22,13085.297172646107,0.009840725995179822,0.0
2016-07-25,12982.493743372695,-0.007856407685437605,-0.007856407685437605
2016-07-26,12955.077852659411,-0.002111758438341549,-0.009951575288554393
2016-07-27,12877.27369496159,-0.006005688162024403,-0.015897497392674875
2016-07-28,12934.405407881686,0.00443663109703496,-0.011531397626937334
2016-07-29,12796.747542948395,-0.01064276714640544,-0.022051438793526668
2016-08-01,12811.406388196414,0.0011455133578919252,-0.020931185653333295
2016-08-02,12784.703931948341,-0.0020842720493726707,-0.022971831417488597
2016-08-03,12867.373450172669,0.006466283354262137,-0.016654090434338298
2016-08-04,12914.908379043267,0.0036942215950031,-0.013021392739862692
2016-08-05,13024.983611533971,0.008523113696208728,-0.004609261854458868
2016-08-08,13016.314567725842,-0.0006655704196397716,-0.005271764485751951
2016-08-09,13062.255661913172,0.0035295009158153867,-0.001760870267516923
2016-08-10,13039.203501839631,-0.0017647916768890326,-0.00352255437521376
2016-08-11,13132.659520462366,0.007167310381309022,0.0
2016-08-12,13112.473994049504,-0.0015370478752921857,-0.0015370478752921857
2016-08-15,13191.282517361306,0.006010194822698267,0.0
2016-08-16,13179.983618962826,-0.000856542825431017,-0.000856542825431017
2016-08-17,13218.138170453387,0.002894886108634198,0.0
2016-08-18,13178.635465069769,-0.002988522655325121,-0.002988522655325121
2016-08-19,13201.262307809207,0.0017169336536708713,-0.0012767200967759296
2016-08-22,13216.99788078836,0.0011919748742394987,-8.626704081338143e-05
2016-08-23,13172.63435273632,-0.0033565510452659986,-0.0034425285263534056
2016-08-24,13136.049240934295,-0.0027773572713210015,-0.00621032466603999
2016-08-25,13122.613430729058,-0.001022819719902479,-0.0072267923434070624
2016-08-26,13125.806704803897,0.00024334132005754405,-0.006985209600538056
2016-08-29,13162.36233445404,0.002785019654202525,-0.004219643892361735
2016-08-30,13203.617723431069,0.0031343453347305594,-0.0010985243787794419
2016-08-31,13170.354866722035,-0.0025192229437244196,-0.0036149798946846223
2016-09-01,13221.882335189417,0.003912382694985617,0.0
2016-09-02,13291.14587954661,0.005238553982049199,0.0
2016-09-06,13335.322866055576,0.0033237906580312337,0.0
2016-09-07,13399.762771756563,0.00483227188034685,0.0
2016-09-08,13346.633366638393,-0.003964951172878539,-0.003964951172878539
2016-09-09,13126.90055270183,-0.016463538624340468,-0.02036321267044061
2016-09-12,13326.24575817857,0.015186007136750002,-0.005486441426631017
2016-09-13,13138.299141886777,-0.014103493189478788,-0.019512556626814948
2016-09-14,13101.406907400016,-0.0028079916653094283,-0.022265757195747415
2016-09-15,13160.8682448998,0.004538545968387542,-0.017828265389913778
2016-09-16,13154.89944148167,-0.0004535265688450085,-0.018273706366727982
2016-09-19,13209.076943959322,0.0041184277172665595,-0.014230537588259429
2016-09-20,13270.599068031783,0.0046575642138715345,-0.00963925301700308
2016-09-21,13407.319949601544,0.010302540289919282,0.0
2016-09-22,13420.760225786444,0.0010024580777829861,0.0
2016-09-23,13321.087130689448,-0.007426784580018442,-0.007426784580018442
2016-09-26,13234.418552110365,-0.0065061190373429945,-0.013884584072819117
2016-09-27,13327.857823730792,0.007060323145479552,-0.006922290577634382
2016-09-28,13362.835439586595,0.002624398933302352,-0.004316058496340092
2016-09-29,13211.632501893202,-0.011315183695629671,-0.015582405197242633
2016-09-30,13343.683624553169,0.00999506477651746,-0.005743087570045491
2016-10-03,13349.033315800918,0.00040091562407140735,-0.00534447443951136
2016-10-04,13302.540299397348,-0.003482875149359188,-0.008808735451658722
2016-10-05,13393.178040785011,0.006813566382638081,-0.0020551879727674915
2016-10-06,13392.010238402603,-8.719382202282411e-05,-0.00214220259509601
2016-10-07,13331.011948781634,-0.004554826985276095,-0.006687272218183993
2016-10-10,13366.217691091057,0.002640890462380918,-0.004064042109223398
2016-10-11,13248.314676674949,-0.00882097068452603,-0.012849163997443402
2016-10-12,13269.771978612134,0.0016196250210573915,-0.011250349803895832
2016-10-13,13211.727600410599,-0.004374180528127325,-0.015575319270976329
2016-10-14,13271.494440168693,0.004523771725072345,-0.011122006734831102
2016-10-17,13223.437712629151,-0.003621048688690953,-0.01470278209561926
2016-10-18,13176.094154274782,-0.003580276126619708,-0.018230418202507148
2016-10-19,13285.353436956952,0.008292236030107647,-0.010089353103062249
2016-10-20,13222.787328073871,-0.004709404923246896,-0.014751243177133166
2016-10-21,13196.40676674753,-0.001995083235614925,-0.016716896454780916
2016-10-24,13339.463519018453,0.010840583713393803,-0.006057533656833258
2016-10-25,13202.436433300958,-0.010272308591880885,-0.01626761739368543
2016-10-26,13216.864622386936,0.001092842912659986,-0.015192552431399942
2016-10-27,13204.838177668678,-0.0009099317471926716,-0.01608865999281439
2016-10-28,13212.642835217728,0.0005910453005208982,-0.015507123819173962
2016-10-31,13242.528777548518,0.002261920094527081,-0.013280279599621747
2016-11-01,13112.352771614165,-0.009830147105668652,-0.022979879603221676
2016-11-02,13019.571181714837,-0.007075891833857928,-0.02989316829465205
2016-11-03,13056.347296067417,0.0028246793876154364,-0.02715292752334919
2016-11-04,13001.373001232663,-0.00421054170727464,-0.03124914069681206
2016-11-07,13349.163450793454,0.026750286260367684,-0.005334777895474541
2016-11-08,13499.85018141945,0.011288102897342167,0.0
2016-11-09,13609.377380260587,0.008113215877898039,0.0
2016-11-10,13515.134015823684,-0.006924884350227201,-0.006924884350227201
2016-11-11,13564.482376221411,0.003651340810971515,-0.003298828652094854
2016-11-14,13172.199030802341,-0.02891989053019406,-0.032123317418792485
2016-11-15,13203.936690421771,0.002409442762382641,-0.029791273951068287
2016-11-16,13339.269193238086,0.010249405612076767,-0.01984721118941657
2016-11-17,13466.561650371914,0.009542685981504428,-0.010493920911901267
2016-11-18,13475.03633537867,0.0006293132001160551,-0.009871211674735925
2016-11-21,13587.552783026695,0.008349992151977625,-0.0016036440627730242
2016-11-22,13421.20793593664,-0.012242443488267418,-0.013826455029226636
2016-11-23,13443.204389176219,0.0016389324526209226,-0.012210183202457814
2016-11-25,13525.490173330974,0.006120994799499346,-0.006163926870841552
2016-11-28,13398.443633741548,-0.009393119063435651,-0.015499147435281135
2016-11-29,13435.96947682284,0.0028007613501310757,-0.012741795498246833
2016-11-30,13247.888679867303,-0.013998304869624612,-0.026561736829900595
2016-12-01,13100.051652032173,-0.01115928971080482,-0.037424616424198365
2016-12-02,13122.643617053403,0.0017245706827213603,-0.035764587137774195
2016-12-05,13280.652550718562,0.012040937655261708,-0.024154288646504596
2016-12-06,13261.110917933722,-0.0014714361896157602,-0.025590183341671402
2016-12-07,13573.928685989142,0.02358910727700647,-0.0026047256447500056
2016-12-08,13590.10476468355,0.0011917020538869671,-0.0014161276477636653
2016-12-09,13609.802235949526,0.0014493980441683263,0.0
2016-12-12,13578.54941292385,-0.0022963465951858497,-0.0022963465951858497
2016-12-13,13644.823929584983,0.004880824500889114,0.0
2016-12-14,13485.705935348322,-0.011661417916258965,-0.011661417916258965
2016-12-15,13520.95565808811,0.0026138581775978498,-0.009078041031243989
2016-12-16,13337.290118082794,-0.01358376912474002,-0.0225384961425108
2016-12-19,13375.770278059546,0.0028851558027205293,-0.019718367412720483
2016-12-20,13428.226003370006,0.003921697533674218,-0.015873999351896817
2016-12-21,13333.146356266581,-0.007080581387263196,-0.022842183594807497
2016-12-22,13321.496179606864,-0.0008737755026773097,-0.023696000157031993
2016-12-23,13327.23064148958,0.000430466803833518,-0.023275733694649747
2016-12-27,13354.1342474268,0.002018694405532928,-0.021304025882510902
2016-12-28,13300.562060371842,-0.004011655571403372,-0.02523021703978945
2016-12-29,13291.754912382457,-0.0006621635949976001,-0.02587567410356939
2016-12-30,13245.203963391577,-0.003502242502794961,-0.029287293720730356
2017-01-03,13405.150820164872,0.012075831917377267,-0.01756513023963957
2017-01-04,13466.80525737931,0.004599309477495206,-0.013046608232128887
2017-01-05,13556.840075008327,0.006685684979344408,-0.006448148765473505
2017-01-06,13672.461683246656,0.00852865473064579,0.0
2017-01-09,13596.784325229051,-0.005535020669345525,-0.005535020669345525
2017-01-10,13511.376010858588,-0.006281508357236065,-0.011781760747989645
2017-01-11,13570.350317954326,0.00436478912646221,-0.007468396522730902
2017-01-12,13516.397679671507,-0.003975773433898544,-0.011414477304140469
2017-01-13,13515.28190727426,-8.254953898878536e-05,-0.0114960845832901
2017-01-17,13514.651542671105,-4.6640877155224025e-05,-0.011542189272976455
2017-01-18,13591.993461746184,0.0057228200690842,-0.0058854230763047966
2017-01-19,13568.618308451023,-0.0017197737300970184,-0.007595075210404589
2017-01-20,13615.105751738349,0.003426100007424715,-0.004194996690214725
2017-01-23,13617.437382424894,0.00017125321896593881,-0.004024461877935703
2017-01-24,13800.94655756441,0.013476043251453351,0.0
2017-01-25,13912.349493922964,0.00807212287170933,0.0
2017-01-26,13848.192532111834,-0.004611511652949374,-0.004611511652949374
2017-01-27,13958.235342719276,0.007946366311146313,0.0
2017-01-30,13895.96772894165,-0.004460994692291442,-0.004460994692291442
2017-01-31,13388.632124967138,-0.0365095554243311,-0.04080768118365674
2017-02-01,13164.705029919198,-0.01672516601829399,-0.056850331959332534
2017-02-02,13138.608291945933,-0.001982326069133733,-0.05871996213338426
2017-02-03,13585.345002458856,0.03400182885327174,-0.026714719382842422
2017-02-06,13515.39197835449,-0.005149153303924625,-0.03172631450119345
2017-02-07,13491.29284389461,-0.0017830880893781043,-0.03345283177706471
2017-02-08,13452.264591961002,-0.0028928474376174185,-0.03624890527599478
2017-02-09,13513.340879663068,0.004540223490590911,-0.031873259916646135
2017-02-10,13589.238278782614,0.0056164792848352185,-0.02643579613587288
2017-02-13,13700.204549294904,0.008165746176189037,-0.018485917960894827
2017-02-14,13763.891969228887,0.0046486473763824865,-0.01392320509854128
2017-02-15,13844.640882145377,0.005866720917093504,-0.008138167740032398
2017-02-16,13781.15415226626,-0.0045856537861515,-0.012686502706474534
2017-02-17,13768.811954351419,-0.0008955852157571664,-0.013570726077968165
2017-02-21,13854.90022873408,0.006252411222411602,-0.007403164615582658
2017-02-22,13732.399139897247,-0.008841715697293528,-0.016179423636084933
2017-02-23,13739.475844995144,0.0005153291151680506,-0.015672432248983292
2017-02-24,13820.442013066939,0.005892959017158361,-0.009871830232767276
2017-02-27,13809.795400591047,-0.0007703525303912606,-0.010634577973759107
2017-02-28,13752.792425654665,-0.00412772045369636,-0.01471840186243678
2017-03-01,13908.895124922823,0.011350618437093729,-0.003534846388887458
2017-03-02,13817.501018946268,-0.006570910568790556,-0.01008252979818225
2017-03-03,13840.515699502415,0.0016656181551635285,-0.008433705287700599
2017-03-06,13863.42251984887,0.0016550554071679269,-0.006792608130071542
2017-03-07,13850.136388355659,-0.0009583586934747146,-0.007744457068493471
2017-03-08,13845.649171267294,-0.0003239836029439447,-0.008065931594333442
2017-03-09,13868.557268004273,0.001654533958907356,-0.006424742993159205
2017-03-10,13969.994132876865,0.0073141613011624695,0.0
2017-03-13,14045.489361881453,0.005404098834008719,0.0
2017-03-14,13958.626729953727,-0.006184379176098043,-0.006184379176098043
2017-03-15,14041.157856246893,0.005912553425908573,-0.0003083912224742802
2017-03-16,14055.452335055637,0.0010180413150462364,0.0
2017-03-17,14092.536321196289,0.0026384057415327344,0.0
2017-03-20,13939.752137457857,-0.010841496538038453,-0.010841496538038453
2017-03-21,13803.683770565474,-0.009761175489394147,-0.0204968462771572
2017-03-22,13846.80856268858,0.0031241509759201147,-0.017436730543537005
2017-03-23,13832.146626310725,-0.0010588675586491458,-0.018477134913884696
2017-03-24,13830.879897367682,-9.157862313524667e-05,-0.018567021426445063
2017-03-27,13794.33355586453,-0.0026423728478841557,-0.02116033328104594
2017-03-28,13884.864353569319,0.006562897536017687,-0.014736308844179757
2017-03-29,13881.935190805245,-0.000210960848409103,-0.014944160908372695
2017-03-30,13899.608162547487,0.0012730913593335114,-0.013690094831164124
2017-03-31,13920.591355961158,0.0015096248159145453,-0.012201136922138867
2017-04-03,13918.228750498904,-0.00016972019376482184,-0.012368786336581117
2017-04-04,13876.72106217196,-0.0029822536380899045,-0.015314153116619988
2017-04-05,13905.701754236628,0.00208843947607118,-0.0132576963224601
2017-04-06,13907.54461073031,0.00013252524225326745,-0.013126928059623677
2017-04-07,13786.027069643009,-0.008737526607935142,-0.021749757784357504
2017-04-10,13872.988482657733,0.006307938652333922,-0.01557901526983041
2017-04-11,13836.524998472149,-0.0026283799075568215,-0.01816644760667241
2017-04-12,13740.158556364948,-0.0069646419254719705,-0.025004566729506128
2017-04-13,13731.762454061285,-0.0006110629851336924,-0.025600350349452072
2017-04-17,13878.740514631714,0.01070351027860661,-0.015170853683946772
2017-04-18,13830.494053003522,-0.0034762852996155225,-0.018594400767918184
2017-04-19,13851.438847977937,0.0015143923922129598,-0.017108167594765855
2017-04-20,14037.829655489377,0.013456422076949082,-0.0038819602419352117
2017-04-21,14050.562421901785,0.0009070324063540358,-0.0029784488993206404
2017-04-24,14179.031697472758,0.00914335467245908,0.0
2017-04-25,14223.787170171514,0.0031564548026741246,0.0
2017-04-26,14210.729312595071,-0.0009180295950874662,-0.0009180295950874662
2017-04-27,14254.538207457474,0.003082804119249216,0.0
2017-04-28,14146.68542143365,-0.007566206947861587,-0.007566206947861587
2017-05-01,14101.587322958381,-0.003187891518881214,-0.010729978219783609
2017-05-02,14240.268904361888,0.009834466023390442,-0.001001035802627448
2017-05-03,14253.819997479815,0.0009516037378884956,-5.0384654150525954e-05
2017-05-04,14254.576778717768,5.309322259483551e-05,0.0
2017-05-05,14225.650674568027,-0.0020292502961524184,-0.0020292502961524184
2017-05-08,14214.68462999645,-0.0007708641820638462,-0.0027985502018464947
2017-05-09,14168.521801085524,-0.003247545064314128,-0.006037006848265358
2017-05-10,14116.88339031809,-0.0036445870283714488,-0.009659591479787455
2017-05-11,14096.576549141355,-0.0014384790619338395,-0.01108417542163087
2017-05-12,14153.844175808681,0.0040625201776962605,-0.0070666849302380985
2017-05-15,14262.162310780417,0.007652912779474441,0.0
2017-05-16,14212.515955275037,-0.0034809837683486,-0.0034809837683486
2017-05-17,14011.735315524804,-0.014127030033391996,-0.017558837839499408
2017-05-18,14024.206732108134,0.0008900693813072014,-0.016684397042124433
2017-05-19,14107.930042404518,0.005969914155978584,-0.010814087304231501
2017-05-22,14204.17156153124,0.006821802974458224,-0.004066055902711363
2017-05-23,14277.644684901032,0.005172644039922458,0.0
2017-05-24,14393.569504300129,0.008119323737036943,0.0
2017-05-25,14480.131409311007,0.006013928996905005,0.0
2017-05-26,14442.06822115913,-0.0026286493593146165,-0.0026286493593146165
2017-05-30,14496.959414593068,0.0038007848040433334,0.0
2017-05-31,14499.362813352804,0.00016578640327269412,0.0
2017-06-01,14605.484642986976,0.007319068499785475,0.0
2017-06-02,14675.590768308408,0.0047999862404493054,0.0
2017-06-05,14727.663747028962,0.003548271380870327,0.0
2017-06-06,14629.363452262314,-0.006674534159328505,-0.006674534159328505
2017-06-07,14617.095354125862,-0.0008385941176787259,-0.007507531051922922
2017-06-08,14620.837592577203,0.00025601792700102877,-0.00725343518745869
2017-06-09,14493.87907233872,-0.008683395833829599,-0.01587384657240054
2017-06-12,14497.667609005437,0.00026138873160252984,-0.015616607085419343
2017-06-13,14692.88571449462,0.01346548360426758,-0.0023614086478147556
2017-06-14,14690.55590983159,-0.00015856685393877967,-0.002519601060613441
2017-06-15,14630.394180029838,-0.004095265704784468,-0.006604548329584681
2017-06-16,14648.035085135782,0.001205771005816203,-0.005406740896650608
2017-06-19,14720.516530976729,0.004948202637396593,-0.00048529190881851925
2017-06-20,14615.119190786776,-0.007159894149649126,-0.007641711419768771
2017-06-21,14607.509353160336,-0.0005206825566799189,-0.008158415070609215
2017-06-22,14546.363542265059,-0.004185916258342082,-0.012310180886664912
2017-06-23,14761.720146867567,0.014804841359614018,0.0
2017-06-26,14767.89147127825,0.0004180626884457972,0.0
2017-06-27,14666.566207656831,-0.006861186907994532,-0.006861186907994532
2017-06-28,14811.860853978345,0.009906521012782221,0.0
2017-06-29,14627.91905552608,-0.012418547558989634,-0.012418547558989634
2017-06-30,14611.856607003907,-0.0010980679111772806,-0.013502979061588927
2017-07-03,14573.03892287827,-0.002656588082518563,-0.016123695290854
2017-07-05,14629.449658846801,0.003870897227892023,-0.01231521123036683
2017-07-06,14490.516292343764,-0.009496827956137155,-0.0216950837442057
2017-07-07,14612.546305408017,0.008421370957550245,-0.013456415134820432
2017-07-10,14713.062060603595,0.006878729626908164,-0.006670248549372038
2017-07-11,14735.258914472703,0.0015086495100529174,-0.005171662106525088
2017-07-12,14833.419570560738,0.006661617326019664,0.0
2017-07-13,14842.701490410145,0.0006257437676628896,0.0
2017-07-14,15001.364949432565,0.010689661792695482,0.0
2017-07-17,14971.770132031459,-0.0019728083078350833,-0.0019728083078350833
2017-07-18,15030.651049404054,0.00393279597892171,0.0
2017-07-19,15154.81966733533,0.008261027251790232,0.0
2017-07-20,15119.913635854533,-0.0023032957334381265,-0.0023032957334381265
2017-07-21,15263.474011949827,0.009494788102153207,0.0
2017-07-24,15306.565988929666,0.002823208985457848,0.0
2017-07-25,15328.525674259821,0.0014346578681356803,0.0
2017-07-26,15358.579794457335,0.0019606660703175294,0.0
2017-07-27,14999.254612147999,-0.023395729756146455,-0.023395729756146455
2017-07-28,15060.272250394755,0.0040680447011904874,-0.019422859929420944
2017-07-31,15131.985039751053,0.004761719321137559,-0.014753626815681042
2017-08-01,15247.092754288991,0.007606914376108387,-0.0072589420154965945
2017-08-02,15343.3993176402,0.006316388632457093,-0.0009884036818699204
2017-08-03,15293.29234055349,-0.0032657024724047634,-0.004250878321927054
2017-08-04,15349.456734341093,0.003672485462052677,-0.0005940041487126901
2017-08-07,15394.959155699002,0.0029644320411750247,0.0
2017-08-08,15377.082940541957,-0.0011611732760218318,-0.0011611732760218318
2017-08-09,15376.127735687716,-6.2118729406202e-05,-0.0012232198748195477
2017-08-10,15203.287687352968,-0.011240804661994952,-0.012450274561143004
2017-08-11,15286.955783215024,0.0055032896556748145,-0.007015502372670901
2017-08-14,15573.260221164359,0.01872867574220982,0.0
2017-08-15,15670.153846477016,0.006221794533489922,0.0
2017-08-16,15780.832750601163,0.007063038768380103,0.0
2017-08-17,15573.94810824998,-0.0131098685107921,-0.0131098685107921
2017-08-18,15629.089591958598,0.003540623310501978,-0.009615662306337036
2017-08-21,15721.449173490782,0.005909466510429562,-0.0037630192302822163
2017-08-22,15841.901642954017,0.007661664528123779,0.0
2017-08-23,15702.649730195773,-0.00879010082859455,-0.00879010082859455
2017-08-24,15695.594814094144,-0.0004492818869966664,-0.009235433482503996
2017-08-25,15710.367971581862,0.0009412295400523796,-0.008302896605260623
2017-08-28,15771.325217112448,0.0038800647852965664,-0.004455047596698014
2017-08-29,15829.645829108358,0.0036978891242842593,-0.0007736327444697322
2017-08-30,15830.23712599984,3.7353766336067906e-05,-0.0007363078762305797
2017-08-31,15777.868964005762,-0.0033081097634392043,-0.004041981852395571
2017-09-01,15814.792487152128,0.0023402097729801064,-0.0017112311648486145
2017-09-05,15706.786701659377,-0.006829415281958018,-0.0085289597385384
2017-09-06,15716.655019934155,0.000628283713417721,-0.007906034631616876
2017-09-07,15891.198695965366,0.011105650395063726,0.0
2017-09-08,15899.582911778645,0.0005276012196240298,0.0
2017-09-11,16121.336226860338,0.013947115236426333,0.0
2017-09-12,16178.075143956237,0.0035194921994967654,0.0
2017-09-13,16137.924015291035,-0.0024818235981677317,-0.0024818235981677317
2017-09-14,16178.385562412903,0.0025072337113205556,0.0
2017-09-15,16133.924043358606,-0.0027482049357010485,-0.0027482049357010485
2017-09-18,16073.55792049019,-0.003741564836067579,-0.006479487184818833
2017-09-19,16094.051682698457,0.0012749984981321738,-0.005212750023115942
2017-09-20,16099.49180454541,0.0003380206522389795,-0.004876491388039694
2017-09-21,16100.38124684644,5.524660727362907e-05,-0.00482151419037069
2017-09-22,16145.693913265603,0.0028143846859549626,-0.0020206991001161523
2017-09-25,15939.317985420159,-0.012782103324520566,-0.01477697363995123
2017-09-26,15969.588573739333,0.0018991144004318894,-0.012905922402953851
2017-09-27,16041.69723081532,0.004515373501516651,-0.008448823961468066
2017-09-28,16159.13128938691,0.007320550742349496,-0.0011901232636416514
2017-09-29,16246.30532750065,0.005394723054883199,0.0
2017-10-02,16302.591642426749,0.0034645609442549574,0.0
2017-10-03,16258.354916895896,-0.00271347810833511,-0.00271347810833511
2017-10-04,16194.100619595327,-0.003952078646886625,-0.006654832876331063
2017-10-05,16237.416784744208,0.002674811412278544,-0.003997821886976949
2017-10-06,16256.016763360833,0.0011455010894405593,-0.0028569003068633636
2017-10-09,16252.409062119526,-0.00022193021167626892,-0.003078196486049789
2017-10-10,16332.52988931743,0.004929781602940775,0.0
2017-10-11,16480.60420722108,0.009066220536997127,0.0
2017-10-12,16484.956115132605,0.0002640624006744474,0.0
2017-10-13,16470.883616699553,-0.0008536570152063438,-0.0008536570152063438
2017-10-16,16436.360997566444,-0.002095978572643653,-0.00294784634103773
2017-10-17,16330.197654301424,-0.006459054001110021,-0.00938786004344394
2017-10-18,16379.668343696918,0.003029399303226654,-0.006386900316891819
2017-10-19,16375.59941496723,-0.00024841337713987777,-0.006633727102554388
2017-10-20,16443.15966747363,0.004125665924915589,-0.002535429719501048
2017-10-23,16436.990740384637,-0.00037516676926718784,-0.0029096452797916506
2017-10-24,16519.828827937014,0.005039735609806417,0.0
2017-10-25,16558.235210388397,0.00232486564185419,0.0
2017-10-26,16629.050695786333,0.0042767531985237195,0.0
2017-10-27,16697.171362303736,0.0040964855879996875,0.0
2017-10-30,16584.561619700697,-0.00674424069559898,-0.00674424069559898
2017-10-31,16548.82350736705,-0.0021549024419911245,-0.008884609956845813
2017-11-01,16646.326441429304,0.005891834789273576,-0.0030451218216051013
2017-11-02,16606.186319103443,-0.0024113501839037044,-0.005449129150444265
2017-11-03,16565.547979791805,-0.0024471807391976963,-0.007882974885739635
2017-11-06,16534.631771640925,-0.0018662955302531925,-0.009734558455198439
2017-11-07,16552.041124185303,0.0010529023436880447,-0.008691905650922704
2017-11-08,16543.18069438218,-0.0005353073821317,-0.009222560191794682
2017-11-09,16481.28124780087,-0.0037416895653160642,-0.012929741799875605
2017-11-10,16539.06068906052,0.003505761499419835,-0.009469308891455364
2017-11-13,16580.195322796204,0.002487120309250246,-0.0070057398926636205
2017-11-14,16593.931385040636,0.0008284620281611144,-0.0061830818539826415
2017-11-15,16369.166188347894,-0.013545023869109607,-0.01964435573179546
2017-11-16,16502.93414936609,0.008171947152287862,-0.011632941216388581
2017-11-17,16350.003412969243,-0.0092668815746757,-0.02079202170244676
2017-11-20,16376.211790368125,0.0016029585277084202,-0.019222391923234605
2017-11-21,16554.89690614064,0.010911260678590606,-0.008520871773784466
2017-11-22,16488.11822957496,-0.004033771816537746,-0.012520272337908867
2017-11-24,16560.97159487352,0.004418537293593872,-0.008157056334566093
2017-11-27,16675.099114352022,0.0068913540986828,-0.001321915399487672
2017-11-28,16801.585263396668,0.007585331168183718,0.0
2017-11-29,16684.72624688766,-0.006955237537233483,-0.006955237537233483
2017-11-30,17069.59631623844,0.02306720911423832,0.0
2017-12-01,16834.612580689973,-0.013766215157936967,-0.013766215157936967
2017-12-04,16712.493283679054,-0.007254060432076437,-0.020920414633336715
2017-12-05,16637.7543989587,-0.004472036784202826,-0.025298894553758444
2017-12-06,16632.859212214156,-0.0002942216014950594,-0.02558567267398182
2017-12-07,16865.50065238314,0.013986858014053638,-0.011956677830813223
2017-12-08,16967.970798649523,0.006075725137273391,-0.00595359818159491
2017-12-11,16864.628179822943,-0.00609045242079298,-0.01200779049593037
2017-12-12,16972.0513841773,0.0063697345241728875,-0.005714542409438583
2017-12-13,16971.11189516711,-5.535506515530475e-05,-0.0057695811457264545
2017-12-14,16850.16226551099,-0.007126794661613367,-0.012855257187230684
2017-12-15,16996.875333200227,0.008706923136849065,-0.004260263786615259
2017-12-18,17015.69802451946,0.0011074206846988233,-0.003157561006156051
2017-12-19,16894.76879555952,-0.00710692143135605,-0.0102420418995266
2017-12-20,16856.55424230601,-0.0022619163195387593,-0.012480791577347383
2017-12-21,16897.111483287725,0.0024060220374058083,-0.010104798599520959
2017-12-22,16926.426579769268,0.0017349176224905616,-0.008387411970192438
2017-12-26,16933.72965871831,0.00043146017351181065,-0.0079595706309048
2017-12-27,17074.092412773196,0.008288945015879623,0.0
2017-12-28,17103.182575176546,0.0017037603932370526,0.0
2017-12-29,17077.891439606115,-0.00147873855987124,-0.00147873855987124
2018-01-02,17368.76480305147,0.017032159062141394,0.0
2018-01-03,17623.54581688612,0.014668919564728489,0.0
2018-01-04,17708.0654694887,0.004795836971785761,0.0
2018-01-05,17987.98315231478,0.01580735531548494,0.0
2018-01-08,18116.762349145196,0.007159179310985975,0.0
2018-01-09,18092.099048277832,-0.0013613525635570722,-0.0013613525635570722
2018-01-10,18116.89759074309,0.0013706835452915733,0.0
2018-01-11,18396.085086054427,0.01541033689200666,0.0
2018-01-12,18453.5395361639,0.0031231889742142638,0.0
2018-01-16,18415.806300140423,-0.002044769565726301,-0.002044769565726301
2018-01-17,18625.109872039873,0.011365430787456443,0.0
2018-01-18,18707.499774595482,0.004423592833634471,0.0
2018-01-19,18641.664573672373,-0.003519187583394423,-0.003519187583394423
2018-01-22,18781.44282844112,0.007498163815593761,0.0
2018-01-23,18768.3582709094,-0.0006966747789953764,-0.0006966747789953764
2018-01-24,18738.43273300086,-0.001594467532886168,-0.0022900314865654803
2018-01-25,18779.089508486682,0.002169699892468513,-0.00012530027516699516
2018-01-26,18959.068751017814,0.009584023892627691,0.0
2018-01-29,18708.447850855566,-0.01321905118091804,-0.01321905118091804
2018-01-30,18451.097229011506,-0.013755851040966549,-0.026793062922936928
2018-01-31,18471.526810947966,0.0011072285665665316,-0.025715500401024438
2018-02-01,18186.42171880452,-0.0154348416923753,-0.040753427415669674
2018-02-02,17573.76905267687,-0.033687367179777494,-0.07306791892226105
2018-02-05,16969.88157354531,-0.03436300302578377,-0.10492008882903148
2018-02-06,17282.253144372633,0.018407410179826167,-0.08844398576038504
2018-02-07,17209.055054361146,-0.004235448317994384,-0.09230483414765389
2018-02-08,16527.433423925675,-0.03960831250073393,-0.12825710793213918
2018-02-09,16599.587095072773,0.004365691229628377,-0.12445134763374766
2018-02-12,16795.36108229453,0.011793907047234153,-0.1141252082124089
2018-02-13,16852.018731695258,0.003373410617557804,-0.11113678878396593
2018-02-14,17030.75976227194,0.010606505571970848,-0.10170905618148318
2018-02-15,17278.3193588204,0.014536027752377612,-0.0886514740924278
2018-02-16,17183.507415392665,-0.005487335976304686,-0.09365234964559255
2018-02-20,17105.94534038699,-0.0045137510713439966,-0.09774337732339
2018-02-21,16958.080593640185,-0.00864405584166672,-0.10554253395332014
2018-02-22,16974.21403872757,0.0009513721201108716,-0.10469157205749824
2018-02-23,17240.97899930447,0.015715894707599487,-0.09062099907312748
2018-02-26,17530.365613563677,0.016784813337507254,-0.07535724228952101
2018-02-27,17286.376198812923,-0.013918101888415468,-0.08822651440172102
2018-02-28,17176.24448922991,-0.006371011964356965,-0.09403543418725102
2018-03-01,17049.954414411855,-0.0073526011403274305,-0.10069663028694209
2018-03-02,17026.443266010236,-0.0013789566722680613,-0.10193673066900111
2018-03-05,17154.018472365606,0.007492769004202371,-0.09520775004074522
2018-03-06,17295.901691175357,0.00827113594626927,-0.08772409033820139
2018-03-07,17337.27528640087,0.002392103977245652,-0.08554183150635386
2018-03-08,17349.338468647547,0.0006957945840624369,-0.08490555646536424
2018-03-09,17649.317448074064,0.017290513985222855,-0.06908310319162891
2018-03-12,17543.698691000383,-0.00598429697830638,-0.07465398636425358
2018-03-13,17469.714906980873,-0.00421711437950445,-0.07855627634437401
2018-03-14,17380.71443560552,-0.005094557744602213,-0.08325062460293886
2018-03-15,17510.63734757993,0.007475119187750678,-0.07639781375654986
2018-03-16,17680.181325967547,0.009682341940057793,-0.06745518157275576
2018-03-19,17423.039624936086,-0.014544064695410586,-0.08101817374333153
2018-03-20,17558.016608081314,0.007747039899516084,-0.07389878486839097
2018-03-21,17379.64902846499,-0.010158754465138475,-0.08330681972277942
2018-03-22,16903.376935788336,-0.027404010972638226,-0.10842788969363903
2018-03-23,16471.920406464447,-0.02552487180300611,-0.1311851535123446
2018-03-26,16922.941140306804,0.02738118705729975,-0.10739597168250681
2018-03-27,16537.12365352937,-0.022798488961147667,-0.12774599476877913
2018-03-28,16526.80160964727,-0.0006241740763602843,-0.12829043310684585
2018-03-29,16880.37167701277,0.02139373822694801,-0.10964130682280748
2018-04-02,16720.81660279671,-0.009452106699364804,-0.11805707219142525
2018-04-03,16889.363694232496,0.010080075359931717,-0.1091670210159561
2018-04-04,16993.849298280777,0.006186473684852922,-0.10365590623387211
2018-04-05,17164.652702803098,0.010050895563702644,-0.09464684535828705
2018-04-06,16738.014409648757,-0.024855632126169924,-0.11714997031432894
2018-04-09,16799.699358171896,0.0036853205531703903,-0.11389638495456123
2018-04-10,17057.356120354612,0.015336986495379401,-0.10030622577710246
2018-04-11,16973.539697464745,-0.004913799201849867,-0.10472714032678831
2018-04-12,17143.07049826004,0.009987946168978468,-0.09578520319782491
2018-04-13,17127.45898909559,-0.0009106600340956783,-0.09660863547551057
2018-04-16,17342.261526777977,0.012541413050187078,-0.08527883122703694
2018-04-17,17536.05614521025,0.01117470279946109,-0.07505709402162342
2018-04-18,17674.973057900635,0.007921787632296784,-0.0677298927484633
2018-04-19,17559.727586564186,-0.006520262914060604,-0.07380853895466277
2018-04-20,17520.265248912765,-0.0022473206065916074,-0.07588998811071912
2018-04-23,17575.154290983268,0.003132888759997954,-0.07299485424146956
2018-04-24,17229.02066092088,-0.019694485996061384,-0.09125174410288783
2018-04-25,17247.50321565027,0.0010727571284021575,-0.09027687793345107
2018-04-26,18047.630000203968,0.0463908760908458,-0.048074025300684387
2018-04-27,17986.716245812106,-0.003375166400861107,-0.05128693386659655
2018-04-30,18041.021607033697,0.0030191926352447496,-0.04842258636436625
2018-05-01,18042.304093803265,7.10872586653366e-05,-0.048354941334622925
2018-05-02,17865.804796807388,-0.00978252534034696,-0.057664433236032986
2018-05-03,17867.070337471676,7.08359169194761e-05,-0.05759768203211535
2018-05-04,18040.527861557966,0.009708224169381996,-0.04844862907153791
2018-05-07,18187.41109939442,0.008141848119058714,-0.04070124233195627
2018-05-08,18200.571007609895,0.0007235723734155819,-0.04000712025305564
2018-05-09,18295.330840204526,0.005206420862016392,-0.035008993296553936
2018-05-10,18451.979117132287,0.00856219973806227,-0.02674654755172534
2018-05-11,18608.327848347297,0.008473277051882278,-0.018499901407430075
2018-05-14,18600.153601035643,-0.0004392789818769005,-0.018931053771451878
2018-05-15,18549.952153437895,-0.0026989802705152943,-0.021578939501337935
2018-05-16,18569.224761053003,0.0010389572682287795,-0.020562401829144816
2018-05-17,18513.955574071733,-0.0029763863431278015,-0.02347758652028653
2018-05-18,18497.409873467655,-0.0008936880364588395,-0.02435029291854718
2018-05-21,18659.34423891078,0.008754434623595708,-0.015809031342372437
2018-05-22,18569.157418816198,-0.00483333277632092,-0.02056595380934434
2018-05-23,18674.00540029697,0.005646351049538145,-0.015035725354682339
2018-05-24,18694.242072285822,0.001083681382491708,-0.013968337907829698
2018-05-25,18629.55012451001,-0.0034605279810577816,-0.017380528064708578
2018-05-29,18389.509295709315,-0.012884950371661708,-0.030041531194823223
2018-05-30,18635.9637318855,0.013401903890588596,-0.017042241018033644
2018-05-31,18612.00044180078,-0.001285862670129423,-0.018306189706622678
2018-06-01,18686.461927167555,0.004000724457299043,-0.014378703270202742
2018-06-04,18878.345560652317,0.010268590931373112,-0.0042577613608349996
2018-06-05,18915.28111802257,0.00195650393471114,-0.002309587752979403
2018-06-06,19180.874913429943,0.014041229086165341,0.0
2018-06-07,18907.233850017874,-0.014266349405181344,-0.014266349405181344
2018-06-08,19013.89462150948,0.00564126790506192,-0.008705561799141281
2018-06-11,18950.171834177596,-0.0033513800618100165,-0.0120277662147108
2018-06-12,19121.06869240548,0.00901822208913483,-0.003118013192536351
2018-06-13,19022.40310911849,-0.005160045438578176,-0.008261969541363046
2018-06-14,19070.71773374499,0.002539880179667664,-0.005743073774378438
2018-06-15,19056.892592370867,-0.0007249408001912538,-0.006463851186072178
2018-06-18,19159.61471867226,0.005390287309616992,-0.0011084058914746509
2018-06-19,18950.280824639387,-0.010925788284712357,-0.012022083968083241
2018-06-20,18922.17381982274,-0.0014831972716785602,-0.013487450117620425
2018-06-21,18818.902911517478,-0.005457666190397004,-0.018871506307515773
2018-06-22,18909.045512616893,0.004790002983874553,-0.014171897895164487
2018-06-25,18305.108952802984,-0.03193902936089166,-0.045658290593082906
2018-06-26,18421.65654307585,0.006366943271048919,-0.039582051068093316
2018-06-27,18213.13881023824,-0.011319162983525755,-0.05045317836435703
2018-06-28,18235.88977254557,0.0012491510960506158,-0.04926705091135952
2018-06-29,18228.108883842415,-0.0004266799591469139,-0.04967270960723624
2018-07-02,18213.476918559038,-0.0008027143888934551,-0.05043555099739272
2018-07-03,18108.79810421459,-0.005747327367120247,-0.05589300874198977
2018-07-05,18309.857940394584,0.011102881318953983,-0.04541070086565735
2018-07-06,18370.236832072842,0.0032976166103970694,-0.04226283133672459
2018-07-09,18644.971567291286,0.01495542696209462,-0.027939463061897762
2018-07-10,18749.823605085025,0.0056236094228043765,-0.022472974266836365
2018-07-11,18821.090543588514,0.0038009391450575247,-0.018757453529375634
2018-07-12,19050.701114425272,0.012199642220783735,-0.006786645530623137
2018-07-13,19030.14734176128,-0.0010788984899053888,-0.007858221918914055
2018-07-16,19033.14663238916,0.0001576073255773469,-0.007701853106677037
2018-07-17,19166.503323736248,0.007006549884933433,-0.0007492666397419523
2018-07-18,19344.292191291283,0.009276019968381899,0.0
2018-07-19,19309.883430329788,-0.001778755232873519,-0.001778755232873519
2018-07-20,19347.7327865399,0.0019601027808724414,0.0
2018-07-23,19293.376739705785,-0.0028094272044075774,-0.0028094272044075774
2018-07-24,19278.486014793412,-0.0007718050143978861,-0.0035790638888014703
2018-07-25,19950.209681882654,0.03484317526665692,0.0
2018-07-26,19863.782403457924,-0.00433214887476685,-0.00433214887476685
2018-07-27,19685.040946798283,-0.008998359578713755,-0.013291526220156946
2018-07-30,19292.765042670075,-0.019927614333563826,-0.032954272145301
2018-07-31,19382.125000183434,0.004631785921599185,-0.028475123357480925
2018-08-01,19493.908441722004,0.00576734705495463,-0.022872002221361654
2018-08-02,19514.567297473823,0.0010597595558416995,-0.0218364814884352
2018-08-03,19628.94636140053,0.005861214454983665,-0.016103255334397493
2018-08-06,19640.1868065427,0.0005726463833166662,-0.015539830422007683
2018-08-07,19719.33694878503,0.0040300096441017175,-0.011572446444374385
2018-08-08,19788.127454247995,0.003488479640143538,-0.00812433704803861
2018-08-09,19741.55189087307,-0.0023537125219459387,-0.010458927216142055
2018-08-10,19627.160741843618,-0.005794435496347061,-0.016192759133374257
2018-08-13,19610.764400718548,-0.0008353903725929479,-0.01701462223088135
2018-08-14,19707.353645156512,0.004925317670657625,-0.012173106979757042
2018-08-15,19687.918823520704,-0.0009861710499412535,-0.013147273264006998
2018-08-16,19834.30047978322,0.007435100559620267,-0.0058099240031894706
2018-08-17,19986.814489141398,0.00768940702061216,0.0
2018-08-20,19992.011002074163,0.0002599970563388343,0.0
2018-08-21,19933.396438162516,-0.002931899342470623,-0.002931899342470623
2018-08-22,19972.932534612235,0.0019834099307847186,-0.0009543045699579311
2018-08-23,20053.825743657944,0.004050141805942875,0.0
2018-08-24,20307.46999607725,0.012648172755740594,0.0
2018-08-27,20481.391912153522,0.008564430532699063,0.0
2018-08-28,20401.55452149354,-0.0038980451622824264,-0.0038980451622824264
2018-08-29,20612.727908592056,0.010350847866815283,0.0
2018-08-30,20551.148757861887,-0.0029874333471651138,-0.0029874333471651138
2018-08-31,20566.843235666674,0.0007636788575520193,-0.0022260359292985976
2018-09-04,20733.08883666413,0.008083185109767133,0.0
2018-09-05,20271.06823676432,-0.02228421454900531,-0.02228421454900531
2018-09-06,20388.882104021704,0.0058119219905594655,-0.01660180667502542
2018-09-07,20227.837769187227,-0.007898634854664799,-0.024369309920836524
2018-09-10,20385.15861639662,0.007777442601850426,-0.016781398228142175
2018-09-11,20446.464661254653,0.0030073862073716207,-0.013824480166342301
2018-09-12,20560.258832244803,0.005565469281630264,-0.008335950604412501
2018-09-13,20459.346526496247,-0.004908124288313664,-0.013203161011098419
2018-09-14,20517.333967404258,0.0028342762967974444,-0.010406306120597564
2018-09-17,20289.824239215726,-0.0110886594013615,-0.021379573537761543
2018-09-18,20378.21389289285,0.004356353837027704,-0.017116356687949086
2018-09-19,20359.12719028309,-0.0009366229400712411,-0.018036948055696
2018-09-20,20577.696376616757,0.010735685488422408,-0.007494901568770529
2018-09-21,20618.448175490885,0.0019803868289376414,-0.005529357544183933
2018-09-24,20466.067001331277,-0.007390525846690199,-0.012879018531028241
2018-09-25,20450.57095114803,-0.0007571581868777155,-0.013626425263586261
2018-09-26,20446.027235990834,-0.00022218035711818462,-0.013845578096673195
2018-09-27,20517.84472670967,0.0035125401081543828,-0.010381671136903803
2018-09-28,20525.498643422994,0.0003730370716452658,-0.010012506813458333
2018-10-01,20630.42552906158,0.005112026141796511,-0.004951664868237171
2018-10-02,20499.552821358448,-0.006343674662394938,-0.01126392777967078
2018-10-03,20515.39279017427,0.0007726982609748134,-0.01049993313610309
2018-10-04,20245.167082253203,-0.013171851530451417,-0.02353348110620601
2018-10-05,20110.32971766485,-0.006660224834921347,-0.030036967665811654
2018-10-08,19871.365010439396,-0.011882684698876211,-0.041562732548604764
2018-10-09,19862.858248557754,-0.0004280914711783934,-0.0419730313684602
2018-10-10,19157.225407228183,-0.03552524176024896,-0.07600717104193422
2018-10-11,18829.21619803138,-0.017121958019716277,-0.09182773746987316
2018-10-12,19525.722534369997,0.036990723831161754,-0.05823378811549973
2018-10-15,19268.26004400841,-0.013185811173358153,-0.0706517395548576
2018-10-16,19785.098220111617,0.026823292550689937,-0.045723559283462833
2018-10-17,19880.956598166278,0.004844978629280794,-0.04110011032176508
2018-10-18,19403.137587843878,-0.02403400500187558,-0.06414631506658974
2018-10-19,19574.828409264825,0.0088486112436017,-0.05586530962772185
2018-10-22,19579.965002530967,0.00026240808648481107,-0.05561756105023741
2018-10-23,19360.0065210586,-0.011233854679716493,-0.06622661613147529
2018-10-24,18554.8086862611,-0.04159078324284937,-0.10506298253789303
2018-10-25,19134.191997807422,0.031225507163289867,-0.07711812028843668
2018-10-26,18734.698951283408,-0.02087849053515256,-0.09638650087905831
2018-10-29,18405.762483591596,-0.01755760626563352,-0.11225179091293525
2018-10-30,18366.72758532467,-0.002120797674191821,-0.11413452525003509
2018-10-31,18813.334009346403,0.024316058587300127,-0.09259376846554856
2018-11-01,19146.513403347697,0.01770974745017395,-0.07652383327035928
2018-11-02,18963.28505625239,-0.009569802252522464,-0.08536131757087939
2018-11-05,19011.282516203843,0.0025310730608687493,-0.08304630024135462
2018-11-06,19205.56363100918,0.010219253469077927,-0.07367571796411221
2018-11-07,19716.558556606207,0.026606609179226526,-0.04902936981875583
2018-11-08,19779.202586046253,0.0031772293963063802,-0.04600791797751991
2018-11-09,19547.0407756482,-0.011737672911133257,-0.057205564996110736
2018-11-12,19053.809342555942,-0.025233048764431443,-0.08099514294939847
2018-11-13,19147.16712397723,0.0048996911716112646,-0.0764923029646396
2018-11-14,19131.210354937335,-0.0008333749288641501,-0.07726193112596202
2018-11-15,19427.616644964954,0.015493337040806798,-0.06296563922451326
2018-11-16,19302.892589048715,-0.006419936021774597,-0.06898133987089627
2018-11-19,18862.296936944014,-0.022825369310435217,-0.09023218462324978
2018-11-20,18576.28723458848,-0.01516303678770703,-0.10402702747607928
2018-11-21,18689.239355521975,0.00608044651264783,-0.09857911173986955
2018-11-23,18539.52432132067,-0.008010761238234632,-0.10580017925087881
2018-11-26,18936.435936048667,0.021408942745717807,-0.08665630648522982
2018-11-27,18982.376409461678,0.0024260359007448606,-0.08444050189504393
2018-11-28,19609.19701538766,0.03302118725311698,-0.05420764026675051
2018-11-29,19379.320977685842,-0.011722868484692728,-0.06529503971373052
2018-11-30,19737.611551710484,0.01848829349785741,-0.048013940074054795
2018-12-03,20044.75463115213,0.015561309362936981,-0.033199790486343694
2018-12-04,18972.58217991716,-0.053488928698018245,-0.08491289795824886
2018-12-06,19269.545345372862,0.015652227126471185,-0.07058974679658714
2018-12-07,18747.971184663293,-0.027067279033379688,-0.09574635345652793
2018-12-10,18768.575508600898,0.0010990161940540588,-0.09475256405544419
2018-12-11,18622.373640171776,-0.007789715759841442,-0.10180418427377746
2018-12-12,18582.340069494137,-0.0021497566019875736,-0.10373508665851261
2018-12-13,18533.888220563884,-0.0026074137460111446,-0.10607202011362671
2018-12-14,18185.540881901306,-0.018795156985789707,-0.12287353682958091
2018-12-17,17739.503076254237,-0.024527057432258026,-0.1443868679671152
2018-12-18,17880.53603753527,0.007950220514903572,-0.13758455489200638
2018-12-19,17583.50827261016,-0.0166117930861569,-0.15191082182044635
2018-12-20,17327.97252924576,-0.014532693897181481,-0.164235842244442
2018-12-21,16881.684041721954,-0.02575537829198249,-0.18576126429031647
2018-12-24,16442.360763112796,-0.026023664317102457,-0.2069507398224072
2018-12-26,17615.31267019661,0.07133719567297447,-0.15037682957081067
2018-12-27,17847.648314829366,0.013189413607505474,-0.13917079816549993
2018-12-28,17677.35409102306,-0.009541549721416964,-0.14738444279645146
2018-12-31,17827.07746502431,0.008469784178690265,-0.14016297303954373
2019-01-02,17900.973250675794,0.0041451430160923675,-0.136598825592261
2019-01-03,17297.518687618067,-0.033710712518658426,-0.16570469437099233
2019-01-04,17999.071274002315,0.04055798979343983,-0.13186735388057624
2019-01-07,18206.38882453605,0.011518235989941505,-0.12186799719200048
2019-01-08,18276.287147336883,0.003839219489074841,-0.11849665569283963
2019-01-09,18455.155239526834,0.009786894392060042,-0.10986947555585769
2019-01-10,18534.98498717212,0.00432560694338191,-0.10601912077880604
2019-01-11,18421.80070960047,-0.006106521135570642,-0.11147823391256628
2019-01-14,18400.765380463377,-0.0011418714960981236,-0.11249281159092428
2019-01-15,18334.724748371147,-0.003589015496189507,-0.11567808864310403
2019-01-16,18302.78649899299,-0.0017419541234723335,-0.11721853684306904
2019-01-17,18442.287863167992,0.0076218648008965495,-0.1104900958821492
2019-01-18,18669.78245234103,0.012335486294375642,-0.09951755865119216
2019-01-22,18688.130898808333,0.0009827884451327762,-0.09863257491278965
2019-01-23,18492.07050709593,-0.010491171791016551,-0.10808897541620577
2019-01-24,18488.365318805318,-0.0002003663294053437,-0.10826768435435785
2019-01-25,18642.564201865753,0.008340320001335888,-0.10083035148634101
2019-01-28,18363.443575096026,-0.014972222905998755,-0.1142929198941961
2019-01-29,18325.029325453736,-0.0020918870409679657,-0.11614571905716298
2019-01-30,18562.485567548923,0.01295802794516443,-0.10469271058525242
2019-01-31,18555.695985512168,-0.0003657690136403824,-0.10502018624940679
2019-02-01,19075.957238382296,0.028037819399301167,-0.07992690386544743
2019-02-04,19229.903225248276,0.008070157892586804,-0.07250176870692038
2019-02-05,19386.924483736664,0.00816547315132743,-0.06492830680139305
2019-02-06,19354.483361148305,-0.0016733506449448932,-0.06649300962227667
2019-02-07,19181.48793409313,-0.00893826116807861,-0.07483693890449983
2019-02-08,19210.1328368314,0.0014933618724830566,-0.07345533566323004
2019-02-11,19295.99043632023,0.004469391243574261,-0.0693142450536629
2019-02-12,19504.422038188335,0.010801808933102564,-0.059261155351972294
2019-02-13,19720.611258589142,0.01108411312970592,-0.04883389957238482
2019-02-14,19701.338293235014,-0.0009773006070353807,-0.049763474779724204
2019-02-15,19813.484374827087,0.005692307797718454,-0.04435443599753586
2019-02-19,19763.76607599662,-0.002509316276224194,-0.04675245296558861
2019-02-20,19807.792565482756,0.002227636641561226,-0.04462896380133641
2019-02-21,19777.93951443816,-0.0015071366961212362,-0.04606883854840271
2019-02-22,19875.011866929162,0.004908112516985863,-0.04138683707453927
2019-02-25,19975.370275078294,0.005049476640369921,-0.03654634230119613
2019-02-26,20077.527110788007,0.005114139778283233,-0.03161910562582626
2019-02-27,20099.509073019315,0.0010948540679343033,-0.03055886986431089
2019-02-28,20131.416792380023,0.0015874874975696507,-0.02901989419059059
2019-03-01,20367.225203352587,0.011713453325442158,-0.017646364041259188
2019-03-04,20132.22659619335,-0.011538076729301072,-0.028980835668259042
2019-03-05,20102.460425433106,-0.0014785334656363114,-0.030416519998497704
2019-03-06,20026.015236338517,-0.0038027777434583854,-0.03410363047667231
2019-03-07,19821.547291107163,-0.010210116332096564,-0.04396554477425518
2019-03-08,19860.18743233823,0.0019494008547153996,-0.042101850390100726
2019-03-11,20293.32073288001,0.021809124511912303,-0.021210930375528125
2019-03-12,20402.989548097634,0.005404182817646763,-0.015921375303363017
2019-03-13,20577.017891578722,0.008529551175372463,-0.007527626313422964
2019-03-14,20740.52555095756,0.007946130009720997,0.0
2019-03-15,20781.920852430158,0.001995865599976776,0.0
2019-03-18,20801.117744912834,0.000923730420252733,0.0
2019-03-19,20747.168898082786,-0.002593555187352492,-0.002593555187352492
2019-03-20,20530.98288033651,-0.010420024958983864,-0.012986555236551567
2019-03-21,20829.660353395568,0.01454764610149839,0.0
2019-03-22,20434.937846580455,-0.018950021273427375,-0.018950021273427375
2019-03-25,20405.743905767904,-0.0014286288038520834,-0.020351577531054543
2019-03-26,20704.161494993084,0.01462419555019645,-0.0060250074304272205
2019-03-27,20635.006631304943,-0.003340143173866994,-0.009345026216852959
2019-03-28,20751.856293802448,0.005662690813979854,-0.003735253396987659
2019-03-29,20975.916895127968,0.010797135357593746,0.0
2019-04-01,21228.39158610089,0.012036407859318032,0.0
2019-04-02,21234.806172776924,0.00030217016913480776,0.0
2019-04-03,21336.505706812968,0.004789284781248515,0.0
2019-04-04,21238.057682494393,-0.004614065005364987,-0.004614065005364987
2019-04-05,21259.345231215717,0.001002330299670895,-0.0036163595228535517
2019-04-08,21248.37888579303,-0.0005158364617262601,-0.0041303305344790875
2019-04-09,21164.06921084285,-0.003967816811029867,-0.008081758950579165
2019-04-10,21274.10554394706,0.00519920493587489,-0.0029245727357307683
2019-04-11,21231.579701892377,-0.0019989485323758105,-0.004917675197728677
2019-04-12,21453.477384705802,0.010451303479488416,0.0
2019-04-15,21482.214153413355,0.0013394923439329354,0.0
2019-04-16,21479.458014516924,-0.0001282986416925036,-0.0001282986416925036
2019-04-17,21530.25944212156,0.0023651168279155144,0.0
2019-04-18,21484.761339770776,-0.0021132166322981316,-0.0021132166322981316
2019-04-22,21477.32830626798,-0.0003459677017233487,-0.0024584532293200345
2019-04-23,21594.46517039236,0.005453977443283353,0.0
2019-04-24,21625.42100803967,0.0014335079569256504,0.0
2019-04-25,21055.645258679906,-0.026347498582706796,-0.026347498582706796
2019-04-26,21168.21871191446,0.0053464736820709735,-0.021141891108396815
2019-04-29,21333.037575548413,0.007786147047941672,-0.013520357933496818
2019-04-30,21437.315822716206,0.004888110603026075,-0.008698336335442036
2019-05-01,21192.949557753927,-0.01139910737814176,-0.01999829044368484
2019-05-02,21086.507264143846,-0.005022533240123583,-0.024920381605309405
2019-05-03,21237.294660613854,0.007150894862821167,-0.017947689771289133
2019-05-06,21145.07889130807,-0.004342161785644283,-0.022211919784267953
2019-05-07,20807.78736914342,-0.01595130119392907,-0.03780891195562286
2019-05-08,20845.84542550775,0.0018290294729157441,-0.03604903609701282
2019-05-09,20694.508982059167,-0.007259789198254318,-0.04304711689240259
2019-05-10,20772.200654369364,0.003754216752741124,-0.039454508347056216
2019-05-13,20382.59958734081,-0.0187558879057238,-0.05747039191684711
2019-05-14,20676.08931753097,0.014399033299581587,-0.043898876704216216
2019-05-15,21018.857820346857,0.016578014224636783,-0.02804861868202757
2019-05-16,21224.888412282882,0.00980217829612906,-0.018521377947179896
2019-05-17,21097.360585508835,-0.006008409763899936,-0.024418503682981152
2019-05-20,20988.85624621216,-0.00514302909394293,-0.029435947702051934
2019-05-21,21076.306711386704,0.004166518849273881,-0.025392074283724808
2019-05-22,21003.035490476694,-0.003476473459670393,-0.028780272871061885
2019-05-23,20670.511243829143,-0.015832199436044636,-0.04415681728718812
2019-05-24,20758.479812019315,0.004255751933394114,-0.0400889858143364
2019-05-28,20757.487638338876,-4.779606644722545e-05,-0.040134865784953844
2019-05-29,20705.306474260375,-0.002513847773278899,-0.04254782061524831
2019-05-30,20764.052144208108,0.0028372277425965375,-0.039831310729688485
2019-05-31,20468.133673757176,-0.014251479836197345,-0.05351513544417241
2019-06-03,20280.54600786519,-0.009164864216833823,-0.06218954071111482
2019-06-04,20832.61713256124,0.027221709143429917,-0.036660737156686496
2019-06-05,21151.65582512308,0.015314383715293589,-0.02190779003749599
2019-06-06,21283.502659738224,0.006233404878805748,-0.01581094528399385
2019-06-07,21590.857799076497,0.01444100363798162,-0.0015982675643781974
2019-06-10,21769.382968086706,0.008268553786586752,0.0
2019-06-11,21716.874855681042,-0.002412016568528297,-0.002412016568528297
2019-06-12,21859.453044221704,0.006565317960717687,0.0
2019-06-13,21741.327914506568,-0.005403846540724011,-0.005403846540724011
2019-06-14,21747.64083518393,0.00029036499988355224,-0.005115050628740625
2019-06-17,21725.69089002688,-0.0010093023571338122,-0.0061191903532180625
2019-06-18,21742.16615936597,0.0007583312044014967,-0.005365499521806982
2019-06-19,21841.04489959387,0.004547786982361357,-0.0008421136883247637
2019-06-20,22232.757984473523,0.017934722751608678,0.0
2019-06-21,22134.366660191736,-0.004425511416554784,-0.004425511416554784
2019-06-24,22033.1061279414,-0.00457481046577457,-0.008980076006384508
2019-06-25,21643.71337795419,-0.017673075585715847,-0.026494446030074004
2019-06-26,21785.097245190784,0.006532329492988209,-0.020135186988288534
2019-06-27,21899.79631577312,0.005265024493184667,-0.01497617474777213
2019-06-28,22207.47229387241,0.014049262087323156,-0.0011373168645459897
2019-07-01,22227.012777793414,0.0008799058110902092,-0.0002584117851739398
2019-07-02,22297.631977957335,0.0031771790869925542,0.0
2019-07-03,22515.576604101047,0.009774339551355204,0.0
2019-07-05,22451.329297869463,-0.0028534604003825903,-0.0028534604003825903
2019-07-08,22378.618161290542,-0.00323861164807826,-0.0060828307983709085
2019-07-09,22512.54045256724,0.005984386091735905,-0.00013484671466312825
2019-07-10,22654.789738222244,0.006318668741749356,0.0
2019-07-11,22886.79705896394,0.010240983183801733,0.0
2019-07-12,22995.48099240775,0.004748761181558203,0.0
2019-07-15,23011.192023686803,0.0006832225550854609,0.0
2019-07-16,22882.47348258717,-0.0055937363421735276,-0.0055937363421735276
2019-07-17,22674.555722426558,-0.009086332398411057,-0.014629242192830572
2019-07-18,22836.80977582663,0.007155776518240398,-0.00757814926235334
2019-07-19,22744.647017030366,-0.004035710753864663,-0.011583276797745512
2019-07-22,22909.617890608413,0.007253173612873587,-0.004414118702491976
2019-07-23,23012.538319253417,0.004492455052565347,0.0
2019-07-24,23761.38780435769,0.03254093376034706,0.0
2019-07-25,23818.08818948178,0.002386240466715872,0.0
2019-07-26,24148.459393260775,0.013870601248545666,0.0
2019-07-29,23998.908339018402,-0.0061929853083757536,-0.0061929853083757536
2019-07-30,23901.469179581643,-0.004060149655988221,-0.010227990517194696
2019-07-31,23550.227077845913,-0.014695418892315848,-0.024773104804433732
2019-08-01,23518.123874778365,-0.0013631801919119502,-0.02610251479058412
2019-08-02,23366.17086187285,-0.006461102667652541,-0.03239496643029083
2019-08-05,22427.393887511404,-0.04017675724066849,-0.07127019896886988
2019-08-06,22776.248151900225,0.015554828445006219,-0.05682396624206587
2019-08-07,23066.621497346656,0.012748954239954813,-0.044799458147464
2019-08-08,23619.276417969122,0.023959075267526275,-0.021913736469637235
2019-08-09,23436.656767976838,-0.007731805444020745,-0.029476109166723163
2019-08-12,23132.83085853132,-0.012963705209893872,-0.04205769478664512
2019-08-13,23399.862254507283,0.011543394650183059,-0.030999788705461162
2019-08-14,22818.292222988333,-0.02485356645238057,-0.05508289984924075
2019-08-15,23093.66771780164,0.012068190385250643,-0.04367946038634252
2019-08-16,23413.993843883392,0.013870734176833821,-0.030414592393515294
2019-08-19,23641.895510209393,0.009733566509223968,-0.020977068342204475
2019-08-20,23494.11780385247,-0.00625067081838282,-0.027096618411645568
2019-08-21,23705.370308126407,0.008991718950149163,-0.01834854463875335
2019-08-22,23584.496723994336,-0.005098995820817631,-0.023353981307139837
2019-08-23,22900.233031716794,-0.029013283611067586,-0.05168968923509587
2019-08-26,23299.65273956485,0.017441731151593975,-0.035149515746449755
2019-08-27,23360.789116325017,0.002623917937469855,-0.032617827253840326
2019-08-28,23514.694095647363,0.006588175534481211,-0.026244543690860933
2019-08-29,23867.44238016827,0.015001185347599533,-0.011637057607531198
2019-08-30,23851.18176867561,-0.0006812883941922365,-0.012310417809432872
2019-09-03,23622.130320753473,-0.009603358447544785,-0.02179555490211471
2019-09-04,23987.23370226194,0.015455988793174225,-0.006676437961248505
2019-09-05,24365.44833487376,0.01576733012678133,0.0
2019-09-06,24396.07368327159,0.0012569170891878478,0.0
2019-09-09,24092.550902082636,-0.012441460258298842,-0.012441460258298842
2019-09-10,23645.608646728153,-0.018551055767027425,-0.030761713802251345
2019-09-11,23542.533227489133,-0.004359178094291982,-0.0349867961075937
2019-09-12,23808.26487480983,0.011287300510652631,-0.024094402078512323
2019-09-13,23747.753100769194,-0.0025416288989904556,-0.02657479194887613
2019-09-16,23632.797397826915,-0.004840698084340289,-0.03128684948873772
2019-09-17,23654.44697513725,0.0009160818732498743,-0.030399428931175643
2019-09-18,23467.549777878707,-0.007901144231145518,-0.03806038288979141
2019-09-19,23420.136428352253,-0.0020203792034201307,-0.04000386568714687
2019-09-20,23332.192533280457,-0.0037550547726670214,-0.04360870375304027
2019-09-23,23317.257399785718,-0.0006401084455922579,-0.04422089789905892
2019-09-24,23215.77407073264,-0.0043522841178572635,-0.04838072010531269
2019-09-25,23352.089011385193,0.005871651758723839,-0.042793143086883534
2019-09-26,23352.389461686867,1.286609953954354e-05,-0.04278082756818269
2019-09-27,23225.835655043313,-0.005419308668656142,-0.04796829372714628
2019-09-30,23088.56356864062,-0.005910318510881418,-0.05359510434367676
2019-10-01,23072.431814860905,-0.0006986902295483821,-0.05425634819746861
2019-10-02,22619.76864149752,-0.01961922249876691,-0.07281110332897878
2019-10-03,22943.935614230504,0.014331135648234516,-0.05952343347924949
2019-10-04,23328.21253522804,0.016748518103371746,-0.043771844679079686
2019-10-07,23116.04281384027,-0.009094984069927037,-0.052468724518939136
2019-10-08,22719.709020939783,-0.017145399672957473,-0.06871452693968905
2019-10-09,23015.75704437017,0.013030449604681582,-0.05657945851540458
2019-10-10,23097.475525461068,0.003550544999817218,-0.05322980142911149
2019-10-11,23345.286926777517,0.010728938798669985,-0.04307196191223983
2019-10-14,23364.893662558505,0.0008398584194952985,-0.04226827784260079
2019-10-15,23530.856577490642,0.007103088819021108,-0.03546542435532263
2019-10-16,23506.71417469662,-0.0010259891183527214,-0.03645502633420905
2019-10-17,23564.51886080376,0.00245907129671763,-0.03408560054637089
2019-10-18,23294.73767250139,-0.011448618573371983,-0.04514398608024317
2019-10-21,23429.848537152997,0.00580005950490281,-0.03960576438089436
2019-10-22,22766.21996025559,-0.028324066023947436,-0.06680803411958836
2019-10-23,22754.858232405153,-0.0004990607957873205,-0.067273753644703
2019-10-24,23144.892007769806,0.017140681404431035,-0.05128619021837599
2019-10-25,23402.393877353425,0.01112564575791386,-0.04073113644510473
2019-10-28,23620.23291399289,0.0093084082671675,-0.031801870225153905
2019-10-29,23450.168456271538,-0.007199948380720911,-0.03877284678184334
2019-10-30,23600.94638788749,0.006429716353514081,-0.032592428835354736
2019-10-31,23465.82089031871,-0.005725427080251588,-0.038131250340941225
2019-11-01,23910.45179246519,0.018948022497261796,-0.01990573963298825
2019-11-04,23926.05196452104,0.0006524415427719976,-0.019266285421692397
2019-11-05,23589.364082486874,-0.014072020011217323,-0.03306718987891377
2019-11-06,23659.249716367623,0.002962590836971035,-0.030202563595682408
2019-11-07,23904.144968630542,0.01035093061693737,-0.020164257618977555
2019-11-08,24001.599444007763,0.004076886059096063,-0.01616957894066029
2019-11-11,23988.502065397395,-0.0005456877422240769,-0.01670644314185954
2019-11-12,23999.85064296794,0.00047308404416446237,-0.016241262649380306
2019-11-13,23969.35971547326,-0.00127046321863733,-0.017491091941197356
2019-11-14,24090.708326965625,0.00506265552909313,-0.01251698778543009
2019-11-15,24127.973601033285,0.0015468733240171506,-0.01098947665591532
2019-11-18,24061.923266202106,-0.002737500294195949,-0.013696893254532605
2019-11-19,24225.857579569754,0.0068130178770005045,-0.006977192556134604
2019-11-20,24032.451983241153,-0.007983436528236854,-0.014904927110454325
2019-11-21,23895.11749719562,-0.005714543241001846,-0.020534295500979516
2019-11-22,23843.91771839153,-0.0021426878863474164,-0.022632984801102318
2019-11-25,24042.20086482732,0.008315879495039757,-0.014505318480281582
2019-11-26,24243.388269618234,0.008368094332214193,-0.006258606021429247
2019-11-27,24337.873358308498,0.0038973549257828033,-0.0023856431046525017
2019-11-29,24342.961314457825,0.00020905508359003733,-0.0021770867518809967
2019-12-02,23998.88881450382,-0.014134373197629446,-0.01628068819287576
2019-12-03,23934.4448947427,-0.0026852876505755185,-0.01892225751250398
2019-12-04,23785.177146164715,-0.006236524357862705,-0.02504077275048422
2019-12-05,23822.14863183896,0.0015543918570397608,-0.023525304066701835
2019-12-06,23994.703497805,0.007243463578067599,-0.016452245171804325
2019-12-09,24100.80837236756,0.004422012323355595,-0.012102984879345247
2019-12-10,24061.76891199704,-0.0016198402878171425,-0.013703220264651983
2019-12-11,23936.703799819246,-0.005197669075586386,-0.018829664536032742
2019-12-12,24005.38858485114,0.002869433720127157,-0.016014261290264065
2019-12-13,24337.989481704444,0.013855259858746694,-0.0023808831831398924
2019-12-16,24470.717715563962,0.0054535414258147785,0.0
2019-12-17,24470.67598508915,-1.7053228800190112e-06,-1.7053228800190112e-06
2019-12-18,24276.49747355363,-0.007935151103052429,-0.007936842893937812
2019-12-19,24466.52260955065,0.007827535096610605,-0.0001714337136357047
2019-12-20,24536.92484512488,0.002877492510797053,0.0
2019-12-23,24539.486037753635,0.00010438115798638847,0.0
2019-12-24,24550.311628732743,0.0004411498660752411,0.0
2019-12-26,24741.425954157698,0.0077845987584646,0.0
2019-12-27,24757.316638757893,0.0006422703618473857,0.0
2019-12-30,24465.212813864477,-0.01179868679451812,-0.01179868679451812
2019-12-31,24507.773883577393,0.001739656631508879,-0.010079555826734365
