Date,BAC,CVX,FDX,GS,HD,JPM,KO,LOW,MA,MS,PEP,TGT,UPS,V,WMT,XOM
2014-01-02,12.546710014343262,73.35716247558594,94.6891860961914,139.0872802734375,61.15192413330078,41.79457092285156,27.5328311920166,39.48237609863281,77.1600570678711,22.523542404174805,56.275840759277344,43.368019104003906,65.76459503173828,50.56215286254883,20.72640037536621,59.712345123291016
2014-01-03,12.788297653198242,73.48125457763672,94.87889099121094,140.07803344726562,61.05498504638672,42.11766052246094,27.397396087646484,39.09105682373047,76.8520278930664,22.87195587158203,56.37181854248047,43.58081817626953,65.61820220947266,50.59647750854492,20.658100128173828,59.56869125366211
2014-01-06,12.983124732971191,73.28623962402344,93.97782897949219,141.0372772216797,60.46601104736328,42.36178207397461,27.268741607666016,38.540035247802734,76.47093963623047,22.951799392700195,56.39921951293945,43.28566360473633,64.76526641845703,50.29219055175781,20.54253578186035,59.65846252441406
2014-01-07,12.858433723449707,73.9067153930664,95.27857208251953,140.1881103515625,60.76422882080078,41.87353515625,27.34998893737793,38.6358642578125,77.53611755371094,22.879209518432617,57.22178649902344,43.182701110839844,64.97530364990234,50.676544189453125,20.605581283569336,60.50252151489258
2014-01-08,12.920777320861816,72.85487365722656,95.09568786621094,140.30604553222656,61.084815979003906,42.26844787597656,27.04527473449707,38.7716178894043,77.51294708251953,22.90825080871582,57.0572624206543,43.031681060791016,64.92438507080078,50.838951110839844,20.442724227905273,60.30496597290039
2014-01-09,13.115604400634766,72.85487365722656,95.86793518066406,139.4883270263672,60.81639099121094,42.189449310302734,26.9030818939209,38.931339263916016,78.13912200927734,22.900989532470703,56.789920806884766,43.47785186767578,65.00076293945312,50.76803970336914,20.511016845703125,59.71831130981445
2014-01-10,13.068842887878418,71.5075912475586,96.62672424316406,140.2667236328125,61.14445877075195,41.995609283447266,27.1739444732666,39.674034118652344,77.32028198242188,22.71952247619629,57.23550033569336,42.98362731933594,65.25538635253906,50.589595794677734,20.497879028320312,60.173282623291016
2014-01-13,12.803887367248535,70.46754455566406,95.17697143554688,138.293212890625,60.369075775146484,41.428367614746094,26.767642974853516,38.85947799682617,75.0268783569336,22.407405853271484,56.46089172363281,42.21483612060547,63.797752380371094,50.079429626464844,20.353422164916992,58.994014739990234
2014-01-14,13.068842887878418,70.65663146972656,96.67413330078125,138.8592529296875,60.39888381958008,41.45710372924805,26.87599754333496,39.05112838745117,76.11153411865234,22.57435417175293,56.46089172363281,42.35899353027344,64.24331665039062,50.93734359741211,20.47687339782715,59.335205078125
2014-01-15,13.364980697631836,70.4261703491211,96.5725326538086,140.5498046875,60.44362258911133,42.713600158691406,26.92340087890625,38.563987731933594,76.2652816772461,23.38732147216797,56.81734848022461,42.25602722167969,64.31969451904297,51.19130325317383,20.398075103759766,59.13166046142578
2014-01-16,13.310429573059082,70.21935272216797,96.07118225097656,137.73484802246094,60.58528137207031,42.35460662841797,26.88953971862793,38.47614288330078,76.46257781982422,23.227630615234375,56.79679489135742,41.74121856689453,63.96326446533203,50.73601531982422,20.161680221557617,59.227455139160156
2014-01-17,13.255877494812012,70.49119567871094,95.19049835205078,138.607666015625,60.3914680480957,41.7227783203125,26.59836769104004,38.16352462768555,75.80680084228516,24.243839263916016,56.34436798095703,41.34996032714844,63.59407424926758,53.11759567260742,20.011960983276367,59.359161376953125
2014-01-21,13.255877494812012,71.12348175048828,96.3015365600586,136.18594360351562,59.98884963989258,41.765846252441406,27.03173828125,38.33187484741211,75.81233215332031,23.68492317199707,56.837928771972656,40.63607406616211,62.74114990234375,53.060394287109375,19.920034408569336,58.964073181152344
2014-01-22,13.364980697631836,71.16483306884766,96.40316772460938,136.56333923339844,59.79499053955078,41.34940719604492,27.018190383911133,38.2757568359375,77.15727996826172,23.438127517700195,56.789920806884766,40.48506164550781,63.00848388671875,53.30290222167969,19.79133415222168,58.59292984008789
2014-01-23,13.138982772827148,69.9593734741211,95.007568359375,134.2594451904297,59.824771881103516,40.545265197753906,26.57128143310547,38.596378326416016,76.2865982055664,22.850181579589844,56.50203323364258,40.258541107177734,62.34016418457031,52.21849060058594,19.688894271850586,58.04817581176758
2014-01-24,12.819470405578613,68.71842956542969,91.17314147949219,131.81405639648438,59.01958465576172,39.55441665649414,26.300424575805664,38.33987808227539,72.72051239013672,22.1025390625,55.816585540771484,39.62017059326172,61.31537628173828,50.617042541503906,19.547056198120117,56.77910614013672
2014-01-27,12.710366249084473,68.80113983154297,89.39142608642578,129.49452209472656,58.85556411743164,39.55441665649414,26.225933074951172,38.47614288330078,70.44190216064453,21.75412368774414,56.248416900634766,39.613304138183594,60.57701110839844,49.46630859375,19.47614288330078,56.82100296020508
2014-01-28,13.03767204284668,69.04341888427734,91.01051330566406,130.7211151123047,58.55730438232422,40.021114349365234,26.320741653442383,37.64249038696289,73.01689147949219,21.870262145996094,56.4266471862793,39.73687744140625,60.98434829711914,50.55071258544922,19.61271858215332,57.25799560546875
2014-01-29,12.998712539672852,68.54705810546875,89.32366180419922,128.87332153320312,57.17058563232422,39.87034606933594,25.663904190063477,36.84891891479492,71.97021484375,21.768478393554688,54.9871940612793,39.050445556640625,60.67884826660156,49.67219543457031,19.46300506591797,56.934749603271484
2014-01-30,13.193532943725586,68.8129653930664,90.62437438964844,130.39877319335938,57.35697555541992,40.207786560058594,25.84673500061035,37.273765563964844,73.87831115722656,21.79755210876465,55.57667541503906,38.89944076538086,60.965293884277344,50.53241729736328,19.63373565673828,56.2642707824707
2014-01-31,13.053258895874023,65.96472930908203,90.31953430175781,129.04635620117188,57.29730224609375,39.74827194213867,25.609725952148438,37.105430603027344,70.09918975830078,21.455839157104492,55.08314514160156,38.87882614135742,60.615169525146484,49.28556823730469,19.6153507232666,55.168827056884766
2014-02-03,12.74153995513916,65.6751708984375,87.69098663330078,125.6652603149414,55.98508834838867,38.994384765625,25.189903259277344,36.552337646484375,68.459716796875,21.048677444458008,53.8561897277832,38.034542083740234,59.590415954589844,48.837154388427734,19.08477783203125,53.905731201171875
2014-02-04,12.74153995513916,65.49197387695312,88.3548583984375,127.19071960449219,55.8956184387207,39.45390319824219,25.37949562072754,35.99123764038086,67.72796630859375,21.099567413330078,54.02755355834961,37.83546829223633,59.762245178222656,49.081947326660156,19.10316276550293,53.88777160644531
2014-02-05,12.780505180358887,64.71785736083984,88.05001068115234,126.1370620727539,56.11183547973633,39.640567779541016,25.467531204223633,36.4962272644043,67.4686279296875,21.215896606445312,54.43881607055664,37.801151275634766,59.679508209228516,49.326751708984375,19.139938354492188,53.6243896484375
2014-02-06,13.006497383117676,65.75199890136719,88.63941955566406,127.18282318115234,56.78285598754883,40.55243682861328,25.751928329467773,37.33790588378906,69.37667846679688,21.586708068847656,54.41825485229492,38.343421936035156,60.303306579589844,50.1046028137207,19.126802444458008,54.13680648803711
2014-02-07,13.107806205749512,66.21292114257812,89.26268005371094,127.32438659667969,56.999080657958984,40.652950286865234,25.69776153564453,36.9290885925293,70.68273162841797,21.586708068847656,54.9871940612793,38.66604995727539,60.704322814941406,50.73830795288086,19.371078491210938,54.607032775878906
2014-02-10,13.029877662658691,66.00020599365234,87.98905181884766,126.59313201904297,56.96925354003906,40.7391242980957,26.117591857910156,36.969154357910156,70.71980285644531,21.593978881835938,55.247650146484375,38.78959655761719,60.29692459106445,50.45690155029297,19.37370491027832,53.968017578125
2014-02-11,13.15456771850586,67.11701202392578,90.20433807373047,129.2586669921875,57.185455322265625,41.23453140258789,26.164993286132812,37.482173919677734,70.57157897949219,22.00840950012207,55.69319534301758,39.22205352783203,61.207149505615234,50.86414337158203,19.646862030029297,54.76378631591797
2014-02-12,13.053258895874023,66.78912353515625,90.10272979736328,128.55885314941406,57.61790466308594,41.29915237426758,26.07696533203125,37.41804504394531,70.3677978515625,21.92842674255371,55.85771560668945,39.09162139892578,61.1243896484375,51.37751770019531,19.688894271850586,54.90848922729492
2014-02-13,13.053258895874023,67.07526397705078,90.1501693725586,128.99916076660156,57.84902572631836,41.665321350097656,26.171764373779297,37.385990142822266,70.88650512695312,21.746660232543945,54.62388229370117,39.02985382080078,61.461761474609375,51.35002517700195,19.793954849243164,55.11945343017578
2014-02-14,13.014296531677246,67.65357971191406,90.72602081298828,128.73184204101562,58.10252380371094,41.751487731933594,26.36136817932129,37.89900207519531,71.68310546875,21.586708068847656,53.527156829833984,38.7739372253418,61.89458084106445,51.79692840576172,19.906898498535156,56.735130310058594
2014-02-18,12.835055351257324,67.19451141357422,89.96051025390625,129.4630889892578,57.834129333496094,41.995609283447266,25.372724533081055,37.618446350097656,71.7757339477539,21.492185592651367,53.58885192871094,39.00218963623047,61.417205810546875,51.81069564819336,19.786075592041016,56.71101379394531
2014-02-19,12.624645233154297,67.7251205444336,88.98491668701172,128.3701934814453,56.999080657958984,41.11247253417969,25.12218475341797,37.30582809448242,70.9976577758789,21.055946350097656,52.848567962646484,39.63850402832031,60.58336639404297,51.311058044433594,19.660001754760742,56.6386833190918
2014-02-20,12.7025728225708,68.32125854492188,90.09595489501953,129.3451690673828,57.76702880859375,41.34222412109375,25.257612228393555,37.40202713012695,70.26590728759766,21.32495880126953,53.47234344482422,39.161277770996094,61.326961517333984,51.21480178833008,19.3106689453125,57.49473571777344
2014-02-21,12.694780349731445,67.1766357421875,91.38993072509766,129.3451690673828,57.960872650146484,41.3637809753418,25.17635726928711,37.722660064697266,70.11772155761719,21.53580665588379,53.61626434326172,38.898441314697266,61.60902786254883,51.19186782836914,19.205604553222656,57.28974533081055
2014-02-24,12.881814002990723,68.05301666259766,91.36959075927734,130.94920349121094,58.05778884887695,41.665321350097656,25.393047332763672,37.85091018676758,70.35855102539062,22.037487030029297,54.06867980957031,38.82926940917969,61.506431579589844,51.840484619140625,19.266008377075195,58.13979721069336
2014-02-25,12.733747482299805,68.54186248779297,89.99434661865234,128.54312133789062,60.37651443481445,40.94734191894531,25.575862884521484,38.56432342529297,71.08102416992188,21.601245880126953,54.308570861816406,39.085174560546875,61.18592834472656,52.05134582519531,19.266008377075195,58.06141662597656
2014-02-26,12.7259521484375,68.86378479003906,89.67594909667969,128.44061279296875,60.913368225097656,40.746299743652344,25.64358901977539,40.65645980834961,71.65528869628906,21.768478393554688,53.91102600097656,41.83794403076172,61.02566146850586,51.82215118408203,19.641618728637695,57.747928619384766
2014-02-27,12.850639343261719,68.97111511230469,90.47531127929688,130.47605895996094,61.114646911621094,40.70319747924805,25.779020309448242,40.736629486083984,72.02582550048828,22.0738468170166,54.198917388916016,41.95555114746094,61.25004577636719,51.861122131347656,19.583824157714844,57.778079986572266
2014-02-28,12.881814002990723,68.7564926147461,90.3263168334961,131.3202362060547,61.15937805175781,40.79656219482422,25.867050170898438,40.10336685180664,71.9887466430664,22.393749237060547,54.88435745239258,43.25584030151367,61.391056060791016,51.783180236816406,19.62060546875,58.03729248046875
2014-03-03,12.7025728225708,68.46437072753906,90.36017608642578,129.97109985351562,61.137001037597656,40.358577728271484,25.8128719329834,40.23160934448242,71.07176208496094,22.00114631652832,54.507354736328125,42.85469436645508,61.39749526977539,50.751834869384766,19.46826171875,57.57310104370117
2014-03-04,13.03767204284668,68.75054168701172,92.87355041503906,133.11903381347656,61.785667419433594,41.11247253417969,25.94153594970703,40.58433532714844,72.71126556396484,22.611875534057617,55.419029235839844,42.4189338684082,62.16668701171875,51.68234634399414,19.733549118041992,58.188011169433594
2014-03-05,13.450948715209961,68.21991729736328,92.7516098022461,135.61993408203125,61.815486907958984,41.7586669921875,25.96861457824707,40.35985565185547,72.43338012695312,23.244422912597656,55.9906005859375,41.91403579711914,62.23080825805664,51.06580352783203,19.646862030029297,56.54824447631836
2014-03-06,13.52892780303955,68.47032928466797,93.00907897949219,136.17222595214844,61.442710876464844,42.289981842041016,26.049877166748047,40.15145492553711,71.9053955078125,23.149904251098633,56.1424560546875,42.010868072509766,62.730812072753906,51.30645751953125,19.66788101196289,56.52411651611328
2014-03-07,13.513331413269043,68.60746002197266,93.2057113647461,137.48191833496094,61.547096252441406,42.648990631103516,26.104049682617188,40.41597366333008,72.19253540039062,23.418926239013672,56.30122756958008,42.01778030395508,62.96158981323242,51.69609832763672,19.715465545654297,57.26566696166992
2014-03-10,13.6224946975708,69.06053924560547,93.49736022949219,136.89019775390625,61.27120590209961,42.50539016723633,26.171764373779297,40.07130813598633,71.68310546875,23.360754013061523,56.41857147216797,42.30136489868164,63.294925689697266,51.68234634399414,19.675811767578125,57.57310104370117
2014-03-11,13.466547966003418,68.26763916015625,93.11080932617188,134.03419494628906,60.956275939941406,41.78020095825195,26.273332595825195,39.64646911621094,72.1554946899414,23.048120498657227,57.164093017578125,42.149200439453125,63.01924514770508,52.067378997802734,19.805343627929688,56.67485427856445
2014-03-12,13.474337577819824,68.94727325439453,93.44987487792969,133.90008544921875,60.40885543823242,41.58635711669922,26.256277084350586,39.58235168457031,72.56304168701172,22.859079360961914,56.70851516723633,42.25986099243164,63.153900146484375,51.81986999511719,19.966594696044922,56.7954216003418
2014-03-13,13.380765914916992,68.23185729980469,92.69706726074219,131.51744079589844,59.089134216308594,41.22734832763672,25.91501808166504,39.04527282714844,70.96987915039062,22.859079360961914,56.46691131591797,41.31230545043945,62.243614196777344,50.600582122802734,19.807985305786133,56.45178985595703
2014-03-14,13.100051879882812,68.02318572998047,92.75135040283203,130.45236206054688,59.52404022216797,40.782196044921875,26.0515193939209,39.349876403808594,70.71051025390625,22.611875534057617,55.914676666259766,41.0563850402832,61.71158218383789,50.59827423095703,19.636157989501953,56.34930419921875
2014-03-17,13.341782569885254,68.60149383544922,93.3074951171875,131.6278839111328,59.673988342285156,41.34222412109375,26.119770050048828,39.66250228881836,72.09065246582031,22.80818748474121,56.63948440551758,41.27079391479492,62.17310333251953,51.28814697265625,19.74189567565918,56.86172866821289
2014-03-18,13.40416145324707,69.29898834228516,93.97888946533203,132.6140899658203,59.853965759277344,41.68687057495117,26.208499908447266,39.943050384521484,73.10025787353516,23.011762619018555,56.57044219970703,41.305381774902344,62.442359924316406,51.89090347290039,19.76569366455078,57.096839904785156
2014-03-19,13.599100112915039,68.67897033691406,93.85002899169922,132.68504333496094,59.801490783691406,41.85918045043945,26.031044006347656,39.74264907836914,72.5352554321289,23.12809181213379,56.17007064819336,41.13939666748047,62.14746856689453,51.297306060791016,19.662593841552734,56.50604248046875
2014-03-20,13.973393440246582,68.86378479003906,92.57501983642578,133.505615234375,60.05643844604492,43.15876388549805,26.24262046813965,39.71860122680664,72.62791442871094,23.840625762939453,56.5083122253418,41.29155349731445,62.121826171875,50.838905334472656,19.926942825317383,57.018455505371094
2014-03-21,13.692668914794922,68.93535614013672,92.77171325683594,131.71470642089844,60.30388641357422,43.20183181762695,26.235803604125977,39.47812271118164,70.38631439208984,23.702478408813477,56.70161056518555,41.11863708496094,62.089786529541016,51.19417190551758,20.11728286743164,56.8557014465332
2014-03-24,13.544523239135742,69.0665054321289,91.52376556396484,130.7442626953125,59.7339973449707,43.848026275634766,26.208499908447266,39.422019958496094,71.68310546875,23.586149215698242,56.52903366088867,41.12555694580078,62.397457122802734,50.59367752075195,20.291748046875,57.05464553833008
2014-03-25,13.419754028320312,69.80575561523438,90.98799896240234,128.7955780029297,59.59152603149414,43.74750900268555,26.35865020751953,38.76471710205078,69.72869873046875,22.968141555786133,56.88109588623047,40.84889602661133,62.59619140625,50.05510330200195,20.32083511352539,57.217430114746094
2014-03-26,13.396364212036133,70.17535400390625,89.6044692993164,127.5963363647461,59.141597747802734,43.00798416137695,26.351825714111328,38.90098571777344,68.27449035644531,22.699121475219727,57.20551300048828,40.94572448730469,62.019256591796875,49.431697845458984,20.15164566040039,57.0908088684082
2014-03-27,13.26380729675293,70.15154266357422,89.59769439697266,128.03819274902344,58.9991340637207,43.02234649658203,26.49515151977539,38.90900421142578,67.93173217773438,22.466461181640625,56.977725982666016,41.319210052490234,62.211570739746094,49.452335357666016,20.127851486206055,58.019222259521484
2014-03-28,13.240407943725586,70.64634704589844,89.52989959716797,128.0460662841797,59.02914047241211,43.10850143432617,26.583877563476562,39.21359634399414,67.82061004638672,22.47372817993164,57.26075744628906,41.48521041870117,62.397457122802734,48.6088981628418,20.093486785888672,58.899391174316406
2014-03-31,13.411958694458008,70.89078521728516,89.9028549194336,129.2689666748047,59.33656692504883,43.58954620361328,26.385942459106445,39.197566986083984,69.19146728515625,22.662771224975586,57.640445709228516,41.85177993774414,62.423099517822266,49.47294616699219,20.20452117919922,58.887332916259766
2014-04-01,13.521125793457031,70.94444274902344,90.9541015625,130.90200805664062,59.52404022216797,43.56082534790039,26.21531867980957,39.622413635253906,69.29334259033203,22.691852569580078,57.21243667602539,41.893287658691406,62.397457122802734,49.20709228515625,20.29439353942871,58.91748809814453
2014-04-02,13.43535041809082,71.15312957763672,91.3949203491211,131.96717834472656,59.951454162597656,43.698123931884766,26.160715103149414,39.69456100463867,69.19146728515625,22.837268829345703,57.1088981628418,42.114620208740234,62.80132293701172,49.19792938232422,20.40278434753418,59.050086975097656
2014-04-03,13.372974395751953,70.96829986572266,91.76116943359375,131.03614807128906,59.539039611816406,43.828182220458984,25.983266830444336,39.31781768798828,69.03400421142578,22.50281524658203,57.23313903808594,42.68867492675781,63.153900146484375,49.27813720703125,20.476797103881836,59.03807067871094
2014-04-04,13.03767204284668,70.82522583007812,91.11688232421875,128.78765869140625,59.02914047241211,43.21403121948242,26.085649490356445,38.82883071899414,66.85730743408203,22.081113815307617,57.01225280761719,42.287540435791016,62.8846435546875,47.60274887084961,20.437149047851562,58.69441604614258
2014-04-07,12.772553443908691,69.95479583740234,90.1877212524414,125.09540557861328,57.836849212646484,42.6287841796875,26.35865020751953,37.490196228027344,66.17081451416016,21.463109970092773,57.92344665527344,41.84486770629883,62.41029739379883,46.61955261230469,20.437149047851562,58.344757080078125
2014-04-08,12.8193359375,70.2290267944336,90.14026641845703,123.51753997802734,57.82184600830078,42.52039337158203,26.54974937438965,37.458133697509766,66.3470687866211,21.470375061035156,57.619712829589844,42.53651809692383,62.44873809814453,46.431602478027344,20.667133331298828,58.74867630004883
2014-04-09,12.959696769714355,71.0040512084961,90.8795166015625,124.77984619140625,58.30927276611328,42.82387924194336,26.611183166503906,38.1074104309082,68.23954772949219,21.9720516204834,57.92344665527344,42.335941314697266,62.72439193725586,47.56608963012695,20.611621856689453,58.67633819580078
2014-04-10,12.569814682006836,69.56729888916016,89.56375885009766,123.05990600585938,57.574378967285156,41.47275924682617,26.542938232421875,37.50621795654297,66.02238464355469,21.26679801940918,57.72325897216797,41.27079391479492,61.94235610961914,46.1932373046875,20.326112747192383,58.344757080078125
2014-04-11,12.296896934509277,69.76996612548828,89.0008773803711,120.48797607421875,56.764549255371094,39.95546340942383,26.365476608276367,37.12146759033203,63.712486267089844,20.699678421020508,57.39884567260742,40.73822784423828,61.71158218383789,45.065635681152344,20.223018646240234,58.308570861816406
2014-04-14,12.476243019104004,70.76557159423828,89.5230941772461,122.08164978027344,56.967010498046875,39.70979690551758,26.43372917175293,37.385990142822266,66.03167724609375,21.128646850585938,57.67494583129883,41.09789276123047,61.596195220947266,46.069480895996094,20.455652236938477,58.99587631225586
2014-04-15,12.780351638793945,71.71949005126953,89.63837432861328,122.22366333007812,56.90702438354492,39.59419250488281,27.423376083374023,37.442100524902344,66.93152618408203,21.484920501708984,57.957969665527344,41.13939666748047,61.39749526977539,46.76622009277344,20.32347869873047,59.49018478393555
2014-04-16,12.57761001586914,72.63160705566406,90.70993041992188,124.03823852539062,57.4244270324707,39.926544189453125,27.703201293945312,37.458133697509766,68.582763671875,21.73212432861328,58.517120361328125,41.43680191040039,62.40388870239258,47.983211517333984,20.413354873657227,60.24980926513672
2014-04-17,12.593207359313965,73.73452758789062,91.93071746826172,124.21185302734375,57.80686569213867,39.89765548706055,27.79193115234375,37.51424026489258,68.7682876586914,22.364675521850586,59.05554962158203,41.4990348815918,62.820533752441406,47.66005325317383,20.52967071533203,60.539154052734375
2014-04-21,12.54642105102539,74.06836700439453,92.41902160644531,124.49583435058594,58.4592399597168,39.760379791259766,27.81239891052246,37.56252670288086,68.93527221679688,22.524620056152344,59.30406188964844,41.33306121826172,63.397457122802734,47.930511474609375,20.51381492614746,60.84663009643555
2014-04-22,12.702372550964355,73.92530822753906,92.93444061279297,126.59440612792969,59.741485595703125,40.323936462402344,27.785106658935547,38.25455093383789,69.13937377929688,22.684581756591797,58.77251434326172,41.72038269042969,63.46156692504883,48.12303161621094,20.503236770629883,60.509037017822266
2014-04-23,12.764752388000488,74.33666229248047,92.45970153808594,126.58650970458984,58.87916564941406,40.49734878540039,27.79874610900879,37.19236755371094,68.05397033691406,22.568252563476562,58.95891571044922,42.010868072509766,63.61542510986328,47.859458923339844,20.630126953125,60.58740234375
2014-04-24,12.741362571716309,74.10414123535156,92.29014587402344,126.90209197998047,59.81647491455078,40.59849548339844,27.778278350830078,37.948760986328125,68.97237396240234,22.49554443359375,59.03484344482422,42.5019416809082,63.23080825805664,47.99238967895508,20.701505661010742,60.29197311401367
2014-04-25,12.43725299835205,73.91934204101562,91.02190399169922,124.84298706054688,59.52404022216797,40.24445343017578,27.989852905273438,37.32111358642578,65.54930877685547,22.23379898071289,58.84846496582031,42.370540618896484,62.43592834472656,45.5927734375,20.7834529876709,60.533145904541016
2014-04-28,11.657489776611328,74.95668029785156,91.23896026611328,123.501708984375,60.11643981933594,40.09273910522461,28.003507614135742,37.32111358642578,66.08732604980469,21.87636375427246,59.93224334716797,43.00685119628906,62.987213134765625,46.16346740722656,21.084814071655273,60.99130630493164
2014-04-29,11.883622169494629,75.09976196289062,91.8764877319336,124.84298706054688,59.6290283203125,40.533470153808594,27.689563751220703,37.36135482788086,66.82019805908203,22.262975692749023,59.20051574707031,42.86159896850586,62.826961517333984,46.449920654296875,21.06102180480957,61.16012954711914
2014-04-30,11.805642127990723,74.83148193359375,92.40546417236328,126.08952331542969,59.621517181396484,40.4467658996582,27.839706420898438,36.94292068481445,68.23023223876953,22.562049865722656,59.290260314941406,42.709434509277344,63.14106369018555,46.43618392944336,21.07159423828125,61.73886489868164
2014-05-01,11.766657829284668,74.4857177734375,92.39866638183594,126.52342224121094,59.48653030395508,40.2588996887207,27.832876205444336,37.31306076049805,68.85176849365234,22.77359390258789,59.069366455078125,42.702518463134766,62.89106750488281,47.23375701904297,21.068954467773438,61.136009216308594
2014-05-02,11.891419410705566,74.35455322265625,92.88019561767578,125.347900390625,59.539039611816406,40.15776443481445,27.94891357421875,37.803932189941406,68.443603515625,22.386981964111328,59.03484344482422,42.88926315307617,63.179527282714844,46.85102462768555,20.915632247924805,61.497737884521484
2014-05-05,11.758855819702148,74.73609924316406,92.13419342041016,123.35185241699219,59.006649017333984,39.17513656616211,27.819231033325195,37.24869155883789,69.40837097167969,21.934720993041992,59.30406188964844,41.409122467041016,62.78850173950195,47.47212600708008,20.7834529876709,62.040283203125
2014-05-06,11.48593807220459,74.50357055664062,91.88999938964844,121.92386627197266,58.05429458618164,38.539310455322266,27.63495635986328,36.52448654174805,68.47145080566406,21.489755630493164,58.9312858581543,39.86674880981445,62.423099517822266,47.066463470458984,20.622194290161133,61.89559555053711
2014-05-07,11.540521621704102,75.2547836303711,93.95855712890625,122.69706726074219,57.79935073852539,39.05229187011719,27.921598434448242,36.29916763305664,68.52711486816406,21.664823532104492,59.91842269897461,40.205665588378906,63.35260009765625,47.83195114135742,20.736574172973633,62.160865783691406
2014-05-08,11.64189338684082,74.57514953613281,92.71062469482422,124.18023681640625,57.77687454223633,39.27629089355469,27.79874610900879,36.22675323486328,68.87035369873047,21.65753173828125,59.82178497314453,40.337074279785156,63.45515060424805,48.33616638183594,20.93074607849121,61.684608459472656
2014-05-09,11.493738174438477,74.53934478759766,93.26679992675781,124.0224380493164,58.271751403808594,39.02340316772461,27.89430809020996,36.781982421875,69.00019836425781,21.650230407714844,60.1738395690918,40.89731216430664,63.948753356933594,48.3155517578125,21.06639862060547,61.878849029541016
2014-05-12,11.75106143951416,74.66455078125,95.05046844482422,125.87644958496094,58.69166564941406,39.485816955566406,27.86016845703125,37.24065017700195,69.59391784667969,22.124378204345703,60.0081672668457,41.250057220458984,65.07056427001953,48.51951599121094,21.053102493286133,62.04880142211914
2014-05-13,11.719870567321777,75.02822875976562,95.04365539550781,126.45238494873047,57.94181823730469,39.46413040161133,28.05810546875,36.822208404541016,69.41766357421875,22.124378204345703,60.21525955200195,41.19472122192383,65.7115707397461,48.60203552246094,21.050439834594727,62.127685546875
2014-05-14,11.571712493896484,75.36803436279297,94.49432373046875,125.79754638671875,57.22196960449219,39.27629089355469,27.9079532623291,36.34745407104492,68.74047088623047,22.06601905822754,59.946041107177734,40.994144439697266,65.41029357910156,48.188697814941406,20.944042205810547,62.08517837524414
2014-05-15,11.34558391571045,74.44209289550781,94.05347442626953,123.58065032958984,57.16948318481445,38.66213607788086,27.65542221069336,35.91292953491211,67.79425811767578,21.715883255004883,59.186702728271484,40.240230560302734,64.82310485839844,47.63530731201172,20.43600082397461,61.16869354248047
2014-05-16,11.314393997192383,74.06328582763672,93.74830627441406,123.41496276855469,58.00931167602539,38.517642974853516,27.9079532623291,36.5003547668457,68.4157943725586,21.98578453063965,59.73892593383789,40.55840301513672,65.38447570800781,48.17722702026367,20.483877182006836,61.1444206237793
2014-05-19,11.439155578613281,73.92500305175781,94.27052307128906,124.39329528808594,57.36442947387695,38.893341064453125,27.785106658935547,36.653221130371094,68.517822265625,22.000370025634766,59.43521499633789,40.6141357421875,65.42317962646484,48.303524017333984,20.377487182617188,61.223323822021484
2014-05-20,11.329988479614258,73.6544418334961,93.22606658935547,123.35185241699219,58.4592399597168,38.813873291015625,27.696378707885742,36.629085540771484,68.32300567626953,21.672119140625,59.12458419799805,39.44359588623047,64.8682632446289,47.74323654174805,20.132776260375977,61.101951599121094
2014-05-21,11.392367362976074,74.65254974365234,94.304443359375,125.71868133544922,58.54924774169922,39.10287857055664,27.89430809020996,36.54057312011719,70.15979766845703,21.89095115661621,59.43521499633789,39.85467529296875,65.64904022216797,48.24382019042969,20.12479591369629,61.927398681640625
2014-05-22,11.470344543457031,74.33385467529297,94.49432373046875,126.11317443847656,59.07411193847656,39.413551330566406,27.696378707885742,37.731510162353516,70.27113342285156,22.16814422607422,59.07624053955078,39.011600494384766,65.59742736816406,48.07620620727539,20.052976608276367,61.6057014465332
2014-05-23,11.478140830993652,74.1775131225586,95.9660415649414,126.35771942138672,59.374053955078125,39.399105072021484,27.696378707885742,37.8682975769043,70.92050170898438,22.241092681884766,59.24882888793945,38.80256652832031,66.28787231445312,48.696163177490234,20.111492156982422,61.4964485168457
2014-05-27,11.868021965026855,73.8588638305664,96.4678726196289,127.62796020507812,59.75648880004883,39.839839935302734,27.8260498046875,38.447669982910156,71.45855712890625,22.70064926147461,59.7320442199707,38.858306884765625,66.57174682617188,49.254146575927734,20.10617446899414,61.5207405090332
2014-05-28,11.805642127990723,73.66650390625,97.30208587646484,127.6041488647461,59.748985290527344,40.063838958740234,27.696378707885742,37.58666229248047,71.36578369140625,22.562049865722656,60.10478591918945,38.55869674682617,66.72663879394531,49.09342956542969,20.090221405029297,61.338661193847656
2014-05-29,11.813440322875977,73.54621124267578,98.02098846435547,127.24797821044922,59.91396713256836,40.2588996887207,27.750974655151367,37.82806396484375,71.23589324951172,22.70794105529785,60.560394287109375,38.9349479675293,67.14602661132812,49.29317855834961,20.209909439086914,61.46611404418945
2014-05-30,11.805642127990723,73.82881164550781,97.77006530761719,126.51170349121094,60.16141891479492,40.150535583496094,27.921598434448242,37.88440704345703,70.92050170898438,22.510988235473633,60.97459411621094,39.5481071472168,67.02989959716797,49.32992172241211,20.420047760009766,61.0169792175293
2014-06-02,11.899216651916504,73.48007202148438,97.83110046386719,126.68592071533203,60.61883544921875,39.991580963134766,27.887479782104492,37.82806396484375,71.47710418701172,22.54016876220703,60.657047271728516,39.35997772216797,67.15896606445312,49.029117584228516,20.41738510131836,60.658870697021484
2014-06-03,11.860228538513184,73.68450927734375,96.94943237304688,128.08705139160156,60.845096588134766,40.17220687866211,27.901134490966797,37.99705505371094,70.8277359008789,22.503692626953125,60.898658752441406,39.56901550292969,66.73953247070312,48.52396011352539,20.40408706665039,60.9319953918457
2014-06-04,11.860228538513184,73.56425476074219,96.98336791992188,128.55416870117188,60.747066497802734,40.23000717163086,27.839706420898438,37.956825256347656,70.7999038696289,22.759008407592773,60.80476379394531,39.84074020385742,66.44269561767578,48.5492057800293,20.51580238342285,60.71956253051758
2014-06-05,12.031778335571289,74.26774597167969,96.7459716796875,128.70455932617188,60.626380920410156,40.916404724121094,27.9079532623291,38.141883850097656,71.2822494506836,23.072668075561523,61.034271240234375,40.05672836303711,66.8621597290039,48.73061752319336,20.56633758544922,61.02909469604492
2014-06-06,12.156538963317871,74.67056274414062,96.77987670898438,131.56243896484375,60.82248306274414,41.16206359863281,27.9762020111084,38.439632415771484,71.86670684814453,23.30609893798828,61.13860321044922,40.18912124633789,66.84276580810547,48.909725189208984,20.537084579467773,61.66639709472656
2014-06-09,12.351478576660156,74.7787857055664,97.42416381835938,131.4119415283203,60.799861907958984,41.48719024658203,27.921598434448242,38.31087875366211,71.30082702636719,23.327978134155273,61.201175689697266,40.13337326049805,66.77826690673828,48.81328201293945,20.483877182006836,61.617855072021484
2014-06-10,12.413860321044922,75.36201477050781,97.51911926269531,131.6969451904297,60.897891998291016,41.834022521972656,28.030805587768555,38.29478454589844,71.76465606689453,23.40093231201172,61.49329376220703,39.61778259277344,66.40401458740234,49.19675064086914,20.38014793395996,61.58143997192383
2014-06-11,12.156538963317871,75.26582336425781,96.81381225585938,130.96072387695312,60.19647216796875,41.378814697265625,27.887479782104492,37.74761199951172,71.31011962890625,23.11644172668457,61.048213958740234,39.77106475830078,66.13945770263672,48.83623123168945,20.25778579711914,61.878849029541016
2014-06-12,12.02397632598877,75.82500457763672,94.41295623779297,131.38035583496094,59.15559005737305,41.212650299072266,27.794645309448242,36.653221130371094,70.24329376220703,23.145614624023438,60.658729553222656,39.882537841796875,65.1005630493164,48.627288818359375,20.143413543701172,61.70280838012695
2014-06-13,12.039573669433594,76.5164566040039,95.13182830810547,131.3248748779297,58.88404846191406,41.212650299072266,27.76026725769043,36.57276153564453,70.4473876953125,23.043498992919922,60.63787078857422,39.87558364868164,65.19091033935547,48.517066955566406,20.023723602294922,62.3037109375
2014-06-16,11.914812088012695,77.28604125976562,94.5757064819336,131.29319763183594,59.51009750366211,41.089820861816406,27.95967674255371,36.54864501953125,69.67742919921875,23.131023406982422,60.88821792602539,40.23091506958008,65.28770446777344,48.27597427368164,20.03968048095703,62.46760177612305
2014-06-17,12.156538963317871,77.46041870117188,95.29564666748047,133.1695098876953,60.35483169555664,41.48719024658203,28.138479232788086,36.88658905029297,69.55683898925781,23.707294464111328,60.70045852661133,40.530521392822266,65.56515502929688,48.406856536865234,19.94658088684082,62.16409683227539
2014-06-18,12.203323364257812,78.33222198486328,101.16376495361328,134.46771240234375,60.87528610229492,41.7473030090332,28.57855987548828,36.88658905029297,69.68669128417969,23.824010848999023,61.82711410522461,40.899810791015625,66.32656860351562,48.50788497924805,20.135435104370117,62.352294921875
2014-06-19,12.125344276428223,79.36039733886719,100.24686431884766,134.36480712890625,60.671634674072266,41.4005012512207,28.736717224121094,36.93486785888672,68.8981704711914,23.736474990844727,62.661659240722656,40.927677154541016,66.0555648803711,48.29433822631836,20.18065643310547,62.291568756103516
2014-06-20,12.055123329162598,79.5708236694336,100.60005187988281,134.45188903808594,60.46799850463867,41.581111907958984,28.667953491210938,37.03143310546875,68.47145080566406,23.554109573364258,61.96620178222656,40.6141357421875,66.13945770263672,48.10375213623047,20.13011360168457,63.01991271972656
2014-06-23,12.203374862670898,79.95565032958984,101.11622619628906,134.76853942871094,60.82248306274414,42.04352951049805,28.695463180541992,37.079708099365234,68.77754974365234,23.721881866455078,61.472412109375,40.7047119140625,66.11361694335938,48.099151611328125,20.15936851501465,63.353729248046875
2014-06-24,12.086333274841309,79.2281494140625,101.6595458984375,133.1772918701172,60.66407775878906,41.48719024658203,28.777982711791992,37.425724029541016,67.44174194335938,23.36445426940918,61.235992431640625,40.899810791015625,65.6426010131836,47.71338653564453,20.207258224487305,62.352294921875
2014-06-25,12.07072639465332,78.90343475341797,102.84131622314453,133.2960662841797,60.73952102661133,41.56668472290039,28.853620529174805,37.5786247253418,67.75713348388672,23.510347366333008,61.60456466674805,40.45389938354492,66.08135986328125,48.005001068115234,20.11415672302246,61.99414825439453
2014-06-26,12.023910522460938,78.717041015625,102.89568328857422,133.00314331054688,60.90544891357422,41.465518951416016,28.90176010131836,37.98095703125,67.50667572021484,23.2623291015625,61.62542724609375,40.32149124145508,66.22976684570312,47.98204803466797,19.92530632019043,61.927398681640625
2014-06-27,11.961490631103516,78.38032531738281,102.83451080322266,132.0294189453125,61.19205856323242,41.56668472290039,29.011770248413086,38.15797424316406,68.09109497070312,23.014314651489258,61.72975158691406,40.49569320678711,66.2749252319336,48.055519104003906,20.03968048095703,61.42969512939453
2014-06-30,11.992703437805176,78.49459075927734,102.81414794921875,132.55194091796875,61.0638313293457,41.631710052490234,29.128686904907227,38.61665725708008,68.15604400634766,23.583293914794922,62.13311004638672,40.37725067138672,66.24268341064453,48.383880615234375,19.96785545349121,61.108028411865234
2014-07-01,12.172162055969238,78.48858642578125,103.49334716796875,132.05320739746094,61.71250915527344,41.88636016845703,29.080551147460938,38.729312896728516,70.06702423095703,23.575998306274414,61.987060546875,40.669898986816406,66.36529541015625,49.19675064086914,20.023723602294922,61.5207405090332
2014-07-02,12.367227554321289,78.30219268798828,103.41862487792969,132.1165008544922,61.833168029785156,41.449806213378906,29.080551147460938,38.72126770019531,70.68856811523438,23.70000648498535,62.36262893676758,40.948585510253906,66.81694030761719,49.33222198486328,20.11415672302246,61.6481819152832
2014-07-03,12.507678985595703,78.87940216064453,104.3287124633789,134.15103149414062,61.88595962524414,41.50800704956055,29.039289474487305,38.80976486206055,71.18952941894531,23.794828414916992,62.60603332519531,41.46418380737305,67.02989959716797,49.7157096862793,20.148733139038086,62.26728057861328
2014-07-07,12.437454223632812,78.4465103149414,103.0179214477539,132.8210906982422,61.4107780456543,41.23153305053711,28.977397918701172,38.793670654296875,70.7714614868164,23.62705421447754,62.49473571777344,41.79862594604492,66.616943359375,49.768524169921875,20.233854293823242,62.3037109375
2014-07-08,12.156559944152832,78.10377502441406,102.67152404785156,130.54913330078125,60.912986755371094,40.5694465637207,28.83987045288086,38.47986602783203,70.3162612915039,23.16020393371582,62.40433883666992,41.6662483215332,66.3975601196289,49.42866897583008,20.388124465942383,62.41295623779297
2014-07-09,12.172162055969238,78.9996566772461,102.77337646484375,130.35910034179688,60.8903923034668,40.75861740112305,28.846744537353516,38.51204299926758,71.18951416015625,23.34986686706543,62.43217468261719,41.840431213378906,66.44916534423828,49.635337829589844,20.537084579467773,62.849952697753906
2014-07-10,12.047322273254395,78.31421661376953,102.05348205566406,129.36952209472656,59.88722229003906,40.42392349243164,29.059913635253906,37.98095703125,70.11190795898438,23.10914421081543,62.661659240722656,41.756832122802734,65.87487030029297,49.49296951293945,20.497182846069336,62.25515365600586
2014-07-11,12.000503540039062,77.24396514892578,102.31159210205078,130.46202087402344,60.04560852050781,40.598548889160156,28.86048698425293,38.17408752441406,70.44631958007812,22.91219139099121,62.48780059814453,41.805599212646484,66.1587905883789,49.828216552734375,20.433345794677734,61.75136947631836
2014-07-14,12.14875316619873,77.718994140625,102.60364532470703,132.20364379882812,59.932464599609375,40.955055236816406,29.142436981201172,37.99705505371094,71.83981323242188,23.20397186279297,63.34323501586914,41.9310302734375,66.75242614746094,50.753604888916016,20.361528396606445,62.321903228759766
2014-07-15,12.336019515991211,77.718994140625,103.16735076904297,133.92144775390625,60.23414993286133,42.39564895629883,28.949893951416016,38.23039245605469,72.7595443725586,23.34257698059082,62.82856369018555,42.30031204223633,67.29447174072266,50.92582321166992,20.438663482666016,62.14588165283203
2014-07-16,12.101940155029297,78.69902038574219,104.8517074584961,134.95059204101562,60.08332061767578,42.715789794921875,28.963638305664062,38.35110855102539,72.7502212524414,23.707294464111328,62.93986511230469,41.90314483642578,67.44286346435547,51.130184173583984,20.443986892700195,62.98348617553711
2014-07-17,11.860055923461914,78.2120132446289,103.16735076904297,134.68934631347656,60.00033950805664,42.09735107421875,28.894880294799805,38.06142044067383,70.96658325195312,23.561403274536133,62.58515548706055,41.61050796508789,66.2362060546875,50.03029251098633,20.377487182617188,62.09733200073242
2014-07-18,12.086333274841309,78.39838409423828,103.8261489868164,135.74221801757812,60.40010452270508,42.366546630859375,29.17681121826172,38.47181701660156,71.99775695800781,23.809419631958008,62.65470886230469,41.81257629394531,66.99118041992188,50.56300735473633,20.505159378051758,62.352294921875
2014-07-21,12.109745979309082,78.93952178955078,103.47295379638672,135.94012451171875,60.12102127075195,42.373817443847656,29.156190872192383,38.4718132019043,71.85836791992188,23.743770599365234,62.529510498046875,41.31787109375,67.14602661132812,50.337982177734375,20.420047760009766,62.56470489501953
2014-07-22,12.109745979309082,79.71516418457031,104.11136627197266,138.5525665283203,60.747066497802734,42.68667984008789,28.32413101196289,38.641605377197266,72.71306610107422,24.00637435913086,62.014892578125,41.37360382080078,67.4170913696289,50.806396484375,20.385465621948242,62.843902587890625
2014-07-23,12.109745979309082,80.49677276611328,103.69709014892578,139.97755432128906,61.109107971191406,42.92678451538086,28.06283187866211,38.73863983154297,72.2207260131836,24.327329635620117,63.16242218017578,42.314239501953125,67.32671356201172,50.79263687133789,20.47856330871582,63.274818420410156
2014-07-24,12.18777084350586,81.08001708984375,103.57484436035156,139.53411865234375,61.24485778808594,43.05046844482422,28.172853469848633,38.811424255371094,72.06277465820312,24.363801956176758,63.92047882080078,42.495391845703125,67.1654052734375,51.1462516784668,20.30832862854004,63.29304504394531
2014-07-25,12.164359092712402,80.3104248046875,102.46096801757812,138.85336303710938,61.116634368896484,42.93406295776367,28.193483352661133,38.568851470947266,70.37203216552734,24.247093200683594,63.67010498046875,42.07733917236328,66.82986450195312,49.316165924072266,20.207258224487305,62.6253662109375
2014-07-28,12.094137191772461,80.11199188232422,101.55770111083984,139.28878784179688,61.14680099487305,43.06501007080078,27.973434448242188,38.56074905395508,70.78075408935547,24.12309455871582,63.2667236328125,42.01462173461914,66.24268341064453,49.18986511230469,20.13809585571289,63.34767532348633
2014-07-29,11.969297409057617,79.61895751953125,99.93444061279297,138.9642333984375,61.07891845703125,42.66485595703125,27.746505737304688,38.843753814697266,70.50205993652344,23.888946533203125,62.689483642578125,42.5720329284668,63.790679931640625,49.0245361328125,20.0662784576416,62.849952697753906
2014-07-30,12.156559944152832,79.68506622314453,101.44222259521484,139.13832092285156,61.66722869873047,42.861305236816406,27.244535446166992,39.19145202636719,70.52062225341797,24.393800735473633,61.834049224853516,42.76713180541992,64.10686492919922,49.15312576293945,19.890727996826172,62.66788101196289
2014-07-31,11.899070739746094,77.70693969726562,99.75785064697266,136.8505401611328,60.980873107910156,41.95911407470703,27.017614364624023,38.69012451171875,68.88560485839844,23.662132263183594,61.27073287963867,41.51993179321289,62.64856719970703,48.4527702331543,19.571533203125,60.051918029785156
2014-08-01,11.688397407531738,76.9012680053711,99.6695556640625,134.7764129638672,60.151206970214844,41.09330368041992,27.017614364624023,38.47990036010742,69.65667724609375,23.12070655822754,61.277679443359375,41.70107650756836,62.60981369018555,48.636474609375,19.560894012451172,59.966922760009766
2014-08-04,11.743016242980957,77.06359100341797,101.0822525024414,135.91641235351562,60.362388610839844,41.216983795166016,27.093250274658203,38.73863983154297,70.30696105957031,23.288984298706055,62.37652587890625,42.293331146240234,62.70665740966797,48.71682357788086,19.560894012451172,60.7741813659668
2014-08-05,11.704005241394043,75.13355255126953,99.73067474365234,134.1194305419922,60.362388610839844,40.787723541259766,26.94196891784668,38.520328521728516,69.86103820800781,22.981685638427734,62.03575134277344,40.43299102783203,62.27431106567383,48.3448600769043,19.5076961517334,59.602752685546875
2014-08-06,11.860055923461914,75.59652709960938,98.80021667480469,134.37271118164062,60.73194885253906,40.91141128540039,27.450822830200195,38.89228439331055,70.00969696044922,23.091432571411133,62.94682693481445,40.391178131103516,61.770999908447266,48.37929153442383,19.866474151611328,60.076171875
2014-08-07,11.79763126373291,75.54841613769531,99.17374420166016,133.86610412597656,60.69424057006836,40.678592681884766,27.058862686157227,38.74673080444336,68.80199432373047,22.94510269165039,62.52256393432617,40.063690185546875,61.33222961425781,48.00041580200195,19.799535751342773,59.645240783691406
2014-08-08,11.860055923461914,76.87721252441406,100.41667175292969,136.36761474609375,62.17258071899414,40.9914436340332,27.127635955810547,40.20216369628906,69.83317565917969,23.376787185668945,62.79383087158203,40.788333892822266,61.906517028808594,48.32648468017578,19.992313385009766,60.537471771240234
2014-08-11,11.875661849975586,76.78700256347656,100.70867919921875,136.52597045898438,62.512001037597656,40.976890563964844,27.210140228271484,40.31535339355469,70.260498046875,23.471906661987305,63.83702087402344,40.66291809082031,61.99039840698242,48.35404586791992,19.90930938720703,60.341896057128906
2014-08-12,11.86785888671875,76.41421508789062,100.81057739257812,136.42308044433594,62.542137145996094,40.99871826171875,27.28579330444336,40.29109573364258,70.260498046875,23.420686721801758,63.43363952636719,40.73258972167969,62.209774017333984,48.28974151611328,19.871828079223633,60.19522476196289
2014-08-13,11.899070739746094,76.72087097167969,101.4354248046875,136.45469665527344,62.69300079345703,41.267913818359375,27.464588165283203,40.30727005004883,70.8829345703125,23.428007125854492,63.802242279052734,40.593223571777344,62.34529495239258,48.64171600341797,19.820951461791992,60.561920166015625
2014-08-14,11.953688621520996,76.33604431152344,101.63240814208984,136.73974609375,63.25114822387695,41.45708084106445,27.629613876342773,40.76006317138672,70.65070343017578,23.537750244140625,63.83702087402344,40.927677154541016,62.42325973510742,48.892494201660156,19.917343139648438,60.561920166015625
2014-08-15,11.875661849975586,76.46339416503906,101.00755310058594,136.08261108398438,63.122928619384766,41.28974533081055,28.11094856262207,40.42856216430664,69.87031555175781,23.57433319091797,63.87873077392578,40.55143356323242,62.93007278442383,48.35646057128906,19.78614616394043,60.5252571105957
2014-08-18,12.055123329162598,76.58466339111328,102.16215515136719,138.18048095703125,63.0474853515625,41.638980865478516,28.434158325195312,40.79240798950195,71.31956481933594,23.859683990478516,64.08735656738281,41.16307830810547,63.43040466308594,49.30660629272461,19.94411849975586,60.824729919433594
2014-08-19,12.055123329162598,77.39115905761719,101.87690734863281,137.7134552001953,66.54719543457031,41.87908172607422,28.372262954711914,41.6575927734375,70.975830078125,23.8011531829834,63.885677337646484,41.65520477294922,63.852760314941406,49.463050842285156,20.048542022705078,60.8063850402832
2014-08-20,12.109745979309082,77.30626678466797,102.30477905273438,137.76885986328125,68.44790649414062,41.937286376953125,28.365392684936523,42.312530517578125,70.96658325195312,23.8084659576416,64.14301300048828,42.41450119018555,64.19712829589844,49.73912048339844,20.069961547851562,60.93474197387695
2014-08-21,12.609115600585938,77.57305908203125,102.25043487548828,138.6554718017578,68.74962615966797,42.5629997253418,28.47541618347168,42.58743667602539,71.52395629882812,24.166990280151367,64.017822265625,42.93475341796875,63.94370651245117,49.63560485839844,20.227928161621094,60.678016662597656
2014-08-22,12.585705757141113,77.07584381103516,101.51014709472656,138.90879821777344,68.65911102294922,42.55572509765625,28.275997161865234,42.474239349365234,71.05014038085938,24.488924026489258,63.70486068725586,42.92068862915039,63.52787780761719,49.71382522583008,20.27611541748047,60.20132064819336
2014-08-25,12.710545539855957,77.51846313476562,101.7342758178711,140.80877685546875,68.78732299804688,43.174163818359375,28.47541618347168,42.61170196533203,71.00371551513672,25.02303695678711,64.8106689453125,42.871463775634766,63.61235427856445,49.697731018066406,20.265413284301758,60.35411071777344
2014-08-26,12.741756439208984,77.7671127319336,101.38787841796875,140.8324737548828,69.11164093017578,43.46518325805664,28.606067657470703,42.514671325683594,71.53321838378906,25.169370651245117,64.40031433105469,42.67462921142578,63.300437927246094,49.86106491088867,20.219892501831055,60.8980598449707
2014-08-27,12.640325546264648,78.00357818603516,101.265625,141.19776916503906,69.29267883300781,43.35606002807617,28.606067657470703,42.46615982055664,71.19879913330078,24.97182273864746,64.14301300048828,42.737892150878906,63.27445983886719,49.95307922363281,20.30824851989746,60.83082580566406
2014-08-28,12.492074012756348,78.07028198242188,100.43025970458984,141.07073974609375,69.77538299560547,43.04318618774414,28.626699447631836,42.482330322265625,70.7529067993164,24.920610427856445,64.3864517211914,42.42854690551758,63.31345748901367,49.37101745605469,20.32163429260254,60.85528564453125
2014-08-29,12.554494857788086,78.49473571777344,100.4370346069336,142.23008728027344,70.52210998535156,43.25418472290039,28.68859100341797,42.45805358886719,70.42774200439453,25.103519439697266,64.32386016845703,42.23169708251953,63.24197769165039,48.892494201660156,20.21453094482422,60.78805160522461
2014-09-02,12.694939613342285,77.33657836914062,102.1485595703125,142.7541961669922,69.09695434570312,43.41426086425781,28.63357925415039,42.53892135620117,70.21408081054688,25.279123306274414,64.31687927246094,42.31606674194336,63.64483642578125,49.40093231201172,20.281475067138672,60.19522476196289
2014-09-03,12.60102367401123,77.53063201904297,103.03826141357422,142.61917114257812,67.46714782714844,43.43609619140625,28.729843139648438,42.7814826965332,70.54851531982422,25.286434173583984,64.96477508544922,42.45667266845703,63.657833099365234,49.440040588378906,20.35108184814453,60.574134826660156
2014-09-04,12.608848571777344,76.88785552978516,103.26240539550781,143.00038146972656,68.17211151123047,43.44336700439453,28.791725158691406,43.34748840332031,70.95728302001953,25.388874053955078,64.33438873291016,42.9066162109375,63.98272705078125,49.29280471801758,20.49834632873535,60.115745544433594
2014-09-05,12.538408279418945,77.2516860961914,104.1181869506836,142.73829650878906,69.4456558227539,43.58887481689453,28.771106719970703,43.75177764892578,71.40319061279297,25.337656021118164,64.26435089111328,42.9417724609375,64.23612213134766,49.281314849853516,20.752704620361328,60.665828704833984
2014-09-08,12.79669189453125,76.53012084960938,103.64212036132812,143.02418518066406,68.8467788696289,43.57433319091797,28.729843139648438,43.2908935546875,70.81791687011719,25.50593376159668,64.34138488769531,42.57618713378906,63.95021057128906,49.64019775390625,20.490312576293945,59.755165100097656
2014-09-09,12.632328033447266,75.90554809570312,102.6900405883789,140.87216186523438,67.41409301757812,42.9704475402832,28.83987045288086,42.8785285949707,70.66928100585938,24.81085205078125,64.033203125,42.80117416381836,63.48889923095703,49.29739761352539,20.546533584594727,59.52289962768555
2014-09-10,12.80451774597168,75.35979461669922,102.52680969238281,142.8336181640625,67.65665435791016,43.08685302734375,28.998022079467773,43.16960525512695,71.20809173583984,25.118154525756836,64.2923812866211,43.55341339111328,63.43040466308594,49.89555740356445,20.48495101928711,59.16841125488281
2014-09-11,12.968878746032715,75.08695983886719,103.73055267333984,143.73094177246094,67.6339111328125,43.47972869873047,29.056901931762695,42.91895294189453,70.25121307373047,25.41082191467285,64.1943130493164,44.003387451171875,63.63835144042969,49.45155334472656,20.37518310546875,59.30289077758789
2014-09-12,13.141064643859863,74.37747192382812,104.57383728027344,145.45411682128906,67.34580993652344,43.67618942260742,28.717496871948242,42.83002853393555,70.11190795898438,25.615680694580078,63.647953033447266,43.961185455322266,63.70982360839844,49.242183685302734,20.286823272705078,58.538902282714844
2014-09-15,13.101929664611816,75.3355484008789,104.75746154785156,146.0973358154297,67.75519561767578,43.610694885253906,28.745210647583008,42.95939254760742,69.89820098876953,25.76201820373535,63.87910842895508,43.7362174987793,63.43040466308594,49.3802375793457,20.297536849975586,58.850616455078125
2014-09-16,13.078448295593262,75.77214050292969,105.17910766601562,146.1449432373047,68.42984771728516,43.64708709716797,28.842185974121094,43.42026138305664,71.1523666381836,25.68885040283203,64.83870697021484,44.19318771362305,63.65133285522461,49.99220657348633,20.434083938598633,59.547340393066406
2014-09-17,13.125411987304688,75.62661743164062,108.61338806152344,146.7643585205078,69.14998626708984,43.87990188598633,28.821409225463867,43.54964065551758,70.80863189697266,26.018104553222656,65.03482055664062,44.200225830078125,64.58049774169922,49.58498001098633,20.41266441345215,59.33344268798828
2014-09-18,13.336736679077148,75.27490997314453,108.08296966552734,149.2022705078125,69.80951690673828,44.61475372314453,28.94607162475586,43.78413391113281,72.27645874023438,26.43515396118164,65.39905548095703,44.9454460144043,64.73643493652344,49.79431915283203,20.40731430053711,59.046180725097656
2014-09-19,13.266291618347168,75.67514038085938,107.67494201660156,147.86021423339844,69.9990463256836,44.46195983886719,29.126161575317383,43.73560333251953,71.79337310791016,26.164443969726562,65.69322204589844,44.861083984375,64.61300659179688,49.750614166259766,20.573312759399414,59.35789489746094
2014-09-22,13.328908920288086,74.88077545166016,107.35530853271484,147.13755798339844,69.65789794921875,44.31644821166992,29.243927001953125,43.22620391845703,70.7529067993164,25.74007225036621,65.54613494873047,44.54471206665039,63.76826858520508,49.20537185668945,20.431407928466797,59.00341033935547
2014-09-23,13.344560623168945,74.62004852294922,107.45052337646484,146.978759765625,69.35472106933594,44.33828353881836,29.015335083007812,42.95130157470703,70.1490249633789,25.62301254272461,65.09086608886719,44.34785842895508,63.23550033569336,48.87868881225586,20.241310119628906,58.69169235229492
2014-09-24,13.446307182312012,74.21984100341797,108.34140014648438,149.1387176513672,70.5145263671875,44.840293884277344,29.278553009033203,43.363670349121094,71.57968139648438,25.59373664855957,65.49010467529297,44.91029357910156,63.729305267333984,49.32731246948242,20.637569427490234,58.563350677490234
2014-09-25,13.188026428222656,73.17687225341797,106.87925720214844,146.18467712402344,69.66547393798828,43.76350402832031,28.939146041870117,42.91087341308594,69.41515350341797,25.037670135498047,64.90876007080078,44.207252502441406,62.722164154052734,48.476078033447266,20.38054084777832,57.60378646850586
2014-09-26,13.328908920288086,73.65589141845703,108.6610107421875,147.0025634765625,70.37806701660156,44.061805725097656,29.230073928833008,42.99981689453125,69.73098754882812,25.352285385131836,65.23095703125,44.39707565307617,63.33944320678711,48.759063720703125,20.479610443115234,58.324974060058594
2014-09-29,13.313254356384277,73.09806823730469,110.29320526123047,145.9781951904297,70.40837860107422,43.89445114135742,29.264694213867188,43.137264251708984,69.22933959960938,25.24253273010254,65.24494934082031,44.319740295410156,63.24845886230469,48.52669143676758,20.369827270507812,57.713829040527344
2014-09-30,13.344560623168945,72.35221099853516,109.7967300415039,145.7718048095703,69.54419708251953,43.82897186279297,29.54869270324707,42.78958511352539,68.67193603515625,25.293750762939453,65.20293426513672,44.0666389465332,63.86576461791992,49.08805465698242,20.474246978759766,57.4815673828125
2014-10-01,13.164544105529785,71.33959197998047,107.54570007324219,143.49270629882812,68.9983901977539,43.487003326416016,29.604087829589844,42.530845642089844,68.11450958251953,24.847440719604492,64.8947525024414,43.637794494628906,62.97560119628906,48.31504821777344,20.38054084777832,56.75426483154297
2014-10-02,13.211505889892578,71.01215362548828,108.15098571777344,145.22378540039062,69.92320251464844,43.098812103271484,29.54869270324707,42.8785285949707,68.2074203491211,25.081573486328125,64.84573364257812,43.98930740356445,63.1185188293457,48.24832534790039,20.409990310668945,57.023193359375
2014-10-03,13.53239917755127,71.37593078613281,110.67404174804688,149.3451690673828,70.9087142944336,44.16820526123047,29.784177780151367,43.33132553100586,69.05279541015625,25.64495086669922,65.49010467529297,44.34081268310547,64.19062805175781,48.770565032958984,20.701828002929688,57.40211486816406
2014-10-06,13.53239917755127,71.60636901855469,108.29381561279297,148.87664794921875,70.69644165039062,44.08032989501953,30.199785232543945,43.33940887451172,69.22002410888672,25.601055145263672,65.39905548095703,43.785430908203125,64.04119873046875,48.72455596923828,20.709863662719727,57.768802642822266
2014-10-07,13.211505889892578,70.35118865966797,106.13114929199219,145.9543914794922,70.09757995605469,43.41378402709961,30.421438217163086,42.99981689453125,67.8616714477539,24.891342163085938,65.2099380493164,43.265174865722656,62.65718078613281,47.86412048339844,20.69647979736328,57.065975189208984
2014-10-08,13.399347305297852,71.52146911621094,108.98065948486328,148.20957946777344,71.32563781738281,44.24146270751953,30.857805252075195,43.9377555847168,68.9037094116211,25.24253273010254,65.79829406738281,44.15803909301758,63.76826858520508,48.85569763183594,20.948152542114258,57.823814392089844
2014-10-09,12.984527587890625,69.43556213378906,106.4372329711914,143.94532775878906,70.55241394042969,43.27458953857422,30.386804580688477,43.59006881713867,66.8289566040039,24.364538192749023,65.53913879394531,43.30735778808594,62.722164154052734,47.785911560058594,20.846410751342773,56.11864471435547
2014-10-10,12.8984375,69.05961608886719,105.24030303955078,143.2386016845703,70.15819549560547,42.864410400390625,30.802396774291992,43.42026138305664,65.5915298461914,24.101139068603516,66.29560852050781,42.59727096557617,62.23484802246094,47.1578483581543,20.96153450012207,55.98415756225586
2014-10-13,12.835827827453613,67.93177032470703,102.86685180664062,141.96009826660156,68.68001556396484,42.60072326660156,30.525325775146484,42.42572784423828,64.92171478271484,24.035282135009766,65.79829406738281,42.4918212890625,61.513614654541016,46.996803283691406,20.76608657836914,55.519676208496094
2014-10-14,12.929743766784668,66.56743621826172,104.53984832763672,141.90447998046875,68.30098724365234,42.476200103759766,30.22749137878418,42.05378341674805,66.05670166015625,24.152359008789062,65.14688110351562,43.37062072753906,62.247840881347656,46.63790512084961,20.878541946411133,55.34243392944336
2014-10-15,12.334914207458496,66.2581787109375,104.60782623291016,140.74514770507812,66.59535217285156,40.674312591552734,29.94350814819336,41.40691375732422,66.33586120605469,23.859683990478516,64.27835083007812,42.16841506958008,62.67019271850586,46.06964874267578,20.134218215942383,55.14073181152344
2014-10-16,12.585369110107422,67.34356689453125,103.322509765625,137.04461669921875,67.37616729736328,40.344688415527344,29.479429244995117,41.568634033203125,65.92650604248047,23.8011531829834,63.5919303894043,41.78878402709961,62.13737106323242,46.702327728271484,19.76473045349121,55.372989654541016
2014-10-17,12.687116622924805,67.79228973388672,106.1719970703125,140.4830780029297,68.40711212158203,41.16506576538086,29.701074600219727,42.45805358886719,66.5777359008789,24.30600357055664,64.09625244140625,41.528656005859375,63.19648742675781,47.39250564575195,19.839698791503906,55.74583053588867
2014-10-20,12.726248741149902,67.60433197021484,106.0019760131836,141.22154235839844,69.62761688232422,41.48003387451172,29.98505973815918,43.44074249267578,67.02436065673828,24.379169464111328,65.52511596679688,42.386383056640625,63.729305267333984,47.818115234375,20.11815071105957,56.08808135986328
2014-10-21,12.99235725402832,69.7872543334961,108.72904205322266,143.07980346679688,71.40902709960938,42.4322624206543,28.177230834960938,44.3340950012207,68.99673461914062,24.920610427856445,65.65120697021484,43.33547592163086,65.46417999267578,49.07424545288086,20.353757858276367,57.23708724975586
2014-10-22,12.835827827453613,69.12631225585938,107.7701416015625,140.41957092285156,70.757080078125,42.08064651489258,28.135662078857422,43.80620574951172,68.12220001220703,24.459657669067383,66.16249084472656,43.117530822753906,64.3660659790039,48.52440643310547,20.3564395904541,56.91926574707031
2014-10-23,12.99235725402832,70.45426940917969,110.51078796386719,142.98446655273438,71.8638687133789,42.527469635009766,28.30191421508789,44.63457489013672,68.93160247802734,24.847440719604492,65.67220306396484,43.60966110229492,65.28875732421875,49.29739761352539,20.415348052978516,57.51823806762695
2014-10-24,13.086278915405273,70.28448486328125,111.44928741455078,145.59707641601562,72.00788116455078,43.02555465698242,28.419654846191406,44.935062408447266,68.84785461425781,25.11083984375,66.26056671142578,43.28627014160156,65.3602294921875,49.113365173339844,20.450151443481445,57.75048828125
2014-10-27,12.984527587890625,69.74479675292969,112.3606185913086,146.04173278808594,72.37178039550781,42.95231246948242,28.23263931274414,45.04875183105469,68.95022583007812,24.847440719604492,66.27458953857422,43.279232025146484,66.43882751464844,49.09726333618164,20.506376266479492,57.27376174926758
2014-10-28,13.148889541625977,71.02423095703125,114.38714599609375,147.95550537109375,73.22079467773438,43.677459716796875,28.0941104888916,45.527915954589844,70.70864868164062,25.14011001586914,66.72286224365234,42.63946533203125,66.8612060546875,49.85646057128906,20.44211769104004,58.1233024597168
2014-10-29,13.297599792480469,71.03030395507812,112.73460388183594,147.76490783691406,73.09188842773438,43.428428649902344,28.371166229248047,45.32488250732422,70.69929504394531,25.235498428344727,66.3236312866211,42.80819320678711,66.67925262451172,49.38484191894531,20.45282554626465,57.811607360839844
2014-10-30,13.328908920288086,71.06670379638672,112.4081802368164,148.47166442871094,73.92579650878906,43.50166320800781,28.675928115844727,45.69844436645508,77.34221649169922,25.330890655517578,66.99603271484375,43.433895111083984,67.11459350585938,54.44386291503906,20.468891143798828,57.726043701171875
2014-10-31,13.430654525756836,72.73420715332031,113.8431396484375,150.86984252929688,73.92579650878906,44.300071716308594,29.008419036865234,46.453739166259766,77.91905975341797,25.64642906188965,67.3602523803711,43.46202850341797,68.16722106933594,55.54353713989258,20.42070198059082,59.107322692871094
2014-11-03,13.516751289367676,70.81201934814453,113.70712280273438,151.53688049316406,72.84173583984375,44.59305953979492,28.959924697875977,46.656768798828125,78.27259063720703,25.470319747924805,67.12210845947266,43.30031967163086,68.64155578613281,55.56886672973633,20.423376083374023,58.22111129760742
2014-11-04,13.46978759765625,69.9570541381836,113.54390716552734,151.09217834472656,72.74319458007812,44.1316032409668,28.966856002807617,46.502471923828125,78.14230346679688,25.43363380432129,67.75247955322266,43.145660400390625,69.57722473144531,55.89785385131836,20.68575668334961,57.768802642822266
2014-11-05,13.571532249450684,70.9757308959961,115.21688079833984,150.7506866455078,72.60675811767578,44.79083251953125,29.306257247924805,46.24259948730469,80.00309753417969,25.6097412109375,67.86456298828125,42.969905853271484,69.8761215209961,57.40705108642578,20.803573608398438,58.104984283447266
2014-11-06,13.587186813354492,71.8731689453125,116.76741027832031,151.67184448242188,73.75141906738281,44.84941482543945,29.292407989501953,46.75423049926758,79.77979278564453,25.910602569580078,67.80850982666016,43.5112419128418,70.3634262084961,57.5358772277832,20.833023071289062,58.832298278808594
2014-11-07,13.587186813354492,72.03690338134766,116.44097900390625,151.4415740966797,74.02433013916016,45.025211334228516,29.31317710876465,46.851680755615234,78.89596557617188,26.167421340942383,67.80152130126953,45.11417007446289,70.38943481445312,58.07421875,21.09004783630371,59.46017074584961
2014-11-10,13.59502124786377,71.50328826904297,116.79459381103516,152.30715942382812,74.4109115600586,45.36214065551758,29.361661911010742,46.96537780761719,78.94246673583984,26.32886505126953,67.92058563232422,46.06328201293945,70.85726165771484,57.5634880065918,21.269437789916992,59.26935577392578
2014-11-11,13.555886268615723,71.81859588623047,117.20265197753906,152.3706512451172,74.39578247070312,44.951969146728516,29.44478416442871,47.10344696044922,78.70055389404297,26.26282501220703,67.73148345947266,46.203887939453125,70.66883850097656,57.45305252075195,21.154312133789062,59.349361419677734
2014-11-12,13.53239917755127,71.33959197998047,116.83543395996094,151.02069091796875,74.66109466552734,44.35866928100586,29.583322525024414,47.282127380371094,78.4772720336914,26.394906997680664,68.05367279052734,46.90694046020508,70.57787322998047,58.07541275024414,21.205184936523438,58.715301513671875
2014-11-13,13.477612495422363,70.61193084716797,116.67900085449219,151.06832885742188,75.04769134521484,44.1169319152832,29.63872718811035,47.59883499145508,78.33773040771484,26.299514770507812,69.02027893066406,47.45530319213867,70.4732666015625,57.838008880615234,22.206546783447266,58.2720832824707
2014-11-14,13.41500186920166,71.18719482421875,116.67218780517578,150.8618621826172,74.47157287597656,44.153568267822266,29.597164154052734,47.57448196411133,78.19816589355469,26.1894474029541,68.4458999633789,47.89820861816406,69.84558868408203,57.35855484008789,22.21189308166504,58.536781311035156
2014-11-17,13.375865936279297,70.83836364746094,116.50898742675781,150.82223510742188,74.3123550415039,44.226810455322266,29.728778839111328,47.82624053955078,77.40737915039062,26.123403549194336,68.93621063232422,47.558162689208984,69.6102294921875,57.57982635498047,22.375215530395508,58.54911422729492
2014-11-18,13.41500186920166,70.66698455810547,116.97140502929688,150.59185791015625,72.7583999633789,44.33668518066406,30.151296615600586,47.53386688232422,78.05859375,26.028013229370117,68.60001373291016,47.82737350463867,69.32257843017578,57.563690185546875,22.43412208557129,58.40138244628906
2014-11-19,13.352384567260742,71.27899932861328,116.75382995605469,150.2345428466797,73.30419921875,44.38795852661133,30.629230499267578,50.563106536865234,78.41214752197266,26.035354614257812,68.92919921875,51.36252975463867,69.06759643554688,57.59367370605469,22.755414962768555,58.85691452026367
2014-11-20,13.305426597595215,71.79307556152344,117.31145477294922,150.67918395996094,73.96366882324219,44.03636169433594,30.65001106262207,50.70116424560547,78.70984649658203,25.969301223754883,68.68406677246094,50.434471130371094,69.76713562011719,58.01087188720703,22.6456298828125,58.98616409301758
2014-11-21,13.399347305297852,72.57032012939453,118.6444091796875,150.55215454101562,74.50186157226562,44.278099060058594,30.82316780090332,51.375240325927734,78.82151794433594,26.072036743164062,69.2654037475586,50.661170959472656,70.18556213378906,58.598670959472656,22.66437530517578,59.59560012817383
2014-11-24,13.446307182312012,71.9644546508789,119.37202453613281,150.93338012695312,74.59283447265625,44.651634216308594,30.663862228393555,51.68384552001953,79.07275390625,26.13806915283203,69.11833953857422,50.703678131103516,70.12673950195312,58.69084548950195,22.865192413330078,58.924625396728516
2014-11-25,13.383694648742676,71.08314514160156,118.91644287109375,149.97247314453125,73.53916931152344,44.16820526123047,30.774686813354492,51.123477935791016,80.3287124633789,25.90326499938965,69.29344940185547,51.079139709472656,70.03521728515625,59.29939651489258,22.744701385498047,58.34595489501953
2014-11-26,13.391522407531738,70.4466781616211,119.06603240966797,149.70248413085938,74.0622329711914,44.1975212097168,30.8897647857666,51.05038070678711,80.53340148925781,25.771177291870117,69.58760833740234,51.12165069580078,69.94367980957031,59.29939651489258,22.75273895263672,58.161277770996094
2014-11-28,13.336736679077148,66.62783813476562,121.1741943359375,150.09288024902344,75.35091400146484,44.065670013427734,31.26639175415039,51.83816146850586,81.21260070800781,25.815202713012695,70.1129150390625,52.425209045410156,71.86585235595703,59.51375198364258,23.438152313232422,55.73585510253906
2014-12-01,13.141064643859863,68.3781509399414,120.8478012084961,149.925537109375,74.95672607421875,43.948482513427734,31.071104049682617,51.29403305053711,81.37074279785156,25.756500244140625,69.81175231933594,51.539649963378906,71.78087615966797,59.50453567504883,23.084735870361328,56.850059509277344
2014-12-02,13.42282485961914,69.77960968017578,122.67723083496094,151.51087951660156,74.76630401611328,44.73955154418945,31.064111709594727,51.951839447021484,81.58474731445312,26.24814796447754,70.31608581542969,51.766361236572266,72.18621826171875,59.93327331542969,23.13292121887207,57.98275375366211
2014-12-03,13.571968078613281,69.58989715576172,122.4391860961914,152.1162872314453,75.09383392333984,45.07649230957031,30.548023223876953,52.21986389160156,82.17086029052734,26.798498153686523,69.31845092773438,51.950557708740234,72.50657653808594,60.299781799316406,22.869075775146484,58.450599670410156
2014-12-04,13.509172439575195,68.7147445678711,122.53438568115234,152.91294860839844,75.3680191040039,44.95929718017578,30.338788986206055,52.42288589477539,82.58952331542969,26.996631622314453,68.91656494140625,51.91513442993164,72.19929504394531,60.193748474121094,22.82061004638672,58.09354782104492
2014-12-05,13.878108024597168,67.85181427001953,123.79251098632812,155.7011260986328,75.89361572265625,45.92615509033203,30.359710693359375,52.67464065551758,82.8779525756836,27.32684898376465,68.92363739013672,52.18434143066406,72.55888366699219,60.70316696166992,22.648300170898438,57.754981994628906
2014-12-08,13.862406730651855,65.36100006103516,123.45248413085938,156.63319396972656,76.49533081054688,45.904178619384766,30.08771324157715,53.67355728149414,81.91036987304688,27.8845272064209,68.93771362304688,52.269351959228516,72.05545806884766,60.645538330078125,22.67791175842285,56.44992446899414
2014-12-09,13.78390884399414,65.48954010009766,121.57547760009766,156.84825134277344,75.89361572265625,45.7430419921875,29.320510864257812,53.47052764892578,81.72429656982422,27.957904815673828,68.47946166992188,52.141822814941406,71.9377670288086,60.88525390625,22.497520446777344,56.25293731689453
2014-12-10,13.642619132995605,64.1737289428711,120.13893127441406,152.95274353027344,75.36039733886719,44.4465446472168,29.013639450073242,52.893917083740234,80.31942749023438,27.436914443969727,67.80967712402344,51.65300369262695,71.95740509033203,60.32744216918945,22.341367721557617,54.58469772338867
2014-12-11,13.713260650634766,64.204345703125,120.42491149902344,154.17953491210938,76.37345886230469,44.78348159790039,28.96482276916504,53.40556716918945,81.58474731445312,27.444250106811523,67.8872299194336,52.09223556518555,72.33004760742188,60.65013122558594,22.57021713256836,54.91093444824219
2014-12-12,13.446374893188477,62.656009674072266,119.68283081054688,150.4194793701172,76.0002212524414,43.9777717590332,28.532411575317383,52.682762145996094,78.27259063720703,26.60036277770996,66.79444122314453,51.29170608520508,71.91817474365234,59.18876647949219,22.564836502075195,53.310394287109375
2014-12-15,13.226588249206543,61.72575759887695,120.00959777832031,147.8065185546875,76.20587158203125,43.33318328857422,28.29528045654297,53.048221588134766,78.71919250488281,26.365550994873047,66.37142181396484,51.85844039916992,72.40850830078125,59.170318603515625,22.599836349487305,53.49507141113281
2014-12-16,13.124541282653809,62.2398567199707,118.64115142822266,146.030029296875,73.92847442626953,42.798492431640625,28.169742584228516,52.154869079589844,76.8863525390625,26.064697265625,65.27863311767578,51.2066764831543,71.8070297241211,58.411956787109375,22.33599090576172,53.19345474243164
2014-12-17,13.548421859741211,64.88365936279297,114.22932434082031,147.40029907226562,75.36039733886719,43.779998779296875,28.9787654876709,53.55985641479492,78.83082580566406,26.952590942382812,66.07530212402344,52.120574951171875,70.97014617919922,59.71889877319336,22.67791175842285,54.80015182495117
2014-12-18,13.760360717773438,66.72576141357422,118.72285461425781,152.64212036132812,76.67811584472656,45.03252410888672,29.564619064331055,54.104000091552734,80.86833953857422,27.957904815673828,67.23155212402344,52.878604888916016,72.52620697021484,60.889862060546875,23.138309478759766,56.11750030517578
2014-12-19,13.831010818481445,69.11251831054688,118.6139144897461,153.9724578857422,77.6378402709961,45.36214065551758,29.25774383544922,54.331382751464844,80.42174530029297,28.258771896362305,67.2879638671875,52.38978958129883,72.54579162597656,60.31591796875,22.928308486938477,57.64417266845703
2014-12-22,13.901650428771973,68.5617446899414,120.41807556152344,154.89649963378906,78.83367156982422,45.36947250366211,29.536714553833008,55.094791412353516,80.78460693359375,28.302793502807617,68.1198959350586,52.779449462890625,73.22576141357422,60.90139389038086,23.256772994995117,57.453365325927734
2014-12-23,14.074346542358398,69.73677825927734,120.46574401855469,155.7409210205078,79.03172302246094,45.7650032043457,29.969144821166992,55.17600631713867,81.52890014648438,28.58164405822754,68.64159393310547,52.914031982421875,73.51995849609375,61.143428802490234,23.332162857055664,58.229000091552734
2014-12-24,14.113592147827148,69.44302368164062,120.11173248291016,156.05160522460938,78.8793716430664,45.7650032043457,29.948213577270508,54.8267822265625,81.6591796875,28.478899002075195,68.45126342773438,52.88569641113281,73.49382019042969,61.689727783203125,23.270240783691406,57.73035430908203
2014-12-26,14.113592147827148,69.30838012695312,119.75764465332031,155.7011260986328,79.02408599853516,45.81629180908203,29.9621639251709,54.81865692138672,81.6591796875,28.412870407104492,68.42308044433594,53.176177978515625,73.18000030517578,61.4569206237793,23.39946937561035,57.37947082519531
2014-12-29,14.21563720703125,69.35120391845703,119.49894714355469,156.2906494140625,79.61820220947266,46.11660385131836,29.89242172241211,55.687625885009766,81.575439453125,28.588985443115234,68.19744873046875,53.50912857055664,73.51995849609375,61.182594299316406,23.32676887512207,57.29328536987305
2014-12-30,14.23133659362793,69.22269439697266,119.14492797851562,155.90823364257812,79.42015838623047,46.25578308105469,29.822677612304688,55.67139434814453,80.91485595703125,28.618330001831055,67.65457916259766,53.636653900146484,73.3172836303711,60.979740142822266,23.367162704467773,57.26250457763672
2014-12-31,14.04294490814209,68.65355682373047,118.23262023925781,154.41058349609375,79.95331573486328,45.83827209472656,29.446067810058594,55.87444305419922,80.16126251220703,28.471569061279297,66.66754913330078,53.77833557128906,72.68310546875,60.43809127807617,23.12215232849121,56.91162872314453
2015-01-02,14.05079460144043,68.89832305908203,117.40876770019531,154.87266540527344,78.78036499023438,46.066795349121094,29.3902587890625,54.98109436035156,79.71470642089844,28.405527114868164,66.58291625976562,53.367427825927734,72.16661071777344,61.088077545166016,23.12754249572754,57.14554977416992
2015-01-05,13.642619132995605,66.14437103271484,115.60464477539062,150.03704833984375,77.12751007080078,44.63664627075195,29.3902587890625,53.665443420410156,77.47246551513672,27.517635345458984,66.08236694335938,52.411048889160156,70.72171020507812,59.739646911621094,23.06023406982422,55.58194351196289
2015-01-06,13.234437942504883,66.11373138427734,115.59779357910156,147.0019073486328,76.89137268066406,43.47926330566406,29.613441467285156,53.78727340698242,77.30502319335938,26.725120544433594,65.58179473876953,52.40394592285156,70.25749206542969,59.354732513427734,23.23792839050293,55.286441802978516
2015-01-07,13.297231674194336,66.05870056152344,116.44884490966797,149.19265747070312,79.52681732177734,43.54560089111328,29.98308753967285,55.38712692260742,78.50748443603516,27.10669708251953,67.49947357177734,54.387611389160156,70.91130828857422,60.14995574951172,23.854490280151367,55.84664535522461
2015-01-08,13.571968078613281,67.57032012939453,119.17220306396484,151.57455444335938,81.28627014160156,44.51869583129883,30.345754623413086,56.55659103393555,79.72865295410156,27.510292053222656,68.72622680664062,54.64265060424805,72.18621826171875,60.95671844482422,24.357959747314453,56.776187896728516
2015-01-09,13.328631401062012,66.22391510009766,117.5517807006836,149.24844360351562,79.89239501953125,43.7446403503418,30.0109920501709,55.49274826049805,78.71257781982422,27.062658309936523,68.26092529296875,54.1467399597168,71.6566390991211,60.05315017700195,24.056419372558594,56.6961669921875
2015-01-12,13.093148231506348,64.79795837402344,117.49052429199219,147.4320831298828,79.5344009399414,43.368682861328125,29.738971710205078,55.1029052734375,77.70586395263672,26.68842887878418,67.9788818359375,54.28842544555664,71.68279266357422,59.93558120727539,24.236804962158203,55.606571197509766
2015-01-13,12.912607192993164,63.769832611083984,116.76202392578125,147.3206024169922,79.00888061523438,43.37605667114258,29.73200225830078,55.11103439331055,77.88296508789062,26.438934326171875,67.92953491210938,53.806678771972656,71.99008178710938,60.11077880859375,24.045642852783203,55.40342712402344
2015-01-14,12.590768814086914,63.58622360229492,117.6130599975586,143.57643127441406,78.17861938476562,41.87956237792969,29.683189392089844,54.72932434082031,77.79904174804688,25.837215423583984,68.1551513671875,52.658992767333984,71.50627899169922,58.90753173828125,23.31870460510254,55.243350982666016
2015-01-15,11.931402206420898,62.833473205566406,118.36199188232422,142.19032287597656,76.9371109008789,40.53788757324219,29.55766487121582,53.88471221923828,76.671142578125,25.37492561340332,68.1551513671875,53.60832977294922,71.4539566040039,58.347415924072266,23.52602195739746,54.76321792602539
2015-01-16,12.072691917419434,64.3328628540039,120.34323120117188,141.18653869628906,79.30591583251953,41.230838775634766,29.662261962890625,55.40868377685547,78.11599731445312,25.60240364074707,68.59225463867188,53.09115219116211,72.11431121826172,58.76693344116211,23.361778259277344,56.092872619628906
2015-01-20,11.978503227233887,65.15904998779297,121.95677947998047,139.9119110107422,78.64324951171875,41.06865310668945,30.101659774780273,54.21067810058594,78.5447769165039,25.499675750732422,68.74736022949219,52.19140625,72.77462768554688,59.20259094238281,23.340238571166992,56.07442092895508
2015-01-21,12.096245765686035,66.19330596923828,121.65721893310547,141.12281799316406,78.85650634765625,41.20136642456055,30.241140365600586,54.8626823425293,78.04141998291016,25.484996795654297,68.66980743408203,52.38978958129883,73.01655578613281,59.304019927978516,23.32676887512207,56.554561614990234
2015-01-22,12.63001537322998,66.65843963623047,123.50220489501953,145.01828002929688,80.79119110107422,42.45457077026367,30.534067153930664,56.680015563964844,78.65667724609375,26.072036743164062,69.72737884521484,53.67915725708008,74.69681549072266,59.37775802612305,23.773714065551758,57.170188903808594
2015-01-23,12.347428321838379,65.39160919189453,119.83255767822266,143.78358459472656,80.25801849365234,41.783721923828125,30.206274032592773,56.81039810180664,78.66597747802734,25.79319190979004,69.46649169921875,53.339107513427734,67.29579162597656,59.53681945800781,23.830249786376953,55.95128631591797
2015-01-26,12.441627502441406,66.63395690917969,120.27513122558594,143.727783203125,81.01206970214844,41.850067138671875,29.99005699157715,57.40531539916992,77.92953491210938,25.76383399963379,69.57930755615234,53.31075668334961,66.91656494140625,59.13113021850586,23.86256217956543,56.48687744140625
2015-01-27,12.268936157226562,66.25452423095703,118.38240814208984,140.59707641601562,80.09803771972656,41.42988204956055,29.564619064331055,56.92449188232422,76.22368621826172,25.43363380432129,68.1904067993164,52.9636344909668,65.93586730957031,57.8541259765625,23.5664005279541,55.98823547363281
2015-01-28,11.931402206420898,63.469947814941406,116.72799682617188,137.8566436767578,79.77814483642578,40.360958099365234,29.236827850341797,56.41108703613281,75.26356506347656,24.85224723815918,67.48538208007812,52.609397888183594,64.92250061035156,56.78691864013672,23.375240325927734,54.14146041870117
2015-01-29,12.11194133758545,63.03544235229492,117.70841217041016,140.19874572753906,81.97177124023438,41.03916549682617,29.362369537353516,56.98967361450195,75.86013793945312,25.29380226135254,67.70391845703125,53.48079299926758,65.65474700927734,57.16493225097656,23.6175537109375,53.913700103759766
2015-01-30,11.892152786254883,62.7477912902832,115.13484191894531,137.34681701660156,79.5344009399414,40.08821105957031,28.713747024536133,55.221229553222656,76.466064453125,24.88167953491211,66.11759948730469,52.14891052246094,64.62174224853516,58.75770950317383,22.879850387573242,53.81520080566406
2015-02-02,12.135490417480469,64.90811920166016,116.59181213378906,139.80043029785156,79.5420150756836,40.89173889160156,29.00666046142578,55.750953674316406,77.35160827636719,25.33059310913086,67.21038818359375,52.60232925415039,65.4651107788086,58.8568229675293,23.076391220092773,55.14488220214844
2015-02-03,12.473024368286133,67.03175354003906,117.76283264160156,143.58438110351562,81.68234252929688,41.81322479248047,29.03455924987793,56.74519348144531,78.12530517578125,25.78687286376953,67.82378387451172,53.749996185302734,65.75281524658203,59.88257598876953,23.20562744140625,56.788509368896484
2015-02-04,12.394527435302734,66.30960083007812,117.15691375732422,142.42129516601562,82.57349395751953,41.562583923339844,29.069440841674805,57.592750549316406,78.4702377319336,25.58816909790039,68.10578918457031,53.5658073425293,65.72663879394531,61.05813217163086,23.329471588134766,56.30220031738281
2015-02-05,12.535821914672852,66.89708709716797,118.0351791381836,144.0066375732422,83.01530456542969,41.850067138671875,29.14615821838379,58.244712829589844,79.99898529052734,25.705923080444336,68.11283111572266,53.806678771972656,66.3346939086914,62.65092849731445,23.49909210205078,56.856224060058594
2015-02-06,12.944002151489258,67.08070373535156,117.95345306396484,146.1256103515625,83.05335998535156,42.67572784423828,28.909021377563477,58.59514236450195,78.45158386230469,26.33881950378418,68.18333435058594,54.09715270996094,65.81817626953125,61.64131546020508,23.512554168701172,56.75078201293945
2015-02-09,12.8341064453125,67.58253479003906,116.85736846923828,145.1617431640625,82.52017974853516,42.62411880493164,28.755582809448242,57.8209342956543,78.85240173339844,26.22106170654297,67.66165161132812,53.40994644165039,65.68089294433594,61.189537048339844,23.130239486694336,56.78798294067383
2015-02-10,12.889052391052246,67.42953491210938,117.98749542236328,147.0258331298828,84.29488372802734,43.095916748046875,29.571603775024414,58.48103713989258,78.5168228149414,26.611108779907227,69.08577728271484,54.3026008605957,66.08624267578125,60.979740142822266,23.501781463623047,56.446876525878906
2015-02-11,12.841955184936523,67.30714416503906,118.40966033935547,149.48741149902344,84.02069091796875,43.02958679199219,29.550678253173828,58.21211624145508,78.731201171875,26.765649795532227,70.78491973876953,54.139625549316406,65.9751205444336,61.42313003540039,23.246015548706055,56.19258499145508
2015-02-12,13.085295677185059,68.51227569580078,120.03002166748047,151.18423461914062,85.42981719970703,43.91419982910156,29.411184310913086,58.83148956298828,81.58367919921875,27.15569305419922,70.69322967529297,54.458465576171875,66.30199432373047,62.55928039550781,23.124853134155273,57.29039001464844
2015-02-13,13.038199424743652,69.69886016845703,120.14574432373047,150.56288146972656,85.22415161132812,43.987918853759766,29.285646438598633,58.71738815307617,81.22942352294922,27.067380905151367,69.88949584960938,54.294395446777344,66.55046844482422,62.263702392578125,23.10330581665039,57.91061782836914
2015-02-17,13.053894996643066,69.46401977539062,122.23592376708984,151.37542724609375,85.30793762207031,44.30491256713867,29.16010284423828,59.05966567993164,81.58367919921875,27.170408248901367,69.34663391113281,54.66531753540039,67.02119445800781,62.55005645751953,23.14370346069336,57.71213912963867
2015-02-18,12.794859886169434,68.25269317626953,122.39929962158203,150.30001831054688,85.30033111572266,43.766754150390625,29.104318618774414,59.10041809082031,81.77944946289062,26.765649795532227,70.030517578125,55.171722412109375,67.09310913085938,62.14591979980469,23.232540130615234,56.446876525878906
2015-02-19,12.724211692810059,66.96107482910156,121.62994384765625,150.65052795410156,84.50054168701172,43.66355895996094,29.36933708190918,58.912986755371094,83.14973449707031,26.736223220825195,69.60044860839844,54.6938362121582,66.96797180175781,62.141334533691406,22.486759185791016,55.4731330871582
2015-02-20,12.857654571533203,67.1155776977539,121.5278549194336,152.56236267089844,85.49073791503906,44.08375930786133,29.271696090698242,59.94796371459961,84.63186645507812,27.037954330444336,69.84014892578125,54.82936477661133,67.13919067382812,63.041908264160156,22.696762084960938,55.77082061767578
2015-02-23,12.716362953186035,66.65824127197266,121.39161682128906,151.6064453125,85.52122497558594,43.75202178955078,29.18799591064453,60.08650588989258,84.93948364257812,26.69205665588379,70.11515045166016,54.70095443725586,67.01406860351562,63.04423522949219,22.77753257751465,55.206417083740234
2015-02-24,12.857654571533203,66.72003936767578,121.05121612548828,153.1280059814453,88.92588806152344,44.83568572998047,29.383291244506836,60.83626174926758,85.12590789794922,27.037954330444336,70.20679473876953,54.88641357421875,67.37625885009766,62.919498443603516,22.769454956054688,55.460723876953125
2015-02-25,12.944002151489258,67.10321044921875,119.58063507080078,152.72970581054688,88.59076690673828,45.07157897949219,29.32748794555664,60.656978607177734,86.38435363769531,26.927570343017578,70.15037536621094,55.02907180786133,67.13919067382812,63.04423522949219,22.50022315979004,55.57236099243164
2015-02-26,12.590768814086914,66.16384887695312,118.87261962890625,153.59274291992188,87.88239288330078,45.39595031738281,29.613441467285156,60.38805389404297,85.06998443603516,26.537521362304688,69.84722900390625,54.850746154785156,67.07335662841797,63.215110778808594,22.562145233154297,54.98312759399414
2015-02-27,12.410226821899414,65.92899322509766,120.49298095703125,151.6668701171875,87.40254974365234,45.17479705810547,30.19930648803711,60.37991714477539,84.01664733886719,26.33881950378418,69.78376007080078,54.80082321166992,66.98776245117188,62.651634216308594,22.597143173217773,54.9149169921875
2015-03-02,12.567221641540527,65.44693756103516,120.37042999267578,153.26510620117188,88.446044921875,45.53601837158203,30.129562377929688,61.19483947753906,85.7784652709961,26.669981002807617,69.79786682128906,55.407108306884766,67.11943817138672,64.26349639892578,22.6052188873291,54.604801177978516
2015-03-03,12.590768814086914,64.9896240234375,119.92787170410156,152.8495635986328,88.407958984375,45.68345260620117,29.955190658569336,61.1296501159668,84.79967498779297,26.36089324951172,69.3748550415039,55.63536834716797,66.8363037109375,63.57305908203125,22.446369171142578,54.34430694580078
2015-03-04,12.47265338897705,64.9896240234375,118.88621520996094,151.57090759277344,87.41018676757812,45.801395416259766,29.641340255737305,60.32283401489258,85.48945617675781,25.82366180419922,69.10159301757812,55.435646057128906,66.1251220703125,63.215110778808594,22.23367691040039,54.07139205932617
2015-03-05,12.598641395568848,64.72389221191406,119.02237701416016,151.89859008789062,88.28609466552734,45.70555877685547,29.571603775024414,60.7629280090332,86.51486206054688,26.140113830566406,69.00932312011719,55.77800369262695,66.32266235351562,63.30283737182617,22.50022315979004,53.798492431640625
2015-03-06,12.771875381469727,63.994651794433594,117.91261291503906,149.36532592773438,87.17403411865234,44.88728713989258,28.95783805847168,59.9072380065918,84.63186645507812,26.14748191833496,68.25699615478516,55.07185745239258,66.25682830810547,62.19671630859375,22.236371994018555,53.110050201416016
2015-03-09,12.732504844665527,64.24182891845703,117.85813903808594,150.18045043945312,87.78337860107422,45.33696365356445,28.867172241210938,60.51844024658203,84.93948364257812,26.25049591064453,68.16470336914062,56.04192352294922,66.21074676513672,62.67704772949219,22.3144474029541,52.81855773925781
2015-03-10,12.433284759521484,63.59912109375,115.8746109008789,146.0089874267578,86.1756362915039,44.20170211791992,28.37898063659668,59.54047393798828,82.81414031982422,25.669118881225586,67.02201843261719,55.399986267089844,65.49954223632812,61.240718841552734,22.096363067626953,52.260337829589844
2015-03-11,12.685259819030762,63.98845672607422,116.93791198730469,147.1837158203125,86.56607055664062,44.40811538696289,27.967477798461914,59.54863357543945,81.07096862792969,25.72064208984375,66.45420837402344,55.47842788696289,65.0057144165039,61.13679885864258,21.855300903320312,52.11149597167969
2015-03-12,12.669512748718262,63.296287536621094,118.31478881835938,151.794677734375,88.88585662841797,45.241146087646484,28.530065536499023,61.0726318359375,83.1963119506836,27.295520782470703,67.93048858642578,56.56261444091797,65.63127136230469,62.25214767456055,22.183032989501953,52.23551940917969
2015-03-13,12.669512748718262,62.801876068115234,118.13755798339844,151.30723571777344,87.90587615966797,44.9683837890625,28.065927505493164,60.436946868896484,81.79808044433594,26.750934600830078,66.9439468383789,56.47701644897461,64.8805923461914,61.201454162597656,22.183032989501953,52.018455505371094
2015-03-16,12.701006889343262,63.73507308959961,120.8639907836914,153.35299682617188,89.19205474853516,45.59497833251953,28.33315658569336,61.48007583618164,82.69296264648438,27.03058433532715,67.7459487915039,57.411407470703125,66.019775390625,62.12282180786133,22.559526443481445,52.570438385009766
2015-03-17,12.669512748718262,63.759796142578125,119.76660919189453,152.2902069091797,88.48773193359375,45.41806411743164,28.487871170043945,60.771060943603516,82.00316619873047,26.898113250732422,66.80908203125,57.796573638916016,65.58516693115234,61.07906723022461,22.378047943115234,52.14869689941406
2015-03-18,12.58289623260498,65.94135284423828,118.1239013671875,153.6886444091797,88.87054443359375,45.52126693725586,28.5511531829834,60.73030471801758,82.8514175415039,27.03058433532715,67.17105865478516,57.81795883178711,66.019775390625,61.811092376708984,22.35367202758789,53.38296127319336
2015-03-19,12.291550636291504,64.73624420166016,118.49883270263672,151.81065368652344,88.16619873046875,45.11581039428711,28.143287658691406,60.7629280090332,82.9819107055664,26.574316024780273,66.78780364990234,57.489871978759766,65.789306640625,61.71177291870117,22.080108642578125,52.35338592529297
2015-03-20,12.47265338897705,66.14529418945312,117.2651138305664,154.33595275878906,89.95003509521484,45.52126693725586,28.586320877075195,61.30893325805664,83.72766876220703,26.8613224029541,67.66790008544922,57.99629211425781,66.0132064819336,62.26599884033203,22.545982360839844,52.43398666381836
2015-03-23,12.378168106079102,65.45932006835938,116.31086730957031,153.4009552001953,88.86286926269531,45.07157897949219,28.565227508544922,61.42301940917969,83.2708969116211,26.721500396728516,68.02985382080078,57.939208984375,65.76956176757812,61.961181640625,22.564939498901367,52.98600769042969
2015-03-24,12.291550636291504,64.3963394165039,115.30203247070312,152.85751342773438,88.92414855957031,44.57029342651367,28.45974349975586,61.618614196777344,83.4200668334961,26.669981002807617,68.0369644165039,58.48845291137695,65.36129760742188,61.97967529296875,22.494516372680664,52.421607971191406
2015-03-25,12.134068489074707,65.3047866821289,112.75961303710938,149.71694946289062,87.03311920166016,43.94369125366211,28.445674896240234,60.51844024658203,81.44386291503906,26.088598251342773,67.6111068725586,58.217411041259766,64.17601013183594,60.7142333984375,22.025941848754883,52.632484436035156
2015-03-26,12.141942024230957,65.04524993896484,112.80052185058594,149.62905883789062,86.03018188476562,43.892093658447266,28.375354766845703,59.377498626708984,81.96586608886719,26.213703155517578,67.87371063232422,57.37575149536133,63.63603973388672,60.58488845825195,22.180328369140625,52.297542572021484
2015-03-27,12.055327415466309,64.44576263427734,112.18704986572266,150.28433227539062,87.17092895507812,43.89945983886719,28.185489654541016,60.037601470947266,81.33199310302734,26.36825180053711,68.100830078125,58.17460250854492,63.60311508178711,60.53870391845703,22.0340633392334,51.838592529296875
2015-03-30,12.220685958862305,66.06494140625,113.65935516357422,152.64974975585938,87.76042938232422,44.93889236450195,28.487871170043945,60.95850372314453,81.72348022460938,26.721500396728516,68.50541687011719,58.58830261230469,64.0509033203125,60.649539947509766,22.35367202758789,53.110050201416016
2015-03-31,12.118317604064941,64.8783950805664,112.77324676513672,150.2124481201172,86.97950744628906,44.65876007080078,28.516002655029297,60.624359130859375,80.53034210205078,26.26522445678711,67.86659240722656,58.53837966918945,63.833587646484375,60.418617248535156,22.27783203125,52.71930694580078
2015-04-01,12.134068489074707,64.76094818115234,113.31172943115234,153.6167755126953,86.6120376586914,44.488075256347656,28.607410430908203,60.624359130859375,80.85658264160156,26.471288681030273,67.49041748046875,58.552650451660156,63.57020950317383,60.20619201660156,21.8607177734375,52.38438034057617
2015-04-02,12.236433029174805,65.06378173828125,113.2980728149414,153.0733184814453,87.69151306152344,44.911067962646484,28.607410430908203,60.991119384765625,81.12691497802734,26.537521362304688,67.9162826538086,58.96632766723633,63.524139404296875,60.30778884887695,21.866140365600586,52.28512954711914
2015-04-06,12.212814331054688,66.07732391357422,113.6048355102539,153.4728546142578,88.00541687011719,44.873958587646484,28.95200538635254,61.170413970947266,81.41588592529297,26.42713165283203,68.47702026367188,59.444236755371094,63.76775360107422,60.22465896606445,21.936555862426758,52.79994201660156
2015-04-07,12.173437118530273,67.07848358154297,116.66527557373047,153.74456787109375,87.50778198242188,45.15596389770508,28.839475631713867,60.396183013916016,82.1069564819336,26.449209213256836,68.28536987304688,58.92355728149414,63.66239547729492,60.77888107299805,21.803834915161133,53.18446731567383
2015-04-08,12.291550636291504,65.91664123535156,117.12879180908203,153.8804168701172,88.49542236328125,45.30437088012695,28.755094528198242,60.966636657714844,83.41437530517578,26.68470001220703,68.15763092041016,59.301578521728516,63.655799865722656,61.42543411254883,21.9473934173584,52.13631057739258
2015-04-09,12.370295524597168,66.09585571289062,117.86492919921875,155.74246215820312,87.71451568603516,45.61605453491211,28.867618560791016,60.51027297973633,83.17157745361328,26.964359283447266,68.3847427368164,59.408573150634766,63.675559997558594,61.37004089355469,21.895923614501953,52.502227783203125
2015-04-10,12.378168106079102,66.07113647460938,118.85326385498047,156.34178161621094,88.22743225097656,45.7867317199707,28.748058319091797,61.040016174316406,82.71395111083984,26.669981002807617,68.27827453613281,59.6082878112793,63.73483657836914,61.27765655517578,21.84446144104004,53.0666389465332
2015-04-13,12.441164016723633,65.81777954101562,118.00804901123047,156.29379272460938,87.61495971679688,46.061302185058594,28.621496200561523,60.151695251464844,82.41514587402344,26.714136123657227,67.80274200439453,59.17320251464844,63.31339645385742,60.60336685180664,21.746957778930664,52.93015670776367
2015-04-14,12.456908226013184,67.26388549804688,116.89701843261719,158.00396728515625,87.3163833618164,46.7811279296875,28.487871170043945,60.29024887084961,83.22762298583984,27.111539840698242,68.4841079711914,59.244529724121094,63.5767936706543,60.52947235107422,21.709041595458984,53.73025894165039
2015-04-15,12.31517505645752,68.23416137695312,115.54744720458984,160.70501708984375,86.85701751708984,47.64936447143555,28.4105167388916,59.82573318481445,83.34902954101562,27.51630210876465,68.5834732055664,58.45991897583008,63.62289810180664,60.66801071166992,21.597990036010742,54.62959671020508
2015-04-16,12.433284759521484,68.07966613769531,115.35657501220703,159.99380493164062,86.79576110839844,47.35253143310547,28.5511531829834,60.37175369262695,82.85406494140625,27.494213104248047,68.45569610595703,58.43138122558594,63.306819915771484,60.640316009521484,21.462562561035156,54.41252136230469
2015-04-17,12.252178192138672,67.43075561523438,114.51141357421875,157.70826721191406,85.8234634399414,46.6327018737793,28.340192794799805,59.12486267089844,81.18244934082031,27.045303344726562,68.00148010253906,57.076171875,62.80634307861328,59.596534729003906,21.094194412231445,53.916358947753906
2015-04-20,12.260053634643555,68.16000366210938,115.23387145996094,158.30758666992188,86.40530395507812,46.929542541503906,28.593364715576172,59.37830352783203,81.55596160888672,27.199848175048828,68.49119567871094,57.72524642944336,64.17601013183594,59.781288146972656,21.164623260498047,54.10859680175781
2015-04-21,12.204935073852539,67.81392669677734,115.813232421875,157.3007049560547,86.64265441894531,46.239402770996094,28.677743911743164,59.87699508666992,81.96686553955078,27.045303344726562,68.6899642944336,57.953487396240234,64.2748031616211,60.36320877075195,21.13483238220215,53.88532638549805
2015-04-22,12.393914222717285,67.67176055908203,115.88145446777344,158.48341369628906,86.50482940673828,46.7069091796875,29.050453186035156,59.73801803588867,85.17005157470703,27.376480102539062,69.04480743408203,58.01765823364258,64.62377166748047,62.82020950317383,21.2431697845459,54.24506759643555
2015-04-23,12.35454273223877,67.96224975585938,115.94271850585938,159.27456665039062,87.24746704101562,46.603031158447266,28.797290802001953,59.983306884765625,84.87126159667969,27.50893783569336,67.9447021484375,58.43851089477539,64.67646789550781,62.55234909057617,21.446306228637695,54.29469680786133
2015-04-24,12.31517505645752,67.90045166015625,115.8405532836914,158.2197265625,87.04839324951172,46.4546012878418,28.755094528198242,59.81161880493164,84.72183990478516,27.494213104248047,67.54722595214844,58.98775100708008,64.59744262695312,62.33067321777344,21.625076293945312,53.941184997558594
2015-04-27,12.252178192138672,67.79539489746094,115.21344757080078,157.04498291015625,85.27987670898438,46.261661529541016,28.712892532348633,58.73244094848633,83.81597900390625,27.266088485717773,67.06458282470703,58.04621887207031,64.15625762939453,61.97967529296875,21.497774124145508,53.9659538269043
2015-04-28,12.323047637939453,68.6729507446289,116.71985626220703,157.82009887695312,84.65975952148438,46.57334518432617,28.670711517333984,58.65070724487305,84.26422882080078,27.369537353515625,67.0149154663086,58.13896179199219,66.35559844970703,61.67483139038086,21.424644470214844,54.45594024658203
2015-04-29,12.58289623260498,69.0499496459961,115.58152770996094,158.6752471923828,83.22806549072266,47.19670486450195,28.47380256652832,57.58788299560547,84.28290557861328,27.702041625976562,66.98651123046875,56.25590896606445,66.67166137695312,62.20134353637695,21.094194412231445,54.49934768676758
2015-04-30,12.543523788452148,68.63587188720703,115.58152770996094,156.96505737304688,81.90360260009766,46.94438934326172,28.523029327392578,56.2961540222168,84.24553680419922,27.569032669067383,67.5117416381836,56.22736358642578,66.19754791259766,61.00978088378906,21.140239715576172,54.18926239013672
2015-05-01,12.685259819030762,67.38748168945312,117.05377197265625,157.8521728515625,83.8711929321289,47.20412063598633,28.769161224365234,57.80044174194336,85.21678924560547,27.716821670532227,67.82403564453125,56.812278747558594,66.75727081298828,60.751155853271484,21.289215087890625,55.10717010498047
2015-05-04,12.945104598999023,66.94254302978516,117.46277618408203,159.26658630371094,84.26165771484375,48.02782440185547,28.804323196411133,58.25008010864258,85.15143585205078,28.012392044067383,68.100830078125,57.19029998779297,66.79020690917969,60.57565689086914,21.446306228637695,55.26844024658203
2015-05-05,12.874235153198242,66.7447738647461,115.7450942993164,157.66029357910156,82.7304458618164,47.79035949707031,28.656635284423828,57.579689025878906,84.7778549194336,27.672475814819336,67.72464752197266,56.32722091674805,65.92100524902344,60.92665481567383,21.161916732788086,54.95833206176758
2015-05-06,12.826995849609375,66.71387481689453,115.57469177246094,156.82919311523438,82.92184448242188,47.43416976928711,28.593364715576172,57.857669830322266,84.58171081542969,27.37691879272461,67.76726531982422,56.434242248535156,65.33495330810547,60.65876388549805,21.164640426635742,54.69784164428711
2015-05-07,12.787622451782227,66.47901916503906,117.06059265136719,157.74020385742188,84.24634552001953,47.86457061767578,28.621496200561523,59.100345611572266,85.96389770507812,27.73899269104004,67.5330581665039,57.14037322998047,65.61151123046875,61.49934005737305,21.268217086791992,54.331905364990234
2015-05-08,12.952981948852539,67.1464614868164,118.15803527832031,160.2255859375,86.10673522949219,48.5992317199707,28.818382263183594,59.893375396728516,87.3273696899414,27.99761199951172,68.52669525146484,57.58972930908203,66.08563995361328,64.1688003540039,21.404495239257812,55.19401550292969
2015-05-11,12.984475135803223,66.3492431640625,118.73741149902344,161.20846557617188,85.67034149169922,48.56953811645508,28.790250778198242,59.860660552978516,86.40278625488281,28.263620376586914,68.3847427368164,57.497005462646484,66.19754791259766,63.75312423706055,21.287290573120117,54.26847839355469
2015-05-12,12.937232971191406,66.47285461425781,118.20576477050781,160.24952697753906,86.14501190185547,48.502769470214844,28.614452362060547,60.22854232788086,86.28141784667969,27.871997833251953,68.27827453613281,57.63963317871094,65.82878875732422,63.44832992553711,21.521692276000977,54.418575286865234
2015-05-13,12.96872615814209,66.55936431884766,117.19010162353516,160.9686737060547,85.12677764892578,48.62149429321289,28.867618560791016,59.770721435546875,86.40278625488281,27.916337966918945,68.42733001708984,56.92639923095703,65.47322845458984,63.522369384765625,21.303647994995117,54.13090133666992
2015-05-14,13.008097648620605,67.02287292480469,118.22621154785156,161.91966247558594,85.70096588134766,49.01482009887695,29.184070587158203,59.07582473754883,87.63553619384766,28.182340621948242,69.55583953857422,55.10753631591797,66.780029296875,64.77149200439453,21.456279754638672,54.387332916259766
2015-05-15,12.874235153198242,67.42857360839844,119.37808227539062,162.19943237304688,86.78045654296875,48.88865280151367,29.198129653930664,59.754364013671875,87.05651092529297,27.96805763244629,69.71198272705078,56.013389587402344,67.74855041503906,64.37364196777344,21.598018646240234,54.62493896484375
2015-05-18,13.000223159790039,66.5672378540039,120.76856231689453,163.5499267578125,87.53073120117188,49.28938293457031,29.05748176574707,59.72984313964844,86.9258041381836,28.322734832763672,69.59132385253906,56.26470947265625,67.60260772705078,64.77149200439453,21.783357620239258,54.312259674072266
2015-05-19,13.20495319366455,65.54983520507812,121.31387329101562,164.14126586914062,86.00720977783203,49.72721481323242,29.050453186035156,58.72427749633789,87.59819030761719,28.588747024536133,69.52033996582031,55.94877624511719,67.71537780761719,64.91957092285156,20.832109451293945,54.39980697631836
2015-05-20,13.181330680847168,65.69339752197266,121.00037384033203,163.88552856445312,85.8234634399414,49.33390808105469,29.078590393066406,56.00184631347656,87.07521057128906,28.322734832763672,69.3358154296875,56.13545608520508,67.63577270507812,64.56793975830078,20.68764877319336,54.48737716674805
2015-05-21,13.173455238342285,65.84319305419922,120.3392105102539,163.78170776367188,85.75457000732422,49.46005630493164,28.994186401367188,56.18171691894531,86.7576904296875,28.108457565307617,68.98802947998047,57.0042610168457,67.69549560546875,64.1885757446289,20.744888305664062,54.53738021850586
2015-05-22,13.189205169677734,65.46868133544922,119.40535736083984,166.0591278076172,85.86939239501953,49.32648468017578,28.980131149291992,56.852081298828125,86.56159210205078,28.204509735107422,68.32086944580078,56.93247604370117,67.28419494628906,64.4198989868164,20.67674446105957,54.105899810791016
2015-05-26,12.992352485656738,64.47003173828125,118.67603302001953,164.92445373535156,84.9277114868164,48.77735137939453,28.825424194335938,56.88478469848633,85.81448364257812,27.923725128173828,67.98726654052734,56.781673431396484,66.6805648803711,63.42058181762695,20.41508674621582,53.374237060546875
2015-05-27,13.181330680847168,64.3576889038086,120.4141845703125,167.06607055664062,85.86939239501953,49.32648468017578,28.916839599609375,57.81679916381836,86.46817779541016,28.537015914916992,68.40603637695312,57.657676696777344,66.94586181640625,64.29962158203125,20.494125366210938,53.224143981933594
2015-05-28,13.126214027404785,64.4388427734375,119.3508529663086,167.1221923828125,85.89236450195312,49.12611770629883,28.930898666381836,57.596073150634766,86.68297576904297,28.618305206298828,68.888671875,57.47816467285156,66.24935150146484,64.3643798828125,20.398731231689453,53.224143981933594
2015-05-29,12.992352485656738,64.28902435302734,118.06939697265625,165.28648376464844,85.30284881591797,48.8144416809082,28.804323196411133,57.211822509765625,86.16000366210938,28.2266788482666,68.44151306152344,56.954002380371094,65.81817626953125,63.55010223388672,20.243366241455078,53.28041076660156
2015-06-01,13.031723022460938,64.0580825805664,119.53490447998047,166.58509826660156,85.49425506591797,49.03705596923828,28.790250778198242,57.34260940551758,86.4401626586914,28.507463455200195,68.11503601074219,57.09043502807617,65.99066162109375,63.947998046875,20.36874771118164,53.23664855957031
2015-06-02,13.165583610534668,64.02688598632812,119.77345275878906,165.4788818359375,85.88678741455078,48.992549896240234,28.825424194335938,57.350799560546875,87.00984191894531,28.463136672973633,68.17183685302734,57.44226837158203,65.95748138427734,63.88322067260742,20.314237594604492,53.2429084777832
2015-06-03,13.37092399597168,63.77096176147461,122.6362533569336,166.96987915039062,87.09516906738281,49.497161865234375,28.741029739379883,57.759578704833984,87.3180160522461,28.82520866394043,68.13819122314453,57.68641662597656,66.73358154296875,63.79994583129883,20.41236114501953,53.124088287353516
2015-06-04,13.252458572387695,63.28413772583008,122.43853759765625,167.43482971191406,85.7867202758789,49.22259521484375,28.54412078857422,57.34260940551758,86.44951629638672,28.59613037109375,67.30883026123047,57.41353225708008,66.40193176269531,63.115203857421875,20.210662841796875,52.66755676269531
2015-06-05,13.576268196105957,63.408939361572266,124.21758270263672,168.70138549804688,84.94779968261719,50.03146743774414,28.199541091918945,57.05646896362305,86.49620056152344,29.032094955444336,66.52948760986328,56.867835998535156,66.67389678955078,63.26327896118164,19.91356658935547,52.70509338378906
2015-06-08,13.489391326904297,62.678688049316406,122.6158218383789,168.1722869873047,84.609130859375,49.6381721496582,28.24174690246582,56.14899826049805,85.82380676269531,28.884321212768555,66.37933349609375,56.64527130126953,65.85132598876953,62.62480163574219,19.790908813476562,53.06155776977539
2015-06-09,13.671040534973145,62.678688049316406,122.94300842285156,167.55506896972656,84.30126953125,49.853363037109375,28.26987648010254,56.02635955810547,86.00122833251953,28.91387367248535,66.54380798339844,56.652442932128906,66.08351135253906,62.87464904785156,19.75275421142578,52.892696380615234
2015-06-10,13.892176628112793,63.55874252319336,124.27210998535156,170.84971618652344,85.41727447509766,50.65483093261719,28.361289978027344,56.549617767333984,87.94374084472656,29.475452423095703,66.9870834350586,57.2053108215332,66.64073944091797,64.42915344238281,19.878131866455078,53.286685943603516
2015-06-11,13.813197135925293,63.1155891418457,126.0852279663086,171.4990234375,85.65589141845703,50.847755432128906,28.432191848754883,56.44331741333008,88.25191497802734,29.460660934448242,67.2730712890625,57.49252700805664,66.99893951416016,64.43843078613281,19.880857467651367,53.21162414550781
2015-06-12,13.813197135925293,62.33539962768555,125.1650390625,170.79359436035156,85.12479400634766,50.647403717041016,28.332931518554688,56.43513107299805,87.5701675415039,29.268556594848633,67.02283477783203,57.06171417236328,66.3753890991211,64.15157318115234,19.741849899291992,52.54250717163086
2015-06-15,13.797403335571289,61.97336959838867,124.5038833618164,169.75152587890625,84.67070770263672,50.45446014404297,28.07057762145996,56.500553131103516,87.1312484741211,29.20943260192871,66.23633575439453,57.76537322998047,66.30906677246094,63.44833755493164,19.605575561523438,52.35488510131836
2015-06-16,13.860586166381836,62.441490173339844,124.31275939941406,171.19442749023438,84.84004974365234,50.736446380615234,28.418012619018555,56.73762130737305,87.92504119873047,29.36461639404297,66.88699340820312,58.138736724853516,66.5677719116211,63.85546112060547,19.720048904418945,52.955238342285156
2015-06-17,13.718427658081055,62.2667236328125,120.62696838378906,170.68934631347656,85.02476501464844,50.565765380859375,28.55272674560547,56.9583625793457,88.2052001953125,29.246395111083984,67.24447631835938,58.95012283325195,66.61418914794922,63.614906311035156,19.823617935180664,52.98650360107422
2015-06-18,13.726322174072266,62.57257843017578,121.7600326538086,172.0281219482422,86.08688354492188,51.040706634521484,28.82215118408203,57.350799560546875,89.69943237304688,29.401554107666016,68.08817291259766,59.732791900634766,67.26429748535156,64.308837890625,19.891759872436523,53.45552062988281
2015-06-19,13.560467720031738,62.08572006225586,120.08776092529297,170.89784240722656,86.5333023071289,50.5212516784668,28.64491081237793,57.220001220703125,88.54139709472656,29.091217041015625,67.82361602783203,59.84764099121094,66.89280700683594,63.55936813354492,19.82634735107422,53.286685943603516
2015-06-22,13.797403335571289,62.5975456237793,120.31981658935547,173.55921936035156,87.02587890625,51.17428970336914,28.701622009277344,57.465274810791016,89.1110610961914,29.445898056030273,68.35271453857422,60.479522705078125,67.25763702392578,63.92948913574219,19.839969635009766,53.26165771484375
2015-06-23,13.955358505249023,62.47270584106445,119.63044738769531,175.0742950439453,87.11053466796875,51.76052474975586,28.63072967529297,57.718685150146484,89.3725814819336,29.711910247802734,68.35271453857422,60.860084533691406,66.83312225341797,64.2348403930664,19.780012130737305,53.19913101196289
2015-06-24,13.813197135925293,61.96088409423828,118.36776733398438,171.89183044433594,86.47173309326172,51.21879196166992,28.496004104614258,57.293575286865234,89.19514465332031,29.29072380065918,68.13105010986328,60.558494567871094,65.93096160888672,63.7166862487793,19.728219985961914,52.955238342285156
2015-06-25,13.718427658081055,61.38041305541992,117.94456481933594,170.60122680664062,86.38706970214844,50.944236755371094,28.375463485717773,56.9502067565918,88.21453857421875,28.980371475219727,67.80217742919922,60.67338562011719,65.6324462890625,63.4946174621582,19.58648681640625,52.48621368408203
2015-06-26,13.750019073486328,61.54270935058594,118.53154754638672,170.88180541992188,86.66413116455078,51.16684341430664,28.361289978027344,56.0917854309082,88.26126098632812,29.187265396118164,67.85936737060547,60.3718147277832,65.90441131591797,63.614906311035156,19.657358169555664,52.44244384765625
2015-06-29,13.339333534240723,60.350555419921875,116.7296142578125,166.45677185058594,85.07861328125,49.86821746826172,27.935869216918945,55.20880889892578,86.40278625488281,28.307960510253906,66.9870834350586,58.94295120239258,64.55115509033203,61.736507415771484,19.466564178466797,51.79207992553711
2015-06-30,13.442001342773438,60.21323013305664,116.30642700195312,167.37071228027344,85.53271484375,50.28376770019531,27.815336227416992,54.750999450683594,87.29935455322266,28.662641525268555,66.73681640625,58.61265563964844,64.28582763671875,62.1343879699707,19.33300018310547,52.02970886230469
2015-07-01,13.599958419799805,59.976043701171875,115.90371704101562,168.29257202148438,86.2562255859375,50.843963623046875,28.006765365600586,54.97172546386719,88.25191497802734,29.083831787109375,67.58052825927734,59.589168548583984,64.30570983886719,62.782127380371094,19.59193992614746,51.51066589355469
2015-07-02,13.44990348815918,59.83872604370117,116.80469512939453,167.69932556152344,85.80980682373047,50.43315887451172,27.999683380126953,54.53026580810547,88.00910949707031,28.81781578063965,67.6806411743164,59.07219314575195,64.47819519042969,63.142967224121094,19.58648681640625,51.99217987060547
2015-07-06,13.378820419311523,59.152156829833984,115.18022155761719,166.7694854736328,85.67900085449219,50.29124450683594,27.95004653930664,54.162376403808594,88.27056121826172,28.70696258544922,67.49473571777344,59.54609298706055,64.11998748779297,63.03193283081055,19.76911163330078,51.6107177734375
2015-07-07,13.181376457214355,59.464210510253906,116.26543426513672,166.90573120117188,86.51022338867188,49.895355224609375,28.538545608520508,55.0780143737793,87.8309097290039,28.537015914916992,68.92469787597656,60.63750457763672,64.67720794677734,62.70808029174805,20.11253547668457,51.823333740234375
2015-07-08,12.833876609802246,58.396915435791016,113.97895050048828,163.57904052734375,85.43267822265625,48.8720703125,28.26201629638672,54.39128494262695,86.52125549316406,27.923725128173828,68.35986328125,59.94100570678711,63.3438606262207,61.745758056640625,19.91356658935547,51.260520935058594
2015-07-09,13.015527725219727,58.534217834472656,114.47037506103516,164.1802215576172,85.72515106201172,49.37998962402344,28.30455780029297,54.79188919067383,87.03575897216797,28.152780532836914,67.63055419921875,59.62507247924805,63.51630783081055,62.0418701171875,19.837247848510742,51.02913284301758
2015-07-10,13.189276695251465,58.927452087402344,114.98229217529297,166.0880889892578,87.04898071289062,50.08210754394531,28.637805938720703,55.470436096191406,88.51382446289062,28.551801681518555,68.31694793701172,60.249752044677734,64.31900787353516,63.309532165527344,19.929916381835938,51.41685485839844
2015-07-13,13.442001342773438,59.046051025390625,116.69548797607422,168.4368896484375,88.43437194824219,50.85892105102539,28.829252243041992,55.83833312988281,89.33702850341797,29.05426597595215,69.51097869873047,60.38618087768555,64.84968566894531,64.32737731933594,20.137069702148438,51.54191207885742
2015-07-14,13.528878211975098,59.63898849487305,116.87982940673828,170.07212829589844,88.78840637207031,51.56850814819336,29.190853118896484,55.91189956665039,89.12185668945312,29.342443466186523,69.4466552734375,60.38618087768555,64.92263793945312,64.86402130126953,20.11253547668457,51.97343444824219
2015-07-15,13.963260650634766,58.82134246826172,115.43960571289062,170.7135009765625,88.95774841308594,51.68054962158203,29.162487030029297,55.813812255859375,89.1031494140625,29.335054397583008,68.88894653320312,60.6446647644043,64.46492004394531,64.78999328613281,20.07438087463379,51.754547119140625
2015-07-16,14.176499366760254,58.97115707397461,115.68533325195312,169.28656005859375,88.30352783203125,51.95691680908203,29.410655975341797,55.781105041503906,89.63636779785156,29.490215301513672,69.28219604492188,61.03959655761719,64.6639404296875,65.2989273071289,20.12343978881836,51.84834289550781
2015-07-17,14.294960975646973,58.14098358154297,116.19034576416016,170.31268310546875,88.10342407226562,51.695491790771484,29.247577667236328,55.20880889892578,89.87956237792969,29.704513549804688,69.19641876220703,60.809837341308594,64.74354553222656,65.58577728271484,20.003515243530273,51.66075897216797
2015-07-20,14.310763359069824,58.009925842285156,116.17676544189453,170.25657653808594,87.2875747680664,51.732826232910156,29.339759826660156,54.757301330566406,90.98345184326172,29.586292266845703,69.57532501220703,60.479522705078125,64.73690032958984,67.26982116699219,19.924467086791992,51.12920379638672
2015-07-21,14.279165267944336,58.609130859375,116.41565704345703,169.54306030273438,87.63394165039062,51.61331558227539,29.205039978027344,54.5028076171875,90.46893310546875,29.6158447265625,69.30364227294922,59.0793571472168,64.98234558105469,66.64061737060547,19.82634735107422,51.066654205322266
2015-07-22,14.57138729095459,58.3657112121582,115.00959777832031,170.9459228515625,88.43437194824219,52.345314025878906,28.99941062927246,55.36479187011719,90.62798309326172,29.955745697021484,69.4752197265625,59.46710968017578,64.49808502197266,66.5943603515625,19.94082260131836,51.147953033447266
2015-07-23,14.358146667480469,58.009925842285156,113.89019775390625,169.18234252929688,88.19577026367188,52.01667404174805,28.956872940063477,55.57825469970703,89.01896667480469,29.51240348815918,69.26075744628906,58.62702560424805,63.755157470703125,66.39080810546875,19.763654708862305,50.741458892822266
2015-07-24,14.137004852294922,56.54938888549805,112.01319122314453,166.21636962890625,87.42610931396484,51.471412658691406,28.673259735107422,55.1513557434082,89.64571380615234,29.261159896850586,68.76739501953125,57.59304428100586,62.85297775268555,69.21296691894531,19.51016616821289,49.99103927612305
2015-07-27,13.955358505249023,55.63810348510742,112.44320678710938,164.34861755371094,87.02587890625,50.799163818359375,28.744157791137695,55.03643798828125,88.29867553710938,29.002548217773438,68.39561462402344,57.07606887817383,63.09840393066406,68.34319305419922,19.455656051635742,49.565818786621094
2015-07-28,14.12121295928955,57.672874450683594,115.64434814453125,165.32655334472656,88.38819122314453,50.82902908325195,28.751253128051758,55.66033935546875,89.01896667480469,29.002548217773438,68.71734619140625,57.82282257080078,66.29578399658203,69.15747833251953,19.65190315246582,51.57945251464844
2015-07-29,14.342350959777832,58.20341491699219,117.32347106933594,165.80755615234375,89.5657730102539,51.493804931640625,28.77961540222168,56.432037353515625,90.48764038085938,29.143476486206055,69.01764678955078,58.763450622558594,66.92597961425781,70.33261108398438,19.687334060668945,51.99217987060547
2015-07-30,14.318653106689453,58.06610107421875,116.90023040771484,166.09613037109375,89.6350326538086,51.56850814819336,28.758346557617188,56.53054428100586,92.05924224853516,29.150890350341797,69.0891342163086,58.82804489135742,67.26429748535156,70.67499542236328,19.668262481689453,51.910892486572266
2015-07-31,14.12121295928955,55.22612762451172,117.00263977050781,164.38865661621094,90.07376098632812,51.187564849853516,29.12704086303711,56.94104766845703,91.11441802978516,28.809680938720703,68.88894653320312,58.77060317993164,67.90109252929688,69.71266174316406,19.619199752807617,49.53453063964844
2015-08-03,14.034342765808105,53.428531646728516,116.58628845214844,164.0840301513672,89.96600341796875,51.187564849853516,29.45319175720215,56.57160186767578,91.1518325805664,28.75034523010254,69.67542266845703,57.72230911254883,68.15984344482422,70.11054992675781,19.6737060546875,48.81536102294922
2015-08-04,14.058023452758789,53.18511199951172,116.09483337402344,164.46881103515625,90.45861053466797,51.13528060913086,29.672992706298828,56.94104766845703,91.02084350585938,28.8690185546875,69.93281555175781,57.47816467285156,68.08685302734375,69.64791870117188,19.692785263061523,48.25881576538086
2015-08-05,14.113316535949707,52.4486083984375,116.91390228271484,164.8936767578125,90.8203353881836,51.33694839477539,29.86442756652832,57.41719436645508,91.92826843261719,28.928359985351562,70.91950225830078,57.47098159790039,68.28584289550781,69.37953186035156,20.173032760620117,48.25881576538086
2015-08-06,14.065923690795898,53.17263412475586,115.7603988647461,164.40469360351562,89.71199798583984,50.97842788696289,29.72262191772461,56.89998245239258,90.88990783691406,28.876436233520508,70.89089965820312,57.111968994140625,67.94754791259766,68.08414459228516,19.975444793701172,48.83412170410156
2015-08-07,14.018545150756836,52.27383041381836,113.97895050048828,163.08204650878906,89.99678039550781,50.82902908325195,29.616273880004883,57.08058547973633,91.46051788330078,28.61683464050293,70.85515594482422,56.70988082885742,67.75518798828125,68.66706848144531,19.552833557128906,48.04617691040039
2015-08-10,14.247575759887695,53.60955047607422,115.62386322021484,165.11013793945312,90.5124740600586,51.45647048950195,29.55246353149414,57.11343002319336,91.7505111694336,28.98771095275879,70.84801483154297,56.70268630981445,68.61091613769531,68.82438659667969,19.615947723388672,49.24687194824219
2015-08-11,14.050134658813477,53.540916442871094,114.96180725097656,161.687255859375,90.58174133300781,50.96349334716797,29.410655975341797,56.99028015136719,90.92732238769531,28.12726402282715,70.51197052001953,56.63089370727539,68.31903076171875,67.88057708740234,19.739444732666016,48.91233825683594
2015-08-12,13.83689022064209,54.17129135131836,112.83226013183594,161.23023986816406,90.58174133300781,50.22402572631836,29.254663467407227,56.62086486816406,90.77764129638672,27.867652893066406,70.34037017822266,56.724220275878906,68.20626831054688,68.15861511230469,19.917818069458008,49.73289108276367
2015-08-13,13.915874481201172,53.584590911865234,111.66508483886719,160.91766357421875,91.6053695678711,50.45558166503906,29.141216278076172,58.459774017333984,90.95539855957031,28.00118064880371,70.63350677490234,56.717044830322266,68.03921508789062,68.52005767822266,19.788835525512695,49.644535064697266
2015-08-14,13.97905445098877,53.67197799682617,112.49097442626953,161.9437255859375,92.167236328125,50.70952224731445,29.247577667236328,59.19862365722656,91.57278442382812,28.223695755004883,70.94812774658203,56.975563049316406,68.63385009765625,68.78882598876953,19.862930297851562,49.46146774291992
2015-08-17,14.034342765808105,52.603851318359375,112.60018920898438,162.38461303710938,92.12875366210938,50.843963623046875,29.3184757232666,59.50241470336914,91.54473114013672,28.29046630859375,71.39854431152344,57.11294174194336,68.74742126464844,68.96495819091797,19.73395347595215,49.72026062011719
2015-08-18,13.971155166625977,52.736568450927734,113.0711441040039,161.27035522460938,94.51470947265625,50.948551177978516,29.28302764892578,59.94569778442383,91.30152130126953,28.053098678588867,71.33418273925781,58.067474365234375,68.65386962890625,69.02055358886719,19.06709861755371,49.17112731933594
2015-08-19,13.789505004882812,51.137508392333984,112.58653259277344,161.0860137939453,94.48394775390625,50.4929084777832,28.91432762145996,61.053977966308594,90.36601257324219,27.771230697631836,70.7765121459961,58.479679107666016,68.35324096679688,68.9556655883789,18.817367553710938,48.11701202392578
2015-08-20,13.205070495605469,50.0820426940918,109.51506042480469,157.71914672851562,92.77528381347656,49.252994537353516,28.751253128051758,60.0770378112793,88.45769500732422,26.829200744628906,70.05436706542969,58.32781982421875,67.51144409179688,68.53858184814453,18.778945922851562,47.06920623779297
2015-08-21,12.715408325195312,47.882568359375,106.4981918334961,150.4965362548828,89.4041519165039,47.50518035888672,28.02803611755371,58.37766647338867,84.82805633544922,25.375364303588867,68.81745147705078,56.69352722167969,66.23536682128906,65.9805679321289,18.260292053222656,45.52904510498047
2015-08-24,12.075689315795898,45.58198928833008,101.26988983154297,143.85914611816406,86.6179428100586,45.0029411315918,27.212657928466797,56.07901382446289,82.1619873046875,23.928951263427734,65.65721130371094,54.43734359741211,63.8101692199707,63.357662200927734,17.54952621459961,43.37663269042969
2015-08-25,12.051996231079102,44.25472640991211,99.01058959960938,142.8651123046875,85.40958404541016,44.74897003173828,26.936128616333008,54.995391845703125,81.2171859741211,23.558073043823242,64.09137725830078,53.4683723449707,63.108638763427734,62.06938171386719,17.316265106201172,43.370323181152344
2015-08-26,12.683816909790039,46.1950569152832,101.31082916259766,147.8191375732422,89.22711944580078,46.98977279663086,27.460819244384766,56.440223693847656,85.7916030883789,24.70037269592285,66.12907409667969,55.565433502197266,64.55841827392578,65.51712799072266,17.791019439697266,45.762596130371094
2015-08-27,12.983931541442871,49.07078170776367,104.45736694335938,151.67491149902344,90.55866241455078,48.1624870300293,27.84370231628418,56.69473648071289,87.98058319091797,25.442129135131836,66.92272186279297,56.29581069946289,66.24203491210938,67.10200500488281,18.13405418395996,47.24593734741211
2015-08-28,12.920751571655273,50.83415222167969,104.08881378173828,151.02337646484375,90.4509048461914,47.90105056762695,27.971317291259766,56.1939582824707,88.00865936279297,25.25668716430664,66.87269592285156,56.42595672607422,65.90130615234375,67.15763092041016,17.82120704650879,47.38479232788086
2015-08-31,12.904956817626953,51.188087463378906,102.79878234863281,151.7071075439453,89.6350326538086,47.878639221191406,27.8791446685791,56.78505325317383,86.40901947021484,25.553386688232422,66.44368743896484,56.194576263427734,65.23989868164062,66.0825424194336,17.763580322265625,47.49209976196289
2015-09-01,12.304727554321289,49.418418884277344,101.03779602050781,146.49465942382812,87.46900939941406,45.89925765991211,27.47500228881836,55.619300842285156,83.30323791503906,24.566862106323242,65.29973602294922,54.51689910888672,63.60305404663086,63.91374588012695,17.513843536376953,45.49750900268555
2015-09-02,12.558269500732422,49.33625030517578,102.9421157836914,148.41720581054688,90.10693359375,46.7358283996582,27.58135986328125,56.678321838378906,84.5942153930664,25.063831329345703,66.02960968017578,55.71728515625,64.61187744140625,64.52545928955078,17.683988571166992,46.223392486572266
2015-09-03,12.62957763671875,49.46266174316406,103.20829010009766,148.8595733642578,90.19976043701172,46.8179931640625,27.765697479248047,56.72756576538086,85.73548889160156,25.071252822875977,66.38265991210938,56.006553649902344,64.65196228027344,65.24836730957031,17.799245834350586,46.576866149902344
2015-09-04,12.399803161621094,48.45772933959961,101.43365478515625,145.09507751464844,88.51335906982422,45.93660354614258,27.311922073364258,55.66033935546875,84.687744140625,24.61878204345703,65.51082611083984,55.261714935302734,63.669883728027344,64.09912872314453,17.533061981201172,45.73733901977539
2015-09-08,12.803886413574219,48.565181732177734,104.80431365966797,149.51919555664062,90.0682601928711,47.176513671875,27.58135986328125,56.89998245239258,86.90481567382812,25.41987419128418,66.55560302734375,56.679073333740234,65.42697143554688,65.36885833740234,18.216379165649414,46.393795013427734
2015-09-09,12.597882270812988,47.351688385009766,103.62153625488281,149.3582763671875,88.16524505615234,46.444541931152344,27.15593910217285,55.914825439453125,84.16389465332031,25.034160614013672,65.44599914550781,55.79685974121094,64.83903503417969,64.5069351196289,17.870601654052734,45.44699478149414
2015-09-10,12.708806991577148,47.81937026977539,102.26094055175781,149.5433349609375,88.56749725341797,46.803043365478516,27.241008758544922,55.7670783996582,83.89258575439453,25.123170852661133,65.61170959472656,55.731754302978516,64.68536376953125,65.0908203125,17.59618377685547,45.775211334228516
2015-09-11,12.708806991577148,47.90154266357422,103.29336547851562,149.0285186767578,89.30239868164062,46.72835922241211,27.269620895385742,56.34172439575195,85.45481872558594,25.21217918395996,66.01522064208984,56.3174934387207,64.92585754394531,65.58202362060547,17.741619110107422,45.882530212402344
2015-09-14,12.64542007446289,47.88890838623047,102.7121810913086,147.95870971679688,88.7531509399414,46.593902587890625,27.248165130615234,55.94767761230469,85.0712890625,25.078670501708984,65.71257781982422,55.78961181640625,64.81232452392578,64.88691711425781,17.640090942382812,45.75628662109375
2015-09-15,12.922734260559082,48.77373504638672,105.28974914550781,150.78207397460938,89.87486267089844,47.4902229309082,27.534238815307617,57.00670623779297,86.16577911376953,25.649822235107422,66.33223724365234,56.27410888671875,67.15734100341797,65.35031127929688,17.65105628967285,45.98983383178711
2015-09-16,12.938581466674805,49.94300842285156,102.30198669433594,151.7392578125,91.14352416992188,47.90851593017578,27.999103546142578,57.523887634277344,86.74577331542969,25.67949676513672,67.05998992919922,56.765830993652344,66.86336517333984,65.7951889038086,17.752601623535156,46.89877700805664
2015-09-17,12.566191673278809,50.18947982788086,102.20625305175781,149.97767639160156,91.21318817138672,46.79558181762695,28.16358184814453,57.86048126220703,87.19480895996094,25.25668716430664,67.27615356445312,56.411502838134766,67.2241439819336,65.76739501953125,17.692228317260742,46.999759674072266
2015-09-18,12.328493118286133,49.134002685546875,99.34154510498047,145.5455322265625,89.05485534667969,45.51831817626953,27.877525329589844,55.98052215576172,86.20319366455078,24.500099182128906,67.04556274414062,55.406333923339844,65.68751525878906,64.68302154541016,17.382123947143555,45.876220703125
2015-09-21,12.439419746398926,49.35519790649414,99.82698059082031,147.48416137695312,90.18429565429688,45.89925765991211,28.0277042388916,57.1380615234375,87.04512786865234,24.730045318603516,67.52112579345703,56.592288970947266,66.57609558105469,65.6005630493164,17.486404418945312,46.32437515258789
2015-09-22,12.336418151855469,48.824283599853516,98.43224334716797,144.56411743164062,89.58089447021484,45.49592208862305,27.741640090942383,56.37456512451172,86.12835693359375,24.06246566772461,66.55560302734375,56.44042205810547,65.81443786621094,65.10935974121094,17.45073127746582,45.914100646972656
2015-09-23,12.455266952514648,48.110111236572266,98.21344757080078,144.31480407714844,89.86712646484375,45.29423141479492,27.72018051147461,56.42381286621094,86.19384765625,23.973453521728516,66.57720947265625,56.95387268066406,65.18646240234375,65.75813293457031,17.486404418945312,45.6363639831543
2015-09-24,12.320570945739746,48.59677505493164,97.38619232177734,142.30384826660156,89.99861145019531,44.980525970458984,27.999103546142578,56.21858596801758,85.23969268798828,23.713838577270508,66.62764739990234,57.17079544067383,65.13966369628906,65.10009765625,17.516597747802734,45.90777587890625
2015-09-25,12.589961051940918,49.10872268676758,98.76041412353516,144.65264892578125,90.30805206298828,45.9141960144043,28.33522605895996,56.3909912109375,85.40805053710938,23.877029418945312,67.34818267822266,57.16357421875,65.98148345947266,65.51712799072266,17.502870559692383,46.223392486572266
2015-09-28,12.257183074951172,47.88890838623047,96.22386932373047,139.1748046875,88.26580047607422,44.80126190185547,28.270870208740234,55.12671661376953,82.64842987060547,23.06110191345215,66.62764739990234,56.165653228759766,64.98601531982422,62.28251647949219,17.469938278198242,45.825706481933594
2015-09-29,12.162107467651367,48.19226837158203,97.0374984741211,138.2416534423828,87.34526062011719,44.696685791015625,28.363847732543945,54.81476974487305,83.031982421875,23.00176429748535,67.0383529663086,56.38980484008789,65.5672607421875,63.51521682739258,17.502870559692383,46.05926513671875
2015-09-30,12.344344139099121,49.854515075683594,98.43907165527344,139.77001953125,89.34110260009766,45.540733337402344,28.692827224731445,56.57980728149414,84.30420684814453,23.365217208862305,67.94625854492188,56.88154602050781,65.93472290039062,64.56255340576172,17.793764114379883,46.93035888671875
2015-10-01,12.320570945739746,49.51320266723633,98.93817138671875,141.58792114257812,90.53238677978516,45.87685012817383,28.463958740234375,57.294036865234375,84.87483978271484,23.365217208862305,67.62199401855469,57.49620056152344,65.86124420166016,64.86836242675781,17.63733673095703,46.747276306152344
2015-10-02,12.185873985290527,51.542022705078125,99.49197387695312,142.38426208496094,91.13579559326172,45.74895095825195,28.88591957092285,57.65525817871094,86.12835693359375,23.313291549682617,67.8453369140625,57.51066589355469,66.39570617675781,65.49861145019531,17.832176208496094,47.89607620239258
2015-10-05,12.43149471282959,53.10946273803711,102.50025939941406,145.35244750976562,92.21106719970703,46.65926742553711,29.329320907592773,58.91948699951172,88.24251556396484,23.951204299926758,69.03424835205078,57.49620056152344,67.83211517333984,66.94446563720703,18.0764217376709,48.483097076416016
2015-10-06,12.43149471282959,54.98027801513672,103.58731842041016,145.0468292236328,91.80879974365234,46.68184280395508,29.293569564819336,58.44337463378906,87.8589859008789,24.003122329711914,69.94210815429688,56.47658157348633,67.76530456542969,66.805419921875,18.024280548095703,49.16481018066406
2015-10-07,12.479037284851074,55.694461822509766,104.58554077148438,146.5831756591797,92.55918884277344,46.74201965332031,29.694061279296875,58.935943603515625,89.1895980834961,24.425928115844727,70.98688507080078,56.809226989746094,68.30647277832031,67.8620376586914,18.210895538330078,49.9916877746582
2015-10-08,12.479037284851074,56.8258056640625,106.3494873046875,145.6501007080078,93.64994049072266,46.74201965332031,30.023048400878906,60.06885528564453,89.83616638183594,24.470428466796875,71.31111145019531,56.90324020385742,69.0680923461914,68.49225616455078,18.353586196899414,50.515586853027344
2015-10-09,12.344344139099121,56.61091995239258,106.19905853271484,144.13784790039062,93.85882568359375,46.591552734375,30.051651000976562,60.2002067565918,89.78932189941406,24.270160675048828,71.67139434814453,57.04064178466797,69.26852416992188,68.56640625,18.30144691467285,50.02958297729492
2015-10-12,12.296804428100586,56.0863151550293,105.57688903808594,144.97442626953125,94.29975891113281,46.43357849121094,30.03734588623047,60.5942497253418,90.55770874023438,24.329498291015625,71.43359375,57.27925109863281,69.75624084472656,69.50247955322266,18.3673095703125,50.0548095703125
2015-10-13,12.296804428100586,55.858787536621094,103.56681060791016,145.56968688964844,94.07540893554688,46.305667877197266,29.78704071044922,59.90465545654297,89.89239501953125,24.188566207885742,70.5545654296875,57.09848403930664,69.01467895507812,69.5117416381836,18.312429428100586,49.96645736694336
2015-10-14,12.391880989074707,56.731014251708984,103.05406951904297,144.3952178955078,93.03882598876953,45.13203430175781,29.80848503112793,59.14115524291992,89.0490493774414,24.136640548706055,70.24471282958984,55.1026496887207,68.7206802368164,68.77030181884766,16.473773956298828,50.597660064697266
2015-10-15,12.827656745910645,57.337738037109375,103.99756622314453,148.77914428710938,94.23013305664062,46.561466217041016,29.980134963989258,59.64195251464844,91.04499816894531,24.930320739746094,70.81394958496094,54.328895568847656,69.34870910644531,69.8268814086914,16.281681060791016,51.43084716796875
2015-10-16,12.772195816040039,57.697975158691406,104.2505111694336,148.9561767578125,94.94953918457031,46.967716217041016,30.051651000976562,59.748687744140625,91.49478149414062,25.182512283325195,71.83711242675781,54.27103042602539,69.44890594482422,70.43856811523438,16.160926818847656,52.06206130981445
2015-10-19,12.788036346435547,56.901641845703125,104.18216705322266,149.40658569335938,95.2280502319336,46.80973434448242,30.030195236206055,60.51508331298828,91.5884780883789,23.973453521728516,72.18295288085938,54.017948150634766,69.6560287475586,71.35614013671875,16.149959564208984,51.1215705871582
2015-10-20,12.835578918457031,56.876380920410156,105.28974914550781,149.22158813476562,95.03466796875,47.03542709350586,30.244754791259766,60.028865814208984,91.52288055419922,23.921533584594727,72.24777221679688,53.800987243652344,69.85647583007812,70.69806671142578,16.122514724731445,51.02054214477539
2015-10-21,12.597882270812988,56.45923614501953,106.64347076416016,144.548095703125,95.38275909423828,46.68934631347656,30.17323112487793,59.92998123168945,90.52021026611328,23.350379943847656,72.23339080810547,55.24726486206055,70.32414245605469,69.93809509277344,16.092321395874023,50.62921142578125
2015-10-22,12.803886413574219,57.90658950805664,109.20050811767578,147.6530303955078,96.2027587890625,47.53948974609375,30.92416763305664,60.50685501098633,91.85083770751953,23.99571418762207,74.27249908447266,55.76068878173828,71.10582733154297,70.82784271240234,16.163673400878906,52.320838928222656
2015-10-23,13.089118957519531,57.66638946533203,109.06376647949219,149.21353149414062,96.39617156982422,48.05107116699219,30.602336883544922,60.61399459838867,93.50946807861328,24.195980072021484,73.80416107177734,52.7452278137207,71.35301208496094,71.43028259277344,15.999021530151367,52.37766647338867
2015-10-26,13.081197738647461,56.10526657104492,107.9356689453125,150.4281005859375,96.7055892944336,48.07364273071289,30.459308624267578,61.11671829223633,93.35954284667969,24.144062042236328,73.88341522216797,53.526214599609375,70.93878936767578,72.45905303955078,15.922182083129883,51.2667350769043
2015-10-27,12.99404239654541,55.42900848388672,106.63663482666016,149.86505126953125,96.2878646850586,47.87803649902344,30.473608016967773,60.61399459838867,92.23507690429688,23.906696319580078,74.171630859375,54.039634704589844,68.88101959228516,71.84736633300781,15.77398681640625,51.184688568115234
2015-10-28,13.691286087036133,56.74996566772461,106.15804290771484,153.89508056640625,95.78501892089844,49.277366638183594,30.559432983398438,61.001319885253906,93.79057312011719,24.92020034790039,74.02751922607422,55.12435531616211,68.5670166015625,73.09855651855469,15.817896842956543,51.93581008911133
2015-10-29,13.540740013122559,56.813175201416016,106.92378997802734,152.7447052001953,95.63804626464844,49.05918502807617,30.602336883544922,60.877716064453125,94.25911712646484,24.994722366333008,74.07076263427734,55.16048049926758,69.12822723388672,72.76490020751953,15.90571403503418,51.90424728393555
2015-10-30,13.295125961303711,57.43887710571289,106.69136047363281,150.82232666015625,95.64581298828125,48.33695602416992,30.287668228149414,60.84475326538086,92.75981140136719,24.569950103759766,73.6312255859375,55.811302185058594,68.82758331298828,71.9029541015625,15.7081298828125,52.2261848449707
2015-11-02,13.516975402832031,60.01755905151367,108.67406463623047,152.57583618164062,96.24143981933594,49.307456970214844,30.209001541137695,60.795291900634766,93.12527465820312,24.95000457763672,73.06201171875,55.86915969848633,69.8631591796875,69.71566772460938,15.80966567993164,53.829429626464844
2015-11-03,13.612054824829102,62.02739334106445,108.79027557373047,153.3883056640625,97.20843505859375,49.48801040649414,30.15178108215332,60.94364547729492,93.81867218017578,24.808420181274414,72.71617889404297,56.57060623168945,69.80302429199219,72.19953918457031,15.946882247924805,54.8204345703125
2015-11-04,13.4773588180542,61.161521911621094,108.70826721191406,154.16046142578125,96.99181365966797,49.54068374633789,30.015899658203125,60.243141174316406,94.19351196289062,24.89038848876953,72.5000228881836,55.963165283203125,69.48231506347656,72.61663818359375,16.01822853088379,54.27128219604492
2015-11-05,13.715056419372559,59.75841522216797,109.57654571533203,154.4581298828125,97.25485229492188,49.98455047607422,30.273361206054688,60.63871383666992,94.35279846191406,25.24810028076172,72.4927978515625,56.512752532958984,69.63599395751953,73.46003723144531,16.084089279174805,53.532779693603516
2015-11-06,14.222140312194824,59.42975616455078,111.01911926269531,160.20950317382812,97.45597076416016,51.50424575805664,30.00874137878418,60.27610397338867,95.11184692382812,26.388280868530273,71.85153198242188,55.840232849121094,70.14373016357422,72.98734283447266,16.130748748779297,53.31814956665039
2015-11-09,14.008216857910156,58.3489875793457,109.76797485351562,158.27085876464844,96.31106567382812,50.699256896972656,29.708372116088867,59.35309600830078,94.14666748046875,26.164716720581055,71.24626922607422,55.12435531616211,69.48900604248047,72.32929992675781,16.05116081237793,52.178443908691406
2015-11-10,14.142908096313477,58.92414855957031,110.41748046875,159.115478515625,96.89897155761719,50.917423248291016,29.87285804748535,60.44091033935547,94.31533813476562,26.2616024017334,71.21023559570312,55.81856155395508,69.70947265625,73.79631805419922,16.103296279907227,52.433128356933594
2015-11-11,14.063678741455078,58.266849517822266,110.09617614746094,158.77761840820312,96.4735336303711,50.669158935546875,30.065954208374023,59.43551254272461,94.5308837890625,26.09765625,71.64257049560547,54.140865325927734,70.01679992675781,73.51776123046875,15.801426887512207,51.96833419799805
2015-11-12,13.762594223022461,56.794185638427734,108.56465911865234,155.06138610839844,95.77727508544922,49.65351486206055,29.736976623535156,59.92173385620117,92.09449768066406,25.508928298950195,70.87879943847656,54.18425750732422,69.02779388427734,72.70996856689453,15.628541946411133,50.56120300292969
2015-11-13,13.627902030944824,56.04841613769531,108.09977722167969,153.1468963623047,92.82994842529297,49.32250213623047,29.593942642211914,57.762535095214844,90.76386260986328,25.285354614257812,70.6410140991211,51.985931396484375,68.47610473632812,72.5242919921875,15.483095169067383,49.72711181640625
2015-11-16,13.810132026672363,58.50503921508789,110.2602310180664,154.57073974609375,93.4797592163086,50.03721618652344,30.00874137878418,59.03995132446289,92.1132583618164,25.374788284301758,71.73622131347656,52.70016860961914,69.39112091064453,73.25780487060547,15.881019592285156,51.509918212890625
2015-11-17,13.80220890045166,58.23634338378906,110.35594940185547,153.2917938232422,97.61068725585938,49.75132751464844,29.80133628845215,60.03710174560547,91.89772033691406,25.03199005126953,71.21023559570312,53.137454986572266,69.39112091064453,73.19277954101562,16.443584442138672,50.91140365600586
2015-11-18,14.13498592376709,58.991241455078125,111.31317138671875,155.77734375,97.8891830444336,50.7443962097168,30.23758888244629,60.55632400512695,92.91909790039062,25.523828506469727,72.24777221679688,50.85629653930664,69.75442504882812,74.70625305175781,16.720762252807617,51.408023834228516
2015-11-19,14.016136169433594,58.1083984375,111.68232727050781,155.27052307128906,98.13671875,50.902381896972656,30.831193923950195,60.482120513916016,92.70359802246094,25.46421241760254,72.72335815429688,51.41747283935547,70.0369873046875,74.41840362548828,16.65764045715332,51.12788391113281
2015-11-20,13.984439849853516,56.94404602050781,112.22247314453125,154.0156707763672,100.72821807861328,50.81209945678711,30.344867706298828,62.44353485107422,93.23773956298828,25.27045249938965,72.12531280517578,51.62154006958008,70.0369873046875,74.45552825927734,16.48475456237793,50.80314636230469
2015-11-23,13.841824531555176,57.583805084228516,111.74386596679688,152.1817169189453,102.49971771240234,50.31557083129883,30.72393035888672,63.18524932861328,93.11589813232422,25.069244384765625,72.66568756103516,52.678306579589844,69.69387817382812,74.38125610351562,16.536893844604492,51.11514663696289
2015-11-24,13.841824531555176,58.44105529785156,111.57294464111328,151.7634735107422,103.35069274902344,50.2403450012207,31.009986877441406,63.77861404418945,92.30064392089844,25.03199005126953,72.5071792602539,53.122886657714844,69.5660171508789,74.08415222167969,16.443584442138672,52.13387680053711
2015-11-25,13.81805419921875,58.13399124145508,111.0328369140625,152.14950561523438,104.16291809082031,50.3005256652832,31.009986877441406,63.959922790527344,91.98204803466797,25.046890258789062,72.41352081298828,53.319679260253906,69.62657928466797,73.87060546875,16.53140640258789,51.73275375366211
2015-11-27,13.849746704101562,57.81411361694336,112.18828582763672,153.21128845214844,104.23255920410156,50.53373718261719,31.09646224975586,63.73741149902344,92.4599380493164,25.1735782623291,72.5864486694336,53.523719787597656,70.0907974243164,74.13057708740234,16.43535614013672,51.72001647949219
2015-11-30,13.810132026672363,58.4218635559082,108.39376831054688,153.3727569580078,103.56726837158203,50.16511154174805,30.714515686035156,63.127525329589844,91.7571792602539,25.56109046936035,72.16856384277344,52.83864212036133,69.30365753173828,73.35994720458984,16.14720916748047,51.993797302246094
2015-12-01,14.111210823059082,59.163970947265625,109.6995849609375,155.83448791503906,104.45306396484375,50.864776611328125,30.909095764160156,63.56433868408203,91.76652526855469,26.283958435058594,72.81703186035156,53.064579010009766,70.22537231445312,74.1955795288086,16.18837547302246,52.140220642089844
2015-12-02,13.999981880187988,57.73735809326172,107.9356689453125,153.56637573242188,103.97132110595703,50.150054931640625,30.822608947753906,62.880332946777344,90.98877716064453,26.000774383544922,72.18070220947266,52.423221588134766,69.49876403808594,73.3877944946289,16.146862030029297,50.650333404541016
2015-12-03,13.745722770690918,56.84169006347656,105.03675842285156,149.4822998046875,101.7335205078125,49.5030632019043,30.599212646484375,61.90787124633789,89.9205093383789,25.672870635986328,71.89772033691406,53.34152603149414,68.81924438476562,72.69140625,16.337799072265625,49.92448425292969
2015-12-04,14.142990112304688,57.39187240600586,106.29476928710938,153.34852600097656,104.53074645996094,51.075416564941406,31.197355270385742,63.25941467285156,92.48806762695312,26.321210861206055,73.32711029052734,53.85895538330078,69.47185516357422,74.65055084228516,16.509368896484375,50.21101379394531
2015-12-07,13.936413764953613,55.83729553222656,104.31202697753906,149.71644592285156,104.0645523071289,50.40585708618164,31.13250160217285,63.003929138183594,91.6634292602539,25.844274520874023,73.04415893554688,53.48728942871094,68.92688751220703,73.86132049560547,16.741819381713867,48.89939498901367
2015-12-08,13.65832233428955,55.299903869628906,101.45417022705078,147.64198303222656,103.99462890625,49.62343215942383,30.995573043823242,63.597312927246094,92.00077819824219,25.38224220275879,72.68133544921875,52.95524597167969,68.05899047851562,73.4156494140625,16.49553680419922,47.51772689819336
2015-12-09,13.586814880371094,56.04201889038086,100.53807067871094,145.85830688476562,102.48722076416016,49.24725341796875,30.743335723876953,62.73198699951172,91.6634292602539,24.868030548095703,71.92672729492188,52.481536865234375,67.58806610107422,72.31072998046875,16.362709045410156,48.1544303894043
2015-12-10,13.666269302368164,57.129581451416016,101.6954574584961,146.98822021484375,102.9844970703125,49.36012268066406,30.815401077270508,62.773197174072266,91.46666717529297,24.905290603637695,71.75985717773438,52.74390411376953,67.5813217163086,72.53359985351562,16.48169708251953,48.19264602661133
2015-12-11,13.292826652526855,55.299903869628906,98.79847717285156,142.50860595703125,101.35282135009766,48.2015380859375,30.462289810180664,61.817230224609375,88.86161804199219,23.906696319580078,70.94720458984375,52.357635498046875,65.56967163085938,70.66727447509766,16.42635726928711,47.333072662353516
2015-12-14,13.348443984985352,57.148780822753906,98.40811157226562,142.3794708251953,102.57270050048828,48.35200500488281,30.591995239257812,62.34463882446289,90.23912048339844,23.75765609741211,71.07056427001953,52.998992919921875,65.84552001953125,71.37298583984375,16.71137809753418,48.409122467041016
2015-12-15,13.841066360473633,59.34312057495117,99.09294128417969,146.90753173828125,102.01325225830078,49.728755950927734,31.038822174072266,61.7265510559082,92.23507690429688,24.473066329956055,72.1153793334961,53.1884651184082,66.53849792480469,72.99784088134766,16.503835678100586,50.57394790649414
2015-12-16,14.103272438049316,59.778133392333984,101.92831420898438,150.29754638671875,103.26424407958984,50.804588317871094,31.59372901916504,62.740211486816406,93.74371337890625,25.046890258789062,73.34162139892578,53.78611373901367,67.62169647216797,74.14916229248047,16.686471939086914,50.39567184448242
2015-12-17,13.745722770690918,57.922874450683594,103.98974609375,147.39183044433594,102.05989074707031,49.86418914794922,31.341501235961914,61.7265510559082,93.07840728759766,24.130266189575195,72.70311737060547,52.71473693847656,67.27855682373047,73.06282806396484,16.321197509765625,49.637969970703125
2015-12-18,13.316664695739746,57.45586013793945,100.77774810791016,141.6449737548828,101.23625946044922,48.449806213378906,30.62803840637207,60.89419174194336,90.229736328125,23.317975997924805,71.03427124023438,52.015098571777344,65.93299102783203,70.86228942871094,16.285228729248047,49.20500564575195
2015-12-21,13.483522415161133,57.09119415283203,99.81893157958984,143.4691162109375,102.02880096435547,49.307456970214844,30.82982063293457,61.71832275390625,90.93253326416016,23.60861587524414,71.55669403076172,52.26289749145508,65.18621063232422,71.6514892578125,16.478927612304688,49.192256927490234
2015-12-22,13.570920944213867,57.7501335144043,101.64065551757812,145.32550048828125,102.4716796875,49.41278076171875,31.197355270385742,61.940834045410156,91.40107727050781,24.011030197143555,72.41289520263672,52.9188232421875,65.93299102783203,71.84648132324219,16.752893447875977,49.44059371948242
2015-12-23,13.777503967285156,60.014854431152344,103.22269439697266,147.66622924804688,103.4273910522461,50.20271301269531,31.471206665039062,62.764930725097656,92.51618957519531,24.29421043395996,73.02237701416016,53.6767692565918,65.42168426513672,72.9421157836914,16.905092239379883,51.05784225463867
2015-12-24,13.721881866455078,58.88888931274414,102.4898910522461,147.27883911132812,103.26424407958984,50.10491943359375,31.377527236938477,62.86384201049805,92.38497161865234,24.20478630065918,72.94979858398438,53.326942443847656,65.48895263671875,72.66356658935547,16.833141326904297,50.51026153564453
2015-12-28,13.610647201538086,57.8077278137207,101.64065551757812,146.5927276611328,103.09329986572266,49.939422607421875,31.341501235961914,62.995704650878906,92.32876586914062,23.973766326904297,73.0513916015625,53.108306884765625,65.26019287109375,72.91424560546875,16.811002731323242,50.134605407714844
2015-12-29,13.72983169555664,58.37709426879883,102.20911407470703,148.1343994140625,103.88583374023438,50.45851135253906,31.500032424926758,63.56433868408203,93.4438705444336,24.2569580078125,73.61009979248047,54.252532958984375,65.74463653564453,73.5456314086914,17.048980712890625,50.40201187133789
2015-12-30,13.54708480834961,57.634971618652344,102.16802215576172,146.90753173828125,103.61390686035156,50.09739685058594,31.399145126342773,63.34183883666992,92.6473617553711,24.018484115600586,73.39242553710938,53.65491485595703,65.32076263427734,72.74711608886719,17.068355560302734,49.73347854614258
2015-12-31,13.372283935546875,57.55181884765625,102.03788757324219,145.4708251953125,102.75920104980469,49.67609786987305,30.959548950195312,62.666053771972656,91.232421875,23.705490112304688,72.49996948242188,52.9188232421875,64.74217224121094,72.00436401367188,16.96320152282715,49.631591796875
2016-01-04,13.054463386535645,56.84169006347656,98.23003387451172,142.97677612304688,101.84229278564453,48.1840705871582,30.555971145629883,62.03974151611328,88.8428726196289,23.459562301635742,71.66553497314453,53.60388946533203,63.8069953918457,70.2866439819336,17.007474899291992,49.31962585449219
2016-01-05,13.054463386535645,57.32789611816406,99.0655746459961,140.5150146484375,101.34505462646484,48.26737594604492,30.664077758789062,62.17158508300781,89.0115737915039,23.310523986816406,72.158935546875,54.54404067993164,64.43939971923828,70.81584930419922,17.411497116088867,49.73986053466797
2016-01-06,12.77637004852295,55.06318283081055,96.40829467773438,137.08460998535156,100.29603576660156,47.570587158203125,30.49831771850586,60.935394287109375,87.65010833740234,22.729249954223633,72.18070220947266,53.99016571044922,63.5244026184082,69.88739776611328,17.58583641052246,49.32597732543945
2016-01-07,12.315532684326172,53.11196517944336,92.17584991455078,132.8713836669922,97.43667602539062,45.646873474121094,29.993850708007812,59.394309997558594,86.04450225830078,21.596511840820312,70.79485321044922,53.84439468383789,62.29996871948242,68.51322174072266,17.995384216308594,48.53647232055664
2016-01-08,12.077164649963379,52.542579650878906,92.25802612304688,132.32252502441406,96.27117156982422,44.62442398071289,29.91457748413086,58.413604736328125,84.40138244628906,21.149383544921875,70.53363037109375,52.02238464355469,61.485897064208984,67.66831970214844,17.58306884765625,47.55593490600586
2016-01-11,12.164566040039062,51.67251205444336,91.06636810302734,133.76730346679688,97.73194122314453,44.55625534057617,29.96502685546875,59.89702606201172,85.0492172241211,21.208995819091797,70.70051574707031,52.78034973144531,61.66752243041992,68.63394165039062,17.771240234375,46.919227600097656
2016-01-12,12.164566040039062,52.55537414550781,92.25802612304688,133.75115966796875,99.0606460571289,44.65471267700195,30.35418701171875,60.383216857910156,85.85674285888672,21.208995819091797,70.83112335205078,53.46542739868164,62.569068908691406,69.413818359375,17.605201721191406,47.88064193725586
2016-01-13,11.838799476623535,52.0307731628418,89.23091888427734,128.32720947265625,94.32865142822266,43.42776870727539,30.15961456298828,57.6059684753418,83.74410247802734,20.03899574279785,70.01847839355469,52.211875915527344,60.96110153198242,67.87255096435547,17.134767532348633,48.167179107666016
2016-01-14,11.910310745239258,54.67934036254883,90.19660186767578,130.26429748535156,92.94560241699219,44.0791015625,30.181228637695312,57.61421203613281,85.17130279541016,20.232759475708008,69.517822265625,51.3154411315918,61.32443618774414,68.52250671386719,17.450237274169922,50.37656021118164
2016-01-15,11.48919677734375,53.52778625488281,86.9229507446289,125.59905242919922,92.64253997802734,43.20055389404297,29.907381057739258,57.08464050292969,83.29338836669922,19.3533935546875,68.15372467041016,51.074928283691406,60.5776252746582,66.69339752197266,17.13753890991211,49.396026611328125
2016-01-19,11.314395904541016,52.145938873291016,87.11468505859375,126.57569122314453,93.05436706542969,43.177825927734375,30.210054397583008,57.47353744506836,80.95545959472656,19.56951141357422,69.48880004882812,50.46271896362305,60.78618240356445,66.28483581542969,17.311872482299805,48.64470672607422
2016-01-20,10.877394676208496,50.527366638183594,84.36154174804688,124.09778594970703,90.49021911621094,42.041770935058594,29.820899963378906,56.32341384887695,79.93201446533203,18.80937957763672,68.03762817382812,49.260189056396484,59.67609405517578,65.62561798095703,16.835905075073242,46.594486236572266
2016-01-21,10.615194320678711,51.851654052734375,84.6286392211914,122.4028091430664,93.41180419921875,41.8448486328125,29.828109741210938,57.35768127441406,80.861572265625,18.466581344604492,68.5455322265625,50.02544403076172,59.925025939941406,66.44268035888672,17.12369728088379,47.180274963378906
2016-01-22,10.774101257324219,53.44462585449219,87.36126708984375,126.60799407958984,95.38538360595703,43.13238525390625,30.31093406677246,58.33409118652344,82.62679290771484,19.085119247436523,69.54684448242188,50.81255340576172,60.48342514038086,67.50115203857422,17.34783935546875,48.75294876098633
2016-01-25,10.297374725341797,51.74927520751953,86.32024383544922,121.97496795654297,94.56953430175781,42.15537643432617,30.38301658630371,57.837615966796875,81.47186279296875,18.615629196166992,69.61213684082031,50.2295036315918,60.16051483154297,66.60980224609375,17.55816078186035,47.103858947753906
2016-01-26,10.575465202331543,53.815673828125,87.16947937011719,124.66275024414062,94.95025634765625,43.23085403442383,30.325361251831055,57.920345306396484,81.68782806396484,18.995685577392578,69.88786315917969,51.33729934692383,61.176414489746094,66.73979949951172,17.710359573364258,48.835716247558594
2016-01-27,10.615194320678711,53.2846794128418,87.83382415771484,124.07356262207031,94.46073913574219,43.20055389404297,30.332565307617188,57.54800796508789,79.63154602050781,19.0181827545166,69.61213684082031,51.51950454711914,61.13604736328125,65.83918762207031,17.696523666381836,47.937957763671875
2016-01-28,10.75026798248291,54.967220306396484,87.81326293945312,126.76940155029297,95.01243591308594,43.38231658935547,30.67849349975586,57.28322219848633,78.33580017089844,18.86825180053711,70.70775604248047,51.73814010620117,61.2234992980957,64.3721694946289,17.771240234375,49.02036666870117
2016-01-29,11.234942436218262,55.31909942626953,91.0047378540039,130.4014892578125,97.71639251708984,45.063682556152344,30.930713653564453,59.29389190673828,83.59387969970703,19.400493621826172,72.05009460449219,52.78034973144531,62.703617095947266,69.16315460205078,18.363422393798828,49.56792449951172
2016-02-01,11.09192180633545,54.56419372558594,90.61434173583984,128.8599090576172,98.29914855957031,44.57897186279297,30.988367080688477,60.121341705322266,83.21829223632812,19.27305793762207,71.85418701171875,53.07915496826172,63.29568099975586,69.06100463867188,18.67889404296875,48.57465744018555
2016-02-02,10.511902809143066,51.973209381103516,89.13505554199219,122.44313049316406,97.3356704711914,43.19297790527344,30.584802627563477,59.46764373779297,80.68314361572266,18.365995407104492,71.25921630859375,53.428977966308594,63.706058502197266,68.15110778808594,18.501792907714844,47.49226379394531
2016-02-03,10.352991104125977,54.13555145263672,89.70347595214844,123.23407745361328,96.18571472167969,43.480777740478516,30.786577224731445,55.78557205200195,81.19017028808594,18.231063842773438,71.62925720214844,52.8896598815918,64.13666534423828,69.06100463867188,18.33852195739746,49.969051361083984
2016-02-04,10.527792930603027,54.244300842285156,91.91559600830078,126.3093490600586,94.10333251953125,44.230587005615234,30.6496524810791,56.23238754272461,81.05877685546875,18.748310089111328,70.66422271728516,51.04578399658203,64.755615234375,68.41109466552734,18.380027770996094,50.828609466552734
2016-02-05,10.289424896240234,53.022369384765625,90.34040069580078,126.2932357788086,90.4669418334961,43.73829650878906,30.584802627563477,54.47821044921875,77.70674133300781,18.253555297851562,70.61344146728516,50.69594192504883,64.16358184814453,66.42413330078125,18.540525436401367,50.98780822753906
2016-02-08,9.749131202697754,55.01201629638672,89.2583236694336,120.46564483642578,86.90825653076172,42.82187271118164,30.73613929748535,52.5833854675293,75.72555541992188,16.994171142578125,70.7585678100586,51.01661682128906,65.4620361328125,62.92369079589844,18.512855529785156,51.675437927246094
2016-02-09,9.69351577758789,53.047977447509766,88.87480926513672,119.65851593017578,88.47001647949219,42.564361572265625,31.204572677612305,53.079856872558594,76.9649658203125,17.189077377319336,71.31001281738281,50.91459274291992,65.61677551269531,63.44367218017578,18.21123504638672,51.4505729675293
2016-02-10,9.51871395111084,53.124755859375,87.41606140136719,118.83522033691406,88.835205078125,42.04935073852539,30.664077758789062,53.00538635253906,78.22313690185547,17.016664505004883,70.83112335205078,50.11289978027344,64.66815948486328,65.1335220336914,18.2056941986084,50.98155975341797
2016-02-11,8.867181777954102,53.09275817871094,85.2107925415039,113.5565185546875,88.01158905029297,40.19378662109375,30.56318473815918,52.45929718017578,77.09639739990234,16.25952911376953,70.30870056152344,49.595455169677734,63.97519302368164,63.573638916015625,18.075632095336914,51.14216995239258
2016-02-12,9.494876861572266,54.65373611450195,88.0735092163086,117.94739532470703,90.38146209716797,43.541378021240234,31.067644119262695,53.675621032714844,79.70664978027344,17.309024810791016,71.46235656738281,51.403202056884766,65.42840576171875,65.38421630859375,18.313613891601562,52.06094741821289
2016-02-16,9.733242988586426,54.945274353027344,90.47737884521484,120.27999877929688,92.79795837402344,44.19271469116211,31.247804641723633,55.793853759765625,80.91791534423828,17.781286239624023,71.54216766357422,52.54221725463867,66.30976104736328,66.01556396484375,18.236127853393555,52.183006286621094
2016-02-17,9.97955322265625,57.21282196044922,91.1485595703125,121.82972717285156,94.18104553222656,44.510807037353516,31.341501235961914,56.26548767089844,81.88499450683594,18.16359519958496,72.23149108886719,52.983131408691406,66.13484954833984,67.01101684570312,18.29423713684082,52.68415451049805
2016-02-18,9.725296020507812,56.18918228149414,89.94319152832031,119.23876953125,93.21754455566406,43.78373718261719,31.4279727935791,56.033809661865234,80.78645324707031,17.96119499206543,72.28227233886719,53.29912185668945,66.09412384033203,66.27604675292969,17.74357032775879,52.97327423095703
2016-02-19,9.637894630432129,56.040184020996094,88.86795043945312,118.57695007324219,94.55399322509766,43.791297912597656,31.543275833129883,56.69575119018555,81.49066925048828,17.991188049316406,72.25328063964844,53.14480972290039,66.0331039428711,66.54586029052734,17.892993927001953,53.00539779663086
2016-02-22,9.963662147521973,57.543212890625,92.72374725341797,120.09437561035156,95.45533752441406,44.35933303833008,31.66577911376953,57.4818000793457,82.45775604248047,18.39598274230957,72.46366882324219,53.2550163269043,66.47390747070312,67.96927642822266,18.161420822143555,52.934715270996094
2016-02-23,9.661731719970703,55.010093688964844,91.64164733886719,116.96263885498047,96.76069641113281,42.50376510620117,31.485614776611328,56.18272399902344,80.94605255126953,17.773786544799805,72.22422790527344,54.37203598022461,65.76184844970703,67.1226806640625,18.396629333496094,52.189449310302734
2016-02-24,9.637894630432129,55.2432975769043,91.4224853515625,117.48726654052734,97.59983825683594,42.5189208984375,31.6441650390625,56.77848815917969,81.14325714111328,17.773786544799805,72.32577514648438,56.53982162475586,65.69403076171875,66.84355926513672,18.57373809814453,52.375755310058594
2016-02-25,9.788859367370605,55.262752532958984,93.12781524658203,119.65851593017578,98.57112884521484,43.177825927734375,31.824331283569336,56.84469223022461,82.08219146728516,18.46345329284668,73.04415893554688,57.811134338378906,66.27044677734375,68.16463470458984,18.82832145690918,52.690582275390625
2016-02-26,10.090787887573242,54.64726638793945,94.0866470336914,121.27277374267578,98.10493469238281,43.5792350769043,31.089258193969727,57.17564010620117,82.2230224609375,18.860754013061523,71.3680419921875,57.63478469848633,66.08060455322266,67.66224670410156,18.40492820739746,52.52353286743164
2016-02-29,9.947770118713379,54.05772399902344,93.74418640136719,121.21601104736328,96.44213104248047,42.64010238647461,31.082059860229492,55.8765754699707,81.61267852783203,18.51592445373535,70.97623443603516,57.64945602416992,65.47701263427734,67.34593200683594,18.357894897460938,51.495574951171875
2016-03-01,10.480117797851562,55.800472259521484,96.82606506347656,125.36653900146484,97.6697998046875,44.83648681640625,31.485614776611328,57.12602233886719,84.59851837158203,19.557918548583984,71.89772033691406,59.49394607543945,66.70450592041016,69.4391860961914,18.39110565185547,52.2215690612793
2016-03-02,10.695463180541992,56.45481872558594,97.43560791015625,125.00174713134766,97.58433532714844,45.2606086730957,31.543275833129883,57.16739273071289,84.40138244628906,19.572908401489258,71.8560562133789,59.59685134887695,66.98255920410156,69.12284088134766,18.321918487548828,53.13390350341797
2016-03-03,10.767244338989258,56.70746994018555,98.5245361328125,125.91778564453125,98.52449035644531,45.41208267211914,31.68019676208496,57.862422943115234,84.26052856445312,19.595396041870117,72.4626235961914,58.575374603271484,67.55897521972656,68.76004028320312,18.302547454833984,52.941158294677734
2016-03-04,10.799147605895996,56.96661376953125,98.55879211425781,127.14189910888672,97.56097412109375,45.48024368286133,31.788301467895508,58.2430534362793,84.55160522460938,19.5878963470459,73.07643127441406,59.618873596191406,68.08795928955078,68.750732421875,18.479656219482422,52.8704833984375
2016-03-07,10.791171073913574,58.74177551269531,99.36007690429688,125.93399047851562,98.03495788574219,45.396934509277344,31.716232299804688,58.55746078491211,82.90845489501953,19.557918548583984,72.52837371826172,59.39109802246094,68.69832611083984,66.92730712890625,18.786815643310547,54.26466751098633
2016-03-08,10.416314125061035,57.49137878417969,97.6136703491211,122.89410400390625,99.0037612915039,44.51837158203125,31.939645767211914,58.739501953125,81.5469970703125,18.748310089111328,72.886474609375,59.17797088623047,68.2371597290039,65.69926452636719,18.82832145690918,53.088924407958984
2016-03-09,10.480116844177246,60.134666442871094,97.23700714111328,121.52407836914062,98.46467590332031,44.77587890625,32.29276657104492,58.6236686706543,81.85684204101562,18.448455810546875,73.22259521484375,59.677677154541016,67.51827239990234,65.75509643554688,18.82553482055664,52.941158294677734
2016-03-10,10.583805084228516,60.860294342041016,97.15464782714844,122.4238510131836,98.35527801513672,44.389625549316406,32.59543991088867,58.499568939208984,81.58454895019531,18.478445053100586,73.64643859863281,59.89078903198242,67.72853088378906,65.3271484375,18.79207992553711,52.799800872802734
2016-03-11,10.998540878295898,61.274906158447266,99.0825424194336,124.79096984863281,100.36322021484375,44.942508697509766,32.827850341796875,59.67451858520508,83.1713638305664,19.490446090698242,74.03372955322266,60.162689208984375,68.37278747558594,66.63890075683594,18.72517204284668,52.80622863769531
2016-03-14,10.878905296325684,61.06759262084961,98.6845932006836,124.42619323730469,100.66007232666016,44.77587890625,32.893211364746094,60.1958122253418,83.44364929199219,19.422975540161133,73.55145263671875,60.08919906616211,68.6915283203125,66.5086441040039,18.77814292907715,52.94758224487305
2016-03-15,10.823078155517578,61.07408905029297,98.15634155273438,123.24264526367188,101.33979034423828,44.83648681640625,32.856903076171875,60.485389709472656,83.90373229980469,19.063152313232422,73.91683197021484,60.00102233886719,68.77967834472656,66.89940643310547,18.981647491455078,53.21100997924805
2016-03-16,10.61570930480957,61.806175231933594,98.9796142578125,122.03479766845703,101.91793823242188,44.62442398071289,32.71891403198242,61.04805374145508,84.51403045654297,18.860754013061523,73.68299865722656,60.544795989990234,68.94921112060547,67.32732391357422,18.95376968383789,53.24310302734375
2016-03-17,10.687487602233887,62.771480560302734,110.69085693359375,123.95600128173828,102.25392150878906,44.49565505981445,33.241825103759766,61.24662399291992,85.82857513427734,19.378005981445312,74.4429931640625,61.00777053833008,70.3598403930664,68.04366302490234,18.80323028564453,54.03339385986328
2016-03-18,10.998540878295898,63.28977584838867,112.31683349609375,127.7579574584961,102.62109375,45.805912017822266,33.11836242675781,61.99961853027344,86.67359161376953,19.70035171508789,74.01911926269531,60.77994918823242,71.20074462890625,68.63909912109375,18.663841247558594,54.09762954711914
2016-03-21,11.038419723510742,62.47993850708008,112.88626098632812,126.69596862792969,102.3554458618164,45.790775299072266,33.169185638427734,62.23955154418945,86.71113586425781,19.445470809936523,74.20181274414062,60.40517807006836,71.30926513671875,68.62977600097656,18.948196411132812,53.72499465942383
2016-03-22,10.974614143371582,61.87094497680664,112.11788177490234,125.00174713134766,102.02731323242188,45.6241455078125,33.045738220214844,62.26436996459961,86.15718841552734,19.370502471923828,73.6391372680664,60.03775405883789,71.1125717163086,67.87623596191406,18.920318603515625,54.046241760253906
2016-03-23,10.862954139709473,60.63352584838867,111.5759048461914,124.90444946289062,101.73825073242188,45.396934509277344,33.01667404174805,61.87546920776367,86.50459289550781,18.94321632385254,73.66837310791016,59.89078903198242,71.1261215209961,68.76004028320312,18.806020736694336,53.80851364135742
2016-03-24,10.910808563232422,61.44984436035156,111.58961486816406,124.02898406982422,101.92576599121094,45.04853439331055,33.10383605957031,61.86720657348633,86.29801940917969,18.688343048095703,73.5733642578125,60.2876091003418,71.4991226196289,68.9739990234375,18.956558227539062,53.95629119873047
2016-03-28,10.862954139709473,61.339698791503906,111.27398681640625,124.70992279052734,102.41012573242188,44.987953186035156,33.263607025146484,62.04924774169922,85.66893005371094,18.530921936035156,73.7926025390625,60.84609603881836,71.24820709228516,68.91819763183594,18.990013122558594,54.11048126220703
2016-03-29,10.703441619873047,61.75433349609375,111.82289123535156,125.67459106445312,103.49612426757812,44.70771408081055,33.75749206542969,62.611907958984375,87.11492156982422,18.575895309448242,74.07759094238281,60.97102737426758,71.9535140991211,70.12759399414062,18.964920043945312,54.30965042114258
2016-03-30,10.751293182373047,61.708988189697266,110.84864044189453,126.86624908447266,104.23834228515625,45.222740173339844,33.830108642578125,62.9015007019043,88.08200073242188,18.79328727722168,75.04219818115234,61.43397903442383,71.70258331298828,71.4300308227539,19.17957878112793,54.30322265625
2016-03-31,10.783196449279785,61.806175231933594,111.63762664794922,127.25537872314453,104.24610900878906,44.85163497924805,33.69212341308594,62.67811965942383,88.7298812866211,18.748310089111328,74.88873291015625,60.463958740234375,71.52622985839844,71.1509780883789,19.093158721923828,53.70570755004883
2016-04-01,10.815101623535156,61.06759262084961,112.28941345214844,129.5576171875,105.3555679321289,45.34391403198242,34.011680603027344,63.29865646362305,90.0162353515625,19.138126373291016,75.83873748779297,60.81670379638672,71.17359161376953,72.18360137939453,19.252056121826172,53.300941467285156
2016-04-04,10.77522087097168,60.529876708984375,112.3785629272461,127.89573669433594,105.3555679321289,45.16844177246094,34.05526351928711,63.03388977050781,89.24630737304688,18.77080726623535,75.86796569824219,60.47869110107422,71.1261215209961,72.4068832397461,19.26320457458496,53.42942810058594
2016-04-05,10.519999504089355,60.037498474121094,111.10250091552734,125.93399047851562,105.14459228515625,44.527530670166016,33.79380416870117,62.77737045288086,88.58901977539062,18.27604103088379,75.3418197631836,60.331703186035156,70.47510528564453,71.60678100585938,19.13497543334961,52.819091796875
2016-04-06,10.583805084228516,61.443363189697266,111.67194366455078,125.8043212890625,105.81654357910156,44.8708610534668,33.92452621459961,62.959415435791016,89.14413452148438,18.3060302734375,75.9410400390625,60.38314437866211,70.98371124267578,72.76040649414062,19.246484756469727,53.525814056396484
2016-04-07,10.248822212219238,61.410972595214844,110.64969635009766,121.92940521240234,104.58991241455078,43.734031677246094,33.67033386230469,62.34710693359375,87.97747802734375,17.781286239624023,75.70721435546875,59.94221115112305,70.52255249023438,72.17430114746094,19.017892837524414,52.92189407348633
2016-04-08,10.272749900817871,62.40868377685547,112.11788177490234,121.8239974975586,104.39458465576172,44.05448913574219,34.04073715209961,62.082340240478516,88.24093627929688,17.80377769470215,76.78872680664062,59.435157775878906,70.73957824707031,72.59295654296875,18.97328758239746,53.46156692504883
2016-04-11,10.344534873962402,61.702510833740234,111.86405944824219,123.38045501708984,103.91801452636719,44.40545654296875,33.72844314575195,62.181644439697266,87.93986511230469,18.073646545410156,76.21870422363281,58.619476318359375,70.43441009521484,72.3975830078125,18.78929328918457,53.53224182128906
2016-04-12,10.583805084228516,63.17314529418945,113.27735900878906,125.09095001220703,104.98835754394531,45.229469299316406,33.880958557128906,62.661537170410156,88.3067855834961,18.42596435546875,76.66448211669922,59.36167907714844,71.3635025024414,73.0488052368164,19.17957878112793,54.193992614746094
2016-04-13,10.998540878295898,63.231468200683594,114.7249755859375,129.58189392089844,104.56644439697266,47.14455032348633,33.43791961669922,63.43104934692383,90.0849609375,19.400493621826172,76.08718872070312,59.93487548828125,71.57373809814453,74.1558837890625,19.27714729309082,54.502410888671875
2016-04-14,11.277692794799805,63.4776611328125,113.68214416503906,130.44114685058594,104.98054504394531,47.754940032958984,33.285404205322266,63.29865646362305,90.48011779785156,19.617883682250977,75.38566589355469,60.0965461730957,71.26175689697266,74.73271942138672,19.17957878112793,54.887901306152344
2016-04-15,11.166029930114746,62.99176025390625,113.8193588256836,128.5037384033203,105.48053741455078,47.205589294433594,33.48149490356445,63.968894958496094,90.9599380493164,19.31053352355957,75.8313980102539,60.69911193847656,71.57373809814453,74.50011444091797,19.252056121826172,54.592350006103516
2016-04-18,11.301618576049805,63.9441032409668,114.66320037841797,128.90908813476562,106.87907409667969,47.51078796386719,33.568660736083984,64.24293518066406,91.891357421875,19.288040161132812,75.79490661621094,61.30169677734375,72.00777435302734,75.77465057373047,19.475074768066406,55.11276626586914
2016-04-19,11.524942398071289,65.11026000976562,115.44538116455078,131.8517303466797,105.81654357910156,48.311912536621094,33.844642639160156,63.45402145385742,91.48683166503906,19.835277557373047,76.23334503173828,61.71324157714844,72.45531463623047,75.12340545654297,19.44998550415039,55.38902282714844
2016-04-20,11.907776832580566,65.8812255859375,114.84844207763672,135.36178588867188,105.6211929321289,49.01386260986328,32.22502899169922,63.39588165283203,92.1077651977539,20.547428131103516,74.85950469970703,60.89753341674805,72.0009765625,75.49555206298828,19.29387092590332,55.768104553222656
2016-04-21,11.883848190307617,65.69335174560547,113.59294128417969,134.01614379882812,105.16024780273438,48.52555465698242,31.709375381469727,62.97236633300781,91.76905822753906,20.434986114501953,73.79987335205078,60.80934524536133,71.20074462890625,75.16064453125,19.08757972717285,55.76166534423828
2016-04-22,12.051338195800781,66.08853912353516,114.10749816894531,135.17535400390625,105.9883804321289,48.80785369873047,32.34850311279297,63.15504455566406,91.68438720703125,20.764820098876953,74.52332305908203,60.500701904296875,71.5601577758789,73.59770202636719,19.157278060913086,56.237125396728516
2016-04-25,11.931700706481934,65.76460266113281,113.58606719970703,133.8296661376953,105.98059844970703,48.52555465698242,32.47196960449219,63.27130889892578,91.2422103881836,20.637386322021484,75.12258911132812,60.69911193847656,71.2549819946289,72.69526672363281,19.36635971069336,56.10863494873047
2016-04-26,12.035383224487305,66.26995086669922,114.64948272705078,134.4376983642578,105.7384033203125,48.77734375,32.34124755859375,63.37928771972656,91.5150146484375,20.652381896972656,74.97642517089844,60.69911193847656,72.04166412353516,73.05809783935547,19.3189640045166,56.30138397216797
2016-04-27,11.979557037353516,67.28060913085938,114.9582290649414,135.3131561279297,106.0587158203125,48.9146614074707,32.450191497802734,63.894161224365234,92.55937194824219,20.7503662109375,74.99834442138672,61.2061767578125,72.19763946533203,73.27210235595703,19.3524112701416,56.83462905883789
2016-04-28,11.796116828918457,66.34120178222656,113.65467834472656,133.18116760253906,103.69924926757812,48.52555465698242,32.413856506347656,62.60694885253906,91.43035888671875,20.524240493774414,75.24678802490234,59.7658576965332,71.1465072631836,72.26732635498047,19.210237503051758,56.55836868286133
2016-04-29,11.6126708984375,66.19868469238281,113.27735900878906,133.03521728515625,104.60552978515625,48.22035217285156,32.53733444213867,63.130149841308594,91.25161743164062,20.3961124420166,75.23949432373047,58.42107009887695,71.2549819946289,71.8580093383789,18.641550064086914,56.79607391357422
2016-05-02,11.780166625976562,66.93077087402344,114.9787826538086,134.7132568359375,106.2931137084961,48.67051696777344,32.66806411743164,63.22980499267578,91.9854736328125,20.54685401916504,75.58299255371094,58.876678466796875,71.04475402832031,72.99301147460938,18.842260360717773,57.265098571777344
2016-05-03,11.453158378601074,65.64152526855469,113.05782318115234,132.24893188476562,105.11336517333984,47.732051849365234,32.56637954711914,62.872703552246094,90.74356079101562,20.267967224121094,75.67796325683594,58.781150817871094,70.78706359863281,71.8115005493164,18.677783966064453,56.60979461669922
2016-05-04,11.269716262817383,65.16856384277344,113.3733901977539,129.76023864746094,105.59776306152344,46.976688385009766,32.66806411743164,62.97236633300781,90.55538940429688,19.808197021484375,76.01412200927734,58.575374603271484,69.92578125,71.69985961914062,18.730754852294922,56.50054168701172
2016-05-05,11.205909729003906,65.70629119873047,110.02537536621094,129.32254028320312,105.21492004394531,46.724910736083984,32.726165771484375,62.399356842041016,90.49893951416016,19.725282669067383,76.15296173095703,57.41432571411133,69.2679672241211,71.96967315673828,18.736331939697266,56.56479263305664
2016-05-06,11.253763198852539,65.99138641357422,110.47818756103516,128.7712860107422,106.01966094970703,46.999576568603516,32.91498947143555,62.73154067993164,90.9599380493164,19.78558349609375,76.70104217529297,57.862586975097656,69.24762725830078,72.30457305908203,19.026254653930664,56.86676025390625
2016-05-09,11.15805721282959,65.01307678222656,111.3426284790039,127.68495178222656,106.44156646728516,46.70201873779297,32.856903076171875,62.98065948486328,90.99757385253906,19.672521591186523,76.93488311767578,58.73706817626953,69.64093780517578,72.76971435546875,19.221393585205078,56.905296325683594
2016-05-10,11.405305862426758,65.60911560058594,112.00125885009766,130.8545684814453,107.43376922607422,47.335296630859375,33.22730255126953,63.93566131591797,91.86316680908203,20.072002410888672,77.8775634765625,58.82524108886719,70.29200744628906,73.68142700195312,19.176790237426758,57.8176383972168
2016-05-11,11.325545310974121,65.52490234375,110.65657043457031,129.23330688476562,104.92584228515625,47.15982437133789,33.01667404174805,62.391056060791016,90.70591735839844,19.86849021911621,77.25642395019531,55.62862777709961,69.47817993164062,72.04116821289062,18.648868560791016,57.53904724121094
2016-05-12,11.277692794799805,66.1597900390625,109.33928680419922,128.13894653320312,104.83995056152344,47.12929916381836,33.285404205322266,62.615272521972656,90.17904663085938,19.7705078125,77.53409576416016,55.55512237548828,69.56018829345703,72.59101867675781,18.772422790527344,58.09624099731445
2016-05-13,11.070323944091797,65.26575469970703,108.23472595214844,125.92584991455078,104.01177215576172,46.69439697265625,32.93678665161133,62.29138946533203,89.71804809570312,19.514236450195312,76.13105010986328,54.29117202758789,68.78801727294922,71.60314178466797,18.236064910888672,57.4418830871582
2016-05-16,11.110201835632324,66.26995086669922,108.80416107177734,125.95829010009766,105.7384033203125,47.04536437988281,33.13288879394531,63.9439811706543,90.46131134033203,19.755430221557617,76.09449768066406,55.246368408203125,69.46454620361328,72.50714874267578,18.539344787597656,58.03144836425781
2016-05-17,11.174010276794434,65.96221160888672,108.87277221679688,125.36653900146484,103.12890625,47.04536437988281,32.50102996826172,63.17166519165039,89.94383239746094,19.717748641967773,74.80835723876953,54.50592803955078,69.08182525634766,71.56586456298828,18.28099250793457,58.00554656982422
2016-05-18,11.71635913848877,65.51045989990234,109.42161560058594,129.65487670898438,102.9492416381836,48.861270904541016,32.30493927001953,65.27267456054688,89.9720687866211,20.531784057617188,73.74144744873047,50.35187911987305,69.22535705566406,72.16232299804688,17.733407974243164,57.88889694213867
2016-05-19,11.58874797821045,65.37300109863281,109.16092681884766,125.40707397460938,102.91796112060547,48.36532974243164,32.188720703125,66.31903839111328,89.09708404541016,20.056926727294922,74.04834747314453,49.655845642089844,69.218505859375,71.64974212646484,19.432336807250977,58.381351470947266
2016-05-20,11.580769538879395,65.33370208740234,110.88981628417969,125.25300598144531,103.01174926757812,48.456878662109375,31.92000961303711,66.28581237792969,89.82154083251953,20.177528381347656,73.1495132446289,50.84059524536133,69.36886596679688,72.38597106933594,19.617666244506836,58.141597747802734
2016-05-23,11.540888786315918,65.06526947021484,111.17112731933594,126.01509094238281,102.67578887939453,48.41871643066406,31.934518814086914,65.49691009521484,89.45462036132812,20.222749710083008,73.38336944580078,50.30004119873047,69.08182525634766,71.95726776123047,19.516578674316406,58.050880432128906
2016-05-24,11.708382606506348,65.5955810546875,112.7765121459961,127.74981689453125,104.19144439697266,49.24274826049805,32.22502899169922,66.10310363769531,90.77175903320312,20.659915924072266,73.87296295166016,50.86280059814453,69.69003295898438,73.97962188720703,19.724376678466797,58.09624099731445
2016-05-25,11.899799346923828,66.63002014160156,112.66675567626953,130.71678161621094,104.06643676757812,49.99046325683594,32.232303619384766,66.38548278808594,90.74356079101562,20.93880271911621,73.87296295166016,51.29969024658203,69.90872955322266,73.68144226074219,19.791770935058594,58.4785041809082
2016-05-26,11.724332809448242,66.4532699584961,112.10418701171875,129.07119750976562,104.73054504394531,49.61660385131836,32.457454681396484,66.56815338134766,90.6777114868164,20.66745948791504,74.46488952636719,51.02571487426758,70.01121520996094,73.62550354003906,19.89566993713379,58.18046951293945
2016-05-27,11.867899894714355,66.79369354248047,112.83824920654297,129.85260009765625,104.64460754394531,49.921810150146484,32.522804260253906,66.72593688964844,91.43035888671875,20.7503662109375,74.50877380371094,51.01830291748047,70.3734130859375,74.2406005859375,19.867591857910156,58.3165283203125
2016-05-31,11.796116828918457,66.12590789794922,113.18131256103516,129.8119659423828,103.75718688964844,49.799713134765625,32.3920783996582,66.54327392578125,90.2260971069336,20.629762649536133,73.93144226074219,50.92945098876953,70.44859313964844,73.56957244873047,19.876014709472656,57.67512512207031
2016-06-01,11.8921480178833,66.21101379394531,112.99605560302734,130.21078491210938,103.52946472167969,50.120174407958984,32.4647216796875,66.65953063964844,90.70591735839844,20.72021484375,74.78034210205078,50.65547561645508,70.3119125366211,73.8305435180664,19.797388076782227,57.81764602661133
2016-06-02,11.956172943115234,65.81819915771484,113.06466674804688,129.6490936279297,103.98493957519531,50.21174621582031,32.47923278808594,67.06643676757812,91.14811706542969,20.561927795410156,75.09690856933594,50.58883285522461,70.42123413085938,74.51089477539062,19.923755645751953,57.35765838623047
2016-06-03,11.540026664733887,65.9032974243164,112.39229583740234,126.71073150634766,103.45877075195312,49.31903839111328,32.711647033691406,66.44357299804688,90.34841918945312,20.004161834716797,75.48715209960938,50.83319091796875,70.46908569335938,74.50157165527344,19.901287078857422,57.253997802734375
2016-06-06,11.620052337646484,66.2372055053711,112.01496124267578,127.84212493896484,101.45616912841797,49.80735778808594,32.95130920410156,65.1480941772461,90.92230987548828,20.237825393676758,75.61225891113281,50.95166778564453,70.46223449707031,75.0607681274414,19.95183563232422,57.88242721557617
2016-06-07,11.484006881713867,67.64482879638672,113.08524322509766,126.3037109375,102.02949523925781,49.639488220214844,32.91498947143555,66.05330657958984,90.9599380493164,19.989089965820312,75.45767974853516,50.52959060668945,70.98161315917969,75.11664581298828,19.94622039794922,58.770050048828125
2016-06-08,11.548027992248535,67.49424743652344,113.03036499023438,125.87230682373047,101.77031707763672,49.78447341918945,33.08203887939453,65.50520324707031,92.19244384765625,20.004161834716797,75.96566772460938,50.81096649169922,71.54198455810547,76.09523010253906,20.016420364379883,58.82189178466797
2016-06-09,11.355962753295898,67.31090545654297,112.59127807617188,124.6757583618164,101.54258728027344,49.4029655456543,33.23456954956055,65.33079528808594,91.27981567382812,19.657438278198242,76.3190689086914,50.12234115600586,71.7332992553711,75.73175811767578,19.96306610107422,58.74412536621094
2016-06-10,11.06786060333252,66.76751708984375,110.36839294433594,122.00596618652344,101.17347717285156,48.70867156982422,33.401611328125,65.0318374633789,89.57691955566406,19.25042724609375,76.06137084960938,50.263023376464844,71.42581176757812,74.7252197265625,19.977109909057617,58.297088623046875
2016-06-13,10.883796691894531,66.84609985351562,110.06656646728516,120.98036193847656,100.38816833496094,48.27376174926758,33.02105712890625,64.35917663574219,88.61727142333984,19.039379119873047,75.8773193359375,49.52995681762695,70.82443237304688,73.06632995605469,19.805809020996094,58.692317962646484
2016-06-14,10.611701011657715,66.30923461914062,109.87396240234375,118.9942398071289,98.3541488647461,47.36581802368164,32.96250534057617,63.17994689941406,88.54200744628906,18.54191780090332,76.00248718261719,49.41889572143555,70.88594818115234,73.22476959228516,19.923755645751953,58.58863067626953
2016-06-15,10.675724029541016,65.88365173339844,109.81204223632812,118.9698486328125,99.36722564697266,47.281883239746094,32.940547943115234,63.9771842956543,87.8175277709961,18.632366180419922,75.7300796508789,49.81134033203125,70.99526977539062,72.85198974609375,19.971492767333984,58.41370391845703
2016-06-16,10.651716232299805,66.1717529296875,111.3320541381836,119.35240936279297,100.01902770996094,47.472633361816406,33.16010665893555,64.91559600830078,88.5137939453125,18.896169662475586,76.45897674560547,49.59661865234375,71.2139663696289,73.01972961425781,20.022035598754883,59.1004524230957
2016-06-17,10.72374153137207,66.49909210205078,111.59342193603516,118.54657745361328,99.84623718261719,47.518402099609375,32.7795295715332,65.12320709228516,87.77051544189453,19.07706642150879,76.1350326538086,49.98165512084961,71.7674789428711,71.75223541259766,19.923755645751953,58.77652359008789
2016-06-20,10.835780143737793,67.17997741699219,113.12030792236328,120.2640380859375,100.22322082519531,47.58708190917969,32.918582916259766,65.26437377929688,88.76778411865234,19.521780014038086,76.10557556152344,50.3444709777832,72.5055160522461,72.07843780517578,19.965877532958984,59.03569030761719
2016-06-21,10.899802207946777,67.59246063232422,112.76268005371094,120.75244140625,100.31745147705078,48.02960205078125,33.02838134765625,65.04847717285156,89.48282623291016,19.747894287109375,76.6282958984375,50.57402420043945,72.89503479003906,72.06913757324219,20.06696891784668,59.30134582519531
2016-06-22,10.891798973083496,66.97048950195312,107.64554595947266,120.58150482177734,100.20751190185547,47.846492767333984,32.83076477050781,65.06505584716797,88.49494934082031,19.891103744506836,76.37796783447266,50.98868179321289,72.40300750732422,71.32353210449219,20.14841079711914,59.06807327270508
2016-06-23,11.235922813415527,68.37812042236328,108.59468841552734,124.2606201171875,100.74939727783203,48.868892669677734,32.99177169799805,65.24779510498047,90.04734802246094,20.569473266601562,76.89334869384766,51.669921875,73.27091217041016,72.90789794921875,20.246692657470703,59.476253509521484
2016-06-24,10.403630256652832,66.71515655517578,103.56005096435547,115.46976470947266,99.26512908935547,45.473628997802734,32.150146484375,63.99380874633789,86.05819702148438,18.48162078857422,75.08218383789062,51.351497650146484,71.35062408447266,69.94426727294922,20.207380294799805,57.91483688354492
2016-06-27,9.74740219116211,65.70686340332031,100.50630187988281,113.55693054199219,97.90650177001953,43.955291748046875,32.04037094116211,63.37928771972656,83.80017852783203,17.795713424682617,75.19264221191406,51.42557144165039,70.91327667236328,68.35059356689453,20.078203201293945,57.57142639160156
2016-06-28,10.163546562194824,66.53832244873047,101.86123657226562,115.9174575805664,100.1525650024414,45.4125862121582,32.33311462402344,64.79931640625,85.07032012939453,18.549453735351562,75.19998168945312,51.64030075073242,71.54198455810547,70.04673767089844,20.081003189086914,58.89961624145508
2016-06-29,10.555683135986328,67.71031188964844,103.34685516357422,118.43262481689453,100.02689361572266,46.69439697265625,32.52338790893555,64.57511138916016,86.67915344238281,19.016765594482422,75.92149353027344,51.83281326293945,72.66954040527344,71.51924133300781,20.34778594970703,59.903865814208984
2016-06-30,10.619705200195312,68.6334228515625,104.39230346679688,120.93965911865234,100.27819061279297,47.411590576171875,33.17472839355469,65.74603271484375,82.8499526977539,19.582067489624023,77.9977035522461,51.699527740478516,73.6125717163086,69.12410736083984,20.50503921508789,60.733158111572266
2016-07-01,10.483657836914062,68.18821716308594,105.80912017822266,120.67101287841797,101.79388427734375,47.10403060913086,33.02105712890625,66.10310363769531,83.59320068359375,19.536848068237305,77.76949310302734,51.86983108520508,74.04994201660156,69.41302490234375,20.446069717407227,60.79792785644531
2016-07-05,10.195555686950684,67.80850219726562,104.66053009033203,117.57794189453125,101.58184814453125,45.7891731262207,33.247920989990234,65.9536361694336,83.01927947998047,18.843412399291992,78.35110473632812,51.64030075073242,74.1114501953125,69.59008026123047,20.53873634338379,60.26667404174805
2016-07-06,10.291590690612793,68.46977233886719,104.16531372070312,118.49772644042969,103.32524871826172,46.281280517578125,33.13081741333008,66.5100326538086,81.8690414428711,18.956470489501953,77.98298645019531,52.210472106933594,73.6125717163086,69.02157592773438,20.72968864440918,60.95990753173828
2016-07-07,10.411632537841797,67.46804809570312,104.95628356933594,119.65357971191406,103.0032730102539,46.58116149902344,32.99909210205078,66.83390045166016,82.79302978515625,19.36349105834961,79.13887786865234,51.89945602416992,73.70140838623047,69.44097137451172,20.648252487182617,60.2277946472168
2016-07-08,10.539676666259766,68.59416198730469,107.44605255126953,122.4048080444336,105.50061798095703,47.54231262207031,33.21133804321289,68.37850952148438,83.50015258789062,19.87602996826172,79.71318054199219,52.80282211303711,74.8426513671875,71.22102355957031,20.735305786132812,60.603572845458984
2016-07-11,10.571687698364258,69.00007629394531,108.05821228027344,123.87805938720703,106.13671112060547,47.88064193725586,33.350372314453125,68.76055145263672,83.67930603027344,19.943864822387695,80.18437957763672,53.71359634399414,75.177490234375,71.31421661376953,20.797082901000977,60.83034133911133
2016-07-12,10.835780143737793,69.91011047363281,110.01153564453125,127.7281723022461,105.8932876586914,48.59572982788086,33.357696533203125,68.87680053710938,84.85789489746094,20.629762649536133,80.09602355957031,54.439273834228516,75.36883544921875,72.20893096923828,20.575244903564453,61.517093658447266
2016-07-13,10.75575065612793,69.82503509521484,110.33478546142578,128.54212951660156,104.8880615234375,48.564964294433594,33.47480773925781,67.8055191040039,85.178466796875,20.471481323242188,80.92060852050781,54.18009948730469,75.71052551269531,72.19029235839844,20.673532485961914,61.471744537353516
2016-07-14,10.923806190490723,69.8577651977539,111.07759857177734,132.3026580810547,105.65768432617188,49.30314636230469,33.43821334838867,68.20413970947266,86.22504425048828,21.104618072509766,80.9574203491211,54.417057037353516,76.19572448730469,72.82400512695312,20.69598960876465,61.517093658447266
2016-07-15,10.931814193725586,70.07377624511719,110.45167541503906,131.57008361816406,105.84616088867188,49.34925842285156,33.39429473876953,67.82213592529297,85.73472595214844,21.11215591430664,80.73654174804688,54.0838508605957,75.87452697753906,72.9731216430664,20.68756866455078,61.62724685668945
2016-07-18,11.291937828063965,69.4583740234375,110.56863403320312,132.9457244873047,107.07125854492188,49.18012237548828,33.39429473876953,68.3225326538086,86.366455078125,21.262910842895508,80.40524291992188,54.76508331298828,75.78569793701172,72.98243713378906,20.735305786132812,61.4328727722168
2016-07-19,11.411981582641602,69.42567443847656,109.82581329345703,131.38291931152344,107.57386016845703,49.10322952270508,33.39429473876953,67.905517578125,87.10186767578125,21.247831344604492,80.64082336425781,54.75767517089844,75.60802459716797,73.36455535888672,20.68476104736328,61.20608901977539
2016-07-20,11.524023056030273,69.13103485107422,110.09405517578125,131.67591857910156,107.91158294677734,49.15705490112305,33.30647659301758,67.73036193847656,87.96935272216797,21.692535400390625,80.19169616699219,55.150123596191406,75.57384490966797,73.9610366821289,20.721261978149414,60.85624313354492
2016-07-21,11.41998291015625,69.00007629394531,108.95230102539062,130.27586364746094,106.8592300415039,48.97249984741211,33.26254653930664,66.84634399414062,87.1773452758789,21.76036834716797,79.94139862060547,55.04644775390625,75.0954818725586,73.42977905273438,20.645437240600586,60.80442428588867
2016-07-22,11.508013725280762,69.1768569946289,110.57550048828125,130.56890869140625,107.212646484375,49.241634368896484,33.5406494140625,67.26335906982422,88.30879211425781,21.798053741455078,80.39051055908203,55.47592544555664,75.41666412353516,74.4736099243164,20.653867721557617,60.9080924987793
2016-07-25,11.50001049041748,67.48114776611328,110.20408630371094,130.65032958984375,107.19692993164062,49.11091613769531,33.350372314453125,67.5468978881836,87.68645477294922,21.956344604492188,80.2653579711914,56.49777603149414,75.23899841308594,73.56957244873047,20.710039138793945,59.73539733886719
2016-07-26,11.628058433532715,67.22582244873047,111.07759857177734,131.17935180664062,107.39323425292969,49.31082534790039,32.84540939331055,67.60529327392578,88.0919418334961,22.031715393066406,79.66160583496094,56.438541412353516,75.42352294921875,73.15018463134766,20.704416275024414,59.30134582519531
2016-07-27,11.708084106445312,66.95085144042969,110.6717758178711,131.04104614257812,107.04766845703125,49.46460723876953,31.76227569580078,67.35509490966797,88.39363861083984,22.02412223815918,79.13153839111328,55.720272064208984,74.35063171386719,73.18748474121094,20.58928871154785,58.89961624145508
2016-07-28,11.74809741973877,66.64311218261719,111.04317474365234,130.66653442382812,108.34352111816406,49.287757873535156,31.94522476196289,68.61445617675781,90.52448272705078,21.902700424194336,79.61009216308594,55.379669189453125,74.30279541015625,73.80258178710938,20.566814422607422,58.43962860107422
2016-07-29,11.596047401428223,67.0948715209961,111.3526840209961,129.26654052734375,108.56338500976562,49.18780517578125,31.93058204650879,68.6227798461914,89.79851531982422,21.804039001464844,80.19169616699219,55.77952194213867,73.87226104736328,72.74014282226562,20.490997314453125,57.6297721862793
2016-08-01,11.468000411987305,64.88851165771484,111.18763732910156,128.75375366210938,108.97960662841797,49.057071685791016,31.798866271972656,68.6478271484375,89.63822174072266,21.629478454589844,80.1990737915039,55.91280746459961,73.81073760986328,72.93582916259766,20.718460083007812,55.62779235839844
2016-08-02,11.307945251464844,65.20276641845703,109.48192596435547,127.02813720703125,107.7623291015625,48.941741943359375,31.85740089416504,68.3642349243164,89.80791473388672,21.250015258789062,80.04447174072266,54.71324157714844,73.43489837646484,72.9544906616211,20.53592872619629,56.39229202270508
2016-08-03,11.588042259216309,65.87055969238281,110.4654769897461,128.8839874267578,107.63664245605469,49.718360900878906,31.93790054321289,68.40594482421875,89.64764404296875,21.568767547607422,79.54383850097656,54.86874771118164,74.00209045410156,73.35523986816406,20.482574462890625,56.68383026123047
2016-08-04,11.588042259216309,65.72652435302734,109.92210388183594,128.64797973632812,106.84354400634766,49.6414680480957,31.8427677154541,67.50521087646484,90.43022155761719,21.462522506713867,79.82357788085938,54.898353576660156,73.69457244873047,74.07284545898438,20.583667755126953,56.67735290527344
2016-08-05,12.044201850891113,65.80508422851562,112.0473403930664,131.9364013671875,107.51886749267578,50.9793815612793,31.82082748413086,68.15572357177734,91.3448257446289,22.01653480529785,80.00028991699219,55.490745544433594,74.34376525878906,74.6879653930664,20.712841033935547,56.72919845581055
2016-08-08,12.108222007751465,66.25684356689453,112.59071350097656,132.5386962890625,106.96916198730469,50.82559585571289,31.791540145874023,68.07233428955078,91.2505111694336,22.10002326965332,79.61742401123047,55.53516387939453,74.4599380493164,74.51089477539062,20.594894409179688,57.39651870727539
2016-08-09,12.15623950958252,66.33541870117188,113.02400970458984,133.0352020263672,106.890625,50.64875030517578,31.81348991394043,67.83882141113281,91.1750717163086,22.266990661621094,79.72052001953125,53.76544952392578,74.93147277832031,74.6134033203125,20.65105628967285,57.46778106689453
2016-08-10,11.85213565826416,65.56285858154297,113.24407958984375,132.0177459716797,106.49014282226562,50.19508743286133,31.915958404541016,67.53855895996094,90.78851318359375,22.092430114746094,80.11809539794922,54.09125900268555,75.0886459350586,74.25921630859375,20.908344268798828,56.461524963378906
2016-08-11,11.908153533935547,66.38780212402344,114.02815246582031,133.3771514892578,107.6209945678711,50.33348083496094,32.01841735839844,68.06401062011719,91.01480102539062,22.297338485717773,79.86779022216797,54.80210876464844,75.78569793701172,74.6693115234375,20.865947723388672,56.664093017578125
2016-08-12,11.932160377502441,66.88536071777344,113.82875061035156,132.880615234375,107.25191497802734,50.22584533691406,32.223331451416016,68.15572357177734,90.62825775146484,22.13796043395996,79.9487533569336,56.13494110107422,75.64116668701172,74.57610321044922,20.891389846801758,57.4024543762207
2016-08-15,12.020195007324219,67.28474426269531,114.44772338867188,134.75270080566406,107.63664245605469,50.53340530395508,32.37701416015625,68.0056381225586,90.92994689941406,22.509841918945312,80.04447174072266,56.37377166748047,75.59988403320312,75.40558624267578,20.730234146118164,57.37630081176758
2016-08-16,12.140235900878906,67.1865463256836,114.67472076416016,134.83407592773438,106.98487854003906,50.52572250366211,32.07697677612305,67.95556640625,90.15681457519531,22.95760726928711,79.5143814086914,56.33646774291992,75.5723648071289,75.31237030029297,20.60865020751953,57.448184967041016
2016-08-17,12.12423038482666,67.62981414794922,114.4821548461914,134.85037231445312,106.92205810546875,50.664127349853516,32.24528503417969,64.11908721923828,90.12850952148438,23.048677444458008,79.86042022705078,52.716548919677734,75.8682861328125,75.47107696533203,20.619956970214844,57.572349548339844
2016-08-18,12.13223648071289,68.509765625,114.99108123779297,135.1678466796875,105.86185455322266,50.71025848388672,32.27456283569336,63.74379348754883,89.82679748535156,23.185287475585938,79.72052001953125,52.47024917602539,76.04032135009766,74.9389419555664,21.007308959960938,58.095069885253906
2016-08-19,12.180251121520996,67.69596099853516,115.98147583007812,135.30624389648438,106.38018798828125,50.64106750488281,32.14282989501953,64.90308380126953,89.77965545654297,23.185287475585938,79.63954162597656,52.33589172363281,76.09537506103516,75.12565612792969,20.586036682128906,57.36975860595703
2016-08-22,12.148237228393555,67.44454956054688,115.47256469726562,135.33059692382812,106.28595733642578,50.59492874145508,32.01110076904297,64.46104431152344,90.31705474853516,23.22323226928711,79.48494720458984,52.537418365478516,75.58609771728516,75.6764907836914,20.5549373626709,57.493927001953125
2016-08-23,12.284286499023438,67.27254486083984,115.95396423339844,135.18409729003906,106.97702026367188,50.57184982299805,32.09159851074219,64.46941375732422,90.78851318359375,23.31430435180664,79.42601013183594,53.030029296875,75.31773376464844,75.43374633789062,20.34853744506836,57.31749725341797
2016-08-24,12.324300765991211,67.61656951904297,115.70635986328125,134.5491943359375,106.0660400390625,50.71025848388672,32.09159851074219,64.18579864501953,90.0719223022461,23.4585018157959,79.5953598022461,53.53756332397461,75.4553451538086,74.95761108398438,20.422048568725586,57.51353073120117
2016-08-25,12.428333282470703,67.41148376464844,113.84937286376953,135.03758239746094,106.35662078857422,50.80251693725586,31.95986557006836,64.61116790771484,90.12850952148438,23.5040340423584,79.42601013183594,52.850887298583984,75.24201965332031,74.9856185913086,20.13648796081543,57.14760971069336
2016-08-26,12.6364107131958,67.03436279296875,113.450439453125,135.09461975097656,105.51629638671875,50.917869567871094,31.703716278076172,64.13578033447266,90.95820617675781,23.64823341369629,79.10945892333984,52.50754928588867,74.98046875,75.21903228759766,20.113866806030273,57.023475646972656
2016-08-29,12.676424026489258,67.51736450195312,113.6017837524414,135.82713317871094,106.20742797851562,51.47916793823242,31.86472511291504,64.36931610107422,91.2505111694336,23.837961196899414,79.50701904296875,53.030029296875,75.09748840332031,75.49909973144531,20.187374114990234,57.395904541015625
2016-08-30,12.95651912689209,67.28578186035156,113.43669128417969,138.40118408203125,105.85221099853516,51.90209197998047,31.645172119140625,63.85221481323242,91.54278564453125,24.429929733276367,78.93273162841797,52.537418365478516,75.27640533447266,75.7791519165039,20.16193199157715,57.18681335449219
2016-08-31,12.9766206741333,66.5447769165039,113.43669128417969,138.4748077392578,105.86799621582031,51.90209197998047,31.784221649169922,63.85221481323242,91.10908508300781,24.33127212524414,79.14997863769531,52.38814926147461,75.16629028320312,75.52710723876953,20.198684692382812,56.93851089477539
2016-09-01,12.847980499267578,66.30001831054688,113.92501831054688,137.69842529296875,105.9548110961914,51.67909240722656,31.72568130493164,63.752166748046875,92.04251861572266,24.217435836791992,79.55036163330078,52.679222106933594,75.3590087890625,75.90052795410156,20.594512939453125,56.74248504638672
2016-09-02,12.86406135559082,66.77635955810547,113.82184600830078,138.24591064453125,106.68099975585938,51.89440155029297,31.952539443969727,64.18579864501953,92.29710388183594,24.202253341674805,79.98040771484375,52.850887298583984,75.42096710205078,76.55401611328125,20.498390197753906,57.1214599609375
2016-09-06,12.687179565429688,67.76876068115234,113.3678970336914,138.36851501464844,105.85221099853516,51.85594940185547,32.047691345214844,63.39350891113281,93.14566802978516,24.09600067138672,80.01747131347656,52.32097244262695,75.3590087890625,77.04883575439453,20.63974952697754,57.87290573120117
2016-09-07,12.622859954833984,68.06648254394531,113.62239074707031,138.64633178710938,104.81816864013672,51.64065933227539,31.93790054321289,62.91812515258789,93.88111877441406,24.050474166870117,79.49104309082031,52.47024917602539,75.34525299072266,77.71170806884766,20.373979568481445,57.65729522705078
2016-09-08,12.75149917602539,68.88687896728516,114.03605651855469,140.27244567871094,103.61041259765625,51.70984649658203,31.93058204650879,61.82555389404297,94.26771545410156,24.316089630126953,79.24637603759766,51.84327697753906,74.9736328125,77.4596176147461,20.30894660949707,58.18653869628906
2016-09-09,12.655016899108887,67.00128173828125,110.89904022216797,137.74745178222656,100.83189392089844,51.248512268066406,30.935277938842773,59.857261657714844,92.54222869873047,23.974567413330078,77.14805603027344,51.49993896484375,74.07205200195312,75.92852783203125,19.876361846923828,56.74248504638672
2016-09-12,12.783658981323242,67.64967346191406,112.56061553955078,139.7821807861328,101.50286102294922,51.56377029418945,31.60857391357422,60.46613311767578,94.39025115966797,24.467878341674805,78.60872650146484,51.72385787963867,74.70520782470703,77.4596176147461,20.34005355834961,57.03654861450195
2016-09-13,12.638938903808594,65.783935546875,110.55429077148438,136.46450805664062,99.23741149902344,51.156246185302734,31.195392608642578,59.281822204589844,93.71141052246094,23.875913619995117,77.5484390258789,51.455169677734375,73.54212188720703,76.45133972167969,20.2043399810791,55.67744827270508
2016-09-14,12.566580772399902,65.1156997680664,109.9338150024414,135.77809143066406,99.6636962890625,51.05628204345703,31.06995964050293,59.315189361572266,93.07024383544922,23.951805114746094,77.8895263671875,50.902854919433594,73.54212188720703,76.07789611816406,20.22130012512207,55.27885055541992
2016-09-15,12.598738670349121,65.83023834228516,110.36126708984375,137.34701538085938,100.21622467041016,51.240821838378906,31.254430770874023,59.473628997802734,93.7868423461914,24.24778938293457,78.20833587646484,51.65668869018555,73.69353485107422,76.56338500976562,20.470111846923828,55.592491149902344
2016-09-16,12.454017639160156,64.73197174072266,109.5477294921875,135.64735412597656,99.54524230957031,50.610294342041016,31.09209442138672,59.17340087890625,93.68312072753906,23.974567413330078,78.0600357055664,51.67162322998047,73.54212188720703,76.61937713623047,20.602998733520508,54.906394958496094
2016-09-19,12.534417152404785,64.86428833007812,111.18172454833984,135.81893920898438,99.68733978271484,50.894813537597656,31.062591552734375,59.473628997802734,93.98481750488281,23.982166290283203,78.34922790527344,51.417842864990234,73.72107696533203,77.03020477294922,20.382461547851562,54.775726318359375
2016-09-20,12.54245662689209,64.63934326171875,112.14006805419922,136.03146362304688,100.11357879638672,51.10240936279297,31.239667892456055,59.523677825927734,94.74854278564453,24.058059692382812,78.81632232666016,51.21633529663086,74.56755065917969,77.00216674804688,20.34853744506836,53.932804107666016
2016-09-21,12.582659721374512,65.91622924804688,119.86886596679688,136.48902893066406,101.12396240234375,51.39460372924805,31.379846572875977,60.090816497802734,95.47453308105469,24.22502326965332,79.43171691894531,51.85074996948242,75.4690933227539,77.6929931640625,20.41073989868164,54.429405212402344
2016-09-22,12.54245662689209,66.1478042602539,119.73096466064453,137.2980499267578,101.629150390625,51.8175048828125,31.697118759155273,60.11582565307617,96.28541564941406,24.467878341674805,79.94335174560547,51.17155838012695,75.47601318359375,77.82372283935547,20.433359146118164,54.58623123168945
2016-09-23,12.47813892364502,65.64498138427734,120.23429107666016,134.93646240234375,100.87138366699219,51.70984649658203,31.5347957611084,60.34101104736328,95.85169219970703,24.217435836791992,79.58744812011719,51.32827377319336,75.159423828125,77.05818176269531,20.455978393554688,54.52741622924805
2016-09-26,12.132414817810059,65.35387420654297,120.8892593383789,131.9538116455078,99.02427673339844,50.57954025268555,31.025697708129883,59.056640625,95.38029479980469,23.549577713012695,79.35758972167969,50.17139434814453,74.90477752685547,76.37665557861328,20.249574661254883,54.27259063720703
2016-09-27,12.293212890625,65.48621368408203,122.24065399169922,133.1060333251953,100.1056900024414,51.02552795410156,31.42411231994629,59.632080078125,95.6537094116211,23.792428970336914,79.69864654541016,50.97003173828125,75.70999145507812,76.70342254638672,20.450326919555664,54.390201568603516
2016-09-28,12.365579605102539,67.58348846435547,120.96510314941406,133.5636444091797,101.2502670288086,51.29463577270508,31.09946632385254,59.84894561767578,95.71028900146484,24.111181259155273,79.61709594726562,50.619239807128906,75.18695068359375,77.4596176147461,20.297643661499023,56.781700134277344
2016-09-29,12.188699722290039,67.00128173828125,120.73760223388672,129.88648986816406,100.98188781738281,50.47957992553711,31.010929107666016,60.057472229003906,94.86170196533203,23.557167053222656,79.89883422851562,50.54458236694336,74.47120666503906,76.4793472290039,19.997940063476562,56.49420928955078
2016-09-30,12.582659721374512,68.09294128417969,120.43421173095703,131.78228759765625,101.57389068603516,51.20236587524414,31.224903106689453,60.224246978759766,95.95543670654297,24.33127212524414,80.64773559570312,51.2611083984375,75.2626724243164,77.20753479003906,20.390945434570312,57.02997589111328
2016-10-03,12.566580772399902,67.78197479248047,120.17223358154297,131.6188201904297,101.43183135986328,51.1408576965332,31.010929107666016,60.207576751708984,96.05912780761719,24.24778938293457,80.26216888427734,51.2611083984375,75.13877868652344,77.35694122314453,20.35984992980957,56.87971496582031
2016-10-04,12.703259468078613,67.00128173828125,119.68962860107422,132.59938049316406,101.19502258300781,51.58232116699219,30.87074851989746,60.632911682128906,95.43684387207031,24.316089630126953,79.40948486328125,51.23872756958008,74.6845474243164,77.23554229736328,20.28633689880371,56.35697937011719
2016-10-05,12.95250129699707,67.63642883300781,120.14466094970703,135.97418212890625,100.70563507080078,52.42655944824219,30.848609924316406,60.25762176513672,96.73101806640625,24.710735321044922,78.60131072998047,50.55951690673828,75.125,77.81439208984375,20.26371192932129,56.84703826904297
2016-10-06,13.040939331054688,67.60335540771484,119.33795928955078,136.58706665039062,102.76582336425781,52.565948486328125,30.77483367919922,60.124168395996094,97.24110412597656,24.581722259521484,78.89047241210938,51.059593200683594,75.09748840332031,77.82372283935547,19.61058807373047,56.87319564819336
2016-10-07,12.968581199645996,67.66287994384766,119.28282928466797,138.777099609375,101.28185272216797,52.75182342529297,30.789581298828125,59.46528244018555,96.58930969238281,24.520999908447266,78.58649444580078,51.529788970947266,74.87723541259766,77.37560272216797,19.42399024963379,56.67715072631836
2016-10-10,13.105260848999023,68.79425048828125,120.11015319824219,139.76580810546875,100.44513702392578,53.162330627441406,30.789581298828125,59.190086364746094,96.9671401977539,24.710735321044922,78.75701904296875,51.39545440673828,75.0493392944336,77.59965515136719,19.22041130065918,57.787960052490234
2016-10-11,12.95250129699707,68.17233276367188,120.02054595947266,138.13148498535156,99.34003448486328,52.90673065185547,30.649402618408203,58.45612716674805,95.7391357421875,24.42234230041504,78.27506256103516,51.044654846191406,74.80843353271484,76.59139251708984,19.053598403930664,57.3305778503418
2016-10-12,12.88818073272705,67.58348846435547,119.64826965332031,138.34393310546875,100.00308227539062,52.767333984375,30.82647705078125,59.48197555541992,95.74856567382812,24.217435836791992,78.6532211303711,50.64908218383789,74.83595275878906,76.78743743896484,19.073400497436523,56.93197250366211
2016-10-13,12.727377891540527,66.68373107910156,117.86254119873047,136.80772399902344,99.68733978271484,52.465248107910156,30.81171417236328,59.29848861694336,95.07788848876953,24.08082389831543,78.53457641601562,50.671470642089844,74.53314971923828,76.43268585205078,19.29109764099121,56.55955123901367
2016-10-14,12.86406135559082,66.8755874633789,117.88323974609375,139.34088134765625,99.78996276855469,52.294864654541016,30.745317459106445,59.506996154785156,95.29515838623047,24.33885955810547,79.20928955078125,50.835670471191406,74.61573791503906,76.97418212890625,19.353303909301758,56.54647445678711
2016-10-17,12.90425968170166,67.06083679199219,117.78668975830078,138.0988006591797,98.77957916259766,52.02378845214844,30.693662643432617,58.65210723876953,95.26679992675781,24.126361846923828,79.22412109375,50.18634033203125,74.34734344482422,76.69407653808594,19.28827476501465,56.54647445678711
2016-10-18,13.073103904724121,67.34532165527344,117.71772003173828,141.0650634765625,99.25322723388672,52.43427658081055,30.966670989990234,58.87004470825195,96.09808349609375,24.528593063354492,79.29825592041016,50.2758903503418,74.41614532470703,76.16194152832031,19.4720516204834,56.696754455566406
2016-10-19,13.241939544677734,67.66287994384766,117.52471923828125,142.6013641357422,99.37158203125,52.93770980834961,31.025697708129883,58.32522201538086,97.04273223876953,24.991544723510742,78.78666687011719,50.40277862548828,74.36111450195312,77.31023406982422,19.477706909179688,56.958126068115234
2016-10-20,13.314303398132324,67.39826965332031,117.00072479248047,142.6013641357422,99.65577697753906,52.86802291870117,30.93715476989746,58.57667922973633,96.87269592285156,24.968772888183594,78.49750518798828,50.5371208190918,73.91376495361328,77.02084350585938,19.432472229003906,56.984256744384766
2016-10-21,13.402742385864258,67.02114868164062,117.345458984375,142.7321014404297,99.93205261230469,53.046146392822266,31.084718704223633,59.21366500854492,97.15609741210938,25.37860107421875,78.3121566772461,50.92525100708008,73.74858856201172,76.88079833984375,19.32220458984375,56.598758697509766
2016-10-24,13.483141899108887,66.59770965576172,118.64163208007812,143.0997772216797,100.86349487304688,53.34047317504883,31.401975631713867,59.490234375,97.47724914550781,25.333053588867188,79.5652084350586,50.94763946533203,74.63639068603516,77.64632415771484,19.562528610229492,56.78824996948242
2016-10-25,13.442941665649414,66.67047119140625,118.5382080078125,143.45115661621094,97.3587646484375,53.2862434387207,31.387222290039062,57.38653564453125,97.1844253540039,25.310287475585938,79.5058822631836,50.716243743896484,74.216552734375,76.58204650878906,19.61058807373047,56.664093017578125
2016-10-26,13.563544273376465,66.9483413696289,119.68270111083984,144.6932373046875,96.86145782470703,53.54183578491211,31.313440322875977,56.46460723876953,97.505615234375,25.4924373626709,79.38724517822266,51.19392776489258,74.74649810791016,76.3206558227539,19.675617218017578,56.905845642089844
2016-10-27,13.595699310302734,66.10812377929688,120.2411880493164,145.2489013671875,96.50621795654297,53.619285583496094,31.07733154296875,56.28858184814453,97.86454010009766,25.820724487304688,79.06101989746094,50.46995162963867,74.38175201416016,76.4793472290039,19.74348258972168,56.79475784301758
2016-10-28,13.410784721374512,68.68839263916016,120.13777160644531,144.75047302246094,97.5481948852539,53.52634811401367,31.15850257873535,56.17963409423828,100.98184967041016,25.59168243408203,79.38724517822266,51.37305450439453,74.12022399902344,76.7594223022461,19.78870964050293,55.396461486816406
2016-10-31,13.266063690185547,69.30370330810547,120.18599700927734,145.64927673339844,96.30892181396484,53.642520904541016,31.283924102783203,55.86116027832031,101.09523010253906,25.629867553710938,79.48363494873047,51.29843521118164,74.16150665283203,77.03020477294922,19.797195434570312,54.442466735839844
2016-11-01,13.35450267791748,70.44828033447266,118.26245880126953,145.5022735595703,94.6354751586914,53.41792297363281,31.07733154296875,55.00625991821289,99.14928436279297,25.469526290893555,79.1203384399414,50.58936309814453,73.52836608886719,76.19927215576172,19.5936336517334,54.65810775756836
2016-11-02,13.249980926513672,69.72711944580078,118.84847259521484,144.29286193847656,94.95123291015625,53.193302154541016,31.025697708129883,55.78571701049805,98.242431640625,25.133604049682617,79.1203384399414,50.94763946533203,73.56965637207031,75.22834014892578,19.636035919189453,54.52741622924805
2016-11-03,13.249980926513672,69.72711944580078,119.72406005859375,143.9905242919922,94.86439514160156,52.9609489440918,31.010929107666016,55.810848236083984,98.03460693359375,25.049619674682617,79.06101989746094,49.76089096069336,73.96881103515625,75.2937240600586,19.68692970275879,54.664642333984375
2016-11-04,13.306260108947754,69.32352447509766,120.51697540283203,143.75360107421875,95.44062042236328,52.480751037597656,30.76007080078125,55.525901794433594,97.32611846923828,25.02670669555664,78.45303344726562,49.65641403198242,73.59718322753906,75.02296447753906,19.554048538208008,54.605831146240234
2016-11-07,13.676100730895996,70.69305419921875,124.1159439086914,148.29685974121094,97.6823959350586,54.12271499633789,31.32819175720215,56.34726333618164,100.09390258789062,25.958158493041992,79.3056869506836,50.40277862548828,75.56546783447266,77.03020477294922,19.729345321655273,55.8342399597168
2016-11-08,13.668061256408691,70.98416900634766,125.00528717041016,148.6564178466797,98.07707214355469,54.2388916015625,31.63808822631836,55.99524688720703,99.84828186035156,26.03449821472168,80.61064910888672,50.04451370239258,77.10017395019531,77.37560272216797,19.732166290283203,56.2363395690918
2016-11-09,14.447951316833496,71.21573638916016,124.90877532958984,157.4081268310547,99.47422790527344,56.732818603515625,31.18801498413086,56.8585090637207,100.31116485595703,27.882108688354492,79.52069854736328,51.35813522338867,78.10505676269531,77.71170806884766,20.102554321289062,56.856014251708984
2016-11-10,15.083108901977539,71.31498718261719,126.56352233886719,164.14149475097656,101.85018920898438,59.36614990234375,30.206707000732422,58.21628189086914,98.7147216796875,29.027326583862305,76.55490112304688,52.64936828613281,78.52782440185547,76.43268585205078,20.18455696105957,57.38337707519531
2016-11-11,15.292150497436523,70.55413818359375,126.64623260498047,166.65016174316406,102.49746704101562,59.39712905883789,30.273103713989258,58.44259262084961,98.82808685302734,29.38615608215332,76.51041412353516,53.25394058227539,79.16541290283203,76.4420166015625,20.13930892944336,56.47367477416992
2016-11-14,16.144397735595703,70.52105712890625,128.3491973876953,170.93203735351562,100.77666473388672,61.581233978271484,30.37639808654785,58.6772575378418,95.54073333740234,30.04273796081543,75.1758041381836,54.32278823852539,78.25060272216797,73.17444610595703,19.930086135864258,56.216609954833984
2016-11-15,16.208715438842773,72.08905029296875,127.81834411621094,172.5745086669922,98.19546508789062,61.465065002441406,30.575603485107422,57.87264633178711,96.80656433105469,30.539003372192383,75.51687622070312,53.77330780029297,78.43773651123047,73.35183715820312,20.193029403686523,57.23176193237305
2016-11-16,15.879073143005371,72.40316009521484,126.73585510253906,168.54598999023438,98.92958068847656,59.947021484375,30.44281005859375,56.17124938964844,98.242431640625,29.920589447021484,75.41307067871094,57.22821044921875,78.1812973022461,74.91890716552734,20.18455696105957,56.52640914916992
2016-11-17,16.144397735595703,72.24943542480469,127.60457611083984,171.2997589111328,101.77123260498047,60.42720413208008,30.33951759338379,56.95071029663086,98.66749572753906,30.516098022460938,75.34635162353516,57.303489685058594,78.65258026123047,75.8450927734375,19.562528610229492,56.18363952636719
2016-11-18,16.080076217651367,72.97113037109375,129.12826538085938,171.88812255859375,101.29763793945312,60.1871223449707,30.184560775756836,58.09056091308594,98.9792251586914,30.86730194091797,75.11648559570312,57.348663330078125,79.06839752197266,75.6111831665039,19.37874984741211,56.216609954833984
2016-11-21,16.345394134521484,73.62600708007812,129.72122192382812,172.48464965820312,101.21080780029297,60.45045471191406,30.516599655151367,58.17436218261719,100.07504272460938,30.966552734375,75.82086944580078,57.58953857421875,79.49114990234375,76.42510986328125,19.613426208496094,57.014217376708984
2016-11-22,16.32127571105957,73.92003631591797,129.6729736328125,172.5091552734375,103.38939666748047,60.82222366333008,30.523983001708984,60.00148010253906,100.06556701660156,30.951276779174805,76.28801727294922,58.61321258544922,79.44261932373047,74.7785873413086,19.82547378540039,57.13945007324219
2016-11-23,16.530319213867188,74.1739730834961,131.07945251464844,173.48974609375,103.57097625732422,61.07780075073242,30.33951759338379,60.15234375,98.77141571044922,31.33302116394043,75.27961730957031,59.07235336303711,80.1703109741211,74.4417724609375,20.026216506958008,57.29766845703125
2016-11-25,16.771520614624023,74.1739730834961,132.0515899658203,172.72975158691406,103.8551254272461,61.0545654296875,30.642026901245117,60.52112579345703,99.87662506103516,31.378829956054688,75.75411987304688,59.170196533203125,80.5722885131836,74.96566009521484,20.13930892944336,57.429534912109375
2016-11-28,16.32127571105957,73.83982849121094,131.01734924316406,171.88812255859375,103.12100982666016,60.65957260131836,30.80434799194336,59.674617767333984,97.63783264160156,30.874921798706055,76.21385192871094,58.50028610229492,80.1772689819336,73.98332977294922,20.12799644470215,57.00104522705078
2016-11-29,16.313236236572266,73.06468963623047,131.21730041503906,173.56846618652344,102.85919189453125,61.1242790222168,30.61833953857422,59.2639274597168,98.07239532470703,30.997085571289062,76.0284652709961,59.01966094970703,80.58613586425781,74.04883575439453,20.178895950317383,56.62532424926758
2016-11-30,17.043560028076172,74.54816436767578,132.1481170654297,179.74888610839844,102.68458557128906,62.09242248535156,30.02307891845703,59.12985610961914,96.54207611083984,31.577329635620117,74.76839447021484,58.13899612426758,80.33663940429688,72.33679962158203,19.913118362426758,57.54817581176758
2016-12-01,17.350210189819336,75.70421600341797,132.50660705566406,185.76539611816406,102.74014282226562,63.34712600708008,29.889142990112305,59.506988525390625,94.63391876220703,32.188114166259766,73.96916198730469,58.57554626464844,80.69007110595703,70.5685806274414,19.980976104736328,57.50861740112305
2016-12-02,17.132328033447266,75.51042175292969,132.92715454101562,183.08505249023438,103.05755615234375,63.199951171875,30.030517578125,60.604949951171875,95.50296783447266,31.9361629486084,75.14186096191406,58.6658821105957,80.63463592529297,70.83988952636719,20.04035186767578,57.37678527832031
2016-12-05,17.624588012695312,75.67747497558594,134.09927368164062,187.3391571044922,102.9067611694336,64.48567199707031,30.223974227905273,60.89828872680664,97.81733703613281,32.13465881347656,75.22402954101562,57.94330596923828,80.78019714355469,72.32743072509766,19.774578094482422,57.66682052612305
2016-12-06,17.882822036743164,75.35004425048828,133.29257202148438,189.65887451171875,102.16085052490234,64.81871032714844,30.186771392822266,60.73067855834961,96.35315704345703,32.45532989501953,75.85145568847656,57.785221099853516,80.76631927490234,72.14028930664062,19.893329620361328,57.71955871582031
2016-12-07,18.213687896728516,76.47266387939453,135.491943359375,193.0851593017578,105.11283111572266,65.1130142211914,30.722503662109375,64.03286743164062,99.42321014404297,32.55457305908203,76.79258728027344,57.93575668334961,82.2078628540039,74.19849395751953,20.10405158996582,58.055755615234375
2016-12-08,18.520347595214844,76.96049499511719,136.1482696533203,197.91310119628906,105.16836547851562,65.92623901367188,30.491836547851562,63.06065368652344,99.01703643798828,33.27224349975586,76.29959869384766,58.59061050415039,82.45733642578125,74.1704330444336,20.030014038085938,58.2205696105957
2016-12-09,18.63332176208496,77.38815307617188,135.82357788085938,198.2410125732422,105.85083770751953,66.21279907226562,31.25078582763672,62.599700927734375,98.62970733642578,33.38676452636719,77.36029052734375,58.25190353393555,82.88700866699219,74.03947448730469,19.955982208251953,58.66881561279297
2016-12-12,18.24596405029297,78.2835922241211,136.54212951660156,194.40481567382812,106.79508972167969,65.62418365478516,31.17638397216797,62.44882583618164,97.56227111816406,32.81415939331055,78.21923828125,57.76261901855469,83.25430297851562,73.44072723388672,20.408742904663086,59.974037170410156
2016-12-13,18.24596405029297,78.46399688720703,138.8771514892578,195.53604125976562,108.35047149658203,65.64741516113281,31.072206497192383,62.56618118286133,97.60004425048828,32.493499755859375,78.89897918701172,58.4626579284668,83.27513122558594,74.0955810546875,20.445770263671875,61.028743743896484
2016-12-14,18.294391632080078,77.4884033203125,136.73553466796875,196.6671905517578,107.90611267089844,65.62418365478516,30.6629695892334,61.652584075927734,97.56227111816406,32.722530364990234,78.03247833251953,58.10136413574219,81.26531219482422,74.03012084960938,20.314773559570312,59.71035385131836
2016-12-15,18.689804077148438,78.21678161621094,136.73553466796875,199.18362426757812,107.79500579833984,66.6078109741211,30.91595458984375,61.74482345581055,98.57303619384766,32.837074279785156,78.65245819091797,57.94330596923828,81.27918243408203,74.37627410888672,20.24073600769043,59.91468811035156
2016-12-16,18.28632164001465,78.9050521850586,135.7406768798828,195.8228759765625,107.21573638916016,65.78683471679688,31.057321548461914,61.149723052978516,97.70396423339844,32.608028411865234,79.0782241821289,57.770172119140625,80.26042175292969,73.30036926269531,20.212257385253906,60.10586166381836
2016-12-19,18.141063690185547,78.61772918701172,136.52825927734375,195.96229553222656,107.47760772705078,66.16633605957031,31.005250930786133,61.11619567871094,97.80789184570312,32.69963455200195,78.73463439941406,57.98845672607422,81.07127380371094,73.06647491455078,20.38311767578125,59.604881286621094
2016-12-20,18.3266658782959,78.81817626953125,137.30198669433594,199.2574005126953,108.80280303955078,67.01827239990234,30.997806549072266,62.2476806640625,98.75253295898438,33.21117401123047,78.35370635986328,58.44760513305664,81.44549560546875,73.30974578857422,20.451457977294922,59.61149215698242
2016-12-21,18.26210594177246,78.79144287109375,132.72850036621094,197.9049072265625,108.58062744140625,67.18868255615234,30.930830001831055,62.18062210083008,98.40299987792969,33.11191177368164,78.20428466796875,58.05619812011719,80.46138000488281,73.10391998291016,20.28630256652832,59.512603759765625
2016-12-22,18.189477920532227,79.36612701416016,131.87872314453125,196.82293701171875,107.46966552734375,67.29713439941406,30.91595458984375,61.191646575927734,98.53526306152344,32.66909408569336,78.6898193359375,55.5045280456543,80.60000610351562,72.87940979003906,19.816442489624023,59.90151596069336
2016-12-23,18.23789405822754,79.13227844238281,132.54891967773438,197.51968383789062,107.16812133789062,67.42103576660156,30.95315170288086,60.59657669067383,98.91311645507812,32.8752326965332,78.4956283569336,55.32386779785156,80.37130737304688,73.11328887939453,19.802204132080078,59.79604721069336
2016-12-27,18.24596405029297,78.99857330322266,131.64385986328125,198.00328063964844,107.33475494384766,67.48300170898438,30.960601806640625,60.53789138793945,98.99813842773438,32.92104721069336,78.5254898071289,55.47441101074219,80.48219299316406,73.30036926269531,19.847768783569336,59.822418212890625
2016-12-28,18.0200138092041,78.79144287109375,130.19302368164062,197.25738525390625,107.18399810791016,66.99505615234375,30.796903610229492,59.984737396240234,97.94011688232422,32.539302825927734,78.14453887939453,54.819557189941406,79.83767700195312,73.25360870361328,19.73670768737793,59.525779724121094
2016-12-29,17.75370979309082,78.7313232421875,129.15672302246094,195.23277282714844,107.207763671875,66.5226058959961,30.95315170288086,59.79197692871094,98.025146484375,32.18046569824219,78.4209213256836,54.661495208740234,79.6852035522461,73.28168487548828,19.722471237182617,59.55873489379883
2016-12-30,17.83440399169922,78.6511459350586,128.6385955810547,196.2737274169922,106.39838409423828,66.8324203491211,30.848979949951172,59.60757827758789,97.53394317626953,32.25682067871094,78.15201568603516,54.36793899536133,79.44955444335938,72.99164581298828,19.68260383605957,59.4994010925293
2017-01-03,18.181411743164062,78.75135803222656,129.67489624023438,198.011474609375,106.58088684082031,67.56046295166016,31.101961135864258,59.46510314941406,99.55548095703125,32.86759948730469,78.1669692993164,54.75934982299805,79.75448608398438,74.37627410888672,19.551616668701172,59.91468811035156
2017-01-04,18.520347595214844,78.7313232421875,130.37265014648438,199.2902069091797,107.52520751953125,67.6850814819336,30.990358352661133,60.185882568359375,100.5000991821289,33.30278015136719,78.31633758544922,55.557212829589844,79.77527618408203,74.98439025878906,19.665523529052734,59.255489349365234
2017-01-05,18.302452087402344,78.39051818847656,130.1654510498047,197.8065948486328,106.25556182861328,67.06204223632812,31.064756393432617,59.565696716308594,101.27629089355469,32.997398376464844,78.2117691040039,54.6163215637207,79.8168716430664,75.8637924194336,19.708236694335938,58.372169494628906
2017-01-06,18.302452087402344,78.07640838623047,131.43655395507812,200.74102783203125,105.96192932128906,67.06982421875,31.057321548461914,59.46510314941406,102.00518798828125,33.47837448120117,78.09971618652344,53.77330780029297,79.97628784179688,76.91161346435547,19.43771743774414,58.3392219543457
2017-01-09,18.197553634643555,77.408203125,131.04969787597656,199.09347534179688,106.58088684082031,67.11656188964844,30.74481201171875,59.565696716308594,101.80641174316406,32.608028411865234,77.2780990600586,53.76576232910156,79.53965759277344,76.48126220703125,19.565860748291016,57.37678527832031
2017-01-10,18.512277603149414,76.82015228271484,130.17225646972656,198.83120727539062,108.00133514404297,67.31124114990234,30.536483764648438,59.683021545410156,101.58869934082031,32.8752326965332,76.1651611328125,53.76576232910156,78.95057678222656,76.06961822509766,19.429168701171875,56.64506912231445
2017-01-11,18.617185592651367,77.46833801269531,130.73883056640625,201.44595336914062,107.68391418457031,67.8174819946289,30.543922424316406,59.724910736083984,102.0525131225586,33.34095001220703,76.04564666748047,53.90125274658203,79.13077545166016,76.52804565429688,19.514598846435547,57.225162506103516
2017-01-12,18.49613380432129,77.62203979492188,129.45375061035156,199.87220764160156,107.18399810791016,67.16326141357422,30.46950912475586,59.99312210083008,102.90444946289062,33.3104133605957,76.06803131103516,53.63028335571289,78.94365692138672,76.12577056884766,19.35513687133789,56.91533660888672
2017-01-13,18.568761825561523,77.7690658569336,129.19818115234375,200.24920654296875,107.16016387939453,67.5215072631836,30.417438507080078,60.470848083496094,102.8949966430664,33.44784164428711,75.85145568847656,52.83241653442383,79.17235565185547,75.93864440917969,19.115936279296875,56.92192840576172
2017-01-17,17.79404640197754,77.70220947265625,128.53497314453125,193.23265075683594,107.86640930175781,65.06831359863281,30.67041015625,60.663612365722656,102.61100006103516,32.18046569824219,76.32948303222656,53.39694595336914,79.0545425415039,76.02284240722656,19.48326873779297,57.58773422241211
2017-01-18,18.26210594177246,77.47504425048828,129.35018920898438,192.044189453125,108.0489501953125,65.37206268310547,30.722503662109375,59.82548904418945,102.85714721679688,32.722530364990234,76.74028015136719,50.31837463378906,79.67132568359375,76.33153533935547,19.395002365112305,56.87580108642578
2017-01-19,18.181411743164062,77.2344741821289,128.6178436279297,189.68348693847656,107.43791961669922,64.87361907958984,30.610891342163086,60.0098876953125,102.73407745361328,32.40951156616211,76.45646667480469,49.21942138671875,79.19315338134766,76.46255493164062,19.255470275878906,55.8540153503418
2017-01-20,18.270177841186523,77.24784851074219,128.31387329101562,190.33106994628906,107.60456848144531,65.1617660522461,30.74481201171875,60.14398193359375,104.08767700195312,32.51640319824219,77.11376190185547,48.24843215942383,79.67132568359375,76.56549072265625,19.130176544189453,56.61869812011719
2017-01-23,18.205617904663086,77.10753631591797,128.12734985351562,190.71629333496094,109.56460571289062,65.19290924072266,30.826675415039062,61.12939453125,103.77530670166016,32.03541564941406,77.68891143798828,48.060264587402344,79.3248291015625,76.8554916381836,18.979251861572266,56.01224136352539
2017-01-24,18.520347595214844,77.76237487792969,132.37620544433594,191.54417419433594,109.5566635131836,65.97947692871094,31.17638397216797,62.32536697387695,104.0498275756836,32.62328338623047,78.2117691040039,48.48179244995117,80.42674255371094,77.86588287353516,19.192825317382812,56.091346740722656
2017-01-25,18.859283447265625,78.34374237060547,133.30191040039062,194.4704132080078,109.09642028808594,66.99974060058594,31.340063095092773,61.533653259277344,104.30542755126953,33.486019134521484,78.1370620727539,48.92586898803711,81.07819366455078,78.49270629882812,19.047595977783203,56.25613784790039
2017-01-26,18.915767669677734,77.88265228271484,133.0463409423828,196.3803253173828,109.87408447265625,67.56045532226562,31.10941505432129,61.67685317993164,103.5386734008789,33.60818099975586,77.7860336303711,48.30113220214844,81.03662109375,77.87523651123047,19.002033233642578,56.42752456665039
2017-01-27,18.85120964050293,76.03833770751953,135.35379028320312,194.22451782226562,109.77091979980469,67.70064544677734,30.84154510498047,61.693695068359375,103.97411346435547,33.47779083251953,77.29304504394531,47.947364807128906,81.84053802490234,78.3710708618164,18.697336196899414,56.368202209472656
2017-01-30,18.520347595214844,74.7219009399414,133.5091552734375,191.72447204589844,109.88207244873047,66.99974060058594,30.789466857910156,61.963199615478516,103.46295166015625,33.07129669189453,77.44987487792969,48.26349639892578,81.10591888427734,78.3055648803711,18.913747787475586,55.93973159790039
2017-01-31,18.270177841186523,74.40785217285156,130.64906311035156,187.97036743164062,109.17578125,65.90940856933594,30.930830001831055,61.55051040649414,100.65157318115234,32.58810806274414,77.5171127319336,48.53446960449219,75.63093566894531,77.37939453125,19.004873275756836,55.30030822753906
2017-02-01,18.471925735473633,74.1739730834961,128.68695068359375,189.076904296875,109.06468200683594,66.15861511230469,30.70016860961914,60.9356689453125,99.39258575439453,32.74917221069336,76.94197082519531,47.92478561401367,73.0112533569336,77.12678527832031,18.859657287597656,54.674068450927734
2017-02-02,18.334739685058594,74.98251342773438,127.54011535644531,188.86376953125,108.67583465576172,65.87824249267578,30.80434799194336,60.59877014160156,99.52511596679688,32.31201171875,77.70384979248047,47.93230438232422,72.83800506591797,76.99581909179688,18.993488311767578,55.0102424621582
2017-02-03,18.794721603393555,75.89130401611328,130.0272216796875,197.50328063964844,109.49317169189453,67.89532470703125,30.908519744873047,61.72737121582031,100.88821411132812,34.07603073120117,78.51053619384766,47.9849967956543,74.12012481689453,80.53219604492188,18.936538696289062,55.069576263427734
2017-02-06,18.657533645629883,75.49706268310547,130.02029418945312,196.7082061767578,108.31078338623047,67.57601928710938,30.923404693603516,61.15467071533203,100.89765167236328,34.22941207885742,78.10719299316406,47.73659896850586,73.50332641601562,80.29830932617188,18.908063888549805,54.917964935302734
2017-02-07,18.479995727539062,74.4345703125,129.8959503173828,196.41305541992188,108.43778991699219,67.53709411621094,31.17638397216797,60.84302520751953,100.9071273803711,34.413475036621094,78.8840103149414,47.84951400756836,73.24689483642578,80.25151824951172,19.047595977783203,54.56199264526367
2017-02-08,18.294391632080078,74.5615234375,129.85452270507812,194.86387634277344,109.41383361816406,66.94522094726562,31.265661239624023,61.01987838745117,101.02072143554688,33.67721176147461,78.94377899169922,48.75275421142578,73.57264709472656,79.60600280761719,19.3095760345459,54.2027702331543
2017-02-09,18.657533645629883,75.01593017578125,130.27589416503906,197.99508666992188,110.0724868774414,67.9109115600586,30.69272804260254,61.92949676513672,101.56977081298828,34.398136138916016,79.15290832519531,49.9871826171875,73.7805404663086,80.06441497802734,19.671220779418945,54.44225311279297
2017-02-10,18.6252498626709,75.54383850097656,131.85800170898438,198.95408630371094,110.97711944580078,67.75513458251953,30.1942138671875,62.30009841918945,101.5413818359375,34.28310775756836,79.25000762939453,49.47535705566406,74.39041137695312,80.36380004882812,19.369375228881836,54.89460372924805
2017-02-13,18.88349151611328,76.1185073852539,133.0393524169922,201.86402893066406,110.99298095703125,68.65076446533203,30.223974227905273,62.24113082885742,102.4974365234375,34.71259307861328,79.56372833251953,49.23224639892578,75.19432067871094,80.86898803710938,19.298179626464844,55.21391296386719
2017-02-14,19.416091918945312,75.90937042236328,132.96334838867188,204.47882080078125,112.17536926269531,69.74885559082031,30.157012939453125,63.77402114868164,103.06537628173828,35.310821533203125,79.86249542236328,49.870365142822266,75.53392028808594,81.25257110595703,19.551616668701172,55.09417724609375
2017-02-15,19.835731506347656,75.94313049316406,134.49024963378906,205.36402893066406,112.83399200439453,70.551025390625,30.090038299560547,64.77627563476562,103.80372619628906,35.655948638916016,79.7205810546875,49.94633483886719,75.55470275878906,82.0539779663086,19.560157775878906,55.32035827636719
2017-02-16,19.835731506347656,74.66805267333984,133.57823181152344,204.46243286132812,112.31819915771484,70.50431060791016,30.655534744262695,64.27932739257812,103.46295166015625,35.3645133972168,80.75882720947266,49.52852249145508,74.8772964477539,81.93214416503906,19.611417770385742,54.748268127441406
2017-02-17,19.78731346130371,74.43193817138672,133.82008361816406,205.2328643798828,113.47676849365234,70.27068328857422,30.6778507232666,64.63308715820312,103.57652282714844,35.39519500732422,80.78121948242188,49.97671890258789,74.65383911132812,81.97901153564453,19.75379753112793,54.389034271240234
2017-02-21,19.997133255004883,75.36968231201172,134.9669189453125,206.36402893066406,115.07974243164062,70.87811279296875,30.848979949951172,65.06263732910156,104.27703857421875,35.70963668823242,81.68502807617188,50.295753479003906,75.22647857666016,82.4101791381836,20.34610366821289,54.475521087646484
2017-02-22,20.005203247070312,74.4656982421875,133.90985107421875,206.3394775390625,115.26226806640625,70.91706848144531,30.95315170288086,64.6836166381836,103.59546661376953,35.67897415161133,81.72237396240234,50.090660095214844,73.75991821289062,82.29769897460938,20.420135498046875,53.83689880371094
2017-02-23,19.835731506347656,74.89743041992188,132.07908630371094,205.89683532714844,114.8337631225586,70.97157287597656,30.997806549072266,63.841407775878906,104.82606506347656,35.724979400634766,81.8194580078125,49.361419677734375,73.38980102539062,82.65389251708984,20.306232452392578,54.40234375
2017-02-24,19.553287506103516,74.29027557373047,133.4124298095703,202.749267578125,115.8177490234375,70.34852600097656,31.08709144592285,64.09403228759766,105.07218933105469,34.919673919677734,82.03610229492188,50.523658752441406,74.1510238647461,82.88822174072266,20.6137752532959,53.93668746948242
2017-02-27,19.827659606933594,75.3899154663086,134.2829132080078,204.3722381591797,115.30195617675781,70.4264144897461,31.005250930786133,64.36356353759766,104.6651382446289,35.157432556152344,81.61778259277344,50.827510833740234,74.53511810302734,82.48514556884766,20.428674697875977,54.24269104003906
2017-02-28,19.916433334350586,75.89590454101562,133.32266235351562,203.86270141601562,114.99243927001953,70.57440948486328,31.22101402282715,62.63698959350586,104.56099700927734,35.02704620361328,82.44691467285156,44.644046783447266,73.85772705078125,82.4289321899414,20.19802474975586,54.096336364746094
2017-03-01,20.640888214111328,76.82685852050781,136.39007568359375,207.68418884277344,116.39704132080078,72.89520263671875,31.369831085205078,68.60001373291016,106.31221771240234,35.90138626098633,82.5243911743164,43.92998504638672,74.63288116455078,83.41312408447266,20.061338424682617,55.227230072021484
2017-03-02,20.42232894897461,76.47607421875,134.51783752441406,206.32818603515625,117.40478515625,71.7581787109375,31.600482940673828,67.71566772460938,105.3845443725586,35.49488830566406,82.8101806640625,44.02113723754883,73.99039459228516,82.98194885253906,20.149608612060547,55.413490295410156
2017-03-03,20.592317581176758,76.60425567626953,134.26910400390625,207.83209228515625,117.29373168945312,72.27217864990234,31.607938766479492,68.7937240600586,105.77263641357422,35.91672134399414,83.1485824584961,43.56535339355469,73.9764175415039,83.22566223144531,19.941736221313477,54.85470962524414
2017-03-06,20.438528060913086,76.3478775024414,133.99276733398438,207.1089630126953,116.75413513183594,71.58684539794922,31.38470458984375,68.23784637451172,105.41292572021484,35.7172966003418,82.44915008544922,42.61580276489258,74.09515380859375,83.36624908447266,19.899015426635742,55.10083770751953
2017-03-07,20.406147003173828,75.43038940429688,133.27423095703125,206.19671630859375,116.57848358154297,71.18963623046875,31.24334716796875,68.08627319335938,105.0343246459961,35.533241271972656,82.21601104736328,41.88655090332031,73.77391815185547,83.4787368774414,19.896175384521484,54.89460372924805
2017-03-08,20.44661521911621,73.94623565673828,133.28118896484375,205.65431213378906,117.29701232910156,71.03386688232422,31.24334716796875,68.49896240234375,105.05322265625,35.57926559448242,82.20097351074219,41.79539489746094,73.83677673339844,83.3849868774414,20.02239418029785,53.903419494628906
2017-03-09,20.519468307495117,74.23628997802734,132.44351196289062,205.60501098632812,117.0574951171875,71.31426239013672,31.273101806640625,68.36417388916016,104.87338256835938,35.80167770385742,81.99040985107422,41.932132720947266,73.95549011230469,83.52560424804688,20.039602279663086,54.329166412353516
2017-03-10,20.48708724975586,74.62084197998047,133.0250701904297,204.1256561279297,117.24113464355469,71.08839416503906,31.466571807861328,68.70950317382812,105.27095031738281,35.655948638916016,82.4190673828125,42.05366516113281,74.53511810302734,84.10676574707031,20.108449935913086,54.289241790771484
2017-03-13,20.478988647460938,73.77079772949219,133.69659423828125,203.9449005126953,117.7042007446289,71.15070343017578,31.54913330078125,68.70950317382812,105.5738754272461,35.47953796386719,82.28369903564453,41.924522399902344,75.06586456298828,84.4629135131836,20.065418243408203,54.162864685058594
2017-03-14,20.49518394470215,72.42829132080078,132.4919891357422,203.58326721191406,117.48860931396484,71.26752471923828,31.50408935546875,69.0126953125,104.58940887451172,35.42586898803711,82.23104858398438,41.59029006958008,74.6049575805664,83.93800354003906,20.28630256652832,53.87681579589844
2017-03-15,20.38185691833496,73.45372009277344,133.79348754882812,202.81076049804688,118.11929321289062,71.4388427734375,31.61668586730957,70.13287353515625,106.0376968383789,35.16510772705078,83.5622329711914,41.453556060791016,75.2404556274414,84.28483581542969,20.246139526367188,54.54869842529297
2017-03-16,20.414243698120117,72.7656021118164,133.68963623046875,203.9941864013672,118.74207305908203,71.36873626708984,31.71428108215332,70.09078216552734,106.65299224853516,35.533241271972656,83.58477783203125,41.468746185302734,75.2823486328125,84.39732360839844,20.205970764160156,54.595272064208984
2017-03-17,20.122838973999023,72.64417266845703,134.71420288085938,200.47677612304688,119.43669128417969,70.62113189697266,31.54913330078125,70.35186004638672,106.8044204711914,34.52852249145508,83.77279663085938,41.2408561706543,75.52676391601562,84.58479309082031,20.048213958740234,54.54869842529297
2017-03-20,19.782873153686523,72.63069915771484,133.108154296875,198.99746704101562,117.99957275390625,70.11489868164062,31.661731719970703,69.3580093383789,106.40687561035156,34.19873046875,83.59230041503906,41.30162811279297,74.80748748779297,83.59123229980469,20.074024200439453,54.54869842529297
2017-03-21,18.63346290588379,72.88704681396484,132.8103790283203,191.48599243164062,117.04951477050781,68.05889129638672,31.901933670043945,68.995849609375,104.7976303100586,32.71849060058594,84.05858612060547,40.55717849731445,74.38147735595703,82.5414047241211,20.05107307434082,54.43562316894531
2017-03-22,18.568706512451172,73.12316131591797,135.63499450683594,189.89988708496094,117.64828491210938,68.16790771484375,31.811847686767578,69.3580093383789,105.49813079833984,32.373374938964844,84.2466049194336,40.70151901245117,74.38846588134766,82.97256469726562,20.151470184326172,54.389034271240234
2017-03-23,18.67392921447754,72.77235412597656,130.97584533691406,190.58201599121094,118.15128326416016,68.05889129638672,31.65422248840332,69.44225311279297,105.6401138305664,32.66481399536133,84.06610870361328,40.36726379394531,73.78089904785156,83.29126739501953,20.039602279663086,54.4555549621582
2017-03-24,18.71440315246582,72.85328674316406,130.23507690429688,187.71377563476562,117.92771911621094,67.98101043701172,31.61668586730957,69.2401123046875,105.99983215332031,32.56511306762695,84.32181549072266,40.352073669433594,73.36190032958984,83.6005859375,19.96788787841797,54.036468505859375
2017-03-27,18.64155387878418,71.69969940185547,129.4873809814453,185.30577087402344,117.25707244873047,67.94204711914062,31.76682472229004,68.6926498413086,105.96198272705078,31.89018440246582,84.10370635986328,40.511600494384766,73.1733169555664,83.3756332397461,19.98223114013672,54.04976272583008
2017-03-28,19.005807876586914,72.30010986328125,131.46047973632812,188.46990966796875,117.52053833007812,69.001220703125,31.849390029907227,69.4001235961914,106.46365356445312,32.58810806274414,84.56999206542969,40.71669006347656,74.15800476074219,83.53497314453125,20.171560287475586,54.44225311279297
2017-03-29,18.900577545166016,72.90727996826172,132.17355346679688,187.7466583251953,117.39278411865234,68.74422454833984,31.841882705688477,69.2401123046875,106.07554626464844,32.825862884521484,84.55493927001953,41.89415740966797,74.0462646484375,83.59123229980469,20.292030334472656,54.5620002746582
2017-03-30,19.32149314880371,72.71161651611328,134.4235076904297,190.0231475830078,117.32098388671875,69.33609008789062,31.97699737548828,69.31593322753906,106.65299224853516,33.309059143066406,84.36692810058594,41.97011947631836,74.48623657226562,83.4318618774414,20.535860061645508,55.67958450317383
2017-03-31,19.0948429107666,72.43505859375,135.1018524169922,188.79037475585938,117.22515106201172,68.40933227539062,31.856884002685547,69.2401123046875,106.46365356445312,32.8565559387207,84.12627410888672,41.924522399902344,74.93317413330078,83.30064392089844,20.676422119140625,54.55534362792969
2017-04-03,19.0948429107666,72.7251205444336,135.247314453125,188.1658172607422,117.0574951171875,68.16012573242188,31.834373474121094,69.09693908691406,106.24595642089844,32.75685501098633,84.12627410888672,41.04335403442383,74.3046646118164,83.75994873046875,20.60470199584961,54.595272064208984
2017-04-04,18.973426818847656,73.30531311035156,135.87728881835938,188.41233825683594,116.83393859863281,68.38727569580078,32.03703689575195,68.71792602539062,106.10394287109375,32.60345458984375,84.2917251586914,40.58757781982422,74.46528625488281,83.21629333496094,20.656339645385742,54.794822692871094
2017-04-05,18.75487518310547,73.2918472290039,135.5865478515625,187.09744262695312,117.07352447509766,67.5100326538086,31.9544677734375,68.74317932128906,106.29362487792969,32.01288986206055,84.18643188476562,40.071006774902344,74.54208374023438,83.45060729980469,20.553070068359375,54.90126037597656
2017-04-06,18.827726364135742,73.7303237915039,135.68345642089844,187.90280151367188,117.55249786376953,67.73715209960938,32.0295295715332,69.0379638671875,106.63508605957031,32.28132247924805,83.91570281982422,40.69392013549805,74.49320220947266,83.50684356689453,20.489967346191406,55.22055435180664
2017-04-07,18.746774673461914,73.44025421142578,135.44805908203125,187.27821350097656,117.46468353271484,67.50218200683594,31.984500885009766,69.18116760253906,106.45489501953125,32.173954010009766,83.93826293945312,40.4432373046875,73.31998443603516,83.17878723144531,20.91164207458496,55.054256439208984
2017-04-10,18.63346290588379,73.82476806640625,135.5242156982422,188.10821533203125,118.32696533203125,67.26720428466797,32.0445442199707,69.41698455810547,106.53075408935547,32.143280029296875,84.2466049194336,40.86103820800781,74.3186264038086,83.29126739501953,20.957534790039062,55.300411224365234
2017-04-11,18.552513122558594,73.5144271850586,133.60658264160156,187.16317749023438,118.31890106201172,67.14970397949219,32.022029876708984,69.40853881835938,106.33158874511719,31.89018440246582,84.02851867675781,40.80026626586914,73.8507308959961,83.28189849853516,21.06367301940918,55.107486724853516
2017-04-12,18.333965301513672,73.5144271850586,128.9820098876953,185.52774047851562,116.99365234375,66.89125061035156,32.232215881347656,68.95374298095703,105.72457122802734,31.499042510986328,85.44237518310547,40.564781188964844,72.78923034667969,83.12254333496094,21.06653594970703,55.19397735595703
2017-04-13,18.08303451538086,71.5782470703125,127.19591522216797,183.53065490722656,116.49063110351562,66.10796356201172,32.119606018066406,68.27153015136719,105.48746490478516,31.20758056640625,84.74295043945312,40.55717849731445,72.44703674316406,83.30064392089844,20.983348846435547,54.34248733520508
2017-04-17,18.46347999572754,71.62548828125,128.448974609375,185.94686889648438,117.60834503173828,67.25154113769531,32.32979202270508,69.02114868164062,106.86271667480469,31.821157455444336,85.22429656982422,40.77748107910156,73.23619842529297,84.18170166015625,21.080883026123047,54.2692985534668
2017-04-18,18.38252830505371,71.294921875,127.11280059814453,177.17794799804688,117.96761322021484,66.7032470703125,32.6375617980957,69.17272186279297,106.720458984375,31.606409072875977,85.94628143310547,40.71669006347656,72.69844818115234,84.10676574707031,21.195621490478516,53.9167366027832
2017-04-19,18.406810760498047,70.31670379638672,127.07823944091797,175.94520568847656,117.53649139404297,66.15496826171875,32.44989013671875,69.05482482910156,106.50234985351562,32.24297332763672,85.44989013671875,40.937007904052734,72.94986724853516,84.12548065185547,21.24725914001465,53.544212341308594
2017-04-20,18.67392921447754,70.75521850585938,129.09971618652344,179.20787048339844,118.73413848876953,67.00872039794922,32.34480285644531,70.14971160888672,108.68376159667969,32.59577941894531,85.42733001708984,41.50674057006836,73.69707489013672,85.43775177001953,21.456668853759766,53.89012908935547
2017-04-21,18.38252830505371,70.7619400024414,128.2689666748047,178.22166442871094,119.75601959228516,66.20195007324219,32.32979202270508,70.30133056640625,108.3802490234375,32.05891036987305,85.30703735351562,41.61307907104492,73.86471557617188,85.43775177001953,21.496822357177734,53.67724609375
2017-04-24,19.12722396850586,71.46354675292969,130.5396728515625,183.448486328125,121.26493835449219,68.53611755371094,32.487422943115234,71.18938446044922,109.73655700683594,33.40876007080078,85.97634887695312,41.64348220825195,74.70272827148438,86.0938949584961,21.450923919677734,53.95663833618164
2017-04-25,19.4105224609375,72.0032730102539,130.82351684570312,186.2509307861328,122.17504119873047,69.13136291503906,32.35981750488281,71.47696685791016,110.1443862915039,33.95330810546875,85.85601806640625,41.89415740966797,74.97505187988281,86.33756256103516,21.52837371826172,54.36907958984375
2017-04-26,19.337678909301758,71.56477355957031,131.245849609375,185.89752197265625,123.12513732910156,69.2645263671875,32.4573974609375,72.0859146118164,110.18231201171875,34.02998733520508,85.23181915283203,42.524654388427734,75.1566390991211,86.0657730102539,21.63737678527832,54.1495475769043
2017-04-27,19.143413543701172,71.15325164794922,132.7204132080078,185.5770263671875,124.64205169677734,68.62223815917969,32.28474807739258,72.11973571777344,111.06436157226562,33.54463577270508,84.712890625,42.608211517333984,76.00164794921875,85.85955810546875,21.640239715576172,54.05643081665039
2017-04-28,18.892475128173828,71.98302459716797,131.32888793945312,183.92514038085938,124.62606048583984,68.14445495605469,32.38984298706055,71.78987884521484,110.32457733154297,33.41366195678711,85.1942138671875,42.42588806152344,75.0448989868164,85.5033950805664,21.565662384033203,54.315879821777344
2017-05-01,19.111038208007812,71.45680236816406,130.3112335205078,184.7880859375,123.11712646484375,68.19145202636719,32.4423942565918,71.3839111328125,110.37200164794922,33.69871139526367,84.44214630126953,42.36511993408203,74.40242004394531,85.54084777832031,21.580005645751953,54.58860778808594
2017-05-02,19.04627799987793,71.07903289794922,130.86508178710938,185.00997924804688,123.70794677734375,67.75282287597656,32.56999206542969,72.21278381347656,112.03182220458984,33.39824295043945,84.44966125488281,42.66138458251953,74.66779327392578,86.74063110351562,21.663196563720703,54.581966400146484
2017-05-03,19.24054527282715,71.99652862548828,131.481201171875,185.98793029785156,123.74787139892578,68.14445495605469,32.517459869384766,72.33966827392578,111.28251647949219,33.4984016418457,84.07362365722656,43.55775833129883,74.96808624267578,86.64692687988281,21.732038497924805,55.01435089111328
2017-05-04,19.305301666259766,70.70797729492188,132.36048889160156,186.21807861328125,123.6360855102539,68.22280883789062,32.77266311645508,72.2297134399414,111.84211730957031,33.34431838989258,84.95353698730469,43.51978302001953,74.75860595703125,86.81564331054688,21.89841651916504,54.30921173095703
2017-05-05,19.216257095336914,71.36912536621094,133.2119903564453,186.4481201171875,124.3307113647461,68.14445495605469,32.795188903808594,72.73716735839844,111.44376373291016,33.19021987915039,85.14905548095703,43.542572021484375,75.0239486694336,86.31883239746094,21.94430923461914,54.5620002746582
2017-05-08,19.394336700439453,71.96953582763672,132.30508422851562,184.93605041503906,125.2568359375,68.22280883789062,32.945308685302734,72.73716735839844,110.59963989257812,33.14400863647461,85.14905548095703,43.52737808227539,75.08680725097656,86.15950012207031,21.835309982299805,55.1407585144043
2017-05-09,19.4105224609375,70.89012908935547,132.0835418701172,183.89231872558594,125.88749694824219,67.9486312866211,32.660072326660156,72.61030578613281,110.40995025634766,32.99761962890625,84.7730484008789,44.11989212036133,74.38147735595703,86.2344970703125,22.007413864135742,54.75492477416992
2017-05-10,19.548131942749023,71.84811401367188,131.363525390625,184.81272888183594,126.2468032836914,68.48126983642578,32.705108642578125,72.7879409790039,110.63758850097656,33.205623626708984,84.86328887939453,44.37057113647461,73.39679718017578,86.46884155273438,22.148921966552734,55.00337600708008
2017-05-11,19.483373641967773,71.65248107910156,132.11814880371094,184.71412658691406,124.70592498779297,68.26980590820312,32.780174255371094,71.63766479492188,110.52375793457031,33.02843475341797,85.01371002197266,42.58542251586914,73.31233215332031,86.3282241821289,21.98431396484375,55.47343444824219
2017-05-12,19.426712036132812,71.48382568359375,132.68580627441406,183.11973571777344,125.28072357177734,68.08180236816406,32.72011947631836,71.73915100097656,111.09284973144531,32.920570373535156,84.91594696044922,42.38790512084961,73.29824829101562,86.91874694824219,21.8630313873291,55.433128356933594
2017-05-15,19.475278854370117,72.08421325683594,134.8319549560547,185.00997924804688,125.60807800292969,68.41079711914062,32.8252067565918,72.05208587646484,112.11717224121094,33.45988082885742,85.69058990478516,42.50309753417969,74.11481475830078,87.38739776611328,22.03052520751953,55.601016998291016
2017-05-16,19.418621063232422,72.35408020019531,134.40272521972656,185.40447998046875,126.35057067871094,68.62223815917969,32.915287017822266,72.19588470458984,112.38275909423828,33.42136764526367,85.57776641845703,41.87342071533203,73.5586929321289,87.31241607666016,21.689773559570312,55.433128356933594
2017-05-17,18.269207000732422,71.352294921875,129.79891967773438,175.6411590576172,124.61808776855469,66.00611877441406,32.975345611572266,70.83416748046875,110.77985382080078,31.564613342285156,85.54016876220703,42.26504898071289,72.41131591796875,86.16214752197266,21.69265365600586,55.05709457397461
2017-05-18,18.406810760498047,71.67259216308594,130.6573486328125,176.82456970214844,124.30670166015625,65.7633285522461,32.87775802612305,71.087890625,110.24871063232422,31.826568603515625,85.75824737548828,42.87168502807617,72.6365737915039,86.11520385742188,22.39148712158203,54.89594268798828
2017-05-19,18.657745361328125,72.59261322021484,131.10044860839844,177.0135955810547,124.78573608398438,66.40559387207031,32.95281219482422,71.54463958740234,111.5196304321289,32.204063415527344,85.5025634765625,42.99455261230469,72.79846954345703,86.83822631835938,22.746681213378906,55.01679611206055
2017-05-22,18.649646759033203,72.32001495361328,132.6789093017578,177.53135681152344,124.51432037353516,66.34294128417969,33.16299057006836,71.087890625,112.86647033691406,32.09622573852539,86.26213073730469,42.58757400512695,73.05188751220703,87.61759948730469,22.683149337768555,55.25853729248047
2017-05-23,18.932950973510742,72.42223358154297,133.65505981445312,180.50634765625,123.61216735839844,67.1732177734375,33.32062530517578,69.64160919189453,113.43555450439453,32.68174362182617,86.52536010742188,41.84270477294922,73.34754180908203,88.13402557373047,22.665822982788086,55.45329666137695
2017-05-24,18.90867042541504,72.38815307617188,133.80044555664062,183.9497833251953,123.74787139892578,67.1340560913086,33.801025390625,67.5356216430664,114.47882843017578,32.84352493286133,87.28495788574219,41.566261291503906,73.71355438232422,89.02607727050781,22.5676326751709,55.25853729248047
2017-05-25,18.81963348388672,71.6317138671875,134.86656188964844,182.83213806152344,124.91351318359375,66.85206604003906,34.086265563964844,68.78739166259766,115.63594818115234,32.84352493286133,88.3904800415039,41.62001037597656,74.57232666015625,89.24205017089844,22.613842010498047,54.89594268798828
2017-05-26,18.811534881591797,71.36592102050781,134.4857635498047,183.70326232910156,123.66802215576172,66.85990142822266,34.07126998901367,68.4321517944336,115.36090087890625,33.005340576171875,88.67626953125,41.77359390258789,74.5230712890625,88.89462280273438,22.56186294555664,54.76161575317383
2017-05-30,18.544414520263672,70.91614532470703,134.2227325439453,180.1080322265625,123.56360626220703,65.71633911132812,34.10127639770508,67.16349029541016,115.3798828125,32.57387924194336,88.75147247314453,42.188255310058594,75.1847152709961,88.94156646728516,22.5676326751709,54.45943832397461
2017-05-31,18.199275970458984,70.52085876464844,134.19500732421875,174.20394897460938,123.26653289794922,64.34559631347656,34.13130569458008,66.62216186523438,116.5464859008789,32.15784454345703,88.49781036376953,42.34952163696289,74.59345245361328,89.42047882080078,22.697586059570312,54.0565299987793
2017-06-01,18.37793731689453,71.05924987792969,137.32420349121094,177.296142578125,124.58341979980469,65.05838012695312,34.37151336669922,68.02617645263672,117.0396728515625,32.828125,88.77043151855469,42.741146087646484,75.78306579589844,89.58008575439453,23.04700469970703,54.190853118896484
2017-06-02,18.231760025024414,70.26873016357422,140.61265563964844,175.89439392089844,124.7440185546875,64.72942352294922,34.44658660888672,67.84854125976562,118.74687957763672,32.75878143310547,89.10359954833984,42.63362121582031,75.79010772705078,90.2843246459961,22.992136001586914,53.38502883911133
2017-06-05,18.199275970458984,70.32322692871094,140.0172576904297,176.45506286621094,124.29436492919922,64.84689331054688,34.52164840698242,67.18887329101562,119.41082000732422,33.04383850097656,89.2625961303711,42.71810531616211,75.98719024658203,90.659912109375,23.176952362060547,53.80136489868164
2017-06-06,18.053096771240234,70.9911117553711,140.65414428710938,176.90037536621094,123.82058715820312,64.98003387451172,34.51414108276367,66.5629653930664,118.78480529785156,33.08235549926758,89.12631225585938,41.91181945800781,75.62114715576172,89.9462890625,22.79288101196289,54.53334045410156
2017-06-07,18.353567123413086,70.71849060058594,142.71717834472656,177.93104553222656,124.43084716796875,65.7241439819336,34.16133117675781,65.7933120727539,118.73741149902344,33.34431838989258,88.63412475585938,41.82733917236328,75.09321594238281,90.22799682617188,22.856416702270508,54.33185958862305
2017-06-08,18.654052734375,70.87523651123047,142.50259399414062,180.3883819580078,123.25855255126953,66.53874969482422,33.87609100341797,65.66644287109375,118.32957458496094,33.97605514526367,87.7557144165039,41.95021057128906,75.14248657226562,90.22799682617188,22.79288101196289,54.13713073730469
2017-06-09,19.222524642944336,72.51081848144531,142.8902587890625,183.42294311523438,122.82488250732422,68.11314392089844,34.01871109008789,66.52067565917969,116.69823455810547,34.60011672973633,87.7936019897461,43.69334030151367,75.33956909179688,88.79132843017578,22.93438148498535,55.15110397338867
2017-06-12,19.311857223510742,73.62847137451172,144.7733154296875,182.98585510253906,122.19857025146484,68.12881469726562,34.02622604370117,66.84208679199219,114.53575134277344,34.55389404296875,88.01318359375,44.43820571899414,76.68407440185547,87.79597473144531,22.882404327392578,55.688316345214844
2017-06-13,19.303739547729492,73.68980407714844,144.9810028076172,184.87416076660156,123.6520004272461,68.35594177246094,34.079200744628906,67.36647033691406,116.01532745361328,34.78502655029297,88.08133697509766,44.061927795410156,77.32461547851562,89.27960968017578,22.9632568359375,55.708457946777344
2017-06-14,19.29561424255371,72.64712524414062,144.62100219726562,186.7789764404297,125.87625122070312,68.21495819091797,34.28355026245117,68.1361083984375,116.18606567382812,34.60011672973633,88.87642669677734,44.43051528930664,77.00081634521484,89.50497436523438,23.0729923248291,55.11081314086914
2017-06-15,19.11695098876953,72.4631118774414,145.69406127929688,184.07431030273438,125.8842544555664,67.80767059326172,34.245704650878906,67.9923324584961,115.16172790527344,34.43061447143555,88.75526428222656,42.58757400512695,77.61322784423828,88.42514038085938,22.787105560302734,55.23841094970703
2017-06-16,19.027618408203125,73.83973693847656,145.7287139892578,182.9033966064453,125.77985382080078,67.50218200683594,34.291107177734375,67.49333953857422,115.67386627197266,34.26883316040039,88.49026489257812,40.399070739746094,77.84548950195312,88.42514038085938,21.727310180664062,56.06435775756836
2017-06-19,19.417428970336914,73.23320007324219,146.04022216796875,186.4656219482422,127.52239990234375,68.98255920410156,34.344093322753906,68.57593536376953,116.74563598632812,35.22416305541992,88.81584930419922,39.70795440673828,78.04261779785156,89.00727844238281,21.802391052246094,55.574153900146484
2017-06-20,19.07634925842285,72.56534576416016,144.99932861328125,185.6162872314453,126.60694122314453,68.55176544189453,34.518150329589844,68.05155181884766,116.5938720703125,35.05467224121094,89.31562042236328,39.09363555908203,77.15567779541016,88.62229919433594,21.813941955566406,55.27197265625
2017-06-21,18.783992767333984,71.20915985107422,147.3240509033203,183.464111328125,125.73973846435547,68.23847961425781,34.222991943359375,66.93511962890625,116.755126953125,34.60011672973633,88.91427612304688,38.794158935546875,76.86004638671875,88.7725601196289,22.01607894897461,54.687774658203125
2017-06-22,18.621562957763672,71.18189239501953,146.85906982421875,181.22122192382812,124.84845733642578,68.16012573242188,34.10947036743164,66.25848388671875,116.94483947753906,34.368988037109375,87.95259857177734,38.87862777709961,76.77559661865234,88.21853637695312,21.808164596557617,54.44602966308594
2017-06-23,18.532238006591797,71.55672454833984,149.44056701660156,179.09375,121.49996948242188,68.03482055664062,34.245704650878906,64.33856964111328,117.61824798583984,33.66019821166992,88.56595611572266,38.97845458984375,77.62025451660156,89.74909210205078,21.61180305480957,54.80191421508789
2017-06-26,18.589086532592773,70.97064971923828,149.44754028320312,181.77371215820312,121.5882797241211,68.33243560791016,34.38192367553711,64.87141418457031,117.15349578857422,33.899024963378906,88.68712615966797,39.531341552734375,78.14115905761719,89.41107177734375,21.802391052246094,54.55347442626953
2017-06-27,18.897689819335938,70.92295837402344,148.73272705078125,181.6417694091797,122.24674987792969,68.96691131591797,34.094337463378906,64.5584716796875,116.41365051269531,34.06852340698242,87.7936019897461,39.98439407348633,77.19792175292969,89.110595703125,21.949663162231445,54.4661750793457
2017-06-28,19.393070220947266,71.06607055664062,150.6896514892578,184.0660858154297,123.0417251586914,70.35325622558594,34.298683166503906,65.14204406738281,118.37699127197266,34.14556884765625,88.12676239013672,39.976715087890625,77.48652648925781,90.35945892333984,22.094057083129883,54.74820327758789
2017-06-29,19.750391006469727,70.95703887939453,149.35726928710938,185.04737854003906,122.18250274658203,71.39503479003906,33.927852630615234,64.78681945800781,115.24706268310547,34.47685623168945,87.21808624267578,39.999752044677734,77.27532958984375,88.65987396240234,21.926563262939453,54.190853118896484
2017-06-30,19.70166778564453,71.10014343261719,150.81460571289062,182.97763061523438,123.17823791503906,71.59085845947266,33.94296646118164,65.57340240478516,115.19019317626953,34.330467224121094,87.45284271240234,40.15332794189453,77.84548950195312,88.05892181396484,21.854373931884766,54.21099853515625
2017-07-03,20.042753219604492,72.44268798828125,150.84925842285156,187.41397094726562,123.66802215576172,73.04785919189453,33.87487030029297,66.19084930419922,114.5547103881836,35.13942337036133,87.41497039794922,40.42976760864258,77.85960388183594,87.65513610839844,21.761966705322266,55.130977630615234
2017-07-05,20.23765754699707,71.29778289794922,151.4945831298828,188.04058837890625,122.60811614990234,73.78031921386719,33.92026138305664,65.43807983398438,115.90399932861328,35.56315231323242,87.30897521972656,40.05351257324219,77.7962417602539,88.27487182617188,21.750410079956055,54.29157257080078
2017-07-06,20.06711196899414,70.7525863647461,149.21847534179688,186.9274444580078,122.0942153930664,73.54402923583984,33.602420806884766,64.77836608886719,114.7827377319336,35.54005813598633,87.18020629882812,39.5006103515625,76.89521026611328,87.5612564086914,21.793725967407227,53.80136489868164
2017-07-07,20.164567947387695,70.52767944335938,151.6334228515625,185.76473999023438,122.23872375488281,73.9142074584961,33.594844818115234,65.25203704833984,116.11299896240234,35.47840881347656,87.46794891357422,39.21649932861328,77.68360137939453,88.19036865234375,21.753293991088867,53.8685302734375
2017-07-10,20.213293075561523,70.22102355957031,151.88327026367188,186.22653198242188,121.3955307006836,73.3944091796875,33.58727264404297,65.05747985839844,116.61661529541016,35.432186126708984,86.52898406982422,38.53307342529297,77.57803344726562,89.28900909423828,21.14687156677246,53.828243255615234
2017-07-11,19.977783203125,70.2755355834961,150.9603271484375,187.14181518554688,120.92985534667969,73.11085510253906,33.549442291259766,64.49079895019531,118.04190826416016,35.03926086425781,86.127685546875,38.70968246459961,77.4794692993164,89.5894775390625,21.21617889404297,54.12370300292969
2017-07-12,19.774765014648438,70.8002700805664,151.50157165527344,187.50465393066406,122.52776336669922,72.85884857177734,33.6856689453125,64.4654312133789,119.03959655761719,34.63864517211914,86.90762329101562,39.06291198730469,77.83142852783203,90.31251525878906,21.351909637451172,54.36545181274414
2017-07-13,19.994020462036133,70.96383666992188,151.25869750976562,189.98666381835938,123.08988952636719,73.32353210449219,33.62511444091797,64.71916198730469,119.22013854980469,35.07008361816406,86.33969116210938,40.93659973144531,78.24674987792969,90.087158203125,21.672439575195312,54.372169494628906
2017-07-14,19.661060333251953,71.17510223388672,152.01507568359375,188.5023956298828,122.76062774658203,72.65409851074219,33.81431579589844,64.33009338378906,120.68341827392578,34.823543548583984,87.02877807617188,40.87515640258789,79.12664031982422,91.0167465209961,22.04496192932129,54.5803108215332
2017-07-17,19.506763458251953,71.01837921142578,149.53079223632812,189.04664611816406,123.57164001464844,71.97677612304688,33.8521728515625,64.64305114746094,121.08251190185547,34.9237060546875,87.02877807617188,41.25910186767578,78.85913848876953,90.92283630371094,22.053621292114258,54.298282623291016
2017-07-18,19.409311294555664,70.68444061279297,146.4496612548828,184.14024353027344,122.19050598144531,71.7247314453125,33.80674743652344,64.2455062866211,121.36756134033203,34.777313232421875,87.08935546875,41.25910186767578,78.71836853027344,91.62709045410156,22.004531860351562,54.12370300292969
2017-07-19,19.539243698120117,71.188720703125,147.72653198242188,183.77748107910156,123.09793090820312,71.82711791992188,33.927852630615234,64.98135375976562,121.66212463378906,35.91756820678711,87.33924865722656,41.54322814941406,79.53489685058594,92.25621795654297,21.909236907958984,54.29157257080078
2017-07-20,19.44179916381836,71.30459594726562,147.03257751464844,183.3074493408203,118.06317901611328,71.82711791992188,33.92026138305664,61.36988830566406,122.07068634033203,35.83280563354492,87.46794891357422,41.91181945800781,79.24629974365234,92.12476348876953,21.95254898071289,54.298282623291016
2017-07-21,19.328102111816406,70.36410522460938,147.46978759765625,181.55934143066406,117.75804138183594,71.5829849243164,34.079200744628906,62.45248031616211,122.83088684082031,35.89445495605469,88.31607055664062,42.11146545410156,79.31668090820312,93.52384948730469,21.990093231201172,53.80136489868164
2017-07-24,19.417428970336914,70.33004760742188,147.58773803710938,179.91012573242188,116.09586334228516,71.89012145996094,33.93539810180664,63.2009162902832,123.06842803955078,35.98689651489258,87.93746185302734,41.50483322143555,78.94361114501953,94.24687957763672,22.203786849975586,53.63349533081055
2017-07-25,19.880332946777344,71.14102935791016,148.76051330566406,182.7137451171875,118.01500701904297,73.08724975585938,34.238128662109375,64.3746109008789,123.50550079345703,36.680294036865234,88.17976379394531,42.311119079589844,79.69680786132812,93.89008331298828,22.67448616027832,53.90209197998047
2017-07-26,19.661060333251953,71.63851928710938,148.2470245361328,183.26622009277344,117.79017639160156,72.40202331542969,34.616546630859375,64.62127685546875,124.46516418457031,36.37212371826172,88.7401351928711,42.2036247253418,79.04216003417969,94.69762420654297,22.78421974182129,53.96925735473633
2017-07-27,19.579853057861328,72.31319427490234,144.02090454101562,182.63128662109375,118.62525939941406,72.10277557373047,34.90412902832031,65.48876190185547,122.50776672363281,36.472816467285156,88.85371398925781,43.040626525878906,75.87457275390625,93.49568939208984,23.038339614868164,54.27813720703125
2017-07-28,19.5148868560791,73.68299865722656,144.36788940429688,184.38771057128906,118.90632629394531,71.89012145996094,34.82088088989258,65.04651641845703,121.5385971069336,36.1397590637207,88.30091857910156,43.08670425415039,77.19087219238281,93.10132598876953,23.04700469970703,53.452186584472656
2017-07-31,19.58797836303711,74.41219329833984,144.36090087890625,185.80593872070312,120.12687683105469,72.29967498779297,34.692230224609375,65.82898712158203,121.43408966064453,36.32564926147461,88.30091857910156,43.5167236328125,77.63433837890625,93.48628997802734,23.098983764648438,53.74763870239258
2017-08-01,19.8559627532959,75.49575805664062,143.4448699951172,187.1830596923828,120.32760620117188,73.26837158203125,34.58626937866211,66.19470977783203,123.0399398803711,36.56575012207031,87.77843475341797,43.66263198852539,77.54988098144531,94.7164077758789,23.246257781982422,53.83494186401367
2017-08-02,19.969663619995117,75.2776870727539,145.38099670410156,186.58108520507812,120.84956359863281,73.33139038085938,34.50300979614258,66.22019958496094,124.10408782958984,36.65869140625,87.54369354248047,43.616539001464844,78.31713104248047,95.10138702392578,23.254924774169922,54.12370300292969
2017-08-03,19.79099464416504,74.57572937011719,145.28384399414062,184.7010498046875,121.08244323730469,72.8509750366211,34.56355285644531,66.26272583007812,123.41999053955078,36.60447311401367,88.0661849975586,43.800846099853516,78.50017547607422,94.45344543457031,23.353105545043945,54.049835205078125
2017-08-04,20.27825355529785,75.03916931152344,145.256103515625,189.48367309570312,122.65625,73.76457214355469,34.434898376464844,66.6539535522461,123.35343933105469,37.23958969116211,88.11920928955078,44.21549987792969,78.87322235107422,94.73516082763672,23.240489959716797,53.86179733276367
2017-08-07,20.270143508911133,74.81426239013672,144.59683227539062,192.0646209716797,123.1380615234375,74.048095703125,34.540863037109375,66.61145782470703,123.88554382324219,37.4177360534668,88.56595611572266,44.44587707519531,78.73949432373047,95.29857635498047,23.47150421142578,53.828243255615234
2017-08-08,20.221412658691406,75.20274353027344,143.64614868164062,191.34725952148438,123.1380615234375,73.78031921386719,34.51058578491211,65.6673812866211,123.37245178222656,37.1234130859375,88.37665557861328,45.10627746582031,78.76061248779297,95.10138702392578,23.561025619506836,53.693931579589844
2017-08-09,20.091476440429688,75.57073211669922,143.07708740234375,190.48973083496094,124.6717758178711,73.66215515136719,34.50300979614258,66.62843322753906,123.2583999633789,36.90654373168945,88.31607055664062,44.43820571899414,79.12664031982422,94.810302734375,23.715036392211914,53.86179733276367
2017-08-10,19.58797836303711,75.03916931152344,141.2520294189453,185.94618225097656,123.56360626220703,72.6068115234375,34.616546630859375,65.49727630615234,121.31055450439453,35.860923767089844,88.12676239013672,42.72578048706055,78.65858459472656,93.42057800292969,23.43897247314453,53.543148040771484
2017-08-11,19.3768310546875,74.4394760131836,142.16810607910156,184.8329315185547,124.36664581298828,72.00037384033203,34.50300979614258,65.70989227294922,122.14674377441406,35.35747146606445,88.22521209716797,42.73347091674805,79.02735900878906,93.9839859008789,23.36341667175293,53.02783966064453
2017-08-14,19.831602096557617,74.08507537841797,144.2429656982422,187.4799041748047,123.86873626708984,72.84310913085938,34.66194534301758,66.10115051269531,124.56019592285156,36.0235710144043,89.23233795166016,43.32363510131836,80.6229476928711,95.6553726196289,23.450597763061523,53.041412353515625
2017-08-15,19.872211456298828,73.98966979980469,145.0825653076172,187.66954040527344,120.58454132080078,73.0321273803711,34.95709991455078,63.19240951538086,125.02580261230469,35.96162033081055,90.0879898071289,42.205406188964844,80.97042083740234,96.36903381347656,23.470935821533203,52.91258239746094
2017-08-16,19.644821166992188,73.54225158691406,145.4712677001953,186.036865234375,122.2547607421875,72.52804565429688,34.96467208862305,64.08544158935547,125.77643585205078,35.63630676269531,90.18643951416016,43.72745132446289,81.38172149658203,97.17316436767578,23.53196144104004,52.526100158691406
2017-08-17,19.198158264160156,72.90895080566406,142.51499938964844,182.58177185058594,120.18305969238281,71.3939437866211,34.70735549926758,63.039310455322266,124.36065673828125,34.923728942871094,89.64878845214844,43.579898834228516,80.076904296875,96.0821533203125,23.160003662109375,51.70570755004883
2017-08-18,19.18191909790039,73.29444122314453,142.95223999023438,183.18377685546875,118.43256378173828,71.46483612060547,34.56355285644531,62.63108444213867,124.60772705078125,35.156097412109375,89.05058288574219,43.21493148803711,80.37474060058594,96.41133880615234,23.046672821044922,51.963356018066406
2017-08-21,18.987018585205078,72.81259155273438,143.18121337890625,182.06231689453125,119.80567932128906,71.3781967163086,34.57111740112305,62.809669494628906,125.36785125732422,34.60617446899414,89.55036163330078,43.92158889770508,80.72223663330078,97.07908630371094,23.16291046142578,51.78706359863281
2017-08-22,19.352460861206055,73.21183776855469,145.2283172607422,184.36289978027344,120.37579345703125,72.11064147949219,34.51058578491211,64.48516845703125,127.13516235351562,35.29551696777344,89.29289245605469,43.90605926513672,81.26828002929688,97.87855529785156,23.252994537353516,52.03114700317383
2017-08-23,19.29561424255371,73.3839111328125,143.69471740722656,183.67027282714844,119.72537994384766,72.19728088378906,34.465171813964844,62.09526062011719,126.44156646728516,35.47364807128906,88.81584930419922,43.84392547607422,80.52364349365234,97.04147338867188,23.235559463500977,51.94301223754883
2017-08-24,19.360586166381836,73.95526885986328,143.41714477539062,183.8764190673828,119.0428237915039,72.07914733886719,34.36679458618164,61.75506591796875,126.33702087402344,35.6285514831543,88.00562286376953,42.09669494628906,80.3818359375,97.07908630371094,22.764801025390625,51.75315475463867
2017-08-25,19.303739547729492,74.4990463256836,144.17355346679688,183.44764709472656,120.1669921875,72.37053680419922,34.48786926269531,62.384422302246094,126.13752746582031,35.58209228515625,87.7254638671875,42.71793746948242,80.41728973388672,97.20137023925781,22.849071502685547,52.01759719848633
2017-08-28,19.263132095336914,74.17552185058594,144.92298889160156,181.699462890625,121.56417083740234,72.14215087890625,34.37435531616211,62.76716613769531,127.18272399902344,35.22580337524414,87.49069213867188,42.275291442871094,80.69386291503906,97.60577392578125,22.674726486206055,51.84809875488281
2017-08-29,19.149433135986328,74.24434661865234,146.6300811767578,181.99737548828125,121.03108215332031,71.74836730957031,34.397071838378906,62.469505310058594,127.1732177734375,35.12510681152344,87.71788787841797,42.360721588134766,81.47392272949219,97.59638977050781,22.88975715637207,51.83451461791992
2017-08-30,19.484107971191406,74.15487670898438,148.35107421875,184.03280639648438,121.16034698486328,71.91374969482422,34.35166549682617,62.86071014404297,127.13516235351562,35.365230560302734,87.80554962158203,42.1821174621582,81.5306396484375,97.55876922607422,22.82292366027832,51.597225189208984
2017-08-31,19.500429153442383,74.07915496826172,148.76742553710938,185.12496948242188,121.0552978515625,71.5829849243164,34.472740173339844,62.84370803833008,126.66007232666016,35.241294860839844,88.24783325195312,42.345191955566406,81.09806060791016,97.36125183105469,22.686344146728516,51.75315475463867
2017-09-01,19.66367530822754,74.86384582519531,149.23240661621094,186.89564514160156,121.79036712646484,72.22090148925781,34.64680480957031,63.4901123046875,126.6031265258789,35.775733947753906,88.33171081542969,43.657562255859375,81.11933135986328,97.71865844726562,22.773515701293945,51.915889739990234
2017-09-05,19.02699851989746,75.33191680908203,147.99024963378906,180.19358825683594,123.52699279785156,70.49612426757812,34.75277328491211,64.36612701416016,126.052001953125,34.768829345703125,88.35457611083984,44.535057067871094,80.78606414794922,96.881591796875,23.189064025878906,52.32949447631836
2017-09-06,19.108625411987305,76.94953918457031,147.0533905029297,181.06239318847656,126.45906829833984,70.96865844726562,34.78303527832031,65.88851165771484,126.27056121826172,34.90825653076172,88.72057342529297,45.05534744262695,80.70803833007812,97.04147338867188,23.27043342590332,53.414310455322266
2017-09-07,18.749469757080078,76.95640563964844,148.26776123046875,178.58843994140625,127.56568145751953,69.72429656982422,35.02521896362305,66.06712341308594,129.72926330566406,34.13371276855469,89.20861053466797,45.365970611572266,81.31790161132812,98.33941650390625,23.282052993774414,53.58381271362305
2017-09-08,18.684171676635742,76.2542953491211,146.4036407470703,179.7219696044922,128.9630584716797,69.63764953613281,35.04034423828125,66.81553649902344,130.3848876953125,34.08723831176758,87.72167205810547,44.47293472290039,81.5873794555664,98.21710205078125,22.921722412109375,53.44143295288086
2017-09-11,19.067811965942383,77.4520034790039,147.7391357421875,182.90750122070312,127.92108917236328,70.71664428710938,35.20685577392578,65.91401672363281,134.91725158691406,34.97795104980469,88.21733856201172,44.488468170166016,82.40289306640625,99.8348159790039,22.979843139648438,53.73297882080078
2017-09-12,19.54940414428711,77.43135070800781,149.92324829101562,186.95355224609375,129.1649932861328,71.5829849243164,35.35820770263672,66.90060424804688,135.3258056640625,35.434932708740234,87.691162109375,44.95439910888672,83.07659912109375,99.89118957519531,23.133853912353516,53.90248107910156
2017-09-13,19.859582901000977,78.59466552734375,149.54762268066406,187.4583282470703,129.2538604736328,71.78775024414062,35.47172546386719,66.22019958496094,133.12139892578125,35.798954010009766,87.27178955078125,46.21240997314453,83.01276397705078,99.5338363647461,23.206506729125977,54.08555221557617
2017-09-14,19.786115646362305,78.78050994873047,149.21383666992188,187.6982421875,128.73690795898438,71.6459732055664,35.174232482910156,66.73050689697266,134.42315673828125,35.95386505126953,87.07352447509766,46.181331634521484,83.23967742919922,99.76895141601562,23.154193878173828,54.302520751953125
2017-09-15,19.900392532348633,78.90440368652344,149.42941284179688,186.3495635986328,127.94529724121094,72.15791320800781,35.227622985839844,66.33079528808594,134.52767944335938,36.09328842163086,87.57678985595703,46.56184768676758,83.60845947265625,99.03535461425781,23.357608795166016,54.2889518737793
2017-09-18,20.161598205566406,79.2898941040039,149.60330200195312,188.2608642578125,127.46875762939453,73.18177032470703,35.174232482910156,66.05860137939453,134.35665893554688,36.65093994140625,87.68355560302734,45.88624954223633,83.38861083984375,98.59332275390625,23.247188568115234,54.302520751953125
2017-09-19,20.292198181152344,80.0814437866211,150.24322509765625,189.40267944335938,127.34757232666016,73.9850845336914,35.07505416870117,65.90553283691406,135.39231872558594,36.92203903198242,87.30228424072266,46.0881462097168,82.94893646240234,99.13880920410156,23.261716842651367,54.39067077636719
2017-09-20,20.45545196533203,80.10213470458984,153.37332153320312,190.13079833984375,128.17147827148438,74.50487518310547,34.92250061035156,66.26272583007812,135.15478515625,37.092437744140625,86.6083755493164,46.01826095581055,83.55879211425781,98.7249984741211,23.39247703552246,54.61442947387695
2017-09-21,20.537071228027344,80.17096710205078,152.21163940429688,191.37193298339844,128.58340454101562,74.84355163574219,34.632606506347656,66.373291015625,134.6607666015625,37.37901306152344,86.01360321044922,45.296077728271484,83.15458679199219,99.04476928710938,23.25008773803711,54.166908264160156
2017-09-22,20.42279815673828,80.73538208007812,153.02549743652344,191.1568145751953,129.2134246826172,74.68601989746094,34.70125961303711,66.53489685058594,134.82228088378906,37.3480224609375,85.28919219970703,45.80860900878906,83.44535064697266,99.27989959716797,23.110607147216797,54.18724822998047
2017-09-25,20.210573196411133,81.21723937988281,152.46905517578125,190.5196990966797,130.12615966796875,74.12688446044922,34.85383605957031,67.47896575927734,131.6676788330078,36.97626876831055,85.35783386230469,45.466915130615234,83.83536529541016,96.8909912109375,23.00018310546875,54.90596008300781
2017-09-26,20.25138282775879,80.89371490478516,152.893310546875,190.2548828125,130.2554473876953,73.79607391357422,34.76229476928711,67.43643188476562,131.4775390625,36.75938415527344,85.2586898803711,45.49798583984375,84.3317642211914,96.81575775146484,23.06992530822754,54.84492492675781
2017-09-27,20.741140365600586,80.84552764892578,153.02549743652344,194.24302673339844,129.98081970214844,74.961669921875,34.05286407470703,67.38539123535156,132.7128143310547,37.231842041015625,84.71728515625,45.71540069580078,84.11903381347656,97.70923614501953,23.040861129760742,55.21106719970703
2017-09-28,20.773792266845703,80.96255493164062,155.9886016845703,194.8305206298828,131.1439208984375,75.11920166015625,34.25882339477539,67.572509765625,133.2164306640625,37.29380798339844,85.12908172607422,45.74647521972656,84.82111358642578,98.35818481445312,22.942060470581055,55.72636795043945
2017-09-29,20.684003829956055,80.87993621826172,156.90679931640625,196.25364685058594,132.11328125,75.22159576416016,34.335113525390625,67.9892578125,134.16661071777344,37.309288024902344,84.96893310546875,45.82413101196289,85.16148376464844,98.97891998291016,22.706684112548828,55.58397674560547
2017-10-02,20.91255760192871,80.8317642211914,157.428466796875,199.11651611328125,132.48480224609375,76.26905822753906,34.17491912841797,68.71219635009766,134.7556915283203,37.89020919799805,83.20748138427734,45.7309455871582,85.65787506103516,99.16703796386719,22.796772003173828,55.34667205810547
2017-10-03,21.108455657958984,81.10021209716797,155.11224365234375,199.91909790039062,133.41368103027344,76.67070007324219,34.47241973876953,69.1884536743164,135.89590454101562,38.169029235839844,83.2151107788086,45.490211486816406,84.89199829101562,99.3080825805664,23.02052879333496,55.434810638427734
2017-10-04,20.98601531982422,80.93501281738281,153.9436492919922,198.83517456054688,133.51065063476562,75.89102935791016,34.708892822265625,69.28201293945312,135.01226806640625,37.959903717041016,83.375244140625,45.552330017089844,84.38850402832031,99.04476928710938,22.982742309570312,55.45515060424805
2017-10-05,21.328847885131836,81.62336730957031,154.1453857421875,203.59280395507812,134.18104553222656,76.9129409790039,34.72414779663086,69.96240997314453,136.80142211914062,38.440128326416016,84.22163391113281,45.33489990234375,83.8211898803711,99.9194107055664,23.07573127746582,55.61109924316406
2017-10-06,21.394149780273438,80.55641174316406,153.58192443847656,203.55966186523438,133.9629669189453,76.77825164794922,34.70125961303711,69.6222152709961,136.58250427246094,38.54080581665039,84.18351745605469,44.35645294189453,83.46662139892578,100.38029479980469,22.956594467163086,55.400917053222656
2017-10-09,21.100292205810547,81.0245132446289,153.47061157226562,200.89544677734375,133.84988403320312,76.37425994873047,34.64024353027344,69.5201644897461,137.56275939941406,38.24648666381836,83.8861312866211,43.68085479736328,83.07659912109375,100.64363861083984,23.401199340820312,55.617862701416016
2017-10-10,21.16559600830078,81.77479553222656,153.5680694580078,200.7299346923828,133.40562438964844,76.94461822509766,34.991146087646484,68.97582244873047,138.6095428466797,38.33169174194336,84.4732894897461,44.72919464111328,83.76447296142578,100.9258041381836,24.447324752807617,55.773826599121094
2017-10-11,21.083969116210938,82.1396255493164,154.88966369628906,200.56443786621094,133.47833251953125,76.71489715576172,35.16659927368164,69.06938934326172,139.75155639648438,38.09157943725586,85.02992248535156,45.9328498840332,84.3317642211914,101.98854064941406,24.912269592285156,56.00434112548828
2017-10-12,20.773792266845703,82.00880432128906,156.54505920410156,198.41319274902344,132.94520568847656,76.04154205322266,35.174232482910156,69.37555694580078,139.64686584472656,37.634605407714844,85.74671173095703,46.7404670715332,84.79273223876953,101.67818450927734,25.019779205322266,55.88908386230469
2017-10-13,21.083969116210938,82.02262115478516,154.56968688964844,197.36241149902344,132.8482666015625,75.93855285644531,35.227622985839844,70.02196502685547,140.21788024902344,37.40999221801758,85.87637329101562,47.25297546386719,83.93466186523438,102.19544982910156,25.170883178710938,55.87553405761719
2017-10-16,21.418638229370117,82.69027709960938,153.9645233154297,200.57275390625,132.64634704589844,77.50707244873047,35.56326675415039,69.06089782714844,139.15196228027344,37.905696868896484,86.60076141357422,46.709388732910156,83.92047119140625,101.85690307617188,24.9151668548584,56.146728515625
2017-10-17,21.385986328125,82.75222778320312,153.0950164794922,195.343505859375,131.943603515625,77.33280181884766,35.486995697021484,68.98433685302734,138.8760223388672,38.04510498046875,85.5484619140625,46.72492599487305,83.45243072509766,101.14210510253906,24.984907150268555,56.24843215942383
2017-10-18,21.614540100097656,81.32738494873047,154.62527465820312,200.25831604003906,132.02438354492188,77.62589263916016,35.39544677734375,68.67816925048828,139.1234588623047,38.84287643432617,85.36546325683594,46.616207122802734,83.7857437133789,101.38661193847656,25.05465316772461,56.11282730102539
2017-10-19,21.696163177490234,81.36177825927734,155.7869110107422,198.5704345703125,131.85475158691406,77.72096252441406,35.54037857055664,69.12042236328125,137.97193908691406,38.564056396484375,85.91446685791016,46.92683410644531,84.68634796142578,100.65300750732422,25.106956481933594,56.099273681640625
2017-10-20,22.177757263183594,81.66465759277344,156.5520477294922,202.49234008789062,132.0082550048828,78.83000946044922,35.38018798828125,68.07429504394531,138.35260009765625,39.253387451171875,85.106201171875,47.959632873535156,84.92748260498047,101.15149688720703,25.409170150756836,56.35013961791992
2017-10-23,22.16959571838379,81.86427307128906,156.7397918701172,200.34109497070312,133.06642150878906,78.69534301757812,35.33442687988281,68.38899230957031,138.52386474609375,39.199161529541016,85.16718292236328,48.59640884399414,84.87074279785156,101.13267517089844,25.760786056518555,56.43826675415039
2017-10-24,22.59404754638672,82.07077026367188,157.08758544921875,202.5833282470703,134.10836791992188,79.9469985961914,35.227622985839844,69.38062286376953,138.7523193359375,39.55544662475586,84.4504165649414,48.86819839477539,84.88489532470703,101.9603271484375,25.56609535217285,56.59422302246094
2017-10-25,22.55323600769043,81.52699279785156,156.85108947753906,199.99356079101562,134.14064025878906,80.02619934082031,35.12845993041992,69.23529052734375,139.1710662841797,39.13719940185547,83.931884765625,48.083892822265625,84.06939697265625,102.97608184814453,25.711387634277344,56.390811920166016
2017-10-26,22.64302635192871,81.52699279785156,159.31341552734375,200.00181579589844,135.41685485839844,80.59659576416016,35.26576232910156,69.69694519042969,139.5041046142578,39.32309341430664,84.4351806640625,48.15378952026367,84.62252044677734,103.26765441894531,25.752073287963867,56.59422302246094
2017-10-27,22.69199562072754,78.15412902832031,160.30813598632812,199.99356079101562,135.16651916503906,80.620361328125,35.14371871948242,68.91044616699219,141.34078979492188,39.62516403198242,84.33602142333984,46.7948112487793,85.62953186035156,103.1829833984375,25.62129783630371,56.75693130493164
2017-10-30,22.528751373291016,78.73920440673828,158.3953399658203,199.31509399414062,133.5267791748047,80.33515930175781,34.9835205078125,67.8846435546875,141.75006103515625,39.27490234375,83.61163330078125,46.24346160888672,83.74320220947266,103.49336242675781,25.266782760620117,56.64167785644531
2017-10-31,22.357330322265625,79.77171325683594,157.06675720214844,200.63063049316406,133.90638732910156,79.70143127441406,35.07505416870117,68.34626770019531,141.57876586914062,38.916873931884766,84.05390167236328,45.84742736816406,83.34605407714844,103.43694305419922,25.37139320373535,56.51285934448242
2017-11-01,22.471607208251953,79.77861022949219,156.82333374023438,202.1034698486328,133.5832977294922,79.9469985961914,34.937740325927734,68.32059478759766,141.6929473876953,38.628883361816406,83.97765350341797,45.7076530456543,83.29644012451172,104.46206665039062,25.554466247558594,56.86543273925781
2017-11-02,22.7491397857666,79.3862533569336,156.71200561523438,204.27130126953125,131.4266357421875,80.47774505615234,34.998779296875,65.52519989013672,141.0838623046875,39.243778228759766,83.91664123535156,46.429832458496094,82.87802124023438,104.37744140625,25.804372787475586,56.6348991394043
2017-11-03,22.708322525024414,79.1522216796875,155.9747314453125,202.21926879882812,132.78367614746094,80.33515930175781,35.06744384765625,66.6108627319336,142.07359313964844,38.93243408203125,84.04627990722656,46.09592056274414,81.87813568115234,104.73482513427734,26.060094833374023,56.397605895996094
2017-11-06,22.65118408203125,80.56330871582031,153.68624877929688,201.46630859375,132.64634704589844,79.83609771728516,34.68600845336914,66.1749038696289,142.83493041992188,39.025840759277344,83.31423950195312,46.04156494140625,80.78606414794922,105.2614974975586,25.775318145751953,56.78407287597656
2017-11-07,22.185924530029297,80.70098876953125,153.83238220214844,198.42147827148438,132.19403076171875,78.22796630859375,35.0445556640625,66.36295318603516,142.72071838378906,38.44208526611328,84.23690032958984,44.95439910888672,80.80730438232422,105.42139434814453,25.847965240478516,56.6688117980957
2017-11-08,21.867578506469727,80.30863189697266,153.37332153320312,199.61293029785156,132.509033203125,77.3486328125,35.227622985839844,66.75621795654297,142.72071838378906,38.16967010498047,85.40357971191406,45.32713317871094,80.22579956054688,105.7787857055664,26.2286319732666,56.59422302246094
2017-11-09,21.622705459594727,80.70098876953125,151.24481201171875,199.2323455810547,131.87899780273438,77.3406982421875,35.26576232910156,66.7476577758789,142.07359313964844,37.998435974121094,85.0070571899414,46.5152587890625,79.81450653076172,105.46842193603516,26.240259170532227,56.9332389831543
2017-11-10,21.639026641845703,80.65966033935547,151.73876953125,198.70278930664062,132.55747985839844,77.24564361572266,35.502254486083984,66.2432861328125,142.3114776611328,37.95173263549805,85.97547912597656,47.680076599121094,80.8932876586914,105.22389221191406,26.420425415039062,56.755313873291016
2017-11-13,21.54923439025879,80.69408416748047,154.02017211914062,198.80213928222656,133.55909729003906,77.52294158935547,35.639556884765625,66.27748107910156,142.45423889160156,37.85057067871094,86.95915985107422,46.903533935546875,82.0220718383789,104.77243041992188,26.440763473510742,56.721099853515625
2017-11-14,21.418638229370117,80.48069763183594,152.98374938964844,196.29502868652344,135.74806213378906,77.05553436279297,36.181175231933594,67.73074340820312,142.70167541503906,37.65596008300781,88.27070617675781,47.146759033203125,81.4933853149414,105.31794738769531,26.469823837280273,56.276309967041016
2017-11-15,21.867578506469727,80.15721130371094,149.16505432128906,196.6011962890625,133.65597534179688,77.78435516357422,35.70820617675781,66.9955825805664,141.15997314453125,37.43803024291992,87.7674331665039,42.494075775146484,80.65038299560547,103.69087982177734,26.103679656982422,55.57150650024414
2017-11-16,21.843090057373047,79.60135650634766,151.57176208496094,198.05740356445312,135.2957000732422,78.00616455078125,35.50987243652344,67.93592834472656,143.0633544921875,37.82720184326172,87.86656188964844,43.231597900390625,81.22904205322266,104.60005950927734,28.94855499267578,55.12668228149414
2017-11-17,21.72881507873535,79.6986312866211,150.24322509765625,196.9403839111328,135.48956298828125,77.74473571777344,34.86908721923828,68.57703399658203,141.816650390625,37.905033111572266,87.4471664428711,45.61678695678711,80.68608856201172,103.46945190429688,28.323789596557617,54.9077262878418
2017-11-20,21.826766967773438,79.70556640625,151.11268615722656,197.03143310546875,137.6785430908203,78.43390655517578,34.678382873535156,69.63709259033203,142.33056640625,38.22414779663086,87.62255096435547,45.412776947021484,80.87184143066406,103.59193420410156,28.326692581176758,55.11986541748047
2017-11-21,21.818599700927734,80.01824188232422,151.16134643554688,196.9403839111328,139.6251678466797,78.37055969238281,34.92250061035156,68.89336395263672,145.13795471191406,38.43431091308594,88.49183654785156,44.918487548828125,81.38623046875,105.00520324707031,28.0477237701416,55.33882522583008
2017-11-22,21.7614688873291,80.53238677978516,151.5160675048828,195.62478637695312,138.97900390625,78.14083099365234,34.968257904052734,68.01285552978516,143.93887329101562,38.208580017089844,87.75220489501953,45.10680389404297,81.27906036376953,104.41162872314453,28.01576042175293,55.496212005615234
2017-11-24,21.70432472229004,80.94924926757812,150.93878173828125,195.2277069091797,139.1970977783203,77.88734436035156,34.998779296875,67.73930358886719,145.35679626464844,38.18524169921875,88.37745666503906,43.84359359741211,80.82899475097656,105.4951171875,28.0767879486084,55.71519088745117
2017-11-27,21.70432472229004,80.31005859375,151.54393005371094,194.53265380859375,140.6752471923828,77.57839965820312,35.014041900634766,68.2436752319336,145.57571411132812,38.13852310180664,88.33932495117188,43.81219482421875,81.82917022705078,105.88140869140625,28.0767879486084,55.50307083129883
2017-11-28,22.561399459838867,80.90755462646484,151.98910522460938,198.0904541015625,142.62184143066406,80.29558563232422,34.96063232421875,69.82514190673828,146.73675537109375,39.22819900512695,89.04085540771484,44.42417907714844,82.29354858398438,106.80474090576172,28.1203670501709,55.88625717163086
2017-11-29,23.08380699157715,81.41474151611328,157.15025329589844,200.33155822753906,143.89645385742188,82.17302703857422,34.708892822265625,71.21004486083984,141.17904663085938,39.944271087646484,89.09424591064453,48.39427947998047,85.04403686523438,103.50715637207031,28.34994125366211,56.29683303833008
2017-11-30,23.092002868652344,82.67230987548828,160.9967498779297,205.54400634765625,145.9828338623047,82.79884338378906,35.20111846923828,71.26986694335938,143.1965789794922,40.169986724853516,89.46663665771484,46.997684478759766,86.76579284667969,106.07927703857422,28.25403594970703,56.99482727050781
2017-12-01,23.034626007080078,83.03359985351562,160.56546020507812,206.63133239746094,146.46994018554688,83.01274108886719,35.35493469238281,72.00506591796875,142.45423889160156,40.434635162353516,89.66625213623047,46.691688537597656,85.95133209228516,104.32682800292969,28.288915634155273,57.111167907714844
2017-12-04,23.82157325744629,83.9576644897461,166.27610778808594,208.04237365722656,150.10690307617188,84.72383880615234,35.55488967895508,75.2620849609375,136.49685668945312,41.00281524658203,90.18838500976562,49.084720611572266,88.38749694824219,101.21765899658203,28.190113067626953,57.186439514160156
2017-12-05,23.715007781982422,83.64501190185547,163.73727416992188,206.11676025390625,148.4426727294922,83.74947357177734,35.577964782714844,73.78318786621094,138.1147003173828,40.4813346862793,90.28820037841797,48.80226516723633,85.99420928955078,102.30115509033203,28.42839813232422,56.721099853515625
2017-12-06,23.477279663085938,83.10307312011719,164.4259033203125,204.14129638671875,146.7784423828125,83.12364959716797,35.72410202026367,70.44066619873047,140.2939910888672,40.23226547241211,91.29405975341797,47.641056060791016,84.50822448730469,103.39408111572266,28.26857566833496,56.30367660522461
2017-12-07,23.592037200927734,83.1169662475586,166.4500274658203,206.3076629638672,147.7526397705078,82.87806701660156,35.208805084228516,71.49211120605469,142.2259063720703,40.74595260620117,89.62786102294922,47.93136215209961,85.53697204589844,104.95806884765625,28.2714900970459,56.488433837890625
2017-12-08,23.813371658325195,83.3184585571289,167.79530334472656,207.79335021972656,148.89732360839844,83.91584014892578,34.847347259521484,73.17620849609375,142.64459228515625,41.166263580322266,89.50498962402344,48.15105056762695,85.41552734375,106.08869934082031,28.20431137084961,56.56370544433594
2017-12-11,23.72319984436035,83.66584014892578,166.3175506591797,207.61074829101562,147.95558166503906,83.67024993896484,34.86271286010742,73.12494659423828,143.58673095703125,41.07285690307617,90.1346435546875,48.45703887939453,84.33676147460938,105.87200164794922,28.31531524658203,56.81689453125
2017-12-12,24.034692764282227,83.1517105102539,166.93795776367188,213.87728881835938,147.59030151367188,84.6446304321289,34.83195877075195,72.65473937988281,145.12843322753906,41.91346740722656,90.14232635498047,47.87643051147461,84.41536712646484,106.89896392822266,28.248123168945312,56.63214874267578
2017-12-13,23.641223907470703,83.32540130615234,168.69444274902344,212.11769104003906,148.5888214111328,83.58309173583984,35.30110549926758,73.17620849609375,144.35760498046875,41.3919792175293,90.44944763183594,49.17103576660156,84.58680725097656,106.75764465332031,28.557771682739258,56.87847900390625
2017-12-14,23.551061630249023,83.0474853515625,166.2408905029297,212.05128479003906,147.858154296875,82.90975189208984,35.40108108520508,73.15912628173828,144.58595275878906,40.971675872802734,90.61834716796875,48.59827423095703,83.47232055664062,106.39018249511719,28.373737335205078,56.727935791015625
2017-12-15,23.8051700592041,83.18646240234375,167.32130432128906,213.4540252685547,148.22348022460938,84.08216094970703,35.52413558959961,74.1080322265625,145.98492431640625,41.329708099365234,91.53974914550781,49.123958587646484,84.30104064941406,107.23814392089844,28.36789321899414,56.81689453125
2017-12-18,24.165855407714844,83.16558837890625,168.6177520751953,215.819580078125,149.96888732910156,84.73178100585938,35.32416534423828,74.74916076660156,145.71847534179688,41.438682556152344,90.64139556884766,50.27732467651367,84.87971496582031,106.98377227783203,28.598669052124023,56.755313873291016
2017-12-19,24.141267776489258,83.26287841796875,169.0569305419922,212.88134765625,150.9836883544922,84.37529754638672,35.477989196777344,75.96308135986328,144.3480987548828,41.19740676879883,91.07138061523438,50.261627197265625,85.01545715332031,105.6552963256836,28.86157989501953,56.413177490234375
2017-12-20,24.165855407714844,83.99238586425781,175.00253295898438,211.8022918701172,152.06341552734375,84.08216094970703,35.439537048339844,77.10005950927734,144.1292266845703,40.870487213134766,91.38618469238281,50.591148376464844,84.53681182861328,105.63646697998047,28.84697151184082,56.707420349121094
2017-12-21,24.444561004638672,86.72291564941406,174.37521362304688,216.64125061035156,152.68853759765625,85.42095947265625,35.07036590576172,77.56166076660156,143.253662109375,41.15848922729492,90.80264282226562,51.17176818847656,84.71540832519531,105.90969848632812,28.64541244506836,57.37803268432617
2017-12-22,24.493755340576172,86.83406829833984,174.27061462402344,214.94801330566406,152.7291717529297,85.11994934082031,35.06268310546875,77.95491790771484,143.55821228027344,41.03395080566406,91.06368255615234,51.305145263671875,84.75825500488281,106.17350006103516,28.689226150512695,57.460147857666016
2017-12-26,24.411781311035156,87.52884674072266,174.0057830810547,213.91053771972656,154.53948974609375,84.77930450439453,35.23188400268555,78.55330657958984,143.96739196777344,40.839351654052734,91.2863540649414,51.64252853393555,84.48680877685547,106.45612335205078,28.96674346923828,57.46697235107422
2017-12-27,24.37078857421875,87.23009490966797,174.277587890625,212.44142150878906,154.40151977539062,84.93772888183594,35.32416534423828,78.74136352539062,144.08154296875,40.917198181152344,91.60118103027344,51.1089973449707,85.07260131835938,107.42657470703125,28.99595832824707,57.41223907470703
2017-12-28,24.428178787231445,87.25092315673828,173.08570861816406,212.89794921875,154.068603515625,85.38931274414062,35.162662506103516,79.38253784179688,144.43374633789062,40.97946548461914,91.63957214355469,50.857933044433594,85.0511703491211,107.73751831054688,29.036849975585938,57.49435043334961
2017-12-29,24.19864845275879,86.97994995117188,173.93605041503906,211.4536895751953,153.8656463623047,84.7159423828125,35.28571319580078,79.450927734375,144.0435791015625,40.839351654052734,92.07721710205078,51.1953010559082,85.12261962890625,107.42657470703125,28.84697151184082,57.23430252075195
2018-01-02,24.510149002075195,88.6405029296875,179.55410766601562,212.208984375,152.64791870117188,85.51603698730469,35.024227142333984,78.32247924804688,144.5670166015625,40.621429443359375,90.64906311035156,53.06264877319336,88.3517837524414,107.88825988769531,28.800235748291016,58.18549728393555
2018-01-03,24.428178787231445,89.2866439819336,181.79852294921875,210.23358154296875,153.4435272216797,85.60316467285156,34.94731140136719,78.66442108154297,146.3846435546875,40.73040771484375,90.4110336303711,52.70172119140625,90.30928802490234,108.96229553222656,29.051456451416016,59.32825469970703
2018-01-04,24.747875213623047,89.00873565673828,184.62850952148438,213.1717987060547,154.66127014160156,86.82949829101562,35.439537048339844,79.27993774414062,148.27842712402344,41.353065490722656,90.85637664794922,51.66606140136719,90.89510345458984,109.3674545288086,29.0777530670166,59.410369873046875
2018-01-05,24.86263656616211,88.86282348632812,185.35337829589844,212.08453369140625,156.27679443359375,86.27206420898438,35.43185043334961,80.98967742919922,151.35231018066406,41.337501525878906,91.11744689941406,52.21529769897461,91.17372131347656,111.98672485351562,29.25010108947754,59.36246871948242
2018-01-08,24.690492630004883,89.30055236816406,187.26321411132812,209.0051727294922,155.90335083007812,86.39948272705078,35.37800216674805,80.1091537475586,151.80984497070312,41.166263580322266,90.59532928466797,52.7095832824707,92.28107452392578,112.43892669677734,29.682437896728516,59.62934875488281
2018-01-09,24.813453674316406,88.82113647460938,186.6289520263672,210.77308654785156,156.763916015625,86.83745574951172,35.55488967895508,80.82723236083984,152.029052734375,41.485382080078125,90.66442108154297,54.24740219116211,92.23819732666016,112.22223663330078,29.32605743408203,59.37616729736328
2018-01-10,25.0429744720459,89.39087677001953,186.8101348876953,211.0968475341797,155.7085418701172,87.79303741455078,35.43185043334961,80.50238037109375,152.37217712402344,41.975730895996094,90.20372772216797,55.494930267333984,92.7239761352539,112.09977722167969,29.115724563598633,58.90399169921875
2018-01-11,25.13315200805664,92.10747528076172,189.0267333984375,211.76075744628906,158.04664611816406,88.26286315917969,35.408775329589844,81.84453582763672,153.3825225830078,42.18588638305664,89.7430419921875,58.06056213378906,95.34591674804688,112.91002655029297,29.21796989440918,59.48564910888672
2018-01-12,25.567611694335938,92.8230972290039,189.48670959472656,213.33779907226562,159.45921325683594,89.72008514404297,35.493377685546875,86.22142028808594,154.7264862060547,42.901947021484375,90.126953125,60.25746536254883,95.79597473144531,113.14559173583984,29.466270446777344,59.88938903808594
2018-01-16,25.608591079711914,91.7183837890625,187.9044952392578,214.5247039794922,159.369873046875,89.40154266357422,35.785614013671875,86.31546020507812,154.68836975097656,42.497215270996094,90.49551391601562,58.81379318237305,94.93155670166016,113.42823028564453,29.41368293762207,59.51301193237305
2018-01-17,25.559412002563477,91.96156311035156,189.23583984375,210.5324249267578,162.2194061279297,89.97490692138672,36.0086555480957,86.92243194580078,156.62326049804688,43.08097839355469,91.50901794433594,60.27314758300781,95.73882293701172,114.92626190185547,30.0008487701416,60.21785354614258
2018-01-18,25.805334091186523,91.42658233642578,189.71681213378906,208.30792236328125,161.0098114013672,90.18990325927734,36.054805755615234,86.64887237548828,157.72894287109375,43.46236038208008,91.40919494628906,61.12053298950195,95.43879699707031,115.99092864990234,30.468246459960938,59.827789306640625
2018-01-19,26.002065658569336,91.22510528564453,191.20840454101562,212.58248901367188,163.4452362060547,89.9908218383789,36.270145416259766,89.71781921386719,159.01568603515625,44.72327423095703,92.26920318603516,61.277462005615234,95.07443237304688,115.60464477539062,30.552963256835938,59.636192321777344
2018-01-22,26.182409286499023,92.10054016113281,190.90867614746094,217.06459045410156,165.98629760742188,91.04198455810547,36.439353942871094,91.5643081665039,160.3977813720703,44.64543151855469,93.29804992675781,61.654048919677734,94.91725158691406,117.1404037475586,30.804187774658203,60.388916015625
2018-01-23,26.166011810302734,91.03055572509766,189.605224609375,215.8776397705078,166.34349060058594,90.94641876220703,36.49317932128906,91.9161605834961,159.35885620117188,44.29518127441406,93.1368179321289,61.293155670166016,94.35285949707031,117.44187927246094,30.935646057128906,60.423133850097656
2018-01-24,26.305370330810547,91.28763580322266,188.4830322265625,220.5174102783203,167.41510009765625,92.10900115966797,36.78542709350586,91.58145904541016,159.18724060058594,44.55202865600586,93.01396942138672,60.32809066772461,94.08139038085938,117.34767150878906,30.903505325317383,60.58049392700195
2018-01-25,26.305370330810547,90.7734603881836,186.83106994628906,223.29794311523438,166.72500610351562,92.13289642333984,36.793128967285156,91.28971862792969,160.6932373046875,44.21734619140625,92.8296890258789,59.86516189575195,93.79561614990234,117.97893524169922,31.140125274658203,60.47103500366211
2018-01-26,26.39554214477539,91.14866638183594,187.3956298828125,222.55923461914062,168.23504638671875,92.62663269042969,37.32379913330078,92.16500854492188,162.361328125,44.83223342895508,93.48999786376953,60.37515640258789,94.81724548339844,119.01531982421875,31.66302490234375,60.902130126953125
2018-01-29,26.46112060546875,89.26580810546875,186.5871124267578,226.16156005859375,166.35971069335938,92.53104400634766,36.68545150756836,91.68446350097656,160.65512084960938,44.71548843383789,91.88528442382812,60.25746536254883,93.33125305175781,117.62088012695312,32.001888275146484,60.22468566894531
2018-01-30,26.133230209350586,87.00776672363281,182.2446746826172,223.2231903076172,163.83493041992188,91.66309356689453,36.46241760253906,90.25992584228516,159.35885620117188,44.24644088745117,92.0541763305664,58.923641204833984,91.52379608154297,116.40547180175781,31.47022247314453,59.38298797607422
2018-01-31,26.231595993041992,87.09113311767578,182.9556121826172,222.35169982910156,163.09617614746094,92.10900115966797,36.600868225097656,89.8737564086914,161.08404541015625,44.207359313964844,92.3689956665039,59.017784118652344,90.95940399169922,117.04619598388672,31.140125274658203,59.73884201049805
2018-02-01,26.641462326049805,87.2439956665039,182.50254821777344,225.95396423339844,162.28433227539062,93.06458282470703,36.49317932128906,89.12716674804688,164.82997131347656,44.91093063354492,92.3689956665039,58.82162857055664,85.37980651855469,118.44999694824219,30.82463836669922,60.95003890991211
2018-02-02,26.190608978271484,82.38744354248047,178.3482208251953,215.83616638183594,157.47021484375,91.00214385986328,35.9394416809082,87.1019287109375,162.56149291992188,43.370887756347656,91.11744689941406,57.23673629760742,83.20797729492188,113.91816711425781,30.520824432373047,57.84334182739258
2018-02-05,24.805253982543945,78.24652862548828,173.21115112304688,206.76414489746094,148.65379333496094,86.63838195800781,34.52432632446289,83.73802947998047,156.88063049316406,41.08039093017578,87.8848876953125,55.52629470825195,80.94329071044922,109.54645538330078,29.238418579101562,54.551883697509766
2018-02-06,25.575801849365234,81.41474151611328,174.38218688964844,214.72396850585938,155.09156799316406,89.27415466308594,34.355106353759766,86.0035171508789,161.35098266601562,42.471893310546875,87.1938705444336,57.048423767089844,80.52178192138672,113.03252410888672,29.475034713745117,53.614410400390625
2018-02-07,25.616790771484375,80.10160827636719,175.0582733154297,213.3959197998047,155.29449462890625,89.87935638427734,34.27052688598633,85.74606323242188,160.82667541503906,42.643882751464844,87.14781188964844,57.472137451171875,79.95024871826172,112.73098754882812,30.044673919677734,52.649566650390625
2018-02-08,24.37898826599121,78.0241928100586,166.7776336669922,204.4732666015625,147.119384765625,85.9057846069336,33.14765167236328,81.53257751464844,153.0965576171875,40.48628234863281,84.57560729980469,55.79307556152344,78.07132720947266,107.27581787109375,29.21796989440918,52.0542106628418
2018-02-09,24.86263656616211,78.8579330444336,164.02432250976562,206.9217987060547,149.4736785888672,87.62581634521484,33.17072677612305,83.38616943359375,157.4620361328125,40.75986862182617,85.366455078125,56.844444274902344,76.00667572021484,109.59357452392578,29.028091430664062,52.38602066040039
2018-02-12,25.510225296020508,79.19145202636719,167.23764038085938,210.125732421875,149.42498779296875,88.97950744628906,33.81676483154297,83.90965270996094,160.31201171875,41.76833724975586,85.94230651855469,56.3972282409668,75.94952392578125,111.61924743652344,29.080673217773438,52.82844924926758
2018-02-13,25.559412002563477,78.71205139160156,167.50949096679688,212.09280395507812,149.14898681640625,89.52896881103516,33.98595428466797,82.43360900878906,162.15158081054688,41.737060546875,86.10355377197266,57.96641540527344,76.84253692626953,111.50618743896484,29.49840545654297,52.745506286621094
2018-02-14,26.231595993041992,78.94825744628906,167.85801696777344,217.94435119628906,149.9364776611328,91.5993881225586,33.916744232177734,83.18020629882812,164.4391632080078,43.03474807739258,83.77704620361328,59.119773864746094,76.15672302246094,113.84278106689453,29.708724975585938,52.85612487792969
2018-02-15,26.40373992919922,78.96231079101562,170.79248046875,222.17739868164062,150.40728759765625,91.98162078857422,34.43972396850586,82.81980895996094,166.50755310058594,43.30835723876953,85.2052230834961,59.66116714477539,77.37834167480469,115.40949249267578,30.15567970275879,52.68328857421875
2018-02-16,26.207002639770508,78.68864440917969,170.2069549560547,222.1276397705078,151.78738403320312,91.32064819335938,34.59353256225586,82.64818572998047,167.4225311279297,43.105106353759766,85.27430725097656,59.39440155029297,76.65789031982422,115.003662109375,30.60846710205078,52.91142272949219
2018-02-20,26.174213409423828,77.87467193603516,167.96951293945312,219.8616943359375,151.57638549804688,91.34455871582031,33.832149505615234,82.08179473876953,167.1366424560547,43.04256057739258,84.06117248535156,57.638187408447266,75.44026947021484,115.1546859741211,27.49152946472168,52.36528778076172
2018-02-21,26.125032424926758,76.52740478515625,169.58663940429688,218.62501525878906,148.61318969726562,91.72676849365234,33.332237243652344,81.81575775146484,164.24855041503906,43.073829650878906,82.92478942871094,57.71730422973633,75.43309020996094,113.66343688964844,26.734939575195312,51.770782470703125
2018-02-22,25.977481842041016,77.10981750488281,171.07131958007812,216.9898681640625,150.56964111328125,91.55957794189453,33.47067642211914,83.1458969116211,164.8490447998047,42.88622283935547,83.89224243164062,59.3548469543457,75.70684051513672,113.61627960205078,27.100088119506836,52.44134521484375
2018-02-23,26.256189346313477,79.00440216064453,175.8041229248047,221.422119140625,152.90774536132812,93.41497802734375,33.87058639526367,83.66077423095703,167.5274200439453,43.83211135864258,84.2147445678711,59.65545654296875,76.0887222290039,116.02301788330078,27.1351375579834,53.59578323364258
2018-02-26,26.575883865356445,80.41481018066406,177.4002685546875,225.1488800048828,152.99703979492188,94.57756042480469,33.86289978027344,83.67793273925781,169.53854370117188,44.566951751708984,85.18217468261719,60.83415985107422,77.86106872558594,117.58970642089844,27.202333450317383,54.50138854980469
2018-02-27,26.502107620239258,79.72012329101562,173.37844848632812,222.38494873046875,150.17184448242188,93.45475769042969,33.54757308959961,82.20191192626953,167.689453125,44.34024429321289,85.14379119873047,59.78203201293945,76.1463394165039,116.4382553100586,26.734939575195312,53.57505416870117
2018-02-28,26.313568115234375,78.53427124023438,171.75442504882812,218.84744262695312,147.97183227539062,91.9736328125,33.23994827270508,76.88140869140625,167.5274200439453,43.79302978515625,84.2531509399414,59.65545654296875,75.22416687011719,116.03244018554688,26.293832778930664,52.35837936401367
2018-03-01,25.902164459228516,78.61846923828125,169.86544799804688,213.7285919189453,145.8367156982422,90.32530212402344,33.40146255493164,75.48262786865234,165.36375427246094,42.59697723388672,83.63044738769531,58.64287567138672,76.67950439453125,113.63514709472656,26.022157669067383,51.98508071899414
2018-03-02,26.025583267211914,78.33777618408203,168.19955444335938,214.8439483642578,144.8787384033203,90.2376937866211,33.62449264526367,73.23428344726562,166.8220977783203,42.79240417480469,84.34207153320312,59.449764251708984,75.9157943725586,113.98432159423828,25.931602478027344,52.227054595947266
2018-03-05,26.436992645263672,79.39735412597656,168.638671875,219.005615234375,147.54156494140625,91.62325286865234,33.7552375793457,74.08385467529297,170.16766357421875,43.37870788574219,84.64374542236328,59.44186782836914,76.2328109741211,115.03197479248047,26.28506851196289,52.724769592285156
2018-03-06,26.4205322265625,79.74820709228516,169.4053955078125,222.1768341064453,147.4603271484375,91.7029037475586,33.7859992980957,74.76179504394531,169.2145233154297,44.21517562866211,84.759765625,56.791748046875,79.10749816894531,114.2580337524414,26.01631736755371,52.66255187988281
2018-03-07,26.478130340576172,79.88153076171875,168.4574432373047,220.8617706298828,145.8029327392578,91.3604965209961,33.70139694213867,73.89507293701172,170.81582641601562,44.46532440185547,84.96086883544922,56.50695037841797,78.68241119384766,115.003662109375,25.630722045898438,51.33528518676758
2018-03-08,26.494586944580078,79.53770446777344,167.6140899658203,221.68576049804688,145.28038024902344,91.36843872070312,34.185916900634766,73.9379653930664,170.85397338867188,44.527870178222656,86.69348907470703,55.17793273925781,78.38701629638672,115.3528823852539,25.836423873901367,51.238494873046875
2018-03-09,26.92245101928711,82.25328826904297,172.60816955566406,225.37303161621094,148.7258758544922,93.99626922607422,34.47047424316406,74.89909362792969,174.65704345703125,45.86463928222656,87.0492935180664,55.763336181640625,79.52536010742188,117.51423645019531,26.07151222229004,51.54267501831055
2018-03-12,27.021183013916016,81.95153045654297,172.20301818847656,227.5454559326172,146.72552490234375,93.69364929199219,34.24744415283203,75.24235534667969,173.98983764648438,46.05226516723633,87.21174621582031,55.905723571777344,78.46626281738281,117.2593765258789,25.880502700805664,52.012733459472656
2018-03-13,26.626237869262695,81.71998596191406,175.15762329101562,223.50857543945312,145.61521911621094,92.57084655761719,34.27821350097656,73.92080688476562,172.53150939941406,45.36433029174805,87.86918640136719,56.30126953125,78.76885986328125,116.27782440185547,25.948089599609375,51.521907806396484
2018-03-14,26.445222854614258,80.78673553466797,172.46151733398438,220.09603881835938,144.84768676757812,91.53568267822266,33.967857360839844,74.12675476074219,171.68319702148438,44.55132293701172,87.10344696044922,55.88990020751953,78.35820007324219,115.69264221191406,25.762958526611328,50.8790168762207
2018-03-15,26.412303924560547,81.10248565673828,172.80374145507812,221.9105224609375,145.38661193847656,91.76660919189453,33.88251495361328,73.40591430664062,172.47430419921875,44.73112869262695,86.6238784790039,55.874080657958984,79.04985046386719,116.47602844238281,25.7159423828125,51.44587707519531
2018-03-16,26.469905853271484,80.9761962890625,176.03770446777344,222.73452758789062,146.1132049560547,91.92587280273438,33.71957015991211,74.6588134765625,173.99937438964844,44.95783233642578,86.35315704345703,56.15887451171875,79.90719604492188,117.53308868408203,26.203754425048828,51.9298095703125
2018-03-19,26.31357192993164,79.91661834716797,174.34739685058594,218.5146026611328,144.59463500976562,91.20121002197266,33.56440353393555,73.62045288085938,172.12164306640625,44.52004623413086,85.36309051513672,55.64467239379883,78.14204406738281,116.28726959228516,25.698307037353516,51.25924301147461
2018-03-20,26.31357192993164,80.34466552734375,176.00975036621094,219.06393432617188,145.46002197265625,91.288818359375,33.48681640625,73.56896209716797,173.96127319335938,44.92655563354492,85.00727081298828,56.60979080200195,77.83226013183594,117.89175415039062,25.84524154663086,51.148624420166016
2018-03-21,26.223064422607422,82.12696075439453,173.93528747558594,217.94851684570312,145.345703125,91.36843872070312,33.3626708984375,74.87332916259766,172.28370666503906,44.64512634277344,84.1100082397461,55.48646926879883,77.5584945678711,116.29669952392578,25.912822723388672,51.874488830566406
2018-03-22,25.136945724487305,79.78328704833984,165.02963256835938,210.24942016601562,143.11680603027344,87.55414581298828,33.17646026611328,73.54322052001953,167.2987060546875,42.71422576904297,83.49121856689453,54.497596740722656,75.25298309326172,113.2481689453125,25.607215881347656,50.80989456176758
2018-03-23,24.00146484375,79.278076171875,160.28695678710938,204.14002990722656,140.26739501953125,85.21297454833984,32.84283447265625,71.88700103759766,163.78146362304688,40.70516586303711,82.1066665649414,53.69861602783203,73.24287414550781,110.4261703491211,25.101762771606445,50.38821792602539
2018-03-26,25.046436309814453,80.94109344482422,167.53024291992188,212.1471405029297,144.00674438476562,87.84081268310547,33.12215042114258,76.632568359375,168.87144470214844,42.44844055175781,82.6171646118164,55.59720993041992,74.7126235961914,113.86165618896484,25.71300506591797,51.155555725097656
2018-03-27,24.289445877075195,80.45693969726562,163.8911895751953,205.80471801757812,142.6187744140625,86.1366958618164,33.2773323059082,73.76634979248047,164.4391632080078,41.5494499206543,83.25916290283203,54.19700622558594,73.61029052734375,110.8037109375,25.286901473999023,50.948143005371094
2018-03-28,24.182479858398438,78.66057586669922,164.0028839111328,207.56094360351562,142.68409729003906,86.00135803222656,33.610958099365234,73.69769287109375,162.37086486816406,41.36182403564453,84.45033264160156,54.72701644897461,73.97772979736328,110.4167251586914,25.79234504699707,50.33291244506836
2018-03-29,24.676170349121094,80.02186584472656,167.71180725097656,209.63345336914062,145.52532958984375,87.5700454711914,33.69630432128906,75.30242919921875,166.95555114746094,42.182640075683594,84.4271469116211,54.92477798461914,75.4042739868164,112.89897918701172,26.14498519897461,51.57721710205078
2018-04-02,24.116657257080078,78.75882720947266,166.58726501464844,205.8796844482422,141.16543579101562,85.88188934326172,33.10663986206055,72.59068298339844,163.5623016357422,41.213294982910156,82.80281066894531,54.56880187988281,74.8134994506836,111.73808288574219,25.13996696472168,50.616336822509766
2018-04-03,24.347047805786133,80.57621765136719,168.36143493652344,208.56805419921875,141.8675994873047,87.0604248046875,33.65751266479492,73.32870483398438,164.3915557861328,41.56507873535156,83.6845932006836,55.00391387939453,76.03826904296875,112.5025634765625,25.507293701171875,51.860652923583984
2018-04-04,24.58565902709961,80.33063507080078,166.7688751220703,210.2660369873047,144.87217712402344,88.38230895996094,34.32476806640625,75.56843566894531,165.55433654785156,41.95594024658203,85.22381591796875,56.84712219238281,76.66509246826172,113.07830047607422,25.630720138549805,51.756961822509766
2018-04-05,24.94770050048828,82.30238342285156,168.3823699951172,212.92123413085938,146.2519989013672,89.54279327392578,34.44890594482422,76.16057586669922,167.5655517578125,42.88622283935547,85.52552032470703,57.30593490600586,77.21985626220703,114.38074493408203,25.804101943969727,52.551937103271484
2018-04-06,24.379961013793945,80.52710723876953,163.64666748046875,208.0603485107422,142.43099975585938,87.30982208251953,34.07648849487305,75.72290802001953,161.98165893554688,41.463443756103516,84.54318237304688,57.187286376953125,75.88700103759766,111.08682250976562,25.474971771240234,51.756961822509766
2018-04-09,24.57744026184082,81.38317108154297,163.66758728027344,209.90817260742188,140.84707641601562,88.35828399658203,34.006649017333984,73.1484375,162.59254455566406,41.70578384399414,84.60505676269531,56.5465087890625,75.3610610961914,112.11559295654297,25.35448455810547,51.756961822509766
2018-04-10,25.079349517822266,83.39703369140625,166.23802185058594,213.55381774902344,141.64724731445312,90.04700469970703,34.130794525146484,74.7789535522461,166.77330017089844,42.323360443115234,84.62053680419922,57.58280563354492,76.38410186767578,113.93718719482422,25.404441833496094,53.27780532836914
2018-04-11,24.60211753845215,83.67772674560547,166.23802185058594,210.53240966796875,141.13279724121094,88.53433227539062,34.130794525146484,74.35846710205078,164.5206756591797,41.22893524169922,84.0635986328125,57.6065788269043,76.43453979492188,113.04997253417969,25.24576187133789,53.526676177978516
2018-04-12,25.219228744506836,83.66370391845703,168.96908569335938,216.06748962402344,141.54104614257812,90.73532104492188,34.16182327270508,74.69313049316406,166.8496856689453,42.09666442871094,83.77741241455078,57.29803466796875,77.0829849243164,114.26750946044922,25.104703903198242,53.38148880004883
2018-04-13,24.519838333129883,84.14786529541016,170.77114868164062,213.0128173828125,141.0838165283203,88.27823638916016,34.534244537353516,73.99803161621094,166.34381103515625,41.416542053222656,84.51221466064453,56.57814025878906,77.2702865600586,113.9654769897461,25.278087615966797,53.81008529663086
2018-04-16,24.626802444458008,84.6951904296875,174.64071655273438,214.64418029785156,142.4146270751953,88.2061996459961,34.66615676879883,73.85213470458984,165.96197509765625,41.744876861572266,85.02273559570312,56.9578742980957,78.71123504638672,115.03197479248047,25.51905059814453,54.29400634765625
2018-04-17,24.71731185913086,85.22847747802734,176.01675415039062,211.10671997070312,142.80653381347656,88.2061996459961,34.82133102416992,73.9379653930664,170.22865295410156,41.61978530883789,84.21058654785156,57.3138542175293,78.90574645996094,116.84412384033203,25.830549240112305,54.14883804321289
2018-04-18,24.29767608642578,86.88448333740234,178.4823760986328,211.4147186279297,146.83981323242188,87.4939193725586,34.534244537353516,74.15252685546875,171.2977294921875,41.63542938232422,82.74867248535156,57.37714385986328,79.90000915527344,117.48589324951172,25.733570098876953,54.764068603515625
2018-04-19,24.832504272460938,86.80733489990234,175.7303466796875,211.55621337890625,144.57827758789062,89.41472625732422,34.379066467285156,72.83955383300781,170.8681640625,42.76114273071289,81.65803527832031,56.15095138549805,79.02103424072266,116.99510192871094,25.827604293823242,54.90233612060547
2018-04-20,24.898330688476562,85.82493591308594,172.60816955566406,209.7166748046875,144.5211639404297,89.21465301513672,33.93682861328125,71.75828552246094,169.02598571777344,42.573524475097656,79.26793670654297,55.62886047363281,78.2068862915039,117.22158813476562,25.560195922851562,54.61201095581055
2018-04-23,24.94770050048828,86.71607208251953,173.79563903808594,205.31365966796875,145.0518035888672,88.78245544433594,34.12302780151367,72.38471984863281,167.45098876953125,41.93250274658203,79.34526062011719,56.127227783203125,78.61036682128906,117.46699523925781,25.30160140991211,55.006011962890625
2018-04-24,24.840730667114258,85.98632049560547,171.51852416992188,201.83444213867188,143.90879821777344,88.36628723144531,33.4169807434082,71.49651336669922,165.3606414794922,41.486900329589844,78.4635009765625,55.79498291015625,77.9691390991211,114.45623779296875,25.427949905395508,54.16264343261719
2018-04-25,24.79958724975586,86.11261749267578,172.4545440673828,199.12100219726562,144.8313751220703,88.03014373779297,32.92042541503906,70.26338958740234,164.6256561279297,40.68170928955078,78.2391586303711,56.277549743652344,78.2861328125,114.39961242675781,25.616024017333984,54.9576416015625
2018-04-26,24.74199676513672,87.1651611328125,172.4754180908203,199.83677673339844,151.6324462890625,88.11817932128906,33.168704986572266,71.81556701660156,170.05690002441406,40.806793212890625,79.87127685546875,56.86293411254883,81.61470794677734,119.93981170654297,25.842304229736328,55.89778518676758
2018-04-27,24.807817459106445,88.8492660522461,174.85031127929688,199.59544372558594,152.2366485595703,87.55793762207031,33.60319519042969,72.43646240234375,167.9377899169922,40.73609161376953,78.67232513427734,57.63028335571289,82.12625122070312,118.92991638183594,25.651290893554688,53.77554702758789
2018-04-30,24.618576049804688,87.78968811035156,172.6640625,198.3718719482422,150.88133239746094,87.06170654296875,33.525611877441406,71.08258819580078,170.1618194580078,40.54756546020508,78.07675170898438,57.432525634765625,81.77322387695312,119.75104522705078,25.99510955810547,53.74789047241211
2018-05-01,24.643259048461914,87.61426544189453,170.88995361328125,196.99021911621094,150.74253845214844,87.06170654296875,33.04456329345703,71.53964233398438,172.0518035888672,40.696815490722656,76.67668914794922,56.22216796875,81.01671600341797,120.34565734863281,25.686553955078125,53.194847106933594
2018-05-02,24.338815689086914,88.05633544921875,168.0540771484375,194.8094940185547,151.78756713867188,86.37342071533203,32.63336181640625,72.40196228027344,177.36846923828125,40.610416412353516,75.20706176757812,56.52274703979492,80.0801010131836,119.27913665771484,25.372121810913086,53.09116744995117
2018-05-03,24.02614974975586,88.42122650146484,169.13673400878906,194.2767791748047,149.56678771972656,85.82919311523438,32.5014533996582,71.4275131225586,177.9984130859375,40.12339782714844,75.4932632446289,56.28544616699219,79.11469268798828,120.03418731689453,25.339801788330078,52.91142272949219
2018-05-04,24.108428955078125,88.08440399169922,171.08547973632812,195.55023193359375,151.069091796875,86.7815933227539,32.86610794067383,72.63480377197266,179.61155700683594,40.3747673034668,76.56841278076172,56.20633316040039,80.19539642333984,120.95913696289062,25.721817016601562,53.16028594970703
2018-05-07,24.388187408447266,87.67041015625,169.81423950195312,197.43136596679688,149.86892700195312,87.533935546875,32.69541931152344,72.30711364746094,180.49929809570312,41.15240478515625,75.9805679321289,54.845680236816406,80.77896881103516,121.99729919433594,25.116456985473633,53.74095916748047
2018-05-08,24.626802444458008,88.81415557861328,168.9970703125,197.26490783691406,151.07720947265625,88.83049011230469,32.43937683105469,72.65203857421875,181.86419677734375,41.9300537109375,74.86674499511719,54.91688537597656,80.16656494140625,122.60134887695312,25.195804595947266,53.98291015625
2018-05-09,25.27682876586914,90.32282257080078,170.54766845703125,201.20184326171875,152.1549835205078,90.767333984375,32.41611099243164,72.79864501953125,181.95970153808594,42.52702331542969,74.37940979003906,55.320316314697266,80.26023864746094,123.48854064941406,24.408248901367188,55.25490188598633
2018-05-10,25.416704177856445,90.39299774169922,173.01329040527344,202.62513732910156,152.80816650390625,91.47163391113281,32.72645950317383,73.35918426513672,184.26966857910156,43.23398971557617,75.23800659179688,55.56557083129883,82.12625122070312,123.63956451416016,24.452611923217773,56.49230194091797
2018-05-11,25.441389083862305,91.10873413085938,175.24842834472656,202.1923065185547,155.37998962402344,91.12748718261719,32.69541931152344,75.4115219116211,184.55599975585938,43.35967254638672,75.36175537109375,55.57347869873047,83.17813110351562,124.41349029541016,24.65665054321289,56.757652282714844
2018-05-14,25.605955123901367,91.49465942382812,175.56271362304688,203.016357421875,156.0086669921875,91.15949249267578,32.617835998535156,74.66130065917969,183.38192749023438,43.3753776550293,75.14519500732422,57.66983413696289,83.81935119628906,123.83775329589844,24.955324172973633,57.141727447509766
2018-05-15,25.688232421875,91.03855895996094,172.76182556152344,201.06039428710938,153.47764587402344,90.46318054199219,32.36955261230469,73.89380645751953,183.2673797607422,43.08473205566406,74.87449645996094,58.30813980102539,83.29341125488281,123.73394775390625,24.993759155273438,57.11378860473633
2018-05-16,25.556581497192383,90.9122543334961,172.60816955566406,200.56100463867188,152.1713104248047,90.7113037109375,32.23765563964844,73.73860168457031,183.63009643554688,43.17900466918945,75.1761245727539,60.02357482910156,83.80492401123047,123.5357666015625,25.46986198425293,57.27439498901367
2018-05-17,25.350875854492188,91.63423156738281,173.54412841796875,199.01280212402344,151.3140411376953,90.40715789794922,32.8195686340332,73.70410919189453,182.50372314453125,43.1004524230957,75.74079895019531,60.502262115478516,83.99945831298828,122.82673645019531,24.984895706176758,57.176639556884766
2018-05-18,24.898330688476562,90.50172424316406,174.23562622070312,197.26490783691406,153.02044677734375,88.94251251220703,32.72645950317383,74.45433807373047,181.74012756347656,42.354225158691406,75.42362976074219,60.59003829956055,83.7816162109375,122.82673645019531,24.733537673950195,56.77162170410156
2018-05-21,25.136945724487305,91.57051849365234,177.8746795654297,197.84754943847656,154.95542907714844,89.7588882446289,32.90491485595703,75.35978698730469,182.50372314453125,42.69984436035156,76.97064971923828,61.33204650878906,85.01604461669922,123.51685333251953,24.990802764892578,57.455963134765625
2018-05-22,25.416704177856445,90.76360321044922,176.42881774902344,198.09719848632812,152.57138061523438,90.44718170166016,32.78076934814453,73.94554138183594,182.90467834472656,43.10830307006836,77.29549407958984,60.21504592895508,83.7671127319336,123.56415557861328,24.653690338134766,57.0090446472168
2018-05-23,25.046436309814453,91.09629821777344,174.94805908203125,197.93907165527344,152.40806579589844,90.03099822998047,32.89714813232422,81.65486907958984,184.21234130859375,42.691993713378906,77.69774627685547,56.78421401977539,83.7090072631836,124.67015838623047,24.547239303588867,57.36518096923828
2018-05-24,24.857187271118164,89.61692810058594,175.83509826660156,196.51576232910156,152.79998779296875,89.0225601196289,32.835079193115234,83.20706176757812,183.1814727783203,42.41706466674805,77.48888397216797,56.600704193115234,83.96315002441406,124.67961120605469,24.499923706054688,56.052371978759766
2018-05-25,24.81605339050293,86.4883804321289,175.66751098632812,195.60853576660156,152.55503845214844,88.56635284423828,32.89714813232422,83.37954711914062,182.4751434326172,41.639427185058594,77.58944702148438,56.81613540649414,83.86150360107422,124.10291290283203,24.384592056274414,54.963035583496094
2018-05-29,23.82867431640625,85.92213439941406,172.9503936767578,188.9664764404297,151.0446014404297,84.78070831298828,33.114402770996094,82.59481048583984,180.9097137451172,39.243648529052734,78.20048522949219,57.20708465576172,82.65609741210938,122.59984588623047,24.366846084594727,54.76053237915039
2018-05-30,24.26476287841797,88.5905990600586,176.77110290527344,191.41384887695312,153.60621643066406,86.7175521850586,33.463539123535156,84.00902557373047,183.0382843017578,40.036991119384766,78.7651596069336,58.61928939819336,84.73286437988281,123.4979019165039,24.875478744506836,56.911277770996094
2018-05-31,23.992124557495117,87.98189544677734,174.0050506591797,188.6740264892578,153.16290283203125,85.64507293701172,33.3626708984375,81.9308090209961,181.47288513183594,39.38502502441406,78.25618743896484,58.15654373168945,84.31896209716797,123.57355499267578,24.408246994018555,56.729732513427734
2018-06-01,24.289548873901367,87.66336822509766,177.13433837890625,190.73727416992188,153.81967163085938,86.7575912475586,33.455780029296875,82.63793182373047,186.48406982421875,40.22551345825195,78.25618743896484,58.08473587036133,85.1395034790039,123.6964340209961,24.541318893432617,57.141727447509766
2018-06-04,24.289548873901367,86.53792572021484,175.93292236328125,192.02359008789062,157.1119842529297,86.79759216308594,33.742862701416016,84.15562438964844,188.7367401123047,40.492584228515625,78.15471649169922,60.91715621948242,84.93616485595703,125.79512023925781,25.259902954101562,56.54118347167969
2018-06-05,24.05821990966797,86.87059020996094,176.01675415039062,190.7289276123047,157.58816528320312,86.30938720703125,33.448028564453125,84.07803344726562,190.29261779785156,39.88774490356445,78.22496032714844,62.632591247558594,84.82000732421875,126.25830841064453,25.023332595825195,56.33867263793945
2018-06-06,24.818300247192383,87.3306884765625,179.19479370117188,193.97816467285156,158.94290161132812,88.32626342773438,33.71957015991211,84.93177795410156,193.96751403808594,40.775367736816406,78.70895385742188,62.15384292602539,84.97247314453125,128.82957458496094,25.005592346191406,57.302310943603516
2018-06-07,24.859607696533203,89.86466979980469,179.6837615966797,194.9971923828125,161.06117248535156,88.67842102050781,33.704063415527344,85.60437774658203,190.4644012451172,40.95602035522461,78.96656799316406,62.51291275024414,84.36979675292969,126.52298736572266,25.120922088623047,57.87495422363281
2018-06-08,24.793516159057617,89.4966049194336,181.70933532714844,194.947021484375,162.8345947265625,88.92654418945312,34.09977340698242,86.4236068725586,190.941650390625,40.775367736816406,80.00475311279297,62.24958419799805,84.6675033569336,127.373779296875,24.946453094482422,58.37770080566406
2018-06-11,24.834821701049805,90.28935241699219,182.98062133789062,195.53176879882812,163.91012573242188,88.70243835449219,34.23941421508789,86.6650619506836,189.46217346191406,40.67325210571289,80.56681060791016,63.079410552978516,84.84903717041016,126.58917236328125,24.92870330810547,58.028568267822266
2018-06-12,24.70263671875,89.9496078491211,185.46714782714844,194.31227111816406,165.28125,88.19023132324219,34.4566650390625,86.6650619506836,191.027587890625,40.31192398071289,81.55818939208984,63.08736801147461,85.93097686767578,127.48725128173828,24.86956214904785,57.55371856689453
2018-06-13,24.65306282043457,89.94253540039062,183.6441650390625,195.31460571289062,164.460205078125,88.01411437988281,34.27821350097656,85.76823425292969,190.34031677246094,40.53187561035156,82.17486572265625,62.24958419799805,85.19758605957031,127.05236053466797,24.866605758666992,56.918270111083984
2018-06-14,24.37217140197754,89.54615783691406,184.03530883789062,195.1642608642578,163.9347686767578,86.46146392822266,34.113834381103516,85.509521484375,190.24493408203125,40.30406951904297,82.06559753417969,61.611289978027344,85.09593200683594,127.61958312988281,24.777889251708984,57.183616638183594
2018-06-15,24.190410614013672,87.7978515625,184.78964233398438,193.7191925048828,164.64903259277344,86.35740661621094,34.53651809692383,85.52674102783203,190.45486450195312,40.18625259399414,84.00149536132812,61.63525390625,84.79093933105469,127.71412658691406,24.751277923583984,56.32471466064453
2018-06-18,24.289548873901367,89.1639175415039,184.1680145263672,193.27645874023438,164.77218627929688,86.58149719238281,34.0903434753418,85.0179672241211,191.98214721679688,39.879905700683594,82.26074981689453,61.531532287597656,84.79093933105469,128.75393676757812,24.544279098510742,56.43643569946289
2018-06-19,24.17388153076172,88.85958862304688,180.48004150390625,190.71221923828125,163.55709838867188,86.07727813720703,34.12948226928711,84.64718627929688,190.6075897216797,39.21221160888672,82.71347045898438,61.09268569946289,83.37498474121094,127.72357940673828,24.72466278076172,56.35264587402344
2018-06-20,24.157358169555664,88.6826400756836,175.6185760498047,190.2945098876953,163.45034790039062,86.06927490234375,33.86332702636719,84.88864135742188,192.37344360351562,39.18865966796875,82.59638214111328,60.15119934082031,82.52542114257812,128.0922393798828,24.72466278076172,56.17807388305664
2018-06-21,24.19866943359375,86.77151489257812,172.32879638671875,189.59288024902344,164.460205078125,86.04527282714844,33.73025894165039,85.42328643798828,191.6480255126953,39.11011505126953,83.7126693725586,60.749610900878906,82.35839080810547,127.17529296875,24.90209197998047,55.64736557006836
2018-06-22,23.95081901550293,88.54814910888672,169.31739807128906,188.791015625,162.07925415039062,84.63666534423828,33.85550308227539,84.69892883300781,192.31619262695312,38.40315246582031,84.59477233886719,60.669822692871094,82.56170654296875,127.93144989013672,25.08247947692871,56.82748794555664
2018-06-25,23.52947235107422,86.78567504882812,164.24705505371094,185.04891967773438,161.23358154296875,83.86831665039062,34.113834381103516,83.51751708984375,186.11184692382812,37.64908218383789,85.07872009277344,61.3081169128418,80.02021789550781,123.77205657958984,25.570405960083008,55.682273864746094
2018-06-26,23.57904624938965,87.88278198242188,165.87181091308594,185.08238220214844,161.21717834472656,83.92437744140625,33.91813278198242,83.75896453857422,187.52452087402344,37.539100646972656,84.34496307373047,60.90120315551758,79.5627670288086,125.30352020263672,25.425506591796875,56.31074523925781
2018-06-27,23.331188201904297,89.18517303466797,160.8994598388672,183.91294860839844,160.11695861816406,82.62777709960938,33.714603424072266,83.05184173583984,184.39376831054688,37.06781005859375,84.5167007446289,61.33204650878906,78.69864654541016,123.8571548461914,25.69460678100586,57.057926177978516
2018-06-28,23.68644142150879,88.94451904296875,158.7424774169922,186.61927795410156,160.27296447753906,83.98037719726562,34.0277099609375,82.78453063964844,188.1354217529297,37.931846618652344,84.83673858642578,60.31875228881836,76.88333129882812,125.4831314086914,25.39002227783203,57.2394905090332
2018-06-29,23.289878845214844,89.48953247070312,159.01564025878906,184.23873901367188,160.18264770507812,83.39612579345703,34.333011627197266,82.41370391845703,187.58180236816406,37.232757568359375,84.98506164550781,60.7336540222168,77.13748168945312,125.20896911621094,25.32792091369629,57.770179748535156
2018-07-02,23.364233016967773,87.94649505615234,160.64739990234375,186.48565673828125,159.29592895507812,84.1004409790039,34.24689483642578,81.8100814819336,188.67947387695312,37.4841194152832,85.5002670288086,60.45440673828125,76.88333129882812,125.25625610351562,24.839990615844727,57.09284591674805
2018-07-03,22.951143264770508,88.28626251220703,159.4008331298828,184.08001708984375,158.967529296875,82.9239273071289,34.43476867675781,81.97393798828125,187.3622283935547,36.93426513671875,84.930419921875,61.14056396484375,76.79620361328125,124.26362609863281,24.970111846923828,57.42802429199219
2018-07-05,23.066808700561523,87.75538635253906,160.08006286621094,184.38070678710938,159.6161651611328,83.46305847167969,34.959232330322266,82.37059020996094,189.8249053955078,36.68291091918945,85.51587677001953,61.076744079589844,77.18103790283203,126.00299072265625,25.0085506439209,57.47691345214844
2018-07-06,23.157690048217773,87.86863708496094,159.86305236816406,185.2578125,159.6736297607422,83.73666381835938,34.943580627441406,82.9052505493164,190.68502807617188,36.98925018310547,85.5236587524414,61.26821517944336,76.99226379394531,126.75931549072266,24.990802764892578,57.490867614746094
2018-07-09,24.000389099121094,89.17811584472656,164.5341796875,190.43658447265625,160.9872589111328,86.32777404785156,34.75570297241211,83.61235809326172,192.0326385498047,38.02611541748047,84.11858367919922,62.04214096069336,78.85114288330078,128.1111602783203,25.41072654724121,57.888893127441406
2018-07-10,23.818626403808594,90.31060028076172,165.0384063720703,189.48434448242188,162.24342346191406,85.79669189453125,35.20189666748047,85.38017272949219,192.5964813232422,37.78260040283203,88.12311553955078,62.473018646240234,78.7930908203125,129.2171630859375,25.789230346679688,58.41960525512695
2018-07-11,23.694704055786133,87.42976379394531,161.2286376953125,188.4903106689453,161.70156860351562,85.61158752441406,35.061004638671875,85.03524780273438,194.81378173828125,37.5076789855957,87.84989929199219,61.89851760864258,77.93621063232422,130.5973663330078,25.588144302368164,57.67242431640625
2018-07-12,23.76906394958496,87.95357513427734,162.95846557617188,189.79336547851562,162.5225830078125,85.98178100585938,34.96705627441406,84.7679214477539,198.5792999267578,37.719764709472656,87.06148529052734,61.036842346191406,78.80757141113281,132.25167846679688,25.585189819335938,57.74226760864258
2018-07-13,23.587295532226562,87.7978515625,163.70077514648438,189.11679077148438,163.13015747070312,85.58747863769531,35.021846771240234,85.87171173095703,196.79209899902344,37.76690673828125,87.96697235107422,62.01025390625,79.1270980834961,131.79795837402344,25.93413543701172,58.175193786621094
2018-07-16,24.603496551513672,87.04757690429688,161.2006378173828,193.31829833984375,163.28611755371094,88.98328399658203,35.01403045654297,85.91481018066406,195.04310607910156,38.411006927490234,88.1777572631836,61.60332489013672,80.34698486328125,130.8904266357422,25.916393280029297,57.60259246826172
2018-07-17,24.793516159057617,86.29019165039062,161.8799591064453,192.96749877929688,165.10882568359375,88.91889190673828,35.42107009887695,86.4494857788086,197.23170471191406,38.63095474243164,89.6765365600586,61.65120315551758,80.65196228027344,132.005859375,26.079036712646484,57.47691345214844
2018-07-18,24.892654418945312,86.0212173461914,165.4095916748047,193.15121459960938,165.00210571289062,89.74774932861328,35.319305419921875,87.13934326171875,199.13357543945312,39.71495056152344,89.63749694824219,61.31608200073242,81.4434585571289,133.19700622558594,26.043548583984375,57.414066314697266
2018-07-19,24.51262092590332,86.12030792236328,165.66171264648438,191.80642700195312,166.3650360107422,88.42801666259766,35.31148147583008,87.43254089355469,196.93540954589844,39.15723419189453,90.37126159667969,62.60066223144531,81.9372329711914,132.4690704345703,25.940052032470703,57.26742172241211
2018-07-20,24.892654418945312,86.54501342773438,164.52716064453125,193.527099609375,166.21717834472656,89.54656219482422,35.4445686340332,86.80301666259766,197.55662536621094,39.48714828491211,90.55862426757812,62.04214096069336,81.37811279296875,133.28207397460938,26.040584564208984,56.84147262573242
2018-07-23,25.404884338378906,85.87967681884766,165.55667114257812,195.25613403320312,166.03656005859375,91.21229553222656,35.18624496459961,87.23421478271484,198.6366424560547,39.85633087158203,89.2940444946289,62.78416442871094,81.84283447265625,132.3745574951172,25.913434982299805,56.84147262573242
2018-07-24,25.470977783203125,87.66336822509766,165.85775756835938,197.02691650390625,165.83958435058594,91.8560562133789,35.428897857666016,86.64501953125,200.29962158203125,40.04484558105469,89.56723022460938,63.31874084472656,81.64678192138672,132.3745574951172,26.011022567749023,57.96571350097656
2018-07-25,25.66925811767578,88.40657806396484,168.2458953857422,197.7035369873047,165.0267333984375,92.68489837646484,36.078609466552734,85.7958755493164,204.6768341064453,40.091976165771484,89.93413543701172,63.82138442993164,87.2815933227539,134.8418731689453,25.9932804107666,58.3707389831543
2018-07-26,25.56185531616211,87.73412322998047,168.94619750976562,198.05430603027344,163.71310424804688,92.4193344116211,36.19602966308594,85.36267852783203,198.18743896484375,40.05270767211914,89.77021026611328,63.71767807006836,86.31583404541016,134.7095184326172,26.09086036682129,58.82463073730469
2018-07-27,25.661001205444336,89.1639175415039,168.66610717773438,198.49703979492188,161.85757446289062,93.36885070800781,36.172550201416016,84.912109375,193.9536590576172,40.09983825683594,89.20818328857422,63.93309020996094,86.16336059570312,133.01742553710938,26.061288833618164,57.20458221435547
2018-07-30,25.86754035949707,90.4804916381836,168.38597106933594,199.59124755859375,161.9724884033203,93.93216705322266,36.188209533691406,86.02116394042969,189.10812377929688,40.218360900878906,89.13009643554688,64.79481506347656,86.19966888427734,129.0186767578125,26.283082962036133,57.07886505126953
2018-07-31,25.512285232543945,89.37628936767578,172.188720703125,198.3216094970703,162.16954040527344,92.49979400634766,36.501319885253906,86.07315063476562,189.23240661621094,39.949703216552734,89.77021026611328,64.37190246582031,87.05648040771484,129.2644805908203,26.386579513549805,56.918270111083984
2018-08-01,25.817974090576172,88.75340270996094,168.84817504882812,197.1605682373047,161.16787719726562,93.07112884521484,36.31344985961914,84.8774642944336,192.29067993164062,39.64946365356445,88.68515014648438,62.99161148071289,86.67163848876953,130.69189453125,26.093820571899414,56.13617706298828
2018-08-02,25.842756271362305,87.59967803955078,168.8621368408203,195.44827270507812,160.64242553710938,93.46544647216797,36.14907455444336,84.42688751220703,193.0647735595703,39.35710525512695,89.52821350097656,64.43574523925781,86.11978149414062,131.32530212402344,26.247591018676758,55.800987243652344
2018-08-03,26.032777786254883,87.804931640625,170.40292358398438,195.53176879882812,160.6260223388672,94.22184753417969,36.49348831176758,84.59153747558594,192.29067993164062,39.43610763549805,90.78498840332031,64.98627471923828,86.51915740966797,132.17605590820312,26.495994567871094,56.00349044799805
2018-08-06,26.041040420532227,87.98189544677734,171.6704559326172,197.0686798095703,160.66709899902344,94.2459945678711,36.5169792175293,84.69548797607422,192.61561584472656,39.49933624267578,91.62805938720703,65.11393737792969,86.8023452758789,132.07211303710938,26.516695022583008,55.989524841308594
2018-08-07,26.032777786254883,88.60477447509766,173.57534790039062,198.65573120117188,161.78367614746094,94.59202575683594,36.399559020996094,85.58795166015625,193.64776611328125,39.60993576049805,89.16132354736328,65.6166000366211,87.14363861083984,132.6109161376953,26.546262741088867,56.75067901611328
2018-08-08,26.272371292114258,87.68460083007812,171.92262268066406,197.43621826171875,162.58006286621094,94.78514862060547,36.12558364868164,85.66590118408203,193.8771514892578,39.60204315185547,88.59147644042969,65.73628234863281,87.55754089355469,132.98902893066406,26.629058837890625,56.37359619140625
2018-08-09,26.107141494750977,86.72904205322266,171.43939208984375,195.27281188964844,162.62930297851562,94.05286407470703,36.28213119506836,86.59302520751953,194.58444213867188,39.06474304199219,88.7553939819336,65.9197769165039,87.76809692382812,132.35568237304688,26.47439956665039,56.08728790283203
2018-08-10,25.76839828491211,87.3023910522461,169.31039428710938,191.7896728515625,161.16787719726562,93.12747192382812,36.07079315185547,85.18072509765625,193.67645263671875,38.2350959777832,88.1075210571289,65.9916000366211,86.60629272460938,132.0909881591797,26.822389602661133,56.03084182739258
2018-08-13,25.18181800842285,86.66533660888672,168.7711639404297,189.4926300048828,159.3944854736328,91.64682006835938,35.87510299682617,84.12364196777344,193.3514862060547,37.4133415222168,88.224609375,65.47299194335938,85.80027770996094,132.54470825195312,26.661779403686523,55.42412185668945
2018-08-14,25.43793487548828,86.7644271850586,170.6690216064453,191.7479248046875,158.54061889648438,92.25839233398438,35.922061920166016,85.25871276855469,194.8520050048828,37.81632614135742,88.28702545166016,66.48619079589844,86.39570617675781,133.0646514892578,27.02168083190918,55.24774932861328
2018-08-15,25.082674026489258,83.48017120361328,170.51492309570312,191.48902893066406,159.27133178710938,91.49393463134766,36.07079315185547,83.89836883544922,191.37318420410156,37.49235534667969,88.56025695800781,64.88597106933594,87.17268371582031,132.2705535888672,26.83428955078125,54.28120803833008
2018-08-16,25.38010025024414,84.08043670654297,172.45484924316406,194.62132263183594,160.42074584960938,92.3549575805664,36.18037796020508,84.63482666015625,194.58444213867188,38.16396713256836,89.18474578857422,65.99568939208984,87.9423828125,133.16053771972656,29.338668823242188,55.02902603149414
2018-08-17,25.396621704101562,84.18047332763672,172.9380645751953,194.93870544433594,160.56031799316406,92.3549575805664,36.47783660888672,84.89479064941406,194.211669921875,38.21928787231445,89.73898315429688,66.77570343017578,89.11300659179688,133.80435180664062,29.10369110107422,55.21247863769531
2018-08-20,25.504030227661133,84.14472961425781,174.23365783691406,196.9434051513672,162.50619506835938,92.23426055908203,36.57960510253906,85.75257873535156,195.68345642089844,38.15608596801758,89.64529418945312,67.00083923339844,89.66171264648438,133.43508911132812,28.55344581604004,55.60049819946289
2018-08-21,25.62795639038086,84.2804946899414,175.8583984375,199.34066772460938,164.39453125,92.79756164550781,36.18037796020508,86.41975402832031,194.09701538085938,38.35361862182617,88.77102661132812,66.96061706542969,89.99828338623047,132.58299255371094,28.57724380493164,55.614620208740234
2018-08-22,25.594907760620117,84.9808349609375,172.9380645751953,199.91700744628906,163.3600311279297,92.5158920288086,35.953369140625,91.42781066894531,195.262939453125,38.40102767944336,87.61572265625,69.10771179199219,89.1642074584961,133.6244659423828,28.455297470092773,56.41182327270508
2018-08-23,25.479238510131836,84.39485168457031,171.20823669433594,197.4111785888672,164.33705139160156,92.32278442382812,35.77333450317383,92.84014892578125,196.1326141357422,38.0296630859375,87.37373352050781,69.72686767578125,89.04714965820312,134.53330993652344,28.309551239013672,55.790992736816406
2018-08-24,25.520551681518555,85.04512786865234,171.5934600830078,196.38375854492188,165.2730255126953,92.28253936767578,35.71854019165039,92.53688049316406,200.12754821777344,38.03757095336914,87.54547882080078,70.20935821533203,89.80073547363281,136.52145385742188,28.241140365600586,56.17195510864258
2018-08-27,25.86754035949707,86.00272369384766,174.31065368652344,202.64004516601562,165.8313446044922,93.91606903076172,35.7655029296875,92.68416595458984,202.16326904296875,39.420318603515625,87.7484130859375,69.63841247558594,90.61284637451172,137.65760803222656,28.11919403076172,56.72224426269531
2018-08-28,25.834495544433594,85.65252685546875,173.4212646484375,202.44793701171875,165.82318115234375,93.45738983154297,35.5150146484375,93.8105239868164,203.21453857421875,39.507225036621094,86.78044891357422,69.71884155273438,89.80803680419922,137.4682159423828,28.57426643371582,56.6375846862793
2018-08-29,25.72709083557129,85.9098129272461,173.4002685546875,202.30543518066406,166.433837890625,93.15160369873047,35.48370361328125,94.16580963134766,205.06863403320312,39.46773147583008,87.46739959716797,70.46666717529297,90.3348388671875,139.2008056640625,28.44637107849121,57.04677963256836
2018-08-30,25.61968994140625,85.61681365966797,172.79798889160156,200.62937927246094,164.43667602539062,92.69294738769531,35.18624496459961,93.47264099121094,204.33273315429688,38.95412826538086,87.39714813232422,70.20935821533203,89.8812026977539,138.92623901367188,28.583187103271484,56.79985046386719
2018-08-31,25.5535945892334,84.652099609375,170.8441162109375,199.296875,165.682861328125,92.20205688476562,34.88877868652344,94.2264633178711,206.01478576660156,38.582763671875,87.43619537353516,70.36213684082031,89.90314483642578,139.0682373046875,28.511808395385742,56.559974670410156
2018-09-04,25.72709083557129,84.9450912475586,168.9812774658203,199.17112731933594,169.2395782470703,92.66073608398438,35.037513732910156,95.24886322021484,207.21900939941406,38.48794174194336,86.64775085449219,71.52815246582031,90.97132873535156,139.9298095703125,28.363088607788086,56.6446418762207
2018-09-05,25.760143280029297,84.9808349609375,171.41140747070312,199.0873260498047,168.47210693359375,92.21009826660156,35.52283477783203,93.93187713623047,201.80966186523438,38.495853424072266,88.30268096923828,71.24669647216797,91.2054672241211,135.07296752929688,28.737855911254883,57.39950942993164
2018-09-06,25.6107120513916,82.34394836425781,172.412841796875,196.5396728515625,169.90805053710938,91.81580352783203,35.828128814697266,94.77230072021484,203.3483123779297,37.87162780761719,89.3321304321289,71.47186279296875,90.50308990478516,136.80555725097656,28.687292098999023,56.76457977294922
2018-09-07,25.61901092529297,81.89372253417969,172.7147674560547,196.02847290039062,170.1885986328125,91.99283599853516,35.78899002075195,94.95426940917969,201.7427215576172,38.10077667236328,88.73396301269531,71.3592758178711,89.98363494873047,135.5747528076172,28.502885818481445,57.731109619140625
2018-09-10,25.58580780029297,81.80797576904297,175.15834045410156,194.35240173339844,173.86917114257812,91.50198364257812,36.05513000488281,97.38033294677734,202.2970428466797,37.87953186035156,89.38722229003906,71.7774658203125,90.97132873535156,136.40786743164062,28.821134567260742,57.64645004272461
2018-09-11,25.6107120513916,82.19386291503906,175.0951690673828,192.9276580810547,176.4768829345703,92.0813980102539,36.02381896972656,98.93126678466797,203.99822998046875,37.81632614135742,89.1983642578125,71.40754699707031,90.04216766357422,137.74281311035156,28.743804931640625,58.4577751159668
2018-09-12,25.262041091918945,82.74410247802734,177.63702392578125,191.2012939453125,174.93377685546875,90.9950180053711,36.19602966308594,99.06990814208984,204.55255126953125,37.51606750488281,89.60760498046875,71.28691101074219,90.21044921875,138.76531982421875,28.544519424438477,58.64825439453125
2018-09-13,25.021284103393555,83.10855865478516,177.77041625976562,191.35214233398438,172.84591674804688,91.34909057617188,36.18025588989258,97.6922378540039,207.60128784179688,37.70571517944336,90.5048599243164,70.82854461669922,87.57657623291016,139.7688446044922,28.291709899902344,58.07680130004883
2018-09-14,25.21223258972168,83.88032531738281,179.3643798828125,192.1147918701172,172.5323028564453,91.33299255371094,36.306556701660156,98.68000793457031,208.3085174560547,38.077064514160156,90.17428588867188,70.7159423828125,88.08138275146484,139.96771240234375,28.134065628051758,58.50010681152344
2018-09-17,25.13751792907715,83.9732437133789,179.5679931640625,190.9833984375,171.9793701171875,91.60658264160156,36.56707000732422,98.55003356933594,206.88449096679688,37.67409896850586,90.82758331298828,70.18523406982422,87.1302719116211,138.39598083496094,28.202472686767578,58.845794677734375
2018-09-18,25.079402923583984,84.41629791259766,169.63217163085938,191.82144165039062,174.14151000976562,91.97674560546875,36.259185791015625,100.11831665039062,210.30596923828125,37.80841064453125,89.70994567871094,70.50688934326172,86.50837707519531,139.7688446044922,28.383914947509766,59.001007080078125
2018-09-19,25.735239028930664,85.40245056152344,170.54505920410156,197.42800903320312,174.68614196777344,94.6483383178711,36.282875061035156,100.73348999023438,208.52830505371094,38.79610061645508,89.54463195800781,70.08875274658203,86.51570129394531,139.57000732421875,28.327396392822266,59.706485748291016
2018-09-20,25.89296531677246,85.33811950683594,173.3045654296875,198.95326232910156,174.1744384765625,95.46109008789062,36.8197021484375,101.11473083496094,211.58656311035156,39.41240692138672,90.68592071533203,70.26564025878906,87.1522216796875,141.29310607910156,28.47908592224121,59.84055709838867
2018-09-21,25.760143280029297,86.56010437011719,173.66270446777344,197.2268829345703,175.27203369140625,94.83342742919922,36.7723388671875,101.23603820800781,212.07408142089844,39.04104232788086,90.44190216064453,70.20935821533203,86.69129180908203,142.05999755859375,28.52370834350586,60.08745193481445
2018-09-24,25.519393920898438,87.62487030029297,171.21914672851562,195.1820068359375,171.6410675048828,93.92411041259766,36.36971664428711,99.65043640136719,211.54840087890625,38.36941909790039,88.3640365600586,70.15306854248047,85.84258270263672,141.17002868652344,28.232219696044922,61.09635925292969
2018-09-25,25.461280822753906,88.16084289550781,167.9610137939453,194.8467559814453,171.20370483398438,93.65856170654297,36.06182861328125,99.81504821777344,212.28427124023438,38.1481819152832,88.12793731689453,70.20935821533203,85.05975341796875,141.6150360107422,28.2857608795166,61.025794982910156
2018-09-26,25.012985229492188,87.14606475830078,169.3022003173828,191.81307983398438,171.25318908691406,92.5561294555664,36.1960334777832,99.45979309082031,212.4180908203125,37.68989181518555,87.75801086425781,70.67577362060547,85.38166046142578,141.32154846191406,28.134065628051758,60.5178337097168
2018-09-27,24.855253219604492,87.51768493652344,169.01426696777344,190.857666015625,170.6920166015625,92.15379333496094,36.32234191894531,99.20854949951172,212.4658966064453,37.745201110839844,87.4038314819336,70.37019348144531,85.40363311767578,142.03163146972656,27.997251510620117,60.510780334472656
2018-09-28,24.45677375793457,87.38191223144531,169.07745361328125,187.9245147705078,170.94786071777344,90.80188751220703,36.46444320678711,99.48577117919922,212.75259399414062,36.79703903198242,87.99413299560547,70.93309783935547,85.41825103759766,142.09786987304688,27.931812286376953,59.98166275024414
2018-10-01,24.6145076751709,88.88973999023438,168.47360229492188,188.83795166015625,171.31919860839844,91.33299255371094,36.49602508544922,98.8359603881836,213.86122131347656,36.84442901611328,87.13619995117188,71.14215850830078,85.93772888183594,142.76060485839844,28.077552795410156,60.538997650146484
2018-10-02,24.556394577026367,89.13981628417969,167.82054138183594,189.4581298828125,168.96726989746094,91.71121215820312,36.71706771850586,97.55361938476562,212.52320861816406,36.84442901611328,85.5699691772461,69.65450286865234,85.5938491821289,141.70022583007812,28.30062484741211,60.997581481933594
2018-10-03,24.905065536499023,89.54715728759766,169.1827850341797,190.89120483398438,168.1337890625,92.57222747802734,36.211822509765625,96.8257827758789,213.2495880126953,37.22372055053711,84.6254653930664,69.1318130493164,86.17184448242188,141.4161834716797,27.979402542114258,60.77886199951172
2018-10-04,25.262041091918945,89.28987884521484,167.8697509765625,190.63980102539062,164.09835815429688,93.40687561035156,36.1960334777832,95.98535919189453,206.57864379882812,37.35013961791992,83.90926361083984,68.22312927246094,85.82797241210938,138.9451904296875,28.021045684814453,60.37675094604492
2018-10-05,25.096004486083984,89.56146240234375,165.7561798095703,189.15646362304688,162.0600128173828,92.88015747070312,36.21971893310547,95.08424377441406,204.05264282226562,36.93926239013672,83.81481170654297,67.9657974243164,85.77674865722656,137.6196746826172,27.753355026245117,60.2074089050293
2018-10-08,25.129213333129883,89.21129608154297,165.00485229492188,188.85472106933594,163.73524475097656,93.4473876953125,36.69337844848633,95.22285461425781,199.2685089111328,37.152587890625,85.1528091430664,68.67346954345703,86.90345764160156,134.33448791503906,28.16381072998047,60.76475524902344
2018-10-09,24.888465881347656,90.62620544433594,161.32540893554688,186.8098602294922,161.54013061523438,92.79912567138672,36.62232971191406,94.59034729003906,200.70375061035156,36.47306823730469,85.09771728515625,68.88255310058594,86.27425384521484,134.7321319580078,28.87467384338379,61.032840728759766
2018-10-10,24.274137496948242,87.61055755615234,155.5043487548828,180.0887451171875,159.84841918945312,90.3276138305664,36.06182861328125,92.0949935913086,188.19805908203125,35.25625228881836,84.48380279541016,68.51262664794922,85.3451156616211,128.30368041992188,28.48206329345703,59.62891387939453
2018-10-11,23.543590545654297,84.63066864013672,152.66758728027344,178.47972106933594,156.58045959472656,87.62110900878906,35.24081039428711,90.31009674072266,186.11215209960938,34.3633918762207,82.68930053710938,66.58270263671875,83.23067474365234,126.60904693603516,27.93479347229004,57.5688362121582
2018-10-12,23.626604080200195,84.1590347290039,155.18138122558594,179.2339324951172,158.83334350585938,86.6649169921875,35.27238845825195,91.28919982910156,195.40292358398438,34.315975189208984,82.86243438720703,68.03819274902344,84.60612487792969,132.6019744873047,28.199499130249023,57.41362380981445
2018-10-15,23.178316116333008,83.56591033935547,155.19540405273438,180.36529541015625,157.76052856445312,86.17060089111328,35.45396041870117,90.69131469726562,191.6713409423828,34.34758758544922,83.1379165649414,68.03016662597656,84.70124053955078,129.92266845703125,27.905046463012695,57.01853942871094
2018-10-16,23.68471908569336,83.9732437133789,158.81863403320312,185.7958221435547,159.74935913085938,88.01817321777344,35.91183090209961,91.82640838623047,198.8092803955078,36.29924011230469,84.52315521240234,69.00315856933594,85.95235443115234,134.19248962402344,28.496932983398438,57.286643981933594
2018-10-17,23.991884231567383,83.81603240966797,156.90875244140625,191.31021118164062,152.80914306640625,88.9986572265625,36.20392990112305,88.75914001464844,198.42649841308594,37.286922454833984,85.24726104736328,67.8853988647461,86.3401107788086,134.8647003173828,28.72001075744629,57.498294830322266
2018-10-18,23.452272415161133,83.94465637207031,152.57632446289062,188.51950073242188,148.90574645996094,87.58870697021484,36.006561279296875,86.39374542236328,194.82884216308594,36.37035369873047,84.94816589355469,67.03299713134766,83.94035339355469,131.8729705810547,28.6040096282959,57.745208740234375
2018-10-19,23.510387420654297,84.42342376708984,154.3387451171875,190.20399475097656,148.41885375976562,87.44284057617188,36.57497024536133,86.28976440429688,194.2930145263672,36.67851257324219,86.80565643310547,65.95545959472656,85.22802734375,132.62091064453125,28.895488739013672,57.82988739013672
2018-10-22,22.73002052307129,83.75886535644531,153.3557586669922,185.71209716796875,147.51107788085938,86.18682861328125,36.29076385498047,85.25001525878906,195.6708526611328,35.64341354370117,86.10515594482422,66.928466796875,84.60612487792969,133.1510467529297,28.89251708984375,57.25138473510742
2018-10-23,22.431163787841797,81.03621673583984,153.34164428710938,183.1643524169922,147.32957458496094,85.28736877441406,36.598655700683594,85.432861328125,193.69020080566406,35.17724609375,86.67974090576172,66.4781494140625,83.58184814453125,131.71200561523438,29.088823318481445,56.327178955078125
2018-10-24,21.742122650146484,78.7566146850586,146.89566040039062,175.30345153808594,146.04220581054688,83.69908142089844,36.890750885009766,84.04845428466797,187.2412109375,34.3633918762207,88.90711975097656,66.156494140625,78.96522521972656,127.11077117919922,29.017438888549805,54.76095199584961
2018-10-25,22.07419204711914,79.73562622070312,150.1116180419922,179.35122680664062,147.7752227783203,84.9713363647461,36.71706771850586,85.28485107421875,195.38377380371094,35.2009391784668,88.82056427001953,67.41094970703125,78.88475799560547,133.0374755859375,29.499277114868164,55.24774932861328
2018-10-26,21.908157348632812,79.69989776611328,147.82960510253906,177.96844482421875,142.13052368164062,83.80447387695312,36.251304626464844,81.654052734375,188.96356201171875,34.7426643371582,86.93158721923828,65.89112854003906,77.0483627319336,130.4054718017578,29.427900314331055,54.69746017456055
2018-10-29,22.090795516967773,77.84192657470703,148.1876678466797,179.7535400390625,142.93106079101562,84.96321105957031,36.67759323120117,80.85301208496094,182.79197692871094,34.72685623168945,88.85200500488281,67.6280746459961,76.91665649414062,127.17705535888672,29.683679580688477,54.35882568359375
2018-10-30,22.231924057006836,79.21395874023438,152.04261779785156,183.76779174804688,145.43975830078125,86.46232604980469,37.60124969482422,82.48991394042969,179.62489318847656,35.40309143066406,89.54463195800781,68.97096252441406,78.33602905273438,125.69065856933594,30.46296501159668,55.579341888427734
2018-10-31,22.82964515686035,79.78565216064453,154.7179412841797,188.8715362548828,145.14271545410156,88.34229278564453,37.798606872558594,82.90785217285156,189.1357421875,36.325958251953125,88.45063018798828,67.25012969970703,77.9482650756836,130.50958251953125,29.82645034790039,56.21428298950195
2018-11-01,23.086994171142578,79.44264221191406,157.31602478027344,190.21238708496094,148.9222869873047,88.30989837646484,37.68807601928711,84.8407974243164,191.0876922607422,36.508949279785156,87.76588439941406,67.73261260986328,78.66525268554688,133.33096313476562,29.91568946838379,56.91272735595703
2018-11-02,23.153409957885742,81.98664093017578,155.64479064941406,192.4918975830078,148.4849090576172,87.82367706298828,37.893348693847656,84.30095672607422,189.18357849121094,36.556678771972656,87.49825286865234,67.87736511230469,77.54586029052734,132.33685302734375,30.14173126220703,57.81578063964844
2018-11-05,23.294536590576172,84.99513244628906,156.3118896484375,191.67897033691406,150.3499755859375,88.3990249633789,38.438053131103516,84.51863861083984,189.4323272705078,36.45325469970703,90.03263092041016,68.63325500488281,78.15312957763672,132.35581970214844,30.60869598388672,57.5970573425293
2018-11-06,23.419063568115234,84.966552734375,159.2329559326172,191.24319458007812,150.201416015625,88.81230163574219,38.76963806152344,84.90176391601562,190.5518341064453,36.37369918823242,90.67801666259766,68.82623291015625,79.49201202392578,133.29306030273438,30.733619689941406,57.843997955322266
2018-11-07,23.693021774291992,86.37428283691406,162.3997802734375,193.82437133789062,154.50912475585938,90.3357162475586,38.97488784790039,87.5921859741211,199.2494354248047,37.08175277709961,90.99286651611328,69.76708221435547,81.30646514892578,137.07061767578125,31.028078079223633,58.57770538330078
2018-11-08,23.96697425842285,85.29525756835938,161.0796356201172,194.1344757080078,155.1445770263672,91.06501770019531,38.943302154541016,86.60830688476562,199.84259033203125,36.93855285644531,91.34703826904297,70.44255828857422,81.57716369628906,137.49661254882812,31.194643020629883,57.64645004272461
2018-11-09,23.676414489746094,85.40245056152344,157.56878662109375,186.59197998046875,153.48587036132812,90.1817398071289,39.2196044921875,84.30095672607422,196.7425079345703,36.38166046142578,92.46466827392578,69.91181945800781,80.12123107910156,136.2659149169922,31.39689826965332,57.6322021484375
2018-11-12,23.037185668945312,83.88748931884766,154.21937561035156,172.6803741455078,148.07225036621094,88.28555297851562,39.369590759277344,83.28225708007812,190.5422821044922,35.10873031616211,92.06327056884766,68.72976684570312,78.81159973144531,132.28004455566406,30.894235610961914,56.89105224609375
2018-11-13,23.045494079589844,82.42969512939453,156.24166870117188,171.84230041503906,147.71742248535156,88.8041763305664,39.36171340942383,83.2300033569336,189.6141357421875,35.54629898071289,92.19705963134766,67.80497741699219,80.04075622558594,132.28004455566406,30.61762237548828,55.58686828613281
2018-11-14,22.588897705078125,82.69409942626953,158.10244750976562,169.6969451904297,148.46014404296875,86.97284698486328,39.28276443481445,82.63794708251953,189.04965209960938,34.88595962524414,91.81140899658203,66.84805297851562,80.11389923095703,132.06228637695312,30.198246002197266,55.15217208862305
2018-11-15,23.161714553833008,84.38980865478516,159.96316528320312,170.7444305419922,146.36402893066406,89.1931381225586,39.2669677734375,81.56698608398438,192.04452514648438,35.243980407714844,91.9294662475586,64.94224548339844,80.8089370727539,134.52830505371094,29.606353759765625,55.7222900390625
2018-11-16,23.037185668945312,85.91236877441406,159.1767578125,169.38681030273438,146.0834503173828,89.12832641601562,39.60643768310547,81.19257354736328,190.44654846191406,35.10873031616211,93.1494369506836,64.07376861572266,81.21468353271484,132.95382690429688,29.056100845336914,56.27102279663086
2018-11-19,23.037185668945312,86.1721420288086,158.9029083251953,166.11842346191406,143.25286865234375,89.80900573730469,39.87484359741211,79.53826141357422,181.1079864501953,35.33149719238281,93.66888427734375,62.55396270751953,82.0999526977539,127.81324768066406,28.785436630249023,56.45631408691406
2018-11-20,22.73002052307129,83.7764663696289,155.4200897216797,160.35263061523438,139.50631713867188,87.88040161132812,38.98276901245117,75.0367431640625,178.98382568359375,34.289283752441406,91.29977416992188,55.97018814086914,80.04910278320312,126.49486541748047,28.006179809570312,54.85285568237305
2018-11-21,22.63870620727539,84.83719635009766,156.26974487304688,161.4086151123047,139.712646484375,87.22404479980469,38.469635009765625,76.94357299804688,179.55789184570312,34.790504455566406,90.73311614990234,56.156681060791016,80.24089050292969,127.49077606201172,28.009145736694336,55.2733154296875
2018-11-23,22.3896541595459,81.97248840332031,156.86656188964844,158.4754180908203,139.3412628173828,86.42182159423828,38.698577880859375,76.45594024658203,174.7163848876953,34.27337646484375,90.83543395996094,54.6080322265625,80.18189239501953,126.02063751220703,28.2857608795166,53.798133850097656
2018-11-26,22.87945556640625,82.96829986572266,158.01817321777344,162.8667755126953,140.14173889160156,88.53675079345703,38.58015823364258,77.76202392578125,183.56698608398438,35.228057861328125,91.18962097167969,56.14856719970703,81.62042236328125,128.93240356445312,28.30062484741211,54.8599739074707
2018-11-27,23.02888298034668,83.1342544555664,158.15159606933594,162.2885284423828,142.94752502441406,88.9095230102539,38.97488784790039,79.7907485961914,184.64816284179688,35.045082092285156,91.64613342285156,57.875587463378906,82.26225280761719,128.9039764404297,28.26791000366211,54.909873962402344
2018-11-28,23.60169792175293,85.24849700927734,162.79998779296875,166.22735595703125,147.29766845703125,89.89813232421875,39.243289947509766,81.57567596435547,193.5466766357422,36.04750442504883,93.2674789428711,58.28099060058594,83.76717376708984,134.0919647216797,28.987695693969727,55.90755844116211
2018-11-29,23.277936935424805,85.76083374023438,159.74551391601562,163.95545959472656,145.82826232910156,89.18504333496094,38.97275161743164,81.14903259277344,188.1693572998047,35.411041259765625,93.08644104003906,57.70531463623047,83.55323028564453,131.9295196533203,28.937131881713867,56.34228515625
2018-11-30,23.576793670654297,85.82579040527344,160.798828125,160.455078125,149.6968994140625,90.1007080078125,40.10263442993164,82.16777801513672,192.388916015625,35.31558609008789,95.9749984741211,57.53504943847656,85.05079650878906,134.4049530029297,29.044204711914062,56.655860900878906
2018-12-03,23.693021774291992,87.07413482666016,161.52906799316406,161.24603271484375,150.8756866455078,90.9515609741211,39.537689208984375,82.09808349609375,200.79946899414062,36.1270637512207,93.645263671875,58.65397262573242,85.0360336303711,137.52537536621094,29.371381759643555,57.88163375854492
2018-12-04,22.406259536743164,84.59908294677734,151.3334197998047,155.08663940429688,145.52938842773438,86.8918228149414,39.45017623901367,78.65013885498047,191.83401489257812,34.30519485473633,92.7165298461914,56.19721984863281,78.76548767089844,131.49327087402344,28.496932983398438,56.605979919433594
2018-12-06,21.938766479492188,83.63935852050781,151.0104522705078,154.9015350341797,146.07728576660156,85.23873138427734,39.2910270690918,79.1899642944336,194.2260284423828,33.89945983886719,92.69112396240234,56.383689880371094,79.70238494873047,133.7789764404297,28.341428756713867,55.86481857299805
2018-12-07,21.229175567626953,83.3363037109375,141.84036254882812,151.182373046875,143.4456329345703,83.69908142089844,39.06028747558594,77.84039306640625,188.01625061035156,32.8731689453125,91.8819580078125,54.98099136352539,77.69579315185547,130.04205322265625,27.86892318725586,55.330326080322266
2018-12-10,20.669857025146484,82.93943786621094,135.88194274902344,150.4755096435547,142.53248596191406,82.13516235351562,39.17963409423828,77.86650085449219,189.50889587402344,32.38786315917969,92.17549133300781,55.39451217651367,77.0171127319336,130.7724151611328,28.09320831298828,54.546417236328125
2018-12-11,20.519588470458984,83.32186889648438,133.57179260253906,148.7673797607422,142.96417236328125,81.33293914794922,39.41834259033203,77.9100570678711,189.20269775390625,32.31626892089844,93.04814147949219,54.145870208740234,76.41218566894531,129.757568359375,28.066293716430664,54.64617156982422
2018-12-12,20.469505310058594,83.43012237548828,132.59983825683594,148.6832275390625,144.62449645996094,81.85964965820312,39.16373825073242,80.19996643066406,191.6426239013672,32.4674186706543,92.81807708740234,54.96478271484375,74.663818359375,130.696533203125,27.844989776611328,54.17583465576172
2018-12-13,20.369325637817383,83.6610336303711,131.83218383789062,148.02696228027344,144.3422393798828,81.94068145751953,39.362648010253906,82.09808349609375,190.37008666992188,32.300357818603516,93.88905334472656,54.06477355957031,74.34661865234375,130.449951171875,27.800134658813477,54.8599739074707
2018-12-14,20.436107635498047,82.13845825195312,129.669921875,145.37637329101562,143.03054809570312,81.26811218261719,39.25920104980469,81.2883529663086,186.8967742919922,31.53659439086914,90.3984603881836,54.46207046508789,72.78263092041016,128.12623596191406,27.468183517456055,53.862266540527344
2018-12-17,20.427764892578125,81.14266967773438,128.3176727294922,141.37115478515625,139.44419860839844,80.23088073730469,38.45556640625,78.75462341308594,182.2274627685547,31.504772186279297,89.54168701171875,52.15127182006836,71.46215057373047,124.62642669677734,27.14520263671875,52.76478576660156
2018-12-18,20.427764892578125,79.18716430664062,130.30386352539062,144.30772399902344,141.16268920898438,79.85002899169922,38.447601318359375,79.634033203125,183.33737182617188,31.735488891601562,88.72456359863281,52.953975677490234,71.76459503173828,125.8215103149414,27.237916946411133,51.31096649169922
2018-12-19,20.185665130615234,77.80892944335938,114.45691680908203,142.4145050048828,139.1038360595703,78.83710479736328,38.11341857910156,78.65013885498047,179.0412139892578,31.26609992980957,87.29658508300781,50.94316864013672,69.5809555053711,124.49369049072266,27.07941436767578,50.441524505615234
2018-12-20,20.127229690551758,75.75240325927734,112.49188995361328,141.70765686035156,136.28126525878906,78.15643310546875,37.826969146728516,77.63143920898438,174.8216552734375,30.955820083618164,87.43144226074219,50.026947021484375,69.3006362915039,122.1225357055664,26.10150146484375,48.909324645996094
2018-12-21,19.509479522705078,75.19678497314453,111.28048706054688,134.6732177734375,133.22625732421875,76.3088607788086,37.85083770751953,76.3079605102539,167.6262969970703,29.977275848388672,86.80474853515625,49.56478500366211,68.97604370117188,117.8545150756836,26.0566463470459,48.54587936401367
2018-12-24,18.975200653076172,72.87325286865234,107.54766082763672,131.55984497070312,131.28358459472656,74.66390228271484,36.569786071777344,74.8451919555664,167.10960388183594,29.444236755371094,84.11538696289062,49.90531921386719,66.31289672851562,115.45496368408203,25.664888381958008,46.68586349487305
2018-12-26,20.127229690551758,77.49142456054688,112.79473114013672,137.0965576171875,139.70159912109375,77.75934600830078,37.349552154541016,79.26834869384766,178.3809814453125,31.26609992980957,85.94001007080078,52.79181671142578,71.27035522460938,123.51676177978516,27.037546157836914,48.91645812988281
2018-12-27,20.344280242919922,78.88408660888672,113.40748596191406,139.18333435058594,141.3951416015625,78.63453674316406,37.81901168823242,79.98229217529297,180.54344177246094,31.552509307861328,86.80474853515625,52.46749496459961,72.1334457397461,125.20501708984375,27.390432357788086,49.130252838134766
2018-12-28,20.360980987548828,78.40062713623047,111.97071075439453,137.18069458007812,141.31210327148438,78.46435546875,37.55643844604492,79.99100494384766,178.12265014648438,31.321786880493164,87.55045318603516,52.67018508911133,71.2113265991211,124.1901626586914,27.55191993713379,48.58151626586914
2018-12-31,20.569679260253906,78.50165557861328,113.6258316040039,140.5633087158203,142.64041137695312,79.10452270507812,37.67578887939453,80.41765594482422,180.50515747070312,31.544551849365234,87.64566802978516,53.58641052246094,71.94902038574219,125.13858032226562,27.85695457458496,48.59575653076172
2019-01-02,20.836814880371094,79.87266540527344,114.93584442138672,144.75372314453125,143.13023376464844,80.47399139404297,37.34159851074219,80.33929443359375,181.54812622070312,32.1412353515625,86.69365692138672,53.87017059326172,71.71295166015625,126.0680923461914,27.913780212402344,49.66474533081055
2019-01-03,20.502891540527344,78.34290313720703,110.70999908447266,142.63327026367188,139.9755401611328,79.330322265625,37.11085891723633,79.38151550292969,173.35769653320312,31.568429946899414,85.8844985961914,53.132354736328125,69.67687225341797,121.5250015258789,27.770227432250977,48.9022102355957
2019-01-04,21.35439682006836,79.96648406982422,115.80914306640625,147.29483032226562,144.1346893310547,82.2548599243164,37.85083770751953,81.732421875,181.56723022460938,32.857242584228516,87.64566802978516,53.8620719909668,72.10395812988281,126.7604751586914,27.943683624267578,50.7052116394043
2019-01-07,21.33770179748535,81.00554656982422,117.42909240722656,148.11109924316406,146.97384643554688,82.31204223632812,37.357521057128906,83.28225708007812,182.96421813964844,33.18343734741211,86.8919906616211,56.497196197509766,71.86050415039062,129.04623413085938,28.27264404296875,50.96889114379883
2019-01-08,21.29595947265625,80.65199279785156,117.6333236694336,147.5641326904297,147.6795654296875,82.15679931640625,37.77922058105469,85.0062255859375,184.2965087890625,32.976593017578125,87.7249755859375,56.4404411315918,71.86786651611328,129.7481231689453,28.470020294189453,51.339473724365234
2019-01-09,21.504661560058594,81.73438262939453,120.14769744873047,148.48974609375,149.20700073242188,82.01795959472656,37.05515670776367,84.48381805419922,187.64157104492188,33.207305908203125,85.27361297607422,56.991790771484375,72.23674774169922,131.27511596679688,28.377309799194336,51.61027145385742
2019-01-10,21.479618072509766,81.86425018310547,119.81669616699219,148.09423828125,148.65086364746094,82.009765625,37.453006744384766,83.569580078125,188.7725830078125,33.14366149902344,85.7972183227539,55.37018966674805,72.96707153320312,131.52169799804688,28.398244857788086,51.346595764160156
2019-01-11,21.73006248474121,81.20761108398438,120.4294204711914,148.87677001953125,148.94137573242188,81.6176528930664,37.667823791503906,84.71888732910156,187.76617431640625,33.207305908203125,85.80518341064453,56.4404411315918,72.22936248779297,130.9431610107422,28.362354278564453,51.111427307128906
2019-01-14,22.013898849487305,80.61592102050781,120.82384490966797,150.38299560546875,148.44326782226562,82.45907592773438,37.516639709472656,84.37931060791016,187.31568908691406,33.7960319519043,85.1387710571289,55.81612014770508,73.13675689697266,130.0325927734375,28.39525604248047,51.04728698730469
2019-01-15,22.164167404174805,80.904541015625,120.17584991455078,151.38429260253906,146.50071716308594,83.0635986328125,37.85083770751953,82.63794708251953,188.3604736328125,34.114261627197266,86.4636001586914,55.30532455444336,71.9711685180664,130.26023864746094,28.784029006958008,51.07579803466797
2019-01-16,23.750301361083984,80.38500213623047,120.6900405883789,165.83189392089844,146.97384643554688,83.73344421386719,37.333641052246094,81.81076049804688,189.55857849121094,35.395137786865234,85.94794464111328,55.013431549072266,71.55066680908203,130.26023864746094,28.813936233520508,51.054420471191406
2019-01-17,24.201095581054688,80.78909301757812,122.03524017333984,167.52320861816406,145.17242431640625,84.07655334472656,37.44504165649414,80.14775085449219,191.03457641601562,33.83582305908203,86.64608001708984,56.24585723876953,73.46134185791016,130.20335388183594,28.93056869506836,51.40360641479492
2019-01-18,24.459884643554688,82.52812194824219,124.59894561767578,170.42616271972656,149.08251953125,85.44081115722656,37.88266372680664,82.69889068603516,193.61294555664062,34.75868225097656,87.32039642333984,57.30802536010742,74.95154571533203,131.36045837402344,29.22662353515625,52.01649475097656
2019-01-22,24.284576416015625,81.06328582763672,123.8875961303711,166.3367462158203,147.03201293945312,84.0928955078125,37.97019958496094,80.12601470947266,191.17840576171875,33.74034881591797,87.19347381591797,56.983707427978516,75.74825286865234,130.93365478515625,29.15485382080078,51.23257064819336
2019-01-23,24.142658233642578,80.3778076171875,122.32401275634766,165.68043518066406,146.849365234375,83.88048553466797,38.40782165527344,80.36231994628906,190.114501953125,33.533485412597656,87.8439712524414,57.01612854003906,74.44989013671875,129.94725036621094,29.519699096679688,50.812110900878906
2019-01-24,24.276227951049805,81.90755462646484,122.61981964111328,166.43777465820312,147.18145751953125,83.92950439453125,37.94632339477539,80.3360595703125,191.49462890625,33.45392990112305,86.86820220947266,57.25125503540039,73.54986572265625,130.60171508789062,29.41503143310547,50.88338088989258
2019-01-25,24.693632125854492,81.69831848144531,123.50724029541016,168.91159057617188,149.7632598876953,84.46048736572266,37.69169235229492,82.10379791259766,194.513916015625,34.193824768066406,86.74919891357422,58.69451141357422,74.38346862792969,131.52169799804688,28.99036979675293,51.111427307128906
2019-01-28,24.735376358032227,80.94062042236328,122.52123260498047,168.0532989501953,149.29005432128906,84.86080169677734,37.53255844116211,81.51747131347656,191.84930419921875,33.93128204345703,86.32872772216797,58.475589752197266,74.01463317871094,128.9798583984375,29.026260375976562,50.76934814453125
2019-01-29,24.535018920898438,80.6952896118164,122.25361633300781,168.70965576171875,149.1738739013672,85.09770965576172,37.715572357177734,81.76248931884766,190.96749877929688,33.803993225097656,86.47154235839844,58.13504409790039,74.73020935058594,128.0408477783203,28.921588897705078,50.96177673339844
2019-01-30,24.26787567138672,81.54676818847656,124.99337005615234,170.3756561279297,151.24102783203125,85.29376983642578,38.081581115722656,83.79277038574219,195.54905700683594,34.284725189208984,87.91539764404297,58.645851135253906,74.64908599853516,130.5068817138672,28.350399017333984,51.517642974853516
2019-01-31,23.766996383666992,82.73017120361328,125.06377410888672,166.6144256591797,152.36170959472656,84.55036926269531,38.29642868041992,84.15157318115234,202.3638458251953,33.892120361328125,89.38301849365234,59.18909454345703,77.75482177734375,128.05035400390625,28.658424377441406,52.22317886352539
2019-02-01,23.69186019897461,85.41446685791016,126.28927612304688,165.37747192382812,153.05902099609375,84.86080169677734,38.74997329711914,84.9829330444336,204.89418029785156,33.507537841796875,89.00221252441406,57.70531463623047,78.26384735107422,132.9253692626953,28.069286346435547,54.10456085205078
2019-02-04,24.109268188476562,86.4030532836914,128.69798278808594,166.37045288085938,154.76925659179688,85.1630630493164,39.18759536743164,85.64805603027344,205.98687744140625,34.02030944824219,89.71621704101562,58.735042572021484,78.6253433227539,134.2057647705078,28.341428756713867,53.320655822753906
2019-02-05,24.025787353515625,86.21542358398438,129.40231323242188,166.6144256591797,154.73599243164062,84.78726959228516,39.1955451965332,85.84931945800781,206.89743041992188,34.01231002807617,89.56549835205078,59.00261688232422,79.42205810546875,135.18267822265625,28.589641571044922,53.8693733215332
2019-02-06,23.984045028686523,85.78250122070312,129.45863342285156,165.44482421875,153.34963989257812,84.74642181396484,39.1955451965332,85.05294799804688,206.3606719970703,33.95622253417969,89.6844711303711,58.79179763793945,80.27780151367188,134.1963653564453,28.601606369018555,53.63422393798828
2019-02-07,23.57499122619629,85.31346130371094,127.74015808105469,162.45773315429688,152.81002807617188,83.63542175292969,39.322853088378906,84.78166198730469,205.08590698242188,33.23509979248047,89.71621704101562,58.2647819519043,79.62862396240234,132.94432067871094,28.927574157714844,53.22088623046875
2019-02-08,23.616731643676758,84.84443664550781,124.83133697509766,161.27972412109375,153.20018005371094,82.80217742919922,39.38652801513672,85.03546142578125,207.58755493164062,32.69828796386719,89.66065979003906,57.470184326171875,79.74662780761719,133.1435546875,28.583662033081055,53.30734634399414
2019-02-11,23.716907501220703,84.38980865478516,127.54293060302734,160.99362182617188,151.85533142089844,82.41007232666016,39.47405242919922,84.78166198730469,208.0860137939453,32.217552185058594,89.6209945678711,56.8782844543457,80.35894012451172,133.54188537597656,28.769071578979492,53.39381790161133
2019-02-12,23.950654983520508,85.66704559326172,130.6137237548828,163.652587890625,154.01377868652344,83.81513977050781,39.513816833496094,87.04822540283203,209.82083129882812,32.970699310302734,90.27152252197266,57.089107513427734,81.63519287109375,134.67051696777344,28.999340057373047,54.33054733276367
2019-02-13,23.95900535583496,86.28038024902344,130.7334442138672,163.8208465576172,156.4129638671875,84.21546173095703,39.61726760864258,88.78971862792969,211.38308715820312,33.002750396728516,90.53331756591797,58.84043502807617,82.63111877441406,136.09320068359375,29.289430618286133,54.943031311035156
2019-02-14,23.700212478637695,86.12002563476562,129.5361328125,162.0033416748047,155.83187866210938,83.66810607910156,36.2753791809082,88.83345794677734,210.68344116210938,32.62617111206055,89.31954193115234,58.52423858642578,82.47616577148438,136.01724243164062,29.462881088256836,54.957435607910156
2019-02-15,24.3012752532959,86.98735809326172,126.28225708007812,167.0267333984375,159.717041015625,86.22505950927734,35.996891021728516,91.22256469726562,212.887939453125,33.64373779296875,91.95338439941406,59.059383392333984,81.79012298583984,137.67990112304688,29.902490615844727,55.995059967041016
2019-02-19,24.317968368530273,86.95821380615234,126.95130157470703,167.16981506347656,159.66720581054688,85.92278289794922,35.6706657409668,91.9401626586914,211.43104553222656,33.77995681762695,91.96924591064453,59.95917510986328,81.71633911132812,137.2333526611328,30.56339454650879,56.36975860595703
2019-02-20,24.551715850830078,87.66517639160156,128.12045288085938,167.11090087890625,159.268798828125,86.33940887451172,35.88549041748047,92.4652328491211,211.92945861816406,33.9882698059082,91.889892578125,59.476531982421875,81.9376449584961,137.5088653564453,29.869598388671875,56.5859260559082
2019-02-21,24.451534271240234,86.8343276977539,128.3810272216797,165.22604370117188,159.24388122558594,86.15969848632812,36.49020767211914,92.34271240234375,210.20419311523438,33.61970520019531,92.10407257080078,58.92029571533203,82.44668579101562,136.8153076171875,29.723060607910156,56.07430648803711
2019-02-22,24.276227951049805,87.01651763916016,127.12034606933594,164.92311096191406,159.717041015625,85.7757568359375,36.02871322631836,92.9990463256836,214.0477294921875,33.483497619628906,92.627685546875,59.100250244140625,81.41388702392578,138.59197998046875,29.770910263061523,56.50666046142578
2019-02-25,24.434839248657227,87.18414306640625,127.52882385253906,167.15292358398438,157.71630859375,86.67433166503906,35.758182525634766,91.89640045166016,214.0477294921875,33.80398941040039,92.07235717773438,59.795555114746094,82.5003890991211,138.77252197265625,29.642318725585938,56.56429672241211
2019-02-26,24.451534271240234,87.41737365722656,127.97962951660156,167.36329650878906,156.3216094970703,86.01261138916016,35.559261322021484,91.91389465332031,214.699462890625,33.980262756347656,92.00096130371094,59.13298797607422,82.63435363769531,139.70361328125,29.51371955871582,56.67959976196289
2019-02-27,24.651891708374023,87.5194091796875,128.05001831054688,167.36331176757812,152.4779510498047,85.90644073486328,35.758182525634766,94.18043518066406,215.2458038330078,34.10044479370117,91.52496337890625,59.73011779785156,82.70130920410156,139.87464904785156,29.340274810791016,57.263240814208984
2019-02-28,24.40017318725586,87.15499877929688,127.47953033447266,166.18052673339844,153.69830322265625,85.2529067993164,36.076454162597656,91.96639251708984,215.4375,33.63572311401367,92.48307037353516,59.419281005859375,82.00922393798828,140.729736328125,29.603435516357422,56.946197509765625
2019-03-01,24.59315299987793,88.94066619873047,128.74728393554688,167.4478302001953,153.7232208251953,85.31011199951172,36.10829162597656,90.9775161743164,217.81454467773438,34.052364349365234,92.91493225097656,59.66468048095703,83.44551086425781,142.012451171875,29.286441802978516,57.64516067504883
2019-03-04,24.358219146728516,89.00626373291016,127.57816314697266,165.57225036621094,152.59413146972656,85.1140365600586,36.323123931884766,90.30368041992188,216.8943634033203,33.6517448425293,92.90695190429688,59.443824768066406,82.21759796142578,140.57772827148438,29.262516021728516,57.8685302734375
2019-03-05,24.40017318725586,89.85900115966797,126.78228759765625,165.58912658691406,152.7519073486328,85.04869079589844,36.2833251953125,90.14615631103516,216.82730102539062,33.57162857055664,92.79498291015625,62.167755126953125,81.83805847167969,140.56822204589844,29.40904998779297,57.78205108642578
2019-03-06,24.198793411254883,90.03392028808594,125.4933853149414,164.524658203125,153.12547302246094,84.73009490966797,36.16398239135742,89.55982208251953,215.1499481201172,33.34727478027344,93.29882049560547,62.90394592285156,81.00457763671875,140.43521118164062,29.3851318359375,57.1263313293457
2019-03-07,23.95545768737793,88.87506103515625,121.7464828491211,162.86032104492188,151.51495361328125,84.11742401123047,36.02871322631836,88.13339233398438,213.17550659179688,32.986724853515625,92.85094451904297,62.306819915771484,79.52363586425781,139.5040740966797,29.14289665222168,57.76043701171875
2019-03-08,24.039371490478516,88.64186096191406,121.4424819946289,164.94708251953125,150.45233154296875,84.15007019042969,35.678611755371094,86.92571258544922,212.65789794921875,33.13896560668945,92.1551742553711,62.012351989746094,79.38970184326172,139.99818420410156,29.18476104736328,56.931785583496094
2019-03-11,24.282697677612305,90.09953308105469,124.7439956665039,165.56381225585938,151.456787109375,85.2447509765625,36.74483871459961,87.86209106445312,216.27134704589844,33.531558990478516,93.24282836914062,62.38861846923828,80.98967742919922,143.15248107910156,29.45092010498047,57.48661804199219
2019-03-12,24.282697677612305,90.30359649658203,125.25306701660156,166.1213836669922,152.7519073486328,84.99150085449219,36.641395568847656,88.26466369628906,217.51734924316406,33.675777435302734,93.22683715820312,62.31499099731445,81.12364959716797,144.15960693359375,29.41802406311035,57.64516067504883
2019-03-13,24.576372146606445,90.86478424072266,126.92149353027344,166.64520263671875,151.4973907470703,85.27742004394531,36.77665710449219,88.53591918945312,219.0126190185547,33.980262756347656,93.23484802246094,63.083919525146484,82.5003890991211,144.86273193359375,29.615398406982422,58.15673828125
2019-03-14,24.719017028808594,90.81378173828125,126.60334777832031,166.83106994628906,151.89047241210938,86.05347442626953,36.68034744262695,88.22088623046875,219.9806671142578,34.2046012878418,92.37108612060547,62.56855773925781,82.51526641845703,146.50640869140625,29.531211853027344,57.962181091308594
2019-03-15,24.58476448059082,91.3312759399414,125.82566833496094,167.49850463867188,152.40899658203125,87.04194641113281,36.35930252075195,87.63455963134766,221.57176208496094,34.71739196777344,92.49905395507812,62.70766067504883,81.503173828125,147.7035675048828,29.59134292602539,57.753231048583984
2019-03-18,25.021074295043945,91.74669647216797,128.950439453125,171.0552978515625,153.40426635742188,87.56476593017578,36.447574615478516,89.15725708007812,220.8241729736328,35.278255462646484,93.7866439819336,63.7055778503418,82.37388610839844,147.22845458984375,29.964174270629883,58.42334747314453
2019-03-19,24.878440856933594,91.30940246582031,128.25054931640625,169.9147491455078,153.99806213378906,87.2461929321289,36.567970275878906,90.53120422363281,221.41839599609375,35.214149475097656,94.44245910644531,64.18002319335938,82.12085723876953,146.87689208984375,30.02129364013672,58.27204132080078
2019-03-20,24.030981063842773,90.87937927246094,123.76841735839844,164.16983032226562,155.64569091796875,85.38362121582031,36.543888092041016,90.65370178222656,220.34494018554688,34.47701644897461,94.62639617919922,63.427452087402344,80.31249237060547,146.07887268066406,29.657495498657227,58.59629440307617
2019-03-21,23.645002365112305,91.73211669921875,126.5396957397461,164.3894805908203,158.88238525390625,84.03570556640625,36.5278434753418,93.06905364990234,226.07662963867188,34.55713653564453,95.52212524414062,65.02257537841797,81.71156311035156,148.02659606933594,29.783769607543945,58.93495559692383
2019-03-22,22.663297653198242,89.71321868896484,123.0048828125,159.6414794921875,157.86203002929688,81.49513244628906,36.86496353149414,91.84387969970703,221.17880249023438,33.42740249633789,96.54579162597656,64.06549835205078,79.88832092285156,145.43276977539062,29.54925537109375,57.99102020263672
2019-03-25,22.52065658569336,89.56746673583984,121.64752960205078,159.2612762451172,158.6398468017578,80.81709289550781,36.945213317871094,92.78901672363281,220.85293579101562,33.05082702636719,96.6497802734375,64.23731231689453,79.55342864990234,145.3947296142578,29.516176223754883,57.5875129699707
2019-03-26,22.831113815307617,90.47122192382812,123.82491302490234,161.10305786132812,158.35545349121094,81.62581634521484,37.434814453125,92.72776794433594,223.60372924804688,33.555606842041016,97.5854721069336,65.13710021972656,80.67713928222656,147.55152893066406,29.561277389526367,58.336891174316406
2019-03-27,22.68008041381836,89.49456787109375,124.4895248413086,160.54542541503906,158.28021240234375,81.34809875488281,37.41073989868164,93.97918701171875,222.86570739746094,33.14696502685547,97.48150634765625,65.29249572753906,81.10132598876953,146.52537536621094,29.227540969848633,57.89013671875
2019-03-28,22.931795120239258,89.6622085571289,125.76912689208984,161.51699829101562,158.95767211914062,82.27119445800781,37.386661529541016,94.83680725097656,225.1085968017578,33.59566879272461,97.44149017333984,65.70150756835938,82.08365631103516,146.95294189453125,29.203489303588867,58.17837142944336
2019-03-29,23.14995574951172,89.77882385253906,128.25054931640625,162.20132446289062,160.4882354736328,82.69596099853516,37.61140060424805,95.79943084716797,225.67405700683594,33.81200408935547,98.00934600830078,65.65242004394531,83.1552734375,148.39710998535156,29.323753356933594,58.221588134765625
2019-04-01,23.947072982788086,91.06159210205078,131.8136749267578,166.21435546875,163.62451171875,85.48162841796875,37.4990348815918,95.32685852050781,229.12461853027344,34.87763977050781,97.5694808959961,65.41522979736328,85.15713500976562,149.4136962890625,29.41094207763672,58.8917236328125
2019-04-02,24.223968505859375,91.0542984008789,130.1028289794922,166.85643005371094,162.51217651367188,85.89010620117188,37.37862014770508,96.18450927734375,229.3258514404297,35.01384353637695,97.31355285644531,64.99800109863281,84.5989761352539,149.9077606201172,29.146358489990234,58.6395149230957
2019-04-03,24.198793411254883,90.29630279541016,130.92288208007812,169.69508361816406,166.1084747314453,86.06165313720703,37.065608978271484,97.95223999023438,229.00958251953125,35.55868911743164,97.21759796142578,64.87532043457031,85.09759521484375,150.55386352539062,29.221529006958008,58.29365921020508
2019-04-04,24.45890998840332,90.95955657958984,132.6761474609375,170.85247802734375,167.6473846435547,86.89303588867188,37.306400299072266,99.16866302490234,226.25875854492188,35.99936294555664,97.14561462402344,66.56859588623047,84.81478881835938,149.77474975585938,29.498146057128906,59.12230682373047
2019-04-05,24.40017318725586,92.1402587890625,134.25271606445312,170.97923278808594,168.9939422607422,86.68724822998047,37.29837417602539,100.62135314941406,226.80503845214844,35.97532653808594,97.26557922363281,66.20866394042969,85.08271789550781,149.78424072265625,29.714622497558594,59.43934631347656
2019-04-08,24.475685119628906,92.32978057861328,135.29901123046875,171.11441040039062,170.24012756347656,86.96714782714844,37.36257553100586,101.33018493652344,226.77626037597656,36.039424896240234,97.5694808959961,67.01847839355469,84.81478881835938,149.8792266845703,29.834890365600586,59.80683517456055
2019-04-09,24.24074935913086,91.49890899658203,134.28805541992188,169.4923553466797,168.0237579345703,86.32508087158203,37.458900451660156,99.01112365722656,226.43072509765625,35.4625358581543,97.70545196533203,65.9796371459961,84.0259780883789,149.63226318359375,29.672521591186523,59.03584289550781
2019-04-10,24.39177703857422,91.46244812011719,135.0303497314453,171.4861602783203,166.79429626464844,86.71194458007812,37.434814453125,99.5536880493164,227.53453063964844,35.61476516723633,97.6014633178711,66.05323791503906,84.15250396728516,150.64883422851562,29.94612693786621,58.769222259521484
2019-04-11,24.39177703857422,91.8268814086914,135.6454315185547,171.35940551757812,168.5088653564453,87.44456481933594,37.491004943847656,100.75261688232422,226.55548095703125,35.895206451416016,97.3055648803711,65.80783081054688,84.45758056640625,149.9838104248047,30.306928634643555,59.05025100708008
2019-04-12,25.314756393432617,87.28617858886719,139.23680114746094,175.59207153320312,170.490966796875,91.54393005371094,37.515079498291016,101.74152374267578,229.2334442138672,37.409542083740234,97.75341033935547,66.03688049316406,85.179443359375,151.67498779296875,30.535423278808594,58.30807113647461
2019-04-15,25.03786277770996,87.56314849853516,138.6924591064453,168.89248657226562,171.33572387695312,90.4985122680664,37.7237663269043,102.54662322998047,229.54054260253906,36.9207878112793,98.89707946777344,67.05941009521484,84.5692138671875,152.43504333496094,30.797008514404297,58.11349868774414
2019-04-16,25.071428298950195,88.31385040283203,139.4347686767578,170.52301025390625,171.00955200195312,91.45338439941406,37.683631896972656,102.41534423828125,230.44273376464844,37.6739387512207,97.89737701416016,67.05120086669922,84.79248046875,152.23548889160156,30.947338104248047,58.509830474853516
2019-04-17,25.197290420532227,87.65789794921875,140.02149963378906,175.64276123046875,172.7491455078125,94.08748626708984,37.94850158691406,102.4941177368164,231.31619262695312,38.66747283935547,101.57621002197266,67.6319808959961,85.2017822265625,152.43504333496094,31.016496658325195,58.67554473876953
2019-04-18,25.197290420532227,87.35905456542969,140.08514404296875,173.96156311035156,172.00479125976562,93.39603424072266,38.10903549194336,99.53618621826172,231.2106170654297,38.09859848022461,101.64022064208984,68.10643005371094,84.94877624511719,152.16900634765625,31.022518157958984,58.45936965942383
2019-04-22,25.214065551757812,88.84590911865234,138.55104064941406,172.85482788085938,171.268798828125,93.51129150390625,38.04481506347656,99.26490020751953,233.2838592529297,37.89026641845703,101.120361328125,67.09208679199219,84.5543441772461,152.3970184326172,30.778968811035156,59.73477554321289
2019-04-23,25.230854034423828,88.93336486816406,137.95013427734375,172.46621704101562,172.3310089111328,93.62651062011719,38.69495391845703,99.78343200683594,233.70614624023438,37.93834686279297,101.64022064208984,67.20661163330078,84.5394515991211,153.5941925048828,30.989421844482422,60.08066177368164
2019-04-24,25.18889617919922,86.20751190185547,139.88018798828125,169.4247589111328,172.89132690429688,93.47013092041016,38.510345458984375,100.16131591796875,235.433837890625,37.96238327026367,101.50423431396484,67.79557800292969,85.15713500976562,153.43264770507812,31.127737045288086,58.913330078125
2019-04-25,25.239242553710938,85.93053436279297,133.5245361328125,170.1512451171875,172.70733642578125,93.51953125,38.39797592163086,99.83616638183594,235.74095153808594,37.89026641845703,100.87245178222656,66.86306762695312,78.23619079589844,152.9861297607422,31.12473487854004,59.24479675292969
2019-04-26,25.465795516967773,85.34746551513672,130.1099090576172,171.57066345214844,170.290283203125,94.2274398803711,38.735076904296875,98.85185241699219,236.76795959472656,38.37101364135742,101.08838653564453,63.083919525146484,77.35806274414062,154.80079650878906,30.526412963867188,57.99820327758789
2019-04-29,25.818204879760742,85.79932403564453,131.94093322753906,174.81483459472656,169.07757568359375,95.58566284179688,38.863502502441406,98.62335205078125,237.19989013671875,39.072471618652344,101.32032775878906,63.640159606933594,78.02039337158203,155.9599609375,30.535423278808594,57.62355422973633
2019-04-30,25.658775329589844,87.50483703613281,133.94161987304688,173.97000122070312,170.36553955078125,95.52802276611328,39.377193450927734,99.43187713623047,244.02418518066406,38.90315628051758,102.40796661376953,63.32931137084961,79.04736328125,156.2259521484375,30.9202823638916,57.8469123840332
2019-05-01,25.390274047851562,85.86492919921875,131.22686767578125,172.9646453857422,166.26739501953125,94.79542541503906,38.99995422363281,97.28751373291016,238.75482177734375,38.35488510131836,101.76016998291016,61.8978157043457,77.85667419433594,154.66778564453125,30.475290298461914,56.686798095703125
2019-05-02,25.59165382385254,84.82270050048828,132.2307891845703,173.1842803955078,168.11572265625,95.00120544433594,38.83942413330078,98.52667236328125,237.25746154785156,38.54838943481445,101.43230438232422,62.51130676269531,78.51899719238281,153.0811004638672,30.41215705871582,55.692413330078125
2019-05-03,25.76785659790039,85.47136688232422,132.951904296875,175.32174682617188,167.73941040039062,95.58566284179688,39.104305267333984,98.74641418457031,237.98687744140625,38.749961853027344,102.10405731201172,62.118682861328125,79.36736297607422,153.9552001953125,30.69176483154297,55.822113037109375
2019-05-06,25.566484451293945,86.29492950439453,131.2127227783203,174.40087890625,166.96156311035156,94.73780059814453,38.90364074707031,97.8587646484375,238.64920043945312,38.4677619934082,101.7841567993164,62.151424407958984,77.85667419433594,154.18321228027344,30.8060302734375,55.577110290527344
2019-05-07,25.104984283447266,86.2002182006836,127.7203598022461,171.19046020507812,162.8968963623047,93.19025421142578,38.52640151977539,94.14128112792969,235.2130889892578,37.66148376464844,100.75248718261719,61.382476806640625,75.973876953125,152.21652221679688,30.457256317138672,55.28170394897461
2019-05-08,25.004301071166992,85.63899993896484,126.85074615478516,169.77110290527344,163.23147583007812,92.69635009765625,38.406009674072266,93.79854583740234,235.47222900390625,37.51634979248047,100.78448486328125,61.685142517089844,75.7952651977539,152.7390899658203,30.156599044799805,55.36815643310547
2019-05-09,24.928783416748047,88.32843017578125,126.94270324707031,170.34559631347656,162.73797607421875,92.62226867675781,38.04481506347656,93.41183471679688,235.45301818847656,37.451847076416016,100.80846405029297,61.43974685668945,74.9766845703125,151.83653259277344,30.087074279785156,55.317718505859375
2019-05-10,24.8197078704834,88.91151428222656,125.83983612060547,170.70042419433594,162.73797607421875,92.61402130126953,38.67890548706055,93.71941375732422,237.4878387451172,37.3631591796875,102.37596893310547,61.055267333984375,74.88737487792969,152.69163513183594,30.803422927856445,55.79875183105469
2019-05-13,23.70374298095703,87.78180694580078,121.81014251708984,164.71893310546875,159.19186401367188,90.09516143798828,38.566532135009766,91.9793472290039,231.6809539794922,35.62158203125,101.6961898803711,58.634002685546875,73.934814453125,149.48023986816406,30.192861557006836,55.17924499511719
2019-05-14,24.014202117919922,88.65641021728516,121.49906921386719,165.8257293701172,160.26234436035156,90.81129455566406,39.08021926879883,92.93727111816406,236.05767822265625,35.48451232910156,101.89612579345703,58.81559371948242,74.23992919921875,152.21652221679688,30.313777923583984,55.252113342285156
2019-05-15,23.737300872802734,89.02084350585938,121.9797592163086,165.92709350585938,160.37948608398438,90.46556854248047,39.473506927490234,94.58070373535156,239.13868713378906,35.39582443237305,103.44762420654297,58.44416809082031,75.56456756591797,154.66778564453125,30.189844131469727,55.66028594970703
2019-05-16,23.989025115966797,88.91045379638672,124.26329040527344,168.24197387695312,160.89804077148438,91.62625122070312,39.7945671081543,95.43316650390625,243.2371368408203,35.70221710205078,104.18339538574219,58.419403076171875,75.3934097290039,156.8849334716797,30.6220760345459,55.65299987792969
2019-05-17,23.829601287841797,88.70433044433594,120.12751770019531,166.79725646972656,161.0652618408203,91.18173217773438,39.489559173583984,95.81107330322266,242.40213012695312,35.37969970703125,104.37535095214844,58.510223388671875,74.6796875,156.14276123046875,30.48605728149414,55.32501220703125
2019-05-20,23.829601287841797,88.93988037109375,118.91860961914062,166.6367950439453,159.70201110839844,91.6591567993164,39.20864486694336,95.96924591064453,243.30433654785156,35.371639251708984,103.95948791503906,59.49238204956055,74.01853942871094,155.552734375,30.68555450439453,55.31772994995117
2019-05-21,24.07293128967285,89.30786895751953,118.7630844116211,168.21661376953125,160.1202392578125,91.97196960449219,39.00798034667969,97.63907623291016,245.0991973876953,35.79090881347656,103.20772552490234,59.393367767333984,74.68721008300781,155.92385864257812,30.564647674560547,55.57281494140625
2019-05-22,23.905122756958008,88.74115753173828,114.52838134765625,165.18362426757812,157.99588012695312,91.222900390625,39.850746154785156,86.07352447509766,246.57733154296875,35.065250396728516,104.02349853515625,64.0154037475586,73.25218963623047,156.28546142578125,30.900157928466797,55.069923400878906
2019-05-23,23.292598724365234,86.75390625,113.53152465820312,162.1844482421875,160.58016967773438,89.42839813232422,40.011268615722656,83.3139877319336,239.6954345703125,34.43634796142578,103.94348907470703,65.53407287597656,72.25297546386719,153.6876983642578,30.788320541381836,53.77989959716797
2019-05-24,23.645002365112305,87.37215423583984,113.06495666503906,163.05465698242188,161.91001892089844,90.30918884277344,39.818634033203125,83.8149185180664,241.3750762939453,34.63792419433594,103.56761932373047,67.32511901855469,72.01256561279297,154.76300048828125,31.033153533935547,54.00584030151367
2019-05-28,23.41006851196289,87.07774353027344,112.01863098144531,160.0469970703125,160.20384216308594,89.3296127319336,39.4093017578125,80.73898315429688,243.2467041015625,34.00095748901367,102.07205963134766,66.66484832763672,70.67521667480469,155.78115844726562,30.957590103149414,52.91990280151367
2019-05-29,23.284210205078125,85.94428253173828,112.8104248046875,159.5886993408203,158.8991241455078,89.0826644897461,39.01601028442383,81.9342041015625,243.37152099609375,34.0170783996582,102.50391387939453,65.7321548461914,71.20114135742188,154.84860229492188,30.866905212402344,52.591922760009766
2019-05-30,22.78915786743164,84.9212417602539,111.70757293701172,159.01161193847656,159.81069946289062,88.12779235839844,39.529693603515625,82.50542449951172,243.97618103027344,33.726829528808594,102.85580444335938,66.3511962890625,71.93743896484375,154.87716674804688,30.8880672454834,52.45343780517578
2019-05-31,22.319278717041016,83.79513549804688,109.07058715820312,154.87025451660156,158.7820281982422,87.2223129272461,39.43337631225586,81.97813415527344,241.38470458984375,32.80765151977539,102.36798858642578,66.40070343017578,69.81123352050781,153.51641845703125,30.661359786987305,51.578857421875
2019-06-03,22.386402130126953,85.3702163696289,107.6990737915039,155.4642791748047,158.5478515625,87.63390350341797,40.115604400634766,82.47029876708984,232.52554321289062,32.839908599853516,103.15174865722656,68.46412658691406,70.72030639648438,150.9186248779297,30.818540573120117,52.387847900390625
2019-06-04,23.42684555053711,86.33438873291016,112.82460021972656,161.14173889160156,163.29837036132812,90.33386993408203,40.13167190551758,85.0980224609375,239.16751098632812,34.250911712646484,103.22372436523438,70.85767364501953,73.37239837646484,154.4679718017578,30.999910354614258,53.6341438293457
2019-06-05,23.418458938598633,86.59198760986328,112.11763000488281,159.91970825195312,165.6565399169922,90.65489959716797,40.757720947265625,84.5882797241211,245.96304321289062,34.21057891845703,105.07915496826172,70.56056213378906,73.78563690185547,157.37974548339844,31.562108993530273,53.18955612182617
2019-06-06,23.519691467285156,88.82208251953125,110.88751220703125,161.08233642578125,166.06088256835938,90.85246276855469,41.25535202026367,84.5794906616211,247.4699249267578,34.51697540283203,106.32378387451172,70.73387145996094,73.62783813476562,158.835693359375,31.770660400390625,54.15889358520508
2019-06-07,23.224430084228516,89.41091918945312,111.7146224975586,161.08233642578125,166.17034912109375,89.85643768310547,41.32759094238281,85.0364761352539,255.11965942382812,34.428287506103516,107.5241470336914,71.68305206298828,73.8006591796875,161.8140411376953,32.05781555175781,54.35567855834961
2019-06-10,23.679975509643555,90.00708770751953,114.41525268554688,164.74002075195312,166.80197143554688,90.8277587890625,41.23929977416992,84.64102172851562,255.40769958496094,34.903995513916016,107.62081146240234,72.26080322265625,75.19808197021484,162.54678344726562,32.499114990234375,54.5961799621582
2019-06-11,23.823392868041992,89.18275451660156,112.71853637695312,165.2576904296875,166.768310546875,91.10765075683594,41.19917297363281,84.67616271972656,253.06568908691406,35.21038055419922,107.30662536621094,72.50841522216797,75.13797760009766,162.0614776611328,32.626068115234375,54.54517364501953
2019-06-12,23.57874298095703,88.46146392822266,114.08300018310547,161.43028259277344,167.55160522460938,89.94699096679688,41.447994232177734,84.65861511230469,253.24806213378906,34.36378479003906,107.25830078125,72.84683227539062,75.43097686767578,163.2794647216797,32.892059326171875,53.95481872558594
2019-06-13,23.57030487060547,88.99140167236328,117.12293243408203,162.47412109375,170.423583984375,90.16925048828125,41.359012603759766,86.67113494873047,250.70452880859375,34.629859924316406,107.09716033935547,72.87982177734375,76.64808654785156,161.14797973632812,32.840675354003906,54.428565979003906
2019-06-14,23.654666900634766,88.91779327392578,116.33112335205078,162.65232849121094,173.30393981933594,90.39972686767578,41.504608154296875,87.55874633789062,249.64874267578125,34.52504348754883,106.92798614501953,72.45890045166016,76.34758758544922,161.4429168701172,32.96762466430664,54.18803787231445
2019-06-17,23.561870574951172,89.34468078613281,115.7443618774414,161.94796752929688,174.322998046875,89.90583038330078,41.148685455322266,87.95425415039062,248.78492736816406,34.275089263916016,106.75884246826172,71.92240905761719,76.18229675292969,161.34780883789062,32.99482345581055,54.727378845214844
2019-06-18,24.143966674804688,90.47813415527344,117.5965805053711,165.4698486328125,174.7440948486328,91.13233184814453,40.962646484375,87.27754211425781,248.41055297851562,34.94430160522461,106.38824462890625,71.36942291259766,76.74577331542969,161.08135986328125,33.1429328918457,55.201114654541016
2019-06-19,23.890880584716797,90.44869995117188,117.75212860107422,166.02999877929688,175.13162231445312,90.47378540039062,41.35091018676758,86.76781463623047,249.42803955078125,34.78304672241211,107.02466583251953,71.11354064941406,76.30250549316406,162.42306518554688,33.133872985839844,54.89501190185547
2019-06-20,23.848695755004883,91.47174072265625,119.1236343383789,166.0809326171875,177.91928100585938,90.70430755615234,41.78772735595703,89.14946746826172,256.06988525390625,35.04106140136719,108.08001708984375,71.15481567382812,77.68490600585938,165.3253631591797,33.345436096191406,55.83518600463867
2019-06-21,23.722156524658203,91.95015716552734,117.34938049316406,166.28453063964844,176.35276794433594,90.0869369506836,41.69873809814453,88.62216186523438,253.84312438964844,35.13780975341797,107.91886901855469,72.30208587646484,76.76078796386719,165.03988647460938,33.59028625488281,56.622337341308594
2019-06-24,23.604053497314453,91.9354476928711,114.19120025634766,167.59996032714844,173.0765380859375,89.44486236572266,41.99803924560547,87.0226821899414,254.63978576660156,34.72660827636719,108.06389617919922,71.57574462890625,74.92010498046875,165.4300537109375,33.623531341552734,56.08299255371094
2019-06-25,23.418460845947266,91.00070190429688,110.699462890625,166.3864288330078,172.43649291992188,88.70403289794922,41.86861801147461,86.31961822509766,249.2936248779297,34.39603805541992,107.79801177978516,70.73387145996094,72.97420501708984,162.98448181152344,33.46635055541992,55.58738708496094
2019-06-26,23.54500389099121,91.21417236328125,113.4957046508789,167.19264221191406,173.8513946533203,89.29669952392578,41.35091018676758,87.21600341796875,250.8004913330078,34.66210174560547,106.59770202636719,70.64308166503906,75.1079330444336,162.77516174316406,33.29708480834961,55.82789993286133
2019-06-27,23.798080444335938,90.61062622070312,115.90158081054688,169.15296936035156,174.3567352294922,89.59303283691406,41.31856155395508,87.32147979736328,250.6085205078125,35.065250396728516,106.09016418457031,70.87419891357422,76.40767669677734,162.93692016601562,33.27894592285156,55.2594108581543
2019-06-28,24.46453094482422,91.58952331542969,116.52613830566406,173.6339111328125,175.15682983398438,92.02959442138672,41.189144134521484,88.6836929321289,253.9007110595703,35.323265075683594,105.63903045654297,71.4849853515625,77.58723449707031,165.14450073242188,33.39683151245117,55.84975814819336
2019-07-01,24.8188419342041,91.8839340209961,115.6602783203125,175.5518341064453,177.1023406982422,93.5771484375,41.739192962646484,89.8173828125,256.0506896972656,35.43614196777344,106.23518371582031,71.75732421875,77.36181640625,165.51560974121094,33.436126708984375,55.79875183105469
2019-07-02,24.591068267822266,90.47813415527344,113.40341186523438,174.8049774169922,176.9844512939453,93.67591094970703,42.04657745361328,90.24800109863281,259.69805908203125,35.33938217163086,106.68629455566406,71.83985137939453,76.63307189941406,166.79074096679688,33.73234939575195,55.1865348815918
2019-07-03,24.5067081451416,90.78726959228516,114.56028747558594,174.85594177246094,178.63522338867188,93.52669525146484,42.14363479614258,90.65229034423828,262.1071472167969,35.46839141845703,107.94306945800781,72.54969024658203,77.53463745117188,168.30374145507812,33.9499626159668,55.711273193359375
2019-07-05,24.683868408203125,90.92710876464844,114.95059204101562,176.4344024658203,178.09620666503906,94.08212280273438,42.1517333984375,91.59264373779297,261.2049865722656,35.64577102661133,107.1616439819336,73.16045379638672,76.94862365722656,168.10394287109375,33.847198486328125,55.485347747802734
2019-07-08,24.63325309753418,90.97125244140625,114.1344223022461,174.60984802246094,179.31739807128906,93.56815338134766,42.06275177001953,91.9793472290039,260.6475830078125,35.065250396728516,106.7910385131836,73.38330841064453,76.57296752929688,167.65673828125,34.07087707519531,55.74044418334961
2019-07-09,24.759790420532227,90.78726959228516,112.97761535644531,176.32408142089844,178.5509796142578,93.96604919433594,41.731101989746094,92.15509796142578,262.67523193359375,35.29906463623047,106.13044738769531,72.46717071533203,76.43022918701172,169.1221160888672,34.119232177734375,55.70399475097656
2019-07-10,24.481401443481445,92.3255386352539,113.5453872680664,174.79652404785156,177.4982147216797,93.69249725341797,41.917144775390625,90.59076690673828,264.63555908203125,34.920127868652344,108.28141021728516,70.85767364501953,76.34758758544922,170.62557983398438,34.14945983886719,56.491127014160156
2019-07-11,24.76822853088379,92.31816864013672,115.3976821899414,179.3622589111328,180.2691192626953,94.58780670166016,42.09511184692383,92.16389465332031,267.4609375,35.62158203125,108.23309326171875,71.36942291259766,77.63229370117188,171.98635864257812,34.4335823059082,56.534854888916016
2019-07-12,24.844152450561523,92.72300720214844,118.85397338867188,181.56024169921875,183.79800415039062,95.58260345458984,42.15981674194336,94.38738250732422,268.63336181640625,36.177921295166016,107.37106323242188,72.24429321289062,79.57069396972656,171.59620666503906,34.639122009277344,56.57858657836914
2019-07-15,24.65011978149414,92.53164672851562,119.15914154052734,179.55747985839844,184.19386291503906,94.42200469970703,42.16790771484375,94.88829040527344,268.46990966796875,35.82314682006836,108.07194519042969,71.64178466796875,79.48052215576172,171.82456970214844,34.75398254394531,56.1777458190918
2019-07-16,24.456092834472656,91.8250503540039,120.50045013427734,182.9011688232422,182.98106384277344,95.4333724975586,42.17599868774414,93.59639739990234,265.8273620605469,35.82314682006836,107.78998565673828,72.88806915283203,79.34529113769531,170.62557983398438,34.6874885559082,55.3395881652832
2019-07-17,24.62480926513672,91.36870574951172,117.13646697998047,181.0171661376953,181.59140014648438,94.49663543701172,42.20835494995117,92.21662139892578,264.5395202636719,35.2910041809082,106.96827697753906,72.51667022705078,76.80587768554688,170.4733123779297,34.639122009277344,55.0116081237793
2019-07-18,24.869457244873047,91.76616668701172,117.37065887451172,182.05250549316406,180.60598754882812,95.06034851074219,42.087013244628906,91.17961120605469,265.9809875488281,35.82314682006836,107.04884338378906,73.04490661621094,77.2341079711914,171.7864990234375,34.67539978027344,54.54517364501953
2019-07-19,24.801969528198242,92.03114318847656,118.6126480102539,181.2038116455078,179.42689514160156,94.12356567382812,41.569313049316406,90.0810546875,264.84698486328125,35.79090881347656,104.80120849609375,72.6404800415039,77.6172866821289,170.55897521972656,34.42753982543945,54.65449523925781
2019-07-22,24.94538116455078,92.22986602783203,120.33010864257812,181.61122131347656,177.93614196777344,94.72872161865234,41.43180465698242,90.12496185302734,267.7395935058594,35.87959289550781,104.95426177978516,71.98844146728516,78.1431884765625,171.82456970214844,34.10110092163086,54.71278762817383
2019-07-23,25.51903533935547,92.60523223876953,123.3250961303711,186.21937561035156,179.46060180664062,96.46133422851562,43.947486877441406,90.65512084960938,268.08551025390625,36.36336135864258,105.32484436035156,73.07792663574219,79.08984375,172.13856506347656,33.880455017089844,54.931434631347656
2019-07-24,25.873350143432617,93.1351547241211,124.9148178100586,188.42588806152344,180.8334503173828,96.8509521484375,43.502593994140625,90.83183288574219,269.315673828125,36.68587875366211,104.09226989746094,73.53187561035156,85.94174194335938,174.4508514404297,33.85325241088867,54.92414474487305
2019-07-25,25.59495735168457,92.46537780761719,124.81548309326172,186.6860809326172,181.54087829589844,95.92247009277344,42.92827224731445,90.16915130615234,268.45074462890625,36.177921295166016,103.9150390625,72.6074447631836,88.84178161621094,172.79515075683594,33.919734954833984,54.610755920410156
2019-07-26,25.95770835876465,91.0595932006836,124.15544128417969,188.5192108154297,182.686279296875,96.34525299072266,43.81806564331055,91.47685241699219,271.06463623046875,36.8793830871582,105.7115249633789,71.85636901855469,90.59232330322266,174.79347229003906,34.16155242919922,54.52330780029297
2019-07-29,25.746810913085938,91.43496704101562,122.49474334716797,186.9746856689453,183.6380157470703,96.03854370117188,43.67245101928711,91.8567886352539,270.4592590332031,36.46818542480469,105.96126556396484,71.99669647216797,89.2174301147461,174.33670043945312,33.93485641479492,54.90958786010742
2019-07-30,26.05893898010254,91.51593780517578,122.3457260131836,187.89120483398438,183.06529235839844,95.82300567626953,43.45405578613281,91.68889617919922,267.30718994140625,36.29753875732422,105.11538696289062,71.70780181884766,90.01380920410156,172.7380828857422,33.87137985229492,54.916873931884766
2019-07-31,25.881786346435547,90.61062622070312,121.02565002441406,186.8134307861328,179.97433471679688,96.16287231445312,42.572349548339844,89.5948486328125,261.6470031738281,36.208152770996094,102.96440887451172,71.31163787841797,89.75836181640625,169.37901306152344,33.36358642578125,54.1953239440918
2019-08-01,24.877891540527344,88.86626434326172,115.90158081054688,179.57443237304688,179.25,93.62615966796875,42.087013244628906,87.90719604492188,263.4632263183594,34.883663177490234,102.4246597290039,68.19175720214844,87.88761901855469,170.49234008789062,33.06132507324219,52.81058120727539
2019-08-02,24.785099029541016,88.85893249511719,116.19969177246094,177.6819610595703,178.6773223876953,93.61788940429688,42.329689025878906,87.6774673461914,258.93701171875,34.225486755371094,103.05304718017578,67.28385925292969,88.05289459228516,168.82711791992188,33.0673713684082,52.29310989379883
2019-08-05,23.688413619995117,87.39424133300781,111.60790252685547,171.15577697753906,172.60488891601562,90.8324966430664,41.779640197753906,85.74243927001953,246.8190155029297,32.90099334716797,100.2173080444336,66.68132781982422,86.28732299804688,160.68173217773438,31.98527717590332,51.22174072265625
2019-08-06,23.975236892700195,87.86527252197266,114.39700317382812,174.83045959472656,175.85589599609375,91.54540252685547,42.281158447265625,86.51997375488281,254.3531494140625,33.494171142578125,101.86878967285156,68.31554412841797,86.40003204345703,164.12637329101562,32.423561096191406,51.71733856201172
2019-08-07,23.528127670288086,87.65921020507812,114.02088928222656,174.60133361816406,175.1062774658203,89.55583190917969,43.01725387573242,86.92642211914062,258.8024597167969,32.95787048339844,102.94026947021484,68.5136489868164,86.70807647705078,166.828857421875,32.70465087890625,51.382076263427734
2019-08-08,23.941492080688477,90.69894409179688,116.55451202392578,175.670654296875,178.1888427734375,91.07289123535156,43.42979049682617,88.7730941772461,267.19183349609375,33.53480529785156,104.30171966552734,69.16568756103516,88.31586456298828,171.18701171875,32.96283721923828,52.752254486083984
2019-08-09,23.899311065673828,90.1027603149414,115.06415557861328,175.58575439453125,176.8833465576172,90.97340393066406,43.21139144897461,87.07664489746094,264.222412109375,33.721702575683594,103.6008529663086,68.0184097290039,86.96350860595703,170.378173828125,32.58618927001953,51.6298713684082
2019-08-12,23.317230224609375,89.46244049072266,112.70791625976562,171.02005004882812,174.3482666015625,89.26570129394531,43.033424377441406,84.8941879272461,259.4656066894531,32.79536056518555,103.39944458007812,67.70477294921875,86.31739044189453,167.7994384765625,31.96047592163086,51.378990173339844
2019-08-13,23.384716033935547,90.0806884765625,113.92152404785156,173.21803283691406,175.46002197265625,90.64179992675781,43.27610397338867,85.33599090576172,263.8188781738281,33.06351089477539,104.67229461669922,69.52884674072266,87.02362060546875,169.95950317382812,32.62568283081055,52.013580322265625
2019-08-14,22.288026809692383,86.65824890136719,110.04654693603516,165.96205139160156,169.78347778320312,86.8781967163086,42.863563537597656,82.6940689086914,256.7266845703125,31.958410263061523,104.0197525024414,67.5892333984375,85.67877960205078,165.1064910888672,32.258140563964844,49.91797637939453
2019-08-15,22.144615173339844,86.07676696777344,108.45679473876953,166.4882354736328,169.95187377929688,87.20980072021484,43.57538986206055,82.50853729248047,261.28179931640625,31.771520614624023,105.30872344970703,68.1422348022461,85.5736083984375,167.974853515625,34.22947311401367,49.62281799316406
2019-08-16,22.80263328552246,86.11396026611328,110.71366119384766,169.23788452148438,171.51844787597656,89.29886627197266,44.0121955871582,82.98565673828125,263.6553955078125,32.45407485961914,106.14654541015625,69.50408172607422,87.36176300048828,169.8425750732422,34.32059860229492,50.397613525390625
2019-08-19,23.005094528198242,87.22930908203125,112.35309600830078,171.5970916748047,175.13995361328125,90.10295867919922,44.23869323730469,83.98412322998047,267.220703125,32.80347442626953,106.7990951538086,71.46021270751953,88.4906997680664,171.28155517578125,34.56966781616211,51.24617004394531
2019-08-20,22.54110336303711,86.35189819335938,110.60010528564453,169.71310424804688,182.837890625,88.95894622802734,43.583473205566406,86.47581481933594,266.2309265136719,32.42157745361328,106.38824462890625,71.13583374023438,87.16475677490234,170.8050994873047,34.03508377075195,50.93626022338867
2019-08-21,22.718265533447266,87.65316772460938,112.26081848144531,170.30715942382812,185.62564086914062,89.20764923095703,43.761436462402344,95.42645263671875,271.0069885253906,32.45407485961914,106.61380767822266,85.66573333740234,87.8390884399414,172.42506408691406,34.02596664428711,51.44540023803711
2019-08-22,22.937606811523438,87.54163360595703,112.20403289794922,171.7838134765625,186.14781188964844,90.12783813476562,44.076908111572266,95.56782531738281,269.8153991699219,32.72222137451172,106.87162017822266,88.42700958251953,87.30115509033203,171.61509704589844,33.9925422668457,51.33470916748047
2019-08-23,22.330209732055664,85.6455078125,107.85356903076172,166.50521850585938,183.15792846679688,87.88955688476562,43.47024154663086,94.00389099121094,261.28179931640625,31.958410263061523,104.9461898803711,86.07327270507812,84.31584930419922,166.9838104248047,33.66449737548828,49.79991149902344
2019-08-26,22.591726303100586,86.0619125366211,108.22257995605469,169.43304443359375,184.1517791748047,88.5942153930664,44.11735534667969,94.0127182006836,265.64471435546875,32.632843017578125,107.74166107177734,87.13788604736328,86.64952850341797,169.2327423095703,34.01686096191406,50.0655517578125
2019-08-27,22.330209732055664,86.12882995605469,106.12188720703125,168.0922088623047,183.78121948242188,87.6574478149414,44.2629508972168,93.69464111328125,265.8465270996094,32.332191467285156,108.56336212158203,87.07963562011719,86.4752426147461,169.985595703125,34.1474609375,49.578548431396484
2019-08-28,22.650775909423828,86.87240600585938,108.71231079101562,170.08651733398438,186.9310760498047,88.53619384765625,44.57841873168945,95.58549499511719,267.3841247558594,32.81161880493164,108.90977478027344,88.4935531616211,88.14216613769531,170.2619171142578,34.23857879638672,49.94012451171875
2019-08-29,23.055702209472656,87.38548278808594,111.74272918701172,173.7329864501953,191.45379638671875,90.54235076904297,44.5298957824707,99.4820556640625,270.401611328125,33.551055908203125,109.57843017578125,89.76605987548828,89.6878662109375,172.6442413330078,34.65169143676758,50.49354553222656
2019-08-30,23.207563400268555,87.5342025756836,112.56599426269531,174.13436889648438,191.95074462890625,91.07289123535156,44.52180862426758,99.1374740600586,270.391845703125,33.71356964111328,110.1504135131836,89.02584075927734,89.90758514404297,172.3107147216797,34.706363677978516,50.53042221069336
2019-09-03,22.819499969482422,86.45598602294922,110.26654815673828,169.91574096679688,188.7166290283203,89.99522399902344,44.732112884521484,98.2362289428711,269.18109130859375,33.307281494140625,110.73849487304688,88.75138854980469,88.89985656738281,170.76690673828125,34.82179260253906,50.58945846557617
2019-09-04,23.19068145751953,87.1847152709961,112.8853759765625,172.27268981933594,189.93678283691406,91.0811767578125,45.1123046875,98.89007568359375,274.9373779296875,33.74606704711914,112.0999755859375,89.2919921875,90.52131652832031,173.21604919433594,35.20754623413086,51.12810516357422
2019-09-05,23.87850570678711,87.47471618652344,116.66095733642578,176.81588745117188,193.3262481689453,93.15364837646484,44.58651351928711,100.91346740722656,280.6839904785156,34.50988006591797,110.30326080322266,90.27340698242188,91.83211517333984,176.03675842285156,35.064781188964844,51.85123825073242
2019-09-06,23.54733657836914,87.93571472167969,115.33570098876953,176.95248413085938,195.8513946533203,93.35260772705078,44.67549133300781,101.3552474975586,280.0113830566406,34.27423858642578,111.4307632446289,91.3629150390625,90.98350524902344,176.99920654296875,34.84912109375,52.33824157714844
2019-09-09,24.31158447265625,88.77598571777344,119.29014587402344,181.0259552001953,197.3258056640625,95.66548919677734,44.101173400878906,101.42594909667969,272.3043212890625,35.029930114746094,110.6439208984375,89.78269958496094,92.1806640625,173.00636291503906,35.335121154785156,52.751461029052734
2019-09-10,24.922983169555664,90.60517120361328,122.73878479003906,184.14295959472656,197.43597412109375,96.88411712646484,44.00410842895508,101.85890197753906,261.7046813964844,35.41183853149414,110.20587921142578,90.51461029052734,92.7413558959961,168.05108642578125,35.25006866455078,53.17942810058594
2019-09-11,25.016389846801758,90.18132781982422,123.95008087158203,185.14212036132812,197.14788818359375,97.14939880371094,44.30339431762695,100.27727508544922,259.4175109863281,35.70437240600586,110.61148834228516,90.63103485107422,93.08231353759766,166.7455596923828,35.240970611572266,53.07611083984375
2019-09-12,25.194713592529297,90.28545379638672,123.6294174194336,186.79885864257812,198.11387634277344,97.74626922607422,44.57841873168945,100.62187194824219,265.6157531738281,36.01314163208008,111.36585998535156,90.60607147216797,92.86259460449219,169.6043701171875,35.514339447021484,53.11302185058594
2019-09-13,25.61929702758789,90.34491729736328,124.04981231689453,187.78944396972656,198.26638793945312,99.66952514648438,44.211761474609375,100.16243743896484,265.5389404296875,36.69569778442383,110.67635345458984,89.81596374511719,92.94593048095703,168.92776489257812,35.66925048828125,53.60002899169922
2019-09-16,25.585329055786133,92.29310607910156,123.67218017578125,185.50076293945312,195.73280334472656,98.78250122070312,43.967315673828125,99.51742553710938,263.3863220214844,36.3625373840332,109.41097259521484,88.95929718017578,92.87016296386719,167.82237243652344,35.10427474975586,54.40433120727539
2019-09-17,25.423986434936523,92.1220703125,123.4797592163086,184.38211059570312,195.07183837890625,98.29338073730469,44.19546890258789,99.60577392578125,265.4716491699219,35.92375946044922,110.07611083984375,89.2254638671875,92.73377990722656,168.14637756347656,35.389801025390625,53.9911003112793
2019-09-18,25.474937438964844,92.33773040771484,107.52647399902344,185.38125610351562,195.5972137451172,99.27989196777344,44.18731689453125,99.49090576171875,264.3665466308594,36.04564666748047,109.91385650634766,88.96763610839844,91.71088409423828,167.0409393310547,35.58722686767578,53.73286056518555
2019-09-19,25.32208824157715,91.95103454589844,108.62374877929688,183.80137634277344,193.30084228515625,98.96487426757812,44.42361068725586,98.84590148925781,265.1449890136719,35.76936340332031,109.89767456054688,89.71614837646484,90.25613403320312,167.67945861816406,35.57204818725586,53.37128829956055
2019-09-20,25.12677764892578,92.44181823730469,106.00879669189453,182.52894592285156,190.37745666503906,98.56695556640625,43.926578521728516,98.04183959960938,260.5899353027344,35.48497009277344,109.27301788330078,88.71812438964844,91.45327758789062,165.86883544921875,35.532554626464844,53.186805725097656
2019-09-23,25.06733512878418,92.87309265136719,103.79283905029297,182.28982543945312,191.7162628173828,98.55037689208984,44.11398696899414,97.58238983154297,262.4925842285156,35.39558792114258,109.86519622802734,90.4729995727539,90.2031021118164,166.6788330078125,35.726966857910156,53.22370910644531
2019-09-24,24.57482147216797,92.01053619384766,102.06855010986328,177.41366577148438,191.0044708251953,97.26544952392578,44.244346618652344,97.21127319335938,260.5418701171875,34.56676483154297,109.8003158569336,89.3668212890625,89.3999252319336,166.26907348632812,35.963871002197266,52.493194580078125
2019-09-25,24.838062286376953,91.83952331542969,104.76899719238281,179.3607177734375,193.28387451171875,97.82085418701172,44.13842010498047,97.85628509521484,262.10833740234375,34.97305679321289,109.58129119873047,88.82624053955078,90.2031021118164,167.0314178466797,35.98514175415039,52.648155212402344
2019-09-26,24.73616600036621,89.34854125976562,103.4294662475586,177.81503295898438,194.7158966064453,97.01673889160156,44.317691802978516,97.82976531982422,263.203857421875,34.63177490234375,110.09233856201172,88.40204620361328,89.74848175048828,167.3839874267578,35.933509826660156,52.367740631103516
2019-09-27,24.922983169555664,88.18853759765625,103.28697204589844,178.45547485351562,194.77525329589844,97.58876037597656,44.25250244140625,96.78715515136719,258.62945556640625,34.81053161621094,109.9949951171875,88.26067352294922,90.1273193359375,165.81167602539062,35.97906494140625,52.74408721923828
2019-09-30,24.770130157470703,88.18853759765625,103.72161102294922,176.96957397460938,196.60560607910156,97.5638656616211,44.358428955078125,97.15824890136719,260.974365234375,34.672393798828125,111.21175384521484,88.91771697998047,90.7865219116211,163.91531372070312,36.04893493652344,52.10212707519531
2019-10-01,24.150238037109375,86.26266479492188,100.92139434814453,173.092529296875,195.80902099609375,95.78984832763672,44.52953338623047,96.76950073242188,260.3689270019531,33.624183654785156,111.4307632446289,88.11096954345703,87.7481689453125,166.0880126953125,35.79681396484375,50.877227783203125
2019-10-02,23.640745162963867,83.4965591430664,100.30863189697266,169.3008575439453,191.1231231689453,93.88316345214844,43.250282287597656,93.96854400634766,254.16102600097656,32.689720153808594,108.64842987060547,87.46223449707031,87.3163070678711,161.8379364013672,35.27132797241211,49.549034118652344
2019-10-03,23.615266799926758,84.13603973388672,100.97125244140625,168.43836975097656,192.1907958984375,93.74947357177734,43.86955642700195,93.98621368408203,257.82232666015625,32.70598220825195,111.88502502441406,88.67652893066406,87.81637573242188,164.73486328125,35.329044342041016,50.16147994995117
2019-10-04,24.09079933166504,84.65653228759766,101.89043426513672,171.478515625,193.13983154296875,95.7800521850586,44.439910888671875,94.91397094726562,263.36712646484375,33.13663864135742,113.7912826538086,90.73914337158203,89.02108764648438,167.69850158691406,35.8909797668457,50.891998291015625
2019-10-07,24.039844512939453,84.21784210205078,101.2420425415039,171.1369171142578,192.13150024414062,95.57113647460938,43.89398956298828,95.62967681884766,261.5700988769531,33.055381774902344,112.21759033203125,89.78269958496094,87.56633758544922,166.6692657470703,35.60850524902344,50.190982818603516
2019-10-08,23.46241569519043,83.06529998779297,98.60569763183594,168.54933166503906,192.0721893310547,93.44026947021484,43.657691955566406,94.10108184814453,256.9614562988281,32.3565788269043,111.32532501220703,90.25678253173828,85.42205810546875,164.3059539794922,35.714813232421875,49.216983795166016
2019-10-09,23.683198928833008,84.12859344482422,99.21845245361328,168.10528564453125,193.9957275390625,94.11711883544922,43.86139678955078,93.92437744140625,261.9356994628906,32.8603630065918,111.82011413574219,91.78712463378906,86.27067565917969,166.6502685546875,36.1248779296875,49.763031005859375
2019-10-10,24.158735275268555,85.2068099975586,100.72190856933594,170.68431091308594,196.25816345214844,95.43743133544922,43.722877502441406,95.59434509277344,263.4655456542969,33.356040954589844,111.8525390625,91.96177673339844,87.34658813476562,166.6502685546875,36.33141326904297,50.360713958740234
2019-10-11,24.549345016479492,86.36678314208984,103.70022583007812,174.79197692871094,198.84262084960938,97.05020141601562,43.42953872680664,97.90928649902344,265.46685791015625,34.07109451293945,111.64977264404297,93.00970458984375,87.90729522705078,168.7276611328125,36.52278137207031,50.899375915527344
2019-10-14,24.744659423828125,86.38907623291016,104.58374786376953,175.76551818847656,198.4358673095703,97.30925750732422,43.42953872680664,97.78559112548828,265.9190673828125,34.331119537353516,111.49565124511719,92.44417572021484,87.79363250732422,169.01351928710938,36.19776153564453,51.04693603515625
2019-10-15,25.24565887451172,86.48575592041016,106.84954833984375,176.31202697753906,199.65609741210938,100.2423095703125,43.600650787353516,99.33185577392578,268.0166015625,34.55863952636719,110.58716583251953,93.05960083007812,88.25582885742188,170.338134765625,36.30712127685547,51.224037170410156
2019-10-16,25.61929702758789,85.59346008300781,107.42672729492188,177.1318359375,199.89332580566406,100.00836181640625,43.5843505859375,99.25233459472656,267.7375793457031,34.76991271972656,110.6601333618164,93.30912780761719,89.02867889404297,169.4995574951172,36.27370071411133,50.3459587097168
2019-10-17,25.695722579956055,85.77190399169922,107.3768310546875,176.31202697753906,200.6305389404297,100.56820678710938,43.82880783081055,99.49090576171875,266.0440979003906,35.29807662963867,111.09821319580078,94.17410278320312,89.70301055908203,169.5662384033203,36.40128707885742,50.279537200927734
2019-10-18,25.77214813232422,85.31830596923828,106.8139419555664,176.36328125,201.61351013183594,100.74369812011719,44.63545227050781,99.70296478271484,260.38677978515625,35.47684097290039,110.52224731445312,93.82477569580078,88.91500854492188,167.4412078857422,36.18865966796875,49.88846206665039
2019-10-21,26.341087341308594,86.70882415771484,108.33161163330078,178.694580078125,200.5712127685547,103.24224853515625,44.18731689453125,98.91658782958984,263.917724609375,36.549434661865234,110.41678619384766,94.54838562011719,89.80150604248047,168.12730407714844,36.370914459228516,50.722267150878906
2019-10-22,26.493938446044922,87.59367370605469,110.17703247070312,178.99351501464844,200.99488830566406,104.27842712402344,43.87767791748047,99.8666763305664,251.37130737304688,36.87446212768555,110.85481262207031,94.1408462524414,87.96790313720703,162.81942749023438,36.322303771972656,50.98052978515625
2019-10-23,26.680757522583008,87.7275161743164,111.13894653320312,180.4623260498047,198.85107421875,104.55419158935547,44.52140426635742,99.01425170898438,250.97691345214844,37.30513000488281,111.49565124511719,92.61880493164062,87.24810028076172,163.25782775878906,36.252437591552734,51.46753692626953
2019-10-24,26.62980079650879,87.43009948730469,109.76378631591797,180.23178100585938,198.1901092529297,104.47895812988281,44.496944427490234,98.44596099853516,258.57781982421875,37.18324279785156,111.8525390625,91.69561004638672,86.38433837890625,167.87005615234375,36.1765022277832,50.98052978515625
2019-10-25,26.93549919128418,88.2406005859375,112.64237213134766,182.94740295410156,198.60536193847656,105.31460571289062,43.796207427978516,99.07640838623047,259.96331787109375,37.67891311645508,110.8386001586914,90.67262268066406,87.67997741699219,169.48049926757812,36.158287048339844,51.09858703613281
2019-10-28,27.037395477294922,88.09931182861328,112.86323547363281,185.95339965820312,200.656005859375,105.71571350097656,43.6495361328125,99.12967681884766,265.48602294921875,38.060829162597656,110.78182983398438,91.25482940673828,88.0815658569336,171.3768310546875,36.21296691894531,50.64848327636719
2019-10-29,27.232709884643555,87.83905792236328,112.58533477783203,185.85948181152344,198.40200805664062,105.64884185791016,43.519168853759766,97.2561264038086,263.9081726074219,38.05270004272461,110.38434600830078,89.94902038574219,88.58163452148438,169.2708740234375,35.584197998046875,50.50090789794922
2019-10-30,26.850587844848633,86.52293395996094,111.03917694091797,184.29669189453125,200.18142700195312,105.06391906738281,43.95102310180664,98.81002044677734,266.65985107421875,37.872589111328125,111.04952239990234,89.76605987548828,88.55890655517578,170.81460571289062,35.87275695800781,49.969627380371094
2019-10-31,26.553380966186523,86.35933685302734,108.77336883544922,182.2215576171875,198.77484130859375,104.38705444335938,44.35026550292969,99.10306549072266,266.33282470703125,37.70065689086914,111.2685317993164,88.91771697998047,87.26323699951172,170.4429473876953,35.61760330200195,49.85895538330078
2019-11-01,27.003437042236328,86.411376953125,111.52371215820312,185.64599609375,201.11354064941406,106.79368591308594,43.918426513671875,100.29290008544922,268.48797607421875,38.74858856201172,111.07384490966797,89.6745834350586,90.5516128540039,172.41552734375,35.726966857910156,51.356849670410156
2019-11-04,27.5129337310791,90.39697265625,117.45186614990234,187.76382446289062,199.0629119873047,107.6460189819336,43.29916763305664,99.99988555908203,265.87103271484375,39.97661590576172,109.63807678222656,90.46471405029297,93.21112060546875,170.52871704101562,35.711769104003906,52.88428497314453
2019-11-05,27.869585037231445,90.6720962524414,117.45899963378906,186.7134552001953,196.7581024169922,107.87998962402344,42.71249008178711,99.62693786621094,258.81842041015625,39.91111755371094,108.70523071289062,91.53760528564453,91.97606658935547,168.07012939453125,36.10361099243164,53.93208312988281
2019-11-06,27.84410285949707,89.15520477294922,116.26197052001953,186.52557373046875,198.2918243408203,108.04712677001953,43.02212905883789,100.04426574707031,259.64581298828125,39.75557327270508,109.05403137207031,91.91187286376953,92.40039825439453,168.45130920410156,36.29800033569336,52.751461029052734
2019-11-07,28.217737197875977,90.63492584228516,116.79634094238281,190.6844024658203,197.38511657714844,108.6320571899414,42.606571197509766,99.98210906982422,262.4649658203125,39.837440490722656,108.14553833007812,91.97837829589844,93.56723022460938,170.03317260742188,36.519744873046875,53.873043060302734
2019-11-08,28.243213653564453,89.92108917236328,116.29756164550781,190.35997009277344,197.3004150390625,108.94961547851562,42.541385650634766,101.2252197265625,264.4853820800781,40.23859405517578,107.99138641357422,91.61243438720703,94.18097686767578,170.54779052734375,36.27977752685547,52.849945068359375
2019-11-11,28.175281524658203,89.83185577392578,115.55654907226562,187.04647827148438,196.41917419433594,108.56521606445312,42.239906311035156,101.62480163574219,266.5155029296875,40.189483642578125,107.3911361694336,91.86195373535156,93.30205535888672,171.09095764160156,36.158287048339844,52.52882385253906
2019-11-12,28.09885025024414,89.94338989257812,114.87254333496094,188.2250518798828,197.53768920898438,107.93012237548828,42.133975982666016,101.50936126708984,266.6502685546875,40.12397384643555,107.05854034423828,90.11538696289062,93.20356750488281,171.28155517578125,36.182586669921875,51.8044548034668
2019-11-13,27.84410285949707,90.9249038696289,111.31707000732422,187.29420471191406,198.9612579345703,107.36189270019531,42.70435333251953,100.2041015625,267.5450134277344,39.61639404296875,108.1211929321289,90.3066635131836,93.21112060546875,170.96710205078125,36.74755859375,51.3787841796875
2019-11-14,27.76768684387207,90.68695831298828,111.6377182006836,187.3880615234375,200.44415283203125,107.46220397949219,42.88361740112305,101.70471954345703,269.0459899902344,39.7965087890625,108.15361785888672,92.41087341308594,94.01426696777344,171.57797241210938,36.64732360839844,51.154747009277344
2019-11-15,27.962987899780273,90.58934783935547,112.8133544921875,188.08834838867188,201.07119750976562,108.23928833007812,42.91621017456055,102.57489013671875,270.15252685546875,40.10760498046875,108.54296112060547,94.15746307373047,94.48005676269531,171.59707641601562,36.10663986206055,51.67002487182617
2019-11-18,27.988462448120117,89.01995086669922,112.25760650634766,187.644287109375,202.39305114746094,109.1501235961914,43.20953369140625,102.13092803955078,270.2294921875,40.14034652709961,108.74578094482422,93.11783599853516,93.74701690673828,171.4920654296875,36.52582550048828,51.1696891784668
2019-11-19,27.971477508544922,87.44305419921875,110.81118774414062,187.9090118408203,191.3858184814453,109.11670684814453,43.250282287597656,100.6924819946289,274.5110168457031,40.38596725463867,109.15946197509766,92.74134063720703,92.044189453125,174.460693359375,36.41645431518555,50.64693832397461
2019-11-20,27.759180068969727,88.11135864257812,108.49547576904297,186.09002685546875,187.18284606933594,108.3228759765625,43.364349365234375,104.62602233886719,274.5784606933594,40.19765853881836,108.48622131347656,105.77619171142578,90.87588500976562,173.4011688232422,36.18562316894531,50.80375289916992
2019-11-21,27.886560440063477,89.18515014648438,108.36011505126953,186.36331176757812,185.1830596923828,108.57356262207031,43.15250015258789,103.90680694580078,273.6835632324219,39.98480224609375,108.62409210205078,106.79686737060547,91.26530456542969,171.7115936279297,36.40736389160156,52.028480529785156
2019-11-22,28.175281524658203,89.08002471923828,111.54508209228516,188.1139678955078,184.75094604492188,109.29216766357422,43.20953369140625,104.95460510253906,271.8747253417969,40.320472717285156,108.75390625,106.269775390625,91.11259460449219,171.31072998046875,36.25547409057617,51.8044548034668
2019-11-25,28.421541213989258,88.89229583740234,113.67552185058594,190.22328186035156,185.06446838378906,109.87713623046875,43.364349365234375,103.88905334472656,276.72406005859375,40.901737213134766,108.55923461914062,104.73873901367188,91.8609390258789,172.7425079345703,36.12184143066406,51.4609260559082
2019-11-26,28.319643020629883,88.44927215576172,115.0720443725586,189.9671173095703,187.06423950195312,110.02754974365234,43.918426513671875,104.58162689208984,278.427001953125,40.451454162597656,110.07611083984375,106.16101837158203,92.54814910888672,174.2506866455078,36.203853607177734,51.33396911621094
2019-11-27,28.37908935546875,88.6595230102539,115.07918548583984,190.39410400390625,188.96231079101562,110.35343933105469,43.95916748046875,105.18544006347656,280.6592712402344,40.75436782836914,110.24646759033203,105.33275604248047,91.5325698852539,175.98793029785156,36.0732307434082,51.304100036621094
2019-11-29,28.294164657592773,87.95368194580078,114.03890228271484,190.09356689453125,186.8524169921875,110.1027603149414,43.83603286743164,104.16431427001953,281.1690979003906,40.50876998901367,110.18154907226562,104.58815002441406,91.4256820678711,176.12161254882812,36.1734733581543,50.87843322753906
2019-12-02,28.3875732421875,87.70587921142578,112.59959411621094,186.90740966796875,184.40350341796875,109.86042785644531,44.12334442138672,103.00111389160156,275.627197265625,40.18128967285156,110.22212219238281,103.72642517089844,90.27263641357422,173.5252227783203,36.231178283691406,51.09500503540039
2019-12-03,27.886560440063477,87.02255249023438,107.69034576416016,182.2698974609375,181.3360595703125,108.44820404052734,44.164390563964844,101.71360778808594,276.22369384765625,39.38717269897461,109.88142395019531,103.776611328125,89.28759765625,173.63021850585938,36.045894622802734,50.69174575805664
2019-12-04,28.149805068969727,87.81099700927734,109.63551330566406,185.4474639892578,182.5811767578125,110.58740997314453,44.56663513183594,102.5216293334961,275.9831237792969,39.98480224609375,111.37397766113281,104.17817687988281,88.93633270263672,172.38931274414062,36.05196762084961,51.26676940917969
2019-12-05,28.252256393432617,87.35293579101562,109.68537902832031,186.47799682617188,181.64306640625,111.18907165527344,44.48454666137695,102.62815856933594,278.8792724609375,40.173095703125,111.3698959350586,104.31206512451172,87.82147979736328,173.62069702148438,36.20452117919922,51.08753204345703
2019-12-06,28.747461318969727,88.61444854736328,112.06099700927734,192.8931427001953,182.734619140625,112.8436279296875,44.673343658447266,103.24974060058594,279.4084167480469,40.77074432373047,112.2031021118164,104.60487365722656,89.74575805664062,173.887939453125,36.5462532043457,51.90899658203125
2019-12-09,28.61085319519043,88.08133697509766,111.98943328857422,190.48855590820312,184.6533966064453,112.31717681884766,44.38603973388672,104.66156005859375,278.11907958984375,40.60700607299805,112.0396957397461,105.79288482666016,90.21154022216797,174.6038818359375,36.418094635009766,52.021018981933594
2019-12-10,28.627933502197266,88.52436065673828,112.34005737304688,190.54869079589844,184.1161346435547,112.39238739013672,44.139774322509766,103.4273452758789,277.6861572265625,40.66431427001953,111.31272888183594,105.2239761352539,90.5169906616211,173.97386169433594,36.350982666015625,51.572959899902344
2019-12-11,28.72184944152832,87.27786254882812,113.82838439941406,189.95611572265625,180.790283203125,112.12500762939453,44.287532806396484,104.47509765625,279.07171630859375,40.484195709228516,111.99072265625,105.24908447265625,89.18069458007812,173.7352752685547,36.308265686035156,51.498268127441406
2019-12-12,29.609804153442383,89.21519470214844,117.98567199707031,194.12982177734375,180.82437133789062,115.33382415771484,44.44349670410156,104.95460510253906,281.14990234375,41.49937057495117,112.05604553222656,106.68809509277344,89.30284881591797,174.3366241455078,36.5401496887207,52.52882385253906
2019-12-13,29.4049015045166,88.57693481445312,118.54379272460938,193.22813415527344,182.5640411376953,114.32269287109375,44.673343658447266,105.2209701538086,284.88299560546875,41.1309700012207,112.67686462402344,106.4371109008789,90.57808685302734,176.7229461669922,36.70185852050781,51.699920654296875
2019-12-16,29.62687873840332,89.62820434570312,117.4203872680664,195.83880615234375,183.8006134033203,114.76561737060547,44.673343658447266,106.62389373779297,285.7200622558594,41.52393341064453,111.95801544189453,105.38294219970703,90.95989227294922,177.77294921875,36.778141021728516,52.274932861328125
2019-12-17,29.917177200317383,89.0575180053711,116.79788208007812,198.50967407226562,185.6681671142578,115.46748352050781,44.673343658447266,105.9490737915039,284.79638671875,41.671302795410156,111.23102569580078,107.40762329101562,91.8532943725586,177.0856475830078,37.00391387939453,52.03595733642578
2019-12-18,29.976932525634766,89.01995086669922,105.0844497680664,197.90853881835938,185.906982421875,115.35051727294922,44.25469970703125,105.94019317626953,283.5841064453125,41.47481918334961,111.06765747070312,107.15662384033203,90.06647491455078,176.49383544921875,36.57067108154297,52.177852630615234
2019-12-19,29.8403263092041,88.7045669555664,105.19894409179688,197.4705352783203,187.8001708984375,114.77396392822266,44.59125900268555,106.73934936523438,286.2685546875,41.638553619384766,111.47611999511719,107.67533111572266,90.53225708007812,178.05926513671875,36.63778305053711,51.81938934326172
2019-12-20,29.84886932373047,89.86848449707031,105.98603820800781,196.60316467285156,188.62738037109375,114.68201446533203,45.124847412109375,106.3131332397461,287.2691955566406,41.49937057495117,112.66053771972656,108.05183410644531,89.6465072631836,179.45291137695312,36.70185852050781,52.230133056640625
2019-12-23,30.028169631958008,90.35658264160156,108.54051971435547,196.7405548095703,186.9388885498047,114.64860534667969,45.075584411621094,106.18881225585938,286.0183410644531,41.52393341064453,111.94168853759766,107.3741455078125,90.82244110107422,178.57473754882812,36.31741714477539,52.491493225097656
2019-12-24,30.07085418701172,90.36405944824219,107.8893814086914,197.44476318359375,188.18386840820312,114.96615600585938,44.91141891479492,106.34864044189453,286.2204284667969,41.49937057495117,111.81916046142578,107.54985809326172,90.35661315917969,179.04246520996094,36.4638671875,52.28986740112305
2019-12-26,30.326993942260742,90.559326171875,109.11294555664062,198.5611572265625,188.3118438720703,116.1861572265625,45.1658821105957,106.3131332397461,287.87530517578125,41.843231201171875,111.65576934814453,107.83430480957031,90.89879608154297,180.5601806640625,36.466915130615234,52.37200927734375
2019-12-27,30.181848526000977,90.33404541015625,109.14158630371094,198.0888671875,187.58697509765625,116.26970672607422,45.436790466308594,106.7571029663086,289.3569641113281,41.82686233520508,112.35009765625,108.10203552246094,90.82244110107422,180.7797393798828,36.48828125,52.192779541015625
2019-12-30,30.011093139648438,89.99613189697266,107.43143463134766,197.35031127929688,185.3185577392578,115.84355926513672,45.371116638183594,106.59725189208984,286.4513244628906,41.720428466796875,111.75381469726562,107.83430480957031,88.9134292602539,179.29061889648438,36.43031311035156,51.886600494384766
2019-12-31,30.07085418701172,90.49172973632812,108.19705963134766,197.46194458007812,186.2310333251953,116.48696899414062,45.436790466308594,106.33977508544922,287.28839111328125,41.85141372680664,111.63947296142578,107.26541137695312,89.3868637084961,179.35745239257812,36.25944900512695,52.11064529418945
2020-01-02,30.42946434020996,91.18257904052734,110.98053741455078,201.2320556640625,187.32261657714844,117.89920043945312,45.141265869140625,106.96131896972656,291.9067077636719,42.6046142578125,110.94513702392578,105.47496032714844,89.18069458007812,182.43106079101562,36.289947509765625,52.94704055786133
2020-01-03,29.79764175415039,90.8671875,109.60668182373047,198.8789520263672,186.7000732421875,116.3433609008789,44.894996643066406,106.19769287109375,289.0586853027344,41.91691589355469,110.78996276855469,104.37898254394531,89.12723541259766,180.98019409179688,35.96958541870117,52.521366119384766
2020-01-06,29.754953384399414,90.559326171875,109.69254302978516,200.91429138183594,187.57843017578125,116.25086975097656,44.87856674194336,106.8636474609375,289.8284606933594,41.769535064697266,111.2147216796875,103.3917465209961,88.73017120361328,180.58885192871094,35.896366119384766,52.92464065551758
2020-01-07,29.55857276916504,89.4029312133789,110.7658462524414,202.23680114746094,186.35044860839844,114.27450561523438,44.53379821777344,106.22432708740234,288.84710693359375,41.68767166137695,109.46662902832031,103.5758285522461,88.57743835449219,180.11154174804688,35.56378936767578,52.491493225097656
2020-01-08,29.85740852355957,88.38166809082031,112.43307495117188,204.18626403808594,189.13905334472656,115.1659927368164,44.61589431762695,107.91141510009766,293.94366455078125,42.21982192993164,110.03025817871094,103.24114990234375,89.08140563964844,183.19468688964844,35.44174575805664,51.699920654296875
2020-01-09,29.908634185791016,88.23904418945312,113.09136962890625,208.34280395507812,192.0385284423828,115.58646392822266,45.42856979370117,108.37313842773438,297.7973327636719,42.62097930908203,110.10376739501953,103.3248291015625,89.28759765625,184.46424865722656,35.807884216308594,52.095699310302734
2020-01-10,29.661039352416992,87.43553924560547,112.0752944946289,207.9220428466797,191.21131896972656,114.4343032836914,45.58454132080078,107.44081115722656,299.79168701171875,42.74378204345703,109.89141082763672,104.35389709472656,88.47817993164062,184.9605712890625,35.50886917114258,51.6326904296875
2020-01-13,29.934246063232422,87.60073852539062,113.97150421142578,210.584228515625,190.4608154296875,115.38462829589844,46.07709503173828,107.48521423339844,303.683837890625,43.2104377746582,111.52513122558594,103.63436889648438,89.150146484375,186.44964599609375,35.3563232421875,52.12558364868164
2020-01-14,30.156240463256836,87.33042907714844,116.0107650756836,210.9707489013672,190.00889587402344,116.73025512695312,45.970375061035156,106.61503601074219,299.28106689453125,43.27592849731445,111.7864990234375,104.79729461669922,89.54723358154297,187.13693237304688,35.447853088378906,51.6775016784668
2020-01-15,29.60126495361328,87.20277404785156,113.87846374511719,210.584228515625,191.52684020996094,114.98095703125,46.54500198364258,106.12665557861328,302.759033203125,43.34143829345703,113.70608520507812,97.88667297363281,90.05118560791016,190.71644592285156,35.173240661621094,51.59535217285156
2020-01-16,29.643959045410156,87.7734603881836,114.15752410888672,214.45741271972656,195.1341094970703,115.42668914794922,46.64351272583008,105.9046859741211,308.5877990722656,46.20683670043945,114.04100799560547,97.31776428222656,90.5704345703125,191.81417846679688,35.3624153137207,51.39372634887695
2020-01-17,29.63541030883789,86.78977966308594,114.47236633300781,214.23411560058594,197.7692108154297,116.22561645507812,46.74201583862305,108.64840698242188,311.82489013671875,47.08283996582031,115.3888168334961,97.81974029541016,90.56280517578125,195.3936309814453,35.07561492919922,51.199554443359375
2020-01-21,29.251211166381836,85.085205078125,112.71929168701172,211.0050811767578,198.65611267089844,115.08185577392578,46.93082809448242,107.86347961425781,310.15826416015625,45.781124114990234,115.87891387939453,95.41023254394531,89.63886260986328,197.86590576171875,35.2678337097168,50.467716217041016
2020-01-22,29.336591720581055,84.77732849121094,111.29535675048828,212.16445922851562,198.61343383789062,114.9472885131836,47.292015075683594,108.73761749267578,312.451171875,45.731998443603516,117.12054443359375,95.2930908203125,89.53960418701172,198.44818115234375,35.42344284057617,50.17645263671875
2020-01-23,29.131681442260742,84.92752838134766,110.82310485839844,210.90203857421875,199.2530517578125,114.82955169677734,47.47261428833008,109.45117950439453,313.0966796875,45.46184158325195,117.34111785888672,96.65680694580078,89.28759765625,197.1309051513672,35.33495330810547,49.8628044128418
2020-01-24,28.636463165283203,83.9888687133789,110.24351501464844,207.7588348388672,197.84597778320312,111.97859191894531,47.3494873046875,107.2391357421875,311.834716796875,44.65951919555664,116.74481201171875,95.64448547363281,89.08140563964844,195.6800537109375,34.895599365234375,49.526756286621094
2020-01-27,28.047348022460938,82.89256286621094,106.25080108642578,204.5126190185547,197.15518188476562,111.03668975830078,47.18529510498047,106.81993865966797,304.2234802246094,43.48060607910156,116.10765075683594,96.865966796875,87.75276184082031,192.52052307128906,35.3502197265625,48.34684371948242
2020-01-28,28.380327224731445,83.44072723388672,106.18638610839844,208.32566833496094,199.43214416503906,113.05504608154297,46.79948806762695,108.05973815917969,308.5589904785156,44.22561264038086,116.35270690917969,96.58150482177734,88.09637451171875,193.6278076171875,35.57600402832031,48.27962875366211
2020-01-29,28.1839542388916,82.87754821777344,105.94310760498047,206.21302795410156,199.56857299804688,112.88685607910156,46.79948806762695,107.40858459472656,308.60711669921875,43.94725799560547,115.77273559570312,95.6026382446289,88.39419555664062,195.54641723632812,35.359371185302734,47.87636947631836
2020-01-30,28.585243225097656,83.6509780883789,106.08621978759766,209.65675354003906,198.5196533203125,114.28291320800781,48.318138122558594,106.78421783447266,312.595703125,44.351051330566406,117.48812103271484,95.93730926513672,82.4686508178711,198.74411010742188,35.56989669799805,48.38418197631836
2020-01-31,28.030269622802734,80.45211791992188,103.4959487915039,204.1776885986328,194.52008056640625,111.31420135498047,47.940528869628906,103.68026733398438,304.3872375488281,43.065513610839844,116.00965118408203,92.6493148803711,79.04774475097656,189.9241485595703,34.93220138549805,46.390262603759766
2020-02-03,28.149808883666992,79.80635833740234,102.92352294921875,205.25978088378906,197.4536895751953,112.16358947753906,48.088294982910156,104.51868438720703,312.65350341796875,43.34568786621094,116.40987396240234,94.13017272949219,77.90995788574219,191.6805419921875,34.865081787109375,45.35222244262695
2020-02-04,28.70477867126465,80.2343521118164,105.54957580566406,207.7760467529297,200.40432739257812,113.7783432006836,48.301719665527344,106.45420837402344,317.0853271484375,44.51586151123047,116.98985290527344,94.7492904663086,78.9408187866211,194.30548095703125,35.17019271850586,44.784671783447266
2020-02-05,29.63541030883789,82.8099594116211,107.29547882080078,209.80279541015625,203.05648803710938,115.71258544921875,48.309940338134766,108.93382263183594,316.3145446777344,45.315208435058594,117.87206268310547,96.65680694580078,80.97200775146484,193.589599609375,35.64006423950195,46.84580612182617
2020-02-06,29.60126495361328,82.21674346923828,106.35098266601562,207.67298889160156,203.6790008544922,115.72944641113281,48.424861907958984,108.38082885742188,317.2588195800781,45.33167266845703,117.89659118652344,96.33052062988281,81.33088684082031,193.80914306640625,35.48750305175781,46.211029052734375
2020-02-07,29.55003547668457,81.80377197265625,111.38123321533203,204.3924102783203,202.36575317382812,115.35940551757812,48.58903503417969,108.35407257080078,315.04290771484375,45.34816360473633,118.74610137939453,96.7237548828125,78.74230194091797,193.5227813720703,35.53022766113281,45.904850006103516
2020-02-10,29.618345260620117,82.4420166015625,112.1826171875,203.84275817871094,205.18846130371094,115.8387451171875,49.048744201660156,108.11322784423828,318.2029724121094,45.61185836791992,118.98298645019531,97.86994171142578,78.7041244506836,196.62503051757812,35.16410827636719,45.420047760009766
2020-02-11,29.6866455078125,83.50829315185547,113.05557250976562,203.06988525390625,206.0668182373047,116.05742645263672,48.91740417480469,109.73660278320312,318.81951904296875,45.96620559692383,119.32608032226562,97.62731170654297,80.0785903930664,194.66822814941406,35.20987319946289,45.851829528808594
2020-02-12,29.814725875854492,84.13154602050781,113.42052459716797,204.95059204101562,206.02413940429688,116.05742645263672,48.76963806152344,111.52049255371094,321.9410400390625,46.29583740234375,119.32608032226562,98.81532287597656,80.59020233154297,198.0091094970703,35.34716796875,46.412376403808594
2020-02-13,29.806177139282227,83.84623718261719,115.53851318359375,204.69300842285156,206.68081665039062,115.95648956298828,48.93381118774414,111.28858184814453,323.5595703125,46.08982849121094,119.6446533203125,98.95755767822266,80.36112213134766,198.2576446533203,35.83229064941406,46.15481948852539
2020-02-14,29.754953384399414,83.62591552734375,113.49922180175781,203.6023406982422,208.95773315429688,115.603271484375,49.21292495727539,111.86834716796875,328.4827575683594,46.01565933227539,120.06938171386719,97.57711029052734,80.90328979492188,201.02023315429688,35.96958541870117,45.94272232055664
2020-02-18,29.25974464416504,83.74744415283203,113.46346282958984,200.27879333496094,208.02821350097656,114.07264709472656,48.86814880371094,109.91499328613281,328.7620849609375,45.751956939697266,118.93397521972656,99.14212799072266,81.26216888427734,201.89013671875,36.500492095947266,45.35944366455078
2020-02-19,29.643959045410156,84.12728881835938,115.30240631103516,203.8170166015625,207.77243041992188,115.6285171508789,49.065162658691406,110.10228729248047,331.96075439453125,46.4029541015625,118.87677764892578,98.77191162109375,81.52181243896484,203.9071044921875,35.905513763427734,45.70790481567383
2020-02-20,29.754953384399414,83.4207992553711,117.99998474121094,199.86654663085938,210.65480041503906,115.6285171508789,49.02411651611328,112.89408874511719,331.8548278808594,44.29336929321289,118.57454681396484,99.5039291381836,81.30801391601562,202.1291046142578,35.908573150634766,45.34429931640625
2020-02-21,29.336591720581055,82.81304168701172,116.81218719482422,198.0545196533203,209.2221221923828,114.21564483642578,49.360694885253906,111.7702407836914,327.27850341796875,43.19734191894531,119.13818359375,98.45217895507812,78.60484313964844,199.60548400878906,36.180110931396484,44.79132080078125
2020-02-24,27.944889068603516,79.54640197753906,110.8016128540039,192.8330078125,204.41241455078125,111.14601135253906,48.14575958251953,109.62956237792969,312.798095703125,40.93943405151367,116.51608276367188,95.73444366455078,75.9520263671875,190.0271453857422,35.49057388305664,42.693031311035156
2020-02-25,26.536128997802734,76.50768280029297,104.18289184570312,186.88162231445312,202.43392944335938,106.18415069580078,47.46440887451172,105.71388244628906,291.8144836425781,39.5797233581543,115.25810241699219,94.00116729736328,72.41239166259766,180.0951690673828,34.901695251464844,41.05681610107422
2020-02-26,26.15190887451172,74.47933197021484,103.4172592163086,185.31007385253906,200.64306640625,106.50371551513672,47.2838134765625,101.05792999267578,287.141845703125,38.9287223815918,115.97694396972656,93.10930633544922,72.28130340576172,178.95767211914062,34.7155647277832,40.155391693115234
2020-02-27,24.8712100982666,71.50897979736328,99.28856658935547,176.64483642578125,191.64622497558594,102.07164764404297,45.09200668334961,95.99165344238281,275.36859130859375,37.42068862915039,111.3943862915039,88.8686294555664,69.58993530273438,172.0749969482422,33.684303283691406,37.73894119262695
2020-02-28,24.333314895629883,70.9088134765625,101.01303100585938,173.4738311767578,185.77053833007812,97.64802551269531,43.909915924072266,95.05508422851562,279.6365966796875,37.1075439453125,107.84923553466797,86.66413879394531,69.78271484375,173.7478790283203,32.85440444946289,38.96609878540039
2020-03-02,25.076126098632812,73.37777709960938,99.9969711303711,180.99095153808594,196.08924865722656,102.19779968261719,45.90469741821289,99.04212951660156,295.523681640625,38.302433013916016,112.38279724121094,91.76305389404297,71.52555847167969,183.85194396972656,35.3563232421875,40.81440353393555
2020-03-03,23.692964553833008,71.70646667480469,95.23147583007812,175.7721710205078,194.38368225097656,98.36286926269531,46.019630432128906,96.83007049560547,281.32269287109375,36.58837890625,110.74909973144531,89.0537338256836,70.40736389160156,177.5428466796875,34.45013427734375,38.860050201416016
2020-03-04,24.239397048950195,74.85157775878906,97.60704040527344,180.36026000976562,205.58924865722656,100.7933578491211,48.36739730834961,101.04899597167969,291.3038330078125,37.28059005737305,116.31185913085938,90.7197265625,73.89302062988281,185.7255401611328,35.62786865234375,39.70845031738281
2020-03-05,23.01067543029785,73.83358764648438,92.9703369140625,171.76296997070312,200.24229431152344,95.84830474853516,46.577842712402344,95.9024429321289,280.0991516113281,35.09683609008789,113.56925964355469,89.16312408447266,71.71062469482422,178.71865844726562,35.3685302734375,37.9586181640625
2020-03-06,22.091276168823242,72.41297149658203,91.81973266601562,166.63058471679688,194.8697509765625,90.89482879638672,45.362911224365234,93.93122863769531,276.51519775390625,34.478782653808594,112.87846374511719,89.14628601074219,72.48949432373047,176.2332763671875,35.76823043823242,36.12545394897461
2020-03-09,18.84332275390625,61.28363800048828,83.20442962646484,149.31515502929688,179.4770050048828,78.58264923095703,42.571842193603516,84.03952026367188,252.42922973632812,30.90234375,107.0396728515625,87.53079223632812,67.23017120361328,163.58648681640625,35.74685287475586,31.70919418334961
2020-03-10,20.286861419677734,64.55787658691406,86.7785415649414,159.28622436523438,192.47344970703125,84.68827819824219,44.04947280883789,92.7806396484375,270.31060791015625,32.550472259521484,110.31267547607422,91.14884185791016,71.57952117919922,174.55084228515625,36.54928970336914,32.883331298828125
2020-03-11,19.47916030883789,63.07646942138672,79.83164978027344,148.520263671875,182.76390075683594,80.70195770263672,42.859161376953125,88.43683624267578,259.8959655761719,30.383190155029297,106.70247650146484,88.83496856689453,67.85481262207031,165.3262176513672,34.91390609741211,31.80008888244629
2020-03-12,17.623188018798828,57.93342590332031,69.75653076171875,130.1938934326172,163.6195831298828,74.04967498779297,38.713623046875,80.20413970947266,232.6692352294922,25.8013973236084,94.85213470458984,77.93043518066406,66.45127868652344,153.02354431152344,31.746849060058594,28.1640682220459
2020-03-13,20.75943946838379,63.37275314331055,76.68183135986328,153.08236694335938,176.5655975341797,87.38787078857422,40.1379508972168,86.06422424316406,260.13677978515625,30.90234375,104.8110122680664,84.99820709228516,72.66688537597656,168.07925415039062,34.81321716308594,28.87611961364746
2020-03-16,17.56304168701172,52.949913024902344,65.07491302490234,133.6327667236328,141.61647033691406,74.3104019165039,37.47975540161133,64.74665069580078,227.03318786621094,26.081579208374023,93.00179290771484,78.91486358642578,67.13761138916016,145.3092803955078,32.57369613647461,26.126379013061523
2020-03-17,18.886281967163086,53.701995849609375,68.28947448730469,137.0976104736328,149.06814575195312,78.85177612304688,39.069705963134766,65.8169937133789,229.18162536621094,27.84507942199707,105.03306579589844,87.19424438476562,74.64105987548828,150.93008422851562,36.38758850097656,27.8837890625
2020-03-18,17.863779067993164,41.820552825927734,71.68382263183594,120.98323822021484,133.6067657470703,70.55113983154297,37.140235900878906,57.994571685791016,219.59547424316406,25.339923858642578,99.44093322753906,86.5126953125,76.54583740234375,141.9348602294922,37.40056610107422,25.088598251342773
2020-03-19,18.216066360473633,43.598201751708984,80.3134765625,129.16571044921875,138.32847595214844,71.7369384765625,34.639381408691406,62.32054901123047,218.84397888183594,25.48001480102539,96.49687194824219,84.56065368652344,74.2246322631836,145.53872680664062,36.60681915283203,26.08092498779297
2020-03-20,16.90142059326172,45.1175651550293,79.86762237548828,119.59211730957031,130.6192169189453,70.22314453125,31.716188430786133,59.189788818359375,203.68922424316406,24.449934005737305,85.4688949584961,81.95232391357422,72.07307434082031,140.3575897216797,34.92741394042969,24.800743103027344
2020-03-23,15.535211563110352,41.19001388549805,80.37100982666016,116.61981201171875,139.41014099121094,66.46390533447266,31.103397369384766,60.47421646118164,195.86607360839844,22.91718101501465,86.49685668945312,81.35494232177734,70.87004852294922,129.75648498535156,35.022422790527344,23.82355499267578
2020-03-24,18.06999397277832,50.55691146850586,86.32548522949219,132.71690368652344,158.58023071289062,74.36925506591797,32.66849899291992,68.9477310180664,228.40127563476562,27.37535858154297,93.61857604980469,84.61113739013672,73.461181640625,147.71820068359375,35.25227355957031,26.846006393432617
2020-03-25,18.130146026611328,52.62323760986328,85.08138275146484,134.03890991210938,156.0391082763672,77.14453887939453,34.45718765258789,74.67403411865234,247.1014862060547,28.0098876953125,92.51659393310547,76.60102081298828,72.87507629394531,154.64859008789062,33.526893615722656,28.247394561767578
2020-03-26,19.522127151489258,58.02458572387695,90.32391357421875,143.24957275390625,167.58583068847656,82.51850891113281,36.6765022277832,78.5896987915039,253.55650329589844,29.427278518676758,98.89820098876953,80.83325958251953,76.94684600830078,161.4356231689453,33.655601501464844,29.406375885009766
2020-03-27,18.559770584106445,52.2509880065918,86.71380615234375,136.81246948242188,163.58523559570312,76.63993835449219,35.45090866088867,77.581787109375,238.59434509277344,28.0263671875,99.06266021728516,79.71420288085938,75.20401763916016,154.4383087158203,33.58205032348633,27.989839553833008
2020-03-30,18.937841415405273,54.6591796875,89.39620971679688,137.91842651367188,168.34982299804688,78.63310241699219,37.26443862915039,79.12484741210938,243.98959350585938,28.710342407226562,103.19095611572266,80.78279113769531,75.45075988769531,158.2715301513672,35.301300048828125,28.406471252441406
2020-03-31,18.241844177246094,55.04661560058594,87.20285034179688,133.57232666015625,160.2886199951172,75.71484375,36.64337921142578,76.75228118896484,232.72708129882812,28.018125534057617,98.76660919189453,78.22491455078125,72.04222869873047,154.01773071289062,34.820152282714844,28.762487411499023
2020-04-01,16.98734474182129,52.083866119384766,81.60795593261719,125.53669738769531,153.35202026367188,70.94639587402344,34.8795166015625,71.7305908203125,220.2506103515625,26.05685806274414,97.1383056640625,80.16014862060547,69.70560455322266,146.36077880859375,34.979522705078125,28.4291934967041
2020-04-02,17.67474365234375,57.827064514160156,83.88041687011719,129.5458526611328,155.6527862548828,73.59555053710938,36.39495086669922,73.90696716308594,230.1450653076172,27.93572235107422,101.85871124267578,79.39446258544922,71.74919128417969,150.4520721435547,36.36165237426758,30.603240966796875
2020-04-03,17.21074676513672,57.059791564941406,78.54440307617188,126.95374298095703,153.412109375,71.42023468017578,36.29557418823242,73.31828308105469,228.3627166748047,27.89451789855957,102.45905303955078,77.88838195800781,69.40484619140625,145.15635681152344,36.61601638793945,29.70180320739746
2020-04-06,18.37932586669922,61.07091522216797,85.59195709228516,136.71743774414062,164.25485229492188,76.01730346679688,38.64737319946289,79.17839050292969,256.2155456542969,30.49855613708496,107.86200714111328,82.04488372802734,73.78507232666016,161.97093200683594,38.635597229003906,30.656259536743164
2020-04-07,19.023761749267578,61.47355651855469,83.38422393798828,143.44833374023438,165.07901000976562,77.01998901367188,38.51487350463867,81.13175964355469,249.60643005371094,30.440868377685547,107.30280303955078,82.67591857910156,71.64895629882812,161.15843200683594,37.38523864746094,31.239540100097656
2020-04-08,20.14937973022461,65.31755828857422,90.28074645996094,152.9009552001953,167.25099182128906,80.12999725341797,39.59968566894531,84.15544128417969,261.4461364746094,32.44334411621094,109.05445861816406,88.03565216064453,76.18339538574219,167.22853088378906,37.339271545410156,33.21663284301758
2020-04-09,21.360910415649414,64.04885864257812,87.94355010986328,159.2084197998047,173.01145935058594,87.31876373291016,40.576839447021484,85.01174926757812,259.9504699707031,33.85249328613281,109.89327239990234,87.67384338378906,76.10626983642578,166.0336151123047,37.3270149230957,32.67121887207031
2020-04-13,20.5532283782959,64.50468444824219,88.8353042602539,154.81912231445312,170.6591796875,83.43548583984375,38.86267852783203,84.91362762451172,254.1029510498047,32.61640167236328,107.6399917602539,88.07772827148438,75.89806365966797,161.54078674316406,38.399627685546875,32.39094161987305
2020-04-14,20.389965057373047,64.27678680419922,89.94993591308594,153.99830627441406,177.8533477783203,81.14969635009766,40.51059341430664,88.36548614501953,261.22412109375,32.84713363647461,113.81597137451172,91.1908950805664,78.1961441040039,166.92259216308594,39.53352737426758,32.140968322753906
2020-04-15,19.066726684570312,62.66624450683594,86.22480773925781,154.2488250732422,170.39305114746094,77.14743041992188,39.42578125,84.14653015136719,248.12042236328125,31.644001007080078,111.04457092285156,89.39030456542969,77.05480194091797,158.64434814453125,39.4599723815918,30.663835525512695
2020-04-16,18.40510368347168,60.76703643798828,85.6351318359375,152.9700927734375,171.5691680908203,74.20734405517578,39.00345230102539,82.45184326171875,238.10452270507812,31.611040115356445,111.5462417602539,91.96498107910156,78.82847595214844,155.2603759765625,40.55405044555664,29.656347274780273
2020-04-17,20.003305435180664,66.22154998779297,89.78455352783203,158.5431671142578,179.78492736816406,80.87776184082031,39.79843521118164,86.60832214355469,250.8511505126953,32.21260452270508,113.1169662475586,95.43154907226562,79.23721313476562,162.06654357910156,40.48969650268555,32.739410400390625
2020-04-20,19.333091735839844,63.486698150634766,88.19525146484375,155.8732452392578,176.89186096191406,77.92919158935547,38.53144073486328,84.85120391845703,242.900146484375,31.611040115356445,110.64984130859375,91.69574737548828,78.0418930053711,156.9810333251953,39.794029235839844,31.1940975189209
2020-04-21,18.594139099121094,62.02051544189453,86.64192962646484,150.17921447753906,172.2216339111328,75.66890716552734,37.579132080078125,83.0927963256836,236.74403381347656,30.449111938476562,107.68110656738281,89.94562530517578,77.59461975097656,153.45372009277344,39.5978889465332,31.027441024780273
2020-04-22,18.731611251831055,64.14763641357422,85.24677276611328,152.05419921875,175.2778778076172,75.91532135009766,37.82755661010742,85.1831283569336,247.89846801757812,31.157808303833008,109.06268310546875,89.89514923095703,75.27342224121094,159.24655151367188,40.327266693115234,31.913721084594727
2020-04-23,18.791765213012695,65.94049072265625,86.9295654296875,151.25064086914062,173.68966674804688,75.95780181884766,37.32242202758789,85.13826751708984,246.88531494140625,30.877628326416016,107.12189483642578,87.38776397705078,76.69234466552734,159.04588317871094,39.38949966430664,32.91362762451172
2020-04-24,19.058135986328125,66.10000610351562,88.4972915649414,152.93551635742188,182.1543731689453,77.0794448852539,37.62053680419922,88.59224700927734,249.68360900878906,31.2896671295166,110.49359130859375,90.7197265625,77.25531005859375,159.9444122314453,39.66838073730469,33.125732421875
2020-04-27,20.166561126708984,68.1511459350586,91.53924560546875,158.58636474609375,186.9447479248047,80.40192413330078,38.73845672607422,91.48104858398438,255.82052612304688,32.39390182495117,110.5758285522461,92.45297241210938,79.08296966552734,164.18870544433594,39.31901550292969,33.28480529785156
2020-04-28,20.52744483947754,68.3031005859375,91.86285400390625,161.58453369140625,186.83316040039062,80.97124481201172,38.70534133911133,92.8716049194336,255.31875610351562,33.06962966918945,112.1054458618164,94.23676300048828,74.36344146728516,163.70115661621094,39.22707748413086,34.06503677368164
2020-04-29,21.292173385620117,71.88121032714844,93.1141586303711,164.19398498535156,190.421630859375,83.15505981445312,39.02001953125,95.24004364013672,273.7391357421875,33.909263610839844,109.67122650146484,94.3208999633789,74.11666870117188,173.77655029296875,37.878639221191406,35.95121383666992
2020-04-30,20.66492462158203,69.8908462524414,91.165283203125,158.48265075683594,188.72177124023438,81.37063598632812,38.00145721435547,93.9750747680664,265.32501220703125,32.77867126464844,108.79129028320312,92.33519744873047,72.99847412109375,170.84185791015625,37.25039291381836,35.2012939453125
2020-05-01,19.831459045410156,67.94605255126953,85.00230407714844,153.02194213867188,187.64012145996094,79.23779296875,37.76131057739258,93.71489715576172,259.3135681152344,31.922422409057617,107.02320861816406,91.06468200683594,70.87004852294922,167.83070373535156,37.670249938964844,32.678802490234375
2020-05-04,19.70256805419922,69.46541595458984,83.31228637695312,152.09744262695312,190.44737243652344,78.29458618164062,37.38038635253906,96.3076171875,259.8153381347656,31.664710998535156,107.66466522216797,93.99275970458984,69.7441635131836,168.38516235351562,37.90928268432617,33.99687194824219
2020-05-05,19.470571517944336,70.56694793701172,84.62114715576172,154.05873107910156,193.68389892578125,78.1756362915039,37.59568405151367,98.81962585449219,264.36981201171875,31.573272705078125,108.28144073486328,94.03482055664062,71.4947280883789,170.57421875,38.224945068359375,33.958984375
2020-05-06,19.20420265197754,68.40945434570312,82.78732299804688,152.86639404296875,192.23301696777344,76.70558166503906,37.05742645263672,98.3441162109375,262.8837585449219,31.00798225402832,107.54952239990234,95.5661849975586,71.66435241699219,170.8992462158203,37.78668975830078,33.32268524169922
2020-05-07,19.6252384185791,70.37702178955078,83.95232391357422,157.53224182128906,196.98049926757812,77.50430297851562,36.93320083618164,100.40754699707031,268.7023620605469,32.26325607299805,108.18273162841797,95.38106536865234,71.58724975585938,174.66554260253906,37.51891326904297,33.512062072753906
2020-05-08,20.252487182617188,72.52694702148438,86.6131591796875,160.18484497070312,201.2557830810547,78.77041625976562,38.18363571166992,102.47991943359375,272.5330505371094,33.319026947021484,110.38668823242188,97.45930480957031,73.12959289550781,176.93104553222656,37.842098236083984,34.98162078857422
2020-05-11,19.40182876586914,70.93161010742188,84.54203033447266,158.25804138183594,203.0843505859375,76.45064544677734,37.71162796020508,101.72633361816406,271.36541748046875,33.111202239990234,110.51004028320312,101.11940002441406,72.42012023925781,175.46853637695312,38.066802978515625,34.648311614990234
2020-05-12,18.791765213012695,69.2071304321289,81.3634262084961,153.11697387695312,199.9423065185547,73.95243072509766,37.11540222167969,99.79751586914062,262.5654296875,31.939048767089844,109.32582092285156,100.4547119140625,71.60267639160156,171.558837890625,38.10066223144531,34.06916427612305
2020-05-13,17.932519912719727,67.38385772705078,78.63068389892578,148.44253540039062,197.53848266601562,71.4032211303711,36.386661529541016,99.07080078125,259.7189025878906,30.750272750854492,109.34229278564453,100.24434661865234,69.97550964355469,169.56716918945312,38.07911682128906,32.37806701660156
2020-05-14,18.654285430908203,68.40945434570312,78.46528625488281,150.73220825195312,201.29867553710938,74.36880493164062,36.18791961669922,99.0349349975586,267.58294677734375,31.431943893432617,109.44096374511719,100.91746520996094,70.7081298828125,173.21530151367188,37.98984909057617,32.66377258300781
2020-05-15,18.422285079956055,67.73331451416016,77.32185363769531,148.50296020507812,205.46238708496094,72.99222564697266,35.82355880737305,102.07621765136719,269.1557922363281,30.999658584594727,111.80116271972656,101.75886535644531,70.19915771484375,175.69532775878906,38.76554489135742,32.432125091552734
2020-05-18,19.70256805419922,71.34085083007812,85.71422576904297,157.15200805664062,210.63046264648438,76.85850524902344,37.23960494995117,104.72277069091797,279.7312927246094,33.485294342041016,111.44754028320312,105.34323120117188,74.10896301269531,183.25013732910156,39.294979095458984,35.0112419128418
2020-05-19,19.08390998840332,69.08230590820312,82.55001068115234,153.65267944335938,204.40643310546875,75.34599304199219,36.88351821899414,104.84837341308594,280.5322265625,32.6955451965332,108.33076477050781,104.18441772460938,74.36344146728516,181.31593322753906,38.4608039855957,33.93016815185547
2020-05-20,19.68538475036621,71.6877212524414,84.14649963378906,156.7718963623047,204.48367309570312,77.60628509521484,38.00145721435547,104.95603942871094,288.3192443847656,34.13370895385742,107.94424438476562,101.19005584716797,74.94180297851562,185.624755859375,38.614707946777344,35.0344123840332
2020-05-21,19.676790237426758,70.94770050048828,83.25477600097656,155.61399841308594,206.79302978515625,76.6205825805664,37.40522766113281,108.23055267333984,283.9383850097656,33.50191116333008,107.08078002929688,100.38648986816406,75.04206085205078,182.5224151611328,38.473114013671875,34.408939361572266
2020-05-22,19.470571517944336,69.591064453125,84.13929748535156,155.4671630859375,207.65151977539062,76.02578735351562,37.28927993774414,109.67495727539062,284.5655517578125,33.360591888427734,107.30280303955078,99.37995147705078,75.3693618774414,182.75221252441406,38.26996612548828,34.439823150634766
2020-05-26,20.86255645751953,71.91896057128906,89.75578308105469,169.40414428710938,208.16659545898438,81.4216079711914,38.16707992553711,110.87710571289062,292.6902770996094,36.32007598876953,106.70247650146484,97.37525177001953,75.64208221435547,185.011962890625,38.125301361083984,35.45139694213867
2020-05-27,22.323272705078125,72.38147735595703,93.7973403930664,181.15516662597656,212.3560333251953,86.13762664794922,38.69707107543945,114.84245300292969,289.25518798828125,38.955326080322266,107.57416534423828,99.312255859375,77.62919616699219,184.6289825439453,37.70051574707031,35.70622634887695
2020-05-28,21.360910415649414,70.04585266113281,94.31512451171875,173.86260986328125,210.45021057128906,84.85454559326172,38.99516296386719,114.941162109375,291.6964111328125,36.9102897644043,108.79129028320312,100.17504119873047,77.70712280273438,186.0078125,38.07296371459961,34.77958297729492
2020-05-29,20.72507095336914,70.68563079833984,93.89083099365234,170.83694458007812,213.31756591796875,82.68770599365234,38.6556510925293,116.94178009033203,290.3358459472656,36.7440299987793,108.18273162841797,103.47388458251953,77.6993179321289,186.94615173339844,38.186859130859375,35.11162185668945
2020-06-01,21.146106719970703,71.52586364746094,93.2795639038086,173.82781982421875,212.2959442138672,83.78385162353516,38.9123649597168,116.01773071289062,290.8279724121094,37.159690856933594,109.366943359375,101.0716552734375,77.36421966552734,186.09397888183594,38.15607452392578,35.73711013793945
2020-06-02,21.343730926513672,72.99044799804688,96.50849914550781,177.48818969726562,216.94895935058594,84.06427001953125,38.837833404541016,118.40408325195312,292.94122314453125,37.89125061035156,109.07089233398438,100.5302963256836,78.83702087402344,188.01858520507812,38.149925231933594,36.532470703125
2020-06-03,22.331867218017578,74.90979766845703,99.29876708984375,183.07875061035156,216.76759338378906,88.60186004638672,39.66594314575195,119.1756362915039,296.2990417480469,38.99689483642578,109.22715759277344,102.96635437011719,80.76956939697266,188.5068817138672,38.005245208740234,38.02280807495117
2020-06-04,23.171154022216797,74.21607208251953,100.11140441894531,186.7738494873047,214.99720764160156,90.44580841064453,39.682498931884766,115.44355010986328,290.7989501953125,40.47662353515625,108.21028137207031,101.46920776367188,80.41891479492188,185.41412353515625,37.586631774902344,37.914695739746094
2020-06-05,24.32192039489746,77.70795440673828,102.268798828125,189.46910095214844,220.1356964111328,94.51600646972656,40.65137481689453,117.49800872802734,300.9403991699219,41.174930572509766,109.76005554199219,102.79720306396484,83.1073226928711,191.13050842285156,37.417327880859375,40.98801803588867
2020-06-08,24.69397735595703,79.58108520507812,107.42504119873047,191.98182678222656,221.7506866455078,96.40243530273438,41.28073501586914,117.35446166992188,299.5219421386719,41.69034957885742,109.56945037841797,103.5077133178711,86.06849670410156,191.12094116210938,37.31882858276367,42.269859313964844
2020-06-09,24.41710090637207,78.26294708251953,104.05227661132812,189.62567138671875,221.74203491210938,93.9296875,40.576839447021484,116.24201202392578,300.56402587890625,41.89817428588867,110.19926452636719,102.112060546875,84.02686309814453,190.62303161621094,37.352691650390625,41.32778549194336
2020-06-10,23.015409469604492,75.2181396484375,100.9671859741211,185.64358520507812,219.7471160888672,90.1229019165039,40.262168884277344,116.71748352050781,302.16571044921875,40.47662353515625,111.1606216430664,101.5030517578125,83.09173583984375,191.96356201171875,37.29420852661133,39.11160659790039
2020-06-11,20.70522117614746,68.88958740234375,92.6323471069336,168.7850799560547,206.8101348876953,82.60273742675781,37.71162796020508,111.19113159179688,281.0339660644531,37.05160903930664,105.94778442382812,99.81977844238281,78.29156494140625,180.85633850097656,36.96485137939453,35.65989303588867
2020-06-12,21.44066619873047,71.21752166748047,95.4441909790039,175.4363250732422,209.38368225097656,84.863037109375,38.1043701171875,113.0840835571289,287.3445739746094,38.47315979003906,106.90911102294922,98.88087463378906,79.07861328125,184.09274291992188,36.24150466918945,36.42436218261719
2020-06-15,21.76080894470215,70.32334899902344,96.13455200195312,179.37486267089844,208.44236755371094,86.03567504882812,38.689300537109375,114.59127044677734,286.7463684082031,39.40422821044922,108.13567352294922,99.93819427490234,82.3202896118164,183.61398315429688,36.34614944458008,36.40119934082031
2020-06-16,22.323213577270508,72.48169708251953,97.47213745117188,182.2266845703125,215.86077880859375,86.72394561767578,39.0820426940918,118.18879699707031,293.79998779296875,40.368568420410156,109.12191009521484,100.83480834960938,82.46835327148438,184.68643188476562,36.82941436767578,37.21971893310547
2020-06-17,21.631019592285156,70.56230926513672,97.55845642089844,179.2705535888672,216.63809204101562,84.53165435791016,38.923274993896484,121.69660186767578,293.105224609375,39.70351028442383,109.19646453857422,100.0396957397461,83.37227630615234,185.33749389648438,36.63856506347656,36.00737380981445
2020-06-18,21.665637969970703,70.87062072753906,99.52169036865234,177.22738647460938,215.22174072265625,84.07276916503906,39.2658805847168,120.70974731445312,294.15692138671875,39.55387496948242,110.04181671142578,99.21923828125,83.83204650878906,185.6726837158203,36.318450927734375,36.231319427490234
2020-06-19,21.847333908081055,69.8608169555664,98.97516632080078,175.30592346191406,213.01089477539062,83.11256408691406,38.4553337097168,120.0638198852539,286.09991455078125,39.01352310180664,108.79869842529297,101.97669982910156,83.98008728027344,184.03529357910156,36.8909797668457,35.50544357299805
2020-06-22,21.30223274230957,70.60084533691406,98.79536437988281,176.8622283935547,215.17855834960938,82.21185302734375,38.221351623535156,120.86223602294922,293.76129150390625,39.387611389160156,108.60807800292969,103.55846405029297,83.30216217041016,186.67803955078125,37.45427322387695,35.845218658447266
2020-06-23,21.449323654174805,70.48522186279297,100.01070404052734,178.04464721679688,216.17176818847656,83.21455383300781,38.13778305053711,120.46751403808594,296.1157531738281,39.811580657958984,108.86498260498047,102.7718276977539,86.19317626953125,189.5601348876953,37.26649856567383,36.061431884765625
2020-06-24,20.601388931274414,67.55604553222656,97.14854431152344,172.16720581054688,212.5618133544922,80.43590545654297,37.310523986816406,118.40408325195312,283.6972351074219,39.0301513671875,107.37324523925781,101.2662124633789,85.32820892333984,183.2788543701172,37.02949523925781,34.36260223388672
2020-06-25,21.388757705688477,68.76625061035156,97.88204956054688,180.06175231933594,211.9141082763672,83.24004364013672,37.544498443603516,118.2156982421875,287.5568542480469,40.55976104736328,108.90644836425781,101.34231567382812,86.12306213378906,185.73968505859375,36.847869873046875,34.87997055053711
2020-06-26,20.030330657958984,66.64646911621094,93.9945068359375,164.49005126953125,208.14007568359375,78.67694091796875,36.408050537109375,116.09845733642578,279.19097900390625,39.113277435302734,106.85111236572266,98.98237609863281,83.62944030761719,181.2297821044922,36.420021057128906,33.68306350708008
2020-06-29,20.23798179626465,67.57917785644531,97.22449493408203,168.21124267578125,212.5531463623047,79.0253677368164,37.068199157714844,119.78569030761719,282.6549987792969,39.27123260498047,108.63291931152344,100.29345703125,85.3126220703125,183.25013732910156,36.6478157043457,34.223609924316406
2020-06-30,20.54947280883789,68.78168487548828,101.32157135009766,171.8194580078125,216.34445190429688,79.92604064941406,37.335594177246094,121.22109985351562,285.3279113769531,40.152427673339844,109.61084747314453,101.44384002685547,86.63736724853516,184.96409606933594,36.86943054199219,34.53248977661133
2020-07-01,20.125503540039062,67.5406265258789,113.20097351074219,171.77597045898438,214.30630493164062,79.24629974365234,37.45259094238281,121.67866516113281,290.60614013671875,39.57880783081055,109.69376373291016,100.62335205078125,89.16214752197266,185.54818725585938,36.84172058105469,33.7525749206543
2020-07-02,20.15146827697754,68.07250213623047,112.34829711914062,171.62815856933594,214.6085662841797,79.5036849975586,37.50271987915039,121.75040435791016,291.812255859375,39.728450775146484,110.09984588623047,100.75870513916016,89.11538696289062,187.35789489746094,36.693973541259766,34.03828430175781
2020-07-06,20.471601486206055,68.27293395996094,112.91914367675781,180.28782653808594,215.51536560058594,81.51143646240234,37.79518508911133,121.79528045654297,294.851806640625,40.584693908691406,110.4727783203125,100.86019134521484,89.89462280273438,189.359130859375,36.59547805786133,34.27766036987305
2020-07-07,19.909194946289062,66.53083038330078,114.55943298339844,173.33226013183594,213.6154022216797,79.21195983886719,37.77847671508789,121.13140869140625,289.39019775390625,39.479061126708984,110.69654083251953,99.86207580566406,89.18551635742188,185.95033264160156,39.07643127441406,33.389644622802734
2020-07-08,19.9870662689209,66.5616455078125,114.57389068603516,175.844970703125,215.1871795654297,80.05282592773438,37.66149139404297,121.78631591796875,290.0085754394531,40.659523010253906,111.23523712158203,99.55755615234375,89.20108795166016,186.7834014892578,38.30382537841797,33.31242370605469
2020-07-09,19.701539993286133,63.778953552246094,112.53619384765625,171.13258361816406,214.14224243164062,78.31963348388672,36.69217300415039,121.66072082519531,284.6364440917969,39.49568557739258,109.98379516601562,99.72673797607422,89.18551635742188,184.04489135742188,39.322669982910156,31.937917709350586
2020-07-10,20.783090591430664,65.69832611083984,114.59556579589844,178.7228240966797,215.99900817871094,82.60110473632812,37.728336334228516,123.29348754882812,285.689697265625,41.399391174316406,111.43412017822266,100.53877258300781,89.66864776611328,184.3704376220703,40.22455596923828,32.93404769897461
2020-07-13,20.930179595947266,65.82936096191406,112.8902587890625,181.6093292236328,215.57582092285156,83.78518676757812,37.81189727783203,122.5040283203125,280.37542724609375,41.7485466003418,111.80709838867188,100.4288101196289,88.64783477783203,180.99041748046875,39.86749267578125,32.9417724609375
2020-07-14,20.886913299560547,68.10332489013672,114.530517578125,186.0696258544922,222.63157653808594,84.26567840576172,38.32998275756836,125.65296173095703,288.84918212890625,41.98130798339844,112.31260681152344,101.57070922851562,89.87127685546875,185.11732482910156,40.633949279785156,34.03055953979492
2020-07-15,21.284927368164062,68.51957702636719,116.51766204833984,188.58229064941406,222.6401824951172,85.5698471069336,38.772865295410156,126.69361114501953,295.390380859375,42.68792724609375,110.79598236083984,102.91561889648438,92.89474487304688,188.2005157470703,40.63086700439453,34.462989807128906
2020-07-16,20.70522117614746,68.1110610961914,120.02220916748047,186.64341735839844,222.88198852539062,85.81008911132812,38.56395721435547,128.0662841796875,289.23565673828125,43.760311126708984,110.95343017578125,103.15245056152344,93.3077621459961,185.2801055908203,40.69242477416992,34.192710876464844
2020-07-17,20.090892791748047,67.20915985107422,119.93551635742188,183.8090362548828,224.86834716796875,84.22278594970703,39.12382125854492,129.5375518798828,293.7864074707031,43.569114685058594,111.59988403320312,102.91561889648438,92.38045501708984,186.802490234375,40.550838470458984,33.60585021972656
2020-07-20,20.402379989624023,65.72917175292969,118.59870910644531,184.06991577148438,224.68698120117188,83.4848861694336,38.53889083862305,129.2774200439453,301.4195556640625,43.11188507080078,110.31529998779297,101.35079193115234,92.2245864868164,190.0389862060547,40.46772766113281,32.81822967529297
2020-07-21,21.129182815551758,70.44666290283203,119.58866119384766,184.3394012451172,226.63009643554688,85.29529571533203,39.44135284423828,130.58323669433594,297.2069091796875,43.5441780090332,111.4092788696289,101.67218780517578,92.76229095458984,188.13351440429688,40.73243713378906,34.47843551635742
2020-07-22,21.034006118774414,70.17689514160156,119.32852935791016,179.1053924560547,229.00503540039062,84.67752838134766,40.51095199584961,133.77127075195312,302.7818908691406,42.39696502685547,112.71867370605469,104.1590347290039,92.5129165649414,190.41238403320312,40.83401870727539,33.67536163330078
2020-07-23,21.23301124572754,70.15375518798828,119.94273376464844,176.51443481445312,227.8306121826172,84.92633819580078,40.343833923339844,131.93411254882812,299.42913818359375,42.031185150146484,113.60547637939453,103.49080657958984,92.0609359741211,189.04312133789062,40.52005386352539,33.744850158691406
2020-07-24,21.06861686706543,69.47542572021484,119.25630187988281,175.16680908203125,229.1259765625,84.32573699951172,40.51931381225586,132.41143798828125,296.5498962402344,41.71528244018555,112.76012420654297,104.64117431640625,92.2245864868164,186.85997009277344,40.39693069458008,33.53635787963867
2020-07-27,20.886913299560547,70.17689514160156,123.30276489257812,176.51443481445312,230.94813537597656,83.14167022705078,40.51095199584961,134.2935791015625,298.42431640625,42.66299057006836,114.09441375732422,103.77838134765625,94.29740905761719,188.54518127441406,40.387699127197266,34.03055953979492
2020-07-28,21.077268600463867,68.68917846679688,120.62196350097656,175.2971954345703,229.1000213623047,83.50204467773438,40.26026916503906,133.02377319335938,295.9797668457031,41.78178787231445,113.85408782958984,104.28592681884766,93.21424865722656,188.38247680664062,40.55698776245117,33.62902069091797
2020-07-29,21.864639282226562,69.4291763305664,122.5151596069336,176.13186645507812,228.5646209716797,85.52696228027344,40.12656784057617,133.92434692382812,298.8493957519531,42.056121826171875,114.3099136352539,104.61578369140625,96.37803649902344,190.14430236816406,40.227622985839844,33.99966812133789
2020-07-30,21.492584228515625,66.49998474121094,124.79853057861328,173.48008728027344,229.9895477294922,83.24464416503906,39.85081481933594,134.36561584472656,298.5595703125,40.976261138916016,114.11099243164062,105.3770751953125,110.23313903808594,185.81629943847656,40.05218505859375,32.33174514770508
2020-07-31,21.527193069458008,64.70397186279297,121.6842041015625,172.11505126953125,229.28138732910156,82.91857147216797,39.474788665771484,134.10447692871094,298.10546875,40.917667388916016,114.08615112304688,106.47669219970703,111.24615478515625,182.31178283691406,39.8305549621582,32.493896484375
2020-08-03,21.622373580932617,65.37460327148438,122.2767333984375,173.3583526611328,229.8773193359375,82.45527648925781,38.689300537109375,135.32923889160156,302.0282897949219,41.403175354003906,113.29051208496094,108.13456726074219,110.79418182373047,182.5894317626953,39.79977798461914,32.62516403198242
2020-08-04,21.63967514038086,66.66958618164062,123.31722259521484,175.31460571289062,231.33682250976562,81.98335266113281,39.015193939208984,134.7889404296875,303.76751708984375,41.23576354980469,113.92866516113281,110.34223937988281,112.77349853515625,184.1214599609375,40.52005386352539,33.56724548339844
2020-08-05,21.96847152709961,67.21688079833984,124.06876373291016,177.81858825683594,230.9999542236328,83.40766143798828,39.45806884765625,135.3202362060547,316.9176330566406,41.662681579589844,112.9176025390625,109.42872619628906,113.05403137207031,187.7696533203125,39.95676040649414,33.86067199707031
2020-08-06,22.037687301635742,67.42501831054688,124.45893096923828,177.5838165283203,232.63217163085938,83.43338775634766,39.67534255981445,136.1577606201172,318.98529052734375,41.394813537597656,112.59437561035156,109.12420654296875,113.35791778564453,190.32623291015625,39.81516647338867,33.698516845703125
2020-08-07,22.591440200805664,66.9085464477539,132.6169891357422,181.07901000976562,234.59266662597656,85.2695541381836,39.9427375793457,137.58969116210938,316.9369201660156,42.148216247558594,113.32369232177734,111.44184112548828,122.26480865478516,188.01858520507812,40.006011962890625,33.54407501220703
2020-08-10,22.980798721313477,69.16709899902344,144.5035858154297,182.04408264160156,237.26124572753906,86.35065460205078,39.875885009765625,138.436279296875,311.970703125,42.34074020385742,112.69380950927734,112.4484634399414,124.3609619140625,188.43032836914062,40.593929290771484,34.37031936645508
2020-08-11,23.292287826538086,69.08230590820312,141.9528350830078,183.50473022460938,237.42529296875,89.07915496826172,40.05137252807617,138.57131958007812,317.439453125,43.34526062011719,111.98111724853516,111.41649627685547,121.44660186767578,189.36868286132812,40.07680892944336,34.72553634643555
2020-08-12,23.12788963317871,69.93021392822266,145.9342803955078,184.43502807617188,243.17698669433594,88.3240966796875,40.46916961669922,141.05691528320312,316.56005859375,43.847530364990234,114.20216369628906,113.85259246826172,122.95832824707031,190.29747009277344,40.59700012207031,34.71766662597656
2020-08-13,22.799097061157227,69.2364501953125,147.30723571777344,181.1833038330078,243.2460479736328,87.83502197265625,40.427398681640625,140.2193603515625,315.1687927246094,43.68010711669922,114.45076751708984,114.03021240234375,124.1271743774414,189.4727783203125,40.75153732299805,33.86723709106445
2020-08-14,22.902929306030273,69.64501190185547,150.73233032226562,180.8181915283203,242.2875213623047,87.86933135986328,40.48588943481445,138.99461364746094,315.75811767578125,43.78056335449219,114.00326538085938,115.4850845336914,125.25714874267578,188.57135009765625,40.98333740234375,34.01685333251953
2020-08-17,22.409738540649414,69.96875,149.31602478027344,176.55787658691406,248.9286651611328,85.55270385742188,40.285343170166016,142.659912109375,319.0722351074219,42.92671203613281,114.30162048339844,116.93150329589844,124.91427612304688,191.24681091308594,41.91057205200195,33.57590103149414
2020-08-18,22.089597702026367,68.52214813232422,149.55450439453125,175.02764892578125,246.13058471679688,84.36006164550781,40.460819244384766,142.2096710205078,319.8162841796875,42.62535095214844,114.45907592773438,116.3704833984375,124.67267608642578,190.84405517578125,41.635498046875,33.410526275634766
2020-08-19,22.063642501831055,67.55253601074219,150.2120361328125,176.51443481445312,244.2823944091797,84.55738830566406,39.58340835571289,142.5428466796875,321.1689453125,43.00205612182617,113.08333587646484,131.09317016601562,124.94540405273438,192.74288940429688,40.924625396728516,33.040435791015625
2020-08-20,21.717546463012695,66.31707763671875,150.89129638671875,175.49720764160156,242.3997802734375,83.5449447631836,39.56669616699219,142.81304931640625,325.9227294921875,42.52490997314453,113.30711364746094,129.4100799560547,124.32982635498047,195.77313232421875,40.355926513671875,32.53649139404297
2020-08-21,21.61371421813965,66.52818298339844,152.0979766845703,176.00143432617188,244.6019744873047,83.50204467773438,39.508209228515625,145.64077758789062,325.7101135253906,42.776031494140625,113.09162902832031,130.59164428710938,124.71406555175781,195.7540283203125,40.68353271484375,32.29240036010742
2020-08-24,22.228038787841797,68.18592071533203,157.09107971191406,180.27041625976562,247.6419677734375,85.85301208496094,40.08478927612305,149.16209411621094,332.0291748046875,43.83915710449219,114.0695571899414,130.2600860595703,125.74923706054688,197.9404296875,40.59082794189453,33.24517822265625
2020-08-25,22.496261596679688,67.34922790527344,154.85826110839844,179.1053924560547,247.1064453125,86.23053741455078,40.0346565246582,149.4232177734375,335.9133605957031,43.57128143310547,113.78778076171875,129.9286346435547,124.72193145751953,199.5611114501953,40.37446594238281,32.190025329589844
2020-08-26,22.115556716918945,66.29360961914062,155.91326904296875,180.16607666015625,252.1153564453125,85.0207290649414,40.24355697631836,153.44879150390625,339.1597900390625,43.28667068481445,114.75741577148438,129.80960083007812,124.61213684082031,201.63247680664062,40.39610290527344,31.504955291748047
2020-08-27,22.539525985717773,66.39524841308594,157.6763458251953,182.7135467529297,249.26547241210938,87.81785583496094,40.30205154418945,149.7744598388672,343.9715881347656,44.040061950683594,114.69940948486328,127.7695083618164,125.63948059082031,202.3708953857422,42.228912353515625,31.2923526763916
2020-08-28,22.75583839416504,66.95825958251953,160.34275817871094,180.5920867919922,247.2445831298828,88.17822265625,41.6390495300293,149.0540008544922,353.7496032714844,44.274444580078125,115.97567749023438,128.22854614257812,127.32554626464844,206.85885620117188,43.363224029541016,32.04041290283203
2020-08-31,22.271299362182617,65.62894439697266,158.854248046875,179.20135498046875,246.16506958007812,85.96453857421875,41.388362884521484,148.31553649902344,346.0875549316406,43.74708557128906,116.07514953613281,128.5345458984375,128.3136749267578,203.29148864746094,42.915061950683594,31.449832916259766
2020-09-01,22.24534034729004,64.96429443359375,162.91517639160156,179.71739196777344,246.94236755371094,85.92163848876953,41.04574966430664,150.92721557617188,344.8411560058594,44.014949798583984,115.35411834716797,127.97352600097656,127.55299377441406,204.59568786621094,45.61638259887695,31.048246383666992
2020-09-02,22.513572692871094,65.05032348632812,164.6855010986328,183.7235870361328,249.33848571777344,87.21721649169922,42.775489807128906,153.5388946533203,348.5128173828125,44.575809478759766,118.75201416015625,127.3699722290039,130.00753784179688,207.5972442626953,45.64420700073242,30.859272003173828
2020-09-03,22.35673713684082,64.33872985839844,160.12741088867188,181.55429077148438,238.42562866210938,86.94268035888672,42.18218994140625,145.4607391357422,332.2224426269531,44.157257080078125,116.33384704589844,124.1313247680664,123.92204284667969,200.38580322265625,44.67369842529297,30.796274185180664
2020-09-04,23.123456954956055,64.06505584716797,163.85940551757812,184.5108184814453,234.11082458496094,88.82172393798828,42.650142669677734,140.8407745361328,323.6907043457031,44.1237678527832,115.82467651367188,125.1513900756836,126.08645629882812,196.2622528076172,44.14519500732422,30.772659301757812
2020-09-08,22.19991111755371,61.750465393066406,160.1854248046875,177.11080932617188,233.76353454589844,85.73287963867188,41.622337341308594,138.4542694091797,318.734130859375,41.99752426147461,113.14524841308594,122.40572357177734,122.69078063964844,191.90850830078125,42.79144287109375,30.06396484375
2020-09-09,22.226051330566406,62.57935333251953,163.59129333496094,176.8833770751953,240.517822265625,86.54800415039062,41.93986892700195,143.66854858398438,328.1642761230469,42.7425537109375,114.4474105834961,125.42340087890625,125.31793212890625,195.68685913085938,43.23650360107422,29.882869720458984
2020-09-10,21.9036808013916,61.10927200317383,162.6419677734375,174.9502410888672,236.75,85.6556625366211,41.781097412109375,142.58787536621094,321.63275146484375,42.09798049926758,112.4858169555664,124.13983154296875,123.82008361816406,193.270263671875,42.2845573425293,29.13480567932129
2020-09-11,22.21733856201172,60.74959182739258,168.69287109375,175.7462615966797,239.9014129638672,86.7195816040039,42.66686248779297,145.7938995361328,318.9949951171875,42.148216247558594,113.36225891113281,125.50840759277344,124.58861541748047,192.44552612304688,42.25056076049805,29.056062698364258
2020-09-14,22.435155868530273,60.43680191040039,171.26539611816406,176.1136016845703,243.6520538330078,87.92081451416016,42.717403411865234,148.76583862304688,327.1593933105469,42.81788635253906,114.08013916015625,126.17992401123047,125.58455657958984,196.56910705566406,42.44218444824219,28.86707878112793
2020-09-15,22.025659561157227,59.7017707824707,171.50454711914062,173.19210815429688,247.9320526123047,85.18374633789062,43.003807067871094,152.22406005859375,327.68121337890625,42.18169021606445,113.20367431640625,126.71549224853516,126.67466735839844,196.9622802734375,42.45454406738281,28.559978485107422
2020-09-16,22.30446434020996,61.42987823486328,181.38162231445312,175.5363006591797,244.5027618408203,85.54409790039062,42.784793853759766,150.1346893310547,330.29962158203125,42.81788635253906,112.66947174072266,125.79742431640625,125.3728256225586,196.71295166015625,42.114559173583984,29.772624969482422
2020-09-17,22.08664894104004,61.60972595214844,176.87428283691406,170.41925048828125,243.0529327392578,84.56595611572266,42.58262252807617,147.4960174560547,327.9613342285156,42.064491271972656,111.18367767333984,125.47441864013672,125.2787094116211,196.84725952148438,42.24745559692383,29.764741897583008
2020-09-18,21.96466827392578,61.15619659423828,175.9321746826172,170.4455108642578,238.91175842285156,84.38579559326172,42.498382568359375,144.18191528320312,323.9324035644531,41.922183990478516,109.73961639404297,126.50300598144531,125.20812225341797,194.2963409423828,41.814754486083984,29.284408569335938
2020-09-21,21.319931030273438,59.66266632080078,173.00454711914062,169.6932830810547,236.4462127685547,81.77741241455078,41.35273742675781,143.7316436767578,316.7726745605469,40.482364654541016,109.54763793945312,127.38700103759766,126.30603790283203,189.3480987548828,42.36491394042969,28.68596649169922
2020-09-22,20.8581600189209,59.060585021972656,176.39593505859375,167.61146545410156,237.27960205078125,80.88508605957031,41.83290481567383,145.4877166748047,323.98052978515625,39.871280670166016,110.3072280883789,130.97413635253906,126.95694732666016,192.33045959472656,42.7481689453125,27.977291107177734
2020-09-23,20.265695571899414,56.26120376586914,174.94664001464844,162.80055236816406,231.41073608398438,79.57232666015625,40.6114387512207,142.84005737304688,313.5648193359375,38.8583869934082,109.3473129272461,128.3645782470703,126.69027709960938,187.3534698486328,42.031105041503906,27.079626083374023
2020-09-24,20.335403442382812,56.14390563964844,176.97567749023438,170.66421508789062,230.67283630371094,79.5036849975586,41.02420425415039,142.7589569091797,317.1204833984375,39.01743698120117,109.8314437866211,129.2061004638672,125.79629516601562,187.49729919433594,42.25056076049805,27.024499893188477
2020-09-25,20.46608543395996,56.1673698425293,181.2874298095703,170.52423095703125,233.1471405029297,80.19867706298828,41.04106521606445,143.68661499023438,320.5698547363281,39.37739944458008,111.47584533691406,131.20364379882812,130.27418518066406,189.15634155273438,42.426734924316406,27.276479721069336
2020-09-28,20.988849639892578,57.8094482421875,184.38168334960938,174.1280059814453,236.42880249023438,82.50672912597656,41.512786865234375,146.42433166503906,326.9565734863281,40.49911880493164,115.16524505615234,132.99725341796875,132.45433044433594,192.10028076171875,42.4205436706543,27.804054260253906
2020-09-29,20.710046768188477,56.22210693359375,183.70050048828125,172.13369750976562,236.23782348632812,81.81173706054688,41.20952606201172,146.12710571289062,324.86956787109375,39.54481887817383,114.48914337158203,133.4052734375,132.14064025878906,191.2564697265625,42.38655471801758,26.993003845214844
2020-09-30,20.988849639892578,56.30029296875,182.2656707763672,175.7899932861328,241.0995330810547,82.60110473632812,41.58860397338867,149.36923217773438,326.7440185546875,40.47399139404297,115.69113159179688,133.8132781982422,130.6741485595703,191.76467895507812,43.2426872253418,27.032373428344727
2020-10-01,20.9975643157959,55.06482696533203,184.1208038330078,173.6731719970703,241.0214080810547,83.20174407958984,41.428550720214844,150.5489501953125,331.7682800292969,39.561553955078125,117.52749633789062,134.81629943847656,131.47406005859375,195.0060272216797,44.22244644165039,26.08746337890625
2020-10-02,21.093399047851562,55.66693115234375,184.9324493408203,174.8540496826172,242.4886474609375,83.99110412597656,41.58018493652344,149.93655395507812,327.3817138671875,40.15590286254883,115.24038696289062,135.24136352539062,130.93292236328125,193.1935577392578,43.42504119873047,25.96934700012207
2020-10-05,21.45062255859375,56.84766387939453,187.83827209472656,176.5159912109375,244.91087341308594,85.7663803100586,41.59703063964844,151.7827606201172,331.65234375,40.68327713012695,115.13188171386719,137.27297973632812,132.65818786621094,195.1881561279297,43.826839447021484,26.56778907775879
2020-10-06,21.23280906677246,56.53489685058594,187.88180541992188,175.89492797851562,240.02308654785156,84.88304901123047,41.22637939453125,148.5857391357422,326.0290222167969,39.963356018066406,113.27046203613281,134.6548614501953,132.80723571777344,192.22500610351562,43.465213775634766,26.292190551757812
2020-10-07,21.67715072631836,57.692161560058594,194.39642333984375,178.09048461914062,245.50990295410156,86.36388397216797,41.74866485595703,151.7196807861328,332.2804260253906,40.77535629272461,114.36393737792969,136.5844268798828,137.23019409179688,194.162109375,43.54557418823242,26.378803253173828
2020-10-08,21.990806579589844,58.81819152832031,196.42552185058594,181.92164611816406,247.01185607910156,88.1391372680664,42.50680923461914,153.88108825683594,333.87646484375,41.01810836791992,115.06510162353516,137.5874481201172,136.61851501464844,194.6511993408203,43.69084548950195,27.764680862426758
2020-10-09,22.095361709594727,57.86420822143555,196.7805938720703,181.53680419921875,248.22726440429688,87.63685607910156,42.80164337158203,156.00643920898438,340.8800048828125,40.87581253051758,115.55760192871094,139.16004943847656,136.99493408203125,198.1609649658203,44.129730224609375,27.3552188873291
2020-10-12,22.374164581298828,58.26298522949219,198.19366455078125,187.29237365722656,249.08676147460938,88.71067810058594,43.037506103515625,155.55615234375,340.54144287109375,42.47468566894531,118.63770294189453,139.89111328125,138.4457550048828,197.93084716796875,44.58407211303711,27.268600463867188
2020-10-13,21.73814582824707,57.3950309753418,197.64291381835938,184.39707946777344,252.0818634033203,87.27317810058594,42.30463790893555,157.8976593017578,334.54400634765625,42.22353744506836,119.81461334228516,140.80062866210938,137.49685668945312,195.93624877929688,45.19602966308594,26.945756912231445
2020-10-14,20.57935333251953,57.043155670166016,200.17918395996094,184.7644805908203,249.24302673339844,86.78821563720703,42.220394134521484,156.34864807128906,331.50653076171875,42.39934539794922,118.96320343017578,139.38107299804688,136.75186157226562,193.90318298339844,44.488258361816406,26.890642166137695
2020-10-15,21.041122436523438,57.48104476928711,204.43292236328125,182.4639892578125,249.6336212158203,88.0871810913086,42.11088943481445,158.63612365722656,327.511474609375,42.968570709228516,118.0533447265625,140.6476287841797,136.48516845703125,191.36192321777344,44.67060470581055,27.126861572265625
2020-10-16,21.119537353515625,56.99623489379883,205.70834350585938,180.37342834472656,249.73789978027344,87.90531158447266,42.14457321166992,160.03196716308594,328.3143005371094,43.40385818481445,118.30377960205078,140.18856811523438,136.7989044189453,192.0428009033203,44.72624588012695,26.851259231567383
2020-10-19,20.666479110717773,55.73728561401367,204.33151245117188,179.91859436035156,246.32594299316406,86.42450714111328,41.79920196533203,157.717529296875,320.83673095703125,42.65047073364258,116.5926284790039,139.4490203857422,134.96383666992188,188.88780212402344,44.182273864746094,26.315814971923828
2020-10-20,21.032413482666016,56.05006790161133,208.26637268066406,181.96539306640625,248.3313751220703,86.9181137084961,42.32990646362305,160.0309600830078,320.8851318359375,43.08576965332031,116.61764526367188,140.14610290527344,137.14393615722656,189.58787536621094,44.475894927978516,26.53629493713379
2020-10-21,20.953996658325195,55.41670227050781,204.55613708496094,177.48690795898438,247.003173828125,86.05213928222656,42.11088943481445,157.6904296875,322.5296325683594,42.17333221435547,116.5258560180664,138.80299377441406,135.4578857421875,190.28785705566406,44.630428314208984,26.111083984375
2020-10-22,21.668437957763672,57.3950309753418,199.9690399169922,179.66490173339844,244.09475708007812,89.09171295166016,42.692138671875,154.75343322753906,322.7037658691406,43.33689880371094,116.5341567993164,135.66635131835938,135.6617431640625,189.86593627929688,44.36772155761719,27.449708938598633
2020-10-23,21.694580078125,56.74602127075195,205.48370361328125,179.35003662109375,245.69215393066406,89.8970718383789,42.55735397338867,155.55775451660156,318.843994140625,43.42060089111328,116.4924545288086,136.20188903808594,134.80694580078125,189.8851318359375,44.46044921875,26.89850616455078
2020-10-26,21.38092041015625,55.471439361572266,201.17921447753906,175.93869018554688,239.6497039794922,87.67151641845703,41.950828552246094,151.93402099609375,307.6712646484375,42.12309646606445,115.24038696289062,134.2808074951172,131.74851989746094,185.14784240722656,43.938106536865234,26.260696411132812
2020-10-27,20.779748916625977,54.3532600402832,198.85305786132812,171.1627655029297,240.34425354003906,86.01750946044922,42.03507995605469,149.23208618164062,306.7523498535156,40.67490768432617,116.12519836425781,133.48178100585938,133.9756622314453,182.26133728027344,44.15754699707031,25.84335708618164
2020-10-28,20.44866371154785,52.29671859741211,188.4034881591797,165.9932861328125,234.1628875732422,83.60142517089844,40.40083694458008,145.8704376220703,281.8627014160156,39.82106018066406,111.99336242675781,131.9346923828125,122.1653823852539,173.44837951660156,43.28287124633789,24.859071731567383
2020-10-29,20.50965690612793,53.79806900024414,193.4978485107422,166.14195251464844,234.08473205566406,84.14698028564453,40.451393127441406,145.26495361328125,283.6040344238281,40.58003616333008,111.84310913085938,131.11865234375,126.54132080078125,177.28428649902344,43.24577331542969,25.96146583557129
2020-10-30,20.649057388305664,54.345428466796875,188.02671813964844,165.35472106933594,231.54971313476562,84.900390625,40.48508834838867,142.87026977539062,279.2122497558594,40.60533905029297,111.25880432128906,129.39308166503906,123.2083740234375,174.2539825439453,42.88416290283203,25.685871124267578
2020-11-02,20.980133056640625,56.41758346557617,193.4688720703125,166.36936950683594,235.04844665527344,86.8141860961914,40.956817626953125,144.79502868652344,280.4987487792969,41.642601013183594,112.81134796142578,131.23765563964844,125.12189483642578,177.15960693359375,43.394126892089844,26.7646427154541
2020-11-03,21.511613845825195,56.096981048583984,198.90377807617188,173.13087463378906,240.80438232421875,89.5506820678711,41.571754455566406,148.7892608642578,285.7417907714844,43.16056823730469,114.38896179199219,133.2267608642578,128.20387268066406,180.61192321777344,44.129730224609375,26.30793571472168
2020-11-04,20.63163185119629,56.120445251464844,195.00515747070312,173.078369140625,245.44906616210938,86.8141860961914,41.420127868652344,152.01535034179688,297.166015625,43.37138366699219,115.07344055175781,133.13327026367188,127.49803924560547,186.01089477539062,43.876285552978516,26.166202545166016
2020-11-05,21.44190788269043,56.40977478027344,202.22996520996094,177.53065490722656,248.16656494140625,90.36470794677734,41.647579193115234,152.94615173339844,306.19122314453125,44.0207405090332,115.23201751708984,134.84182739257812,128.26663208007812,189.5303192138672,44.34299087524414,26.118953704833984
2020-11-06,21.180530548095703,55.635650634765625,202.73727416992188,176.04364013671875,246.768798828125,89.1609878540039,41.6559944152832,152.28646850585938,303.39569091796875,43.599082946777344,115.50749969482422,137.28147888183594,131.49757385253906,190.32630920410156,45.05385971069336,25.811861038208008
2020-11-09,24.186403274536133,62.08671951293945,191.2224578857422,188.00086975097656,234.3799591064453,101.23271179199219,44.284244537353516,138.66815185546875,333.3057556152344,47.2421760559082,115.56591796875,131.6796875,127.99994659423828,203.95315551757812,44.3646240234375,29.079679489135742
2020-11-10,24.099275588989258,64.95645904541016,193.6790313720703,190.22264099121094,239.24168395996094,100.90363311767578,45.47201156616211,140.71046447753906,323.8451843261719,47.014488220214844,118.29544067382812,134.36585998535156,129.1841278076172,204.5573272705078,44.98896408081055,29.724817276000977
2020-11-11,23.820472717285156,64.4794921875,194.07037353515625,190.72996520996094,241.13426208496094,99.3968276977539,45.13505554199219,142.77981567382812,321.53326416015625,47.51203155517578,120.11510467529297,135.74285888671875,130.68194580078125,203.9723358154297,45.73692321777344,29.418378829956055
2020-11-12,23.254146575927734,63.07979965209961,193.59934997558594,187.6334991455078,239.8233642578125,98.1758041381836,44.65489196777344,142.76177978515625,317.5671081542969,46.8458251953125,120.06498718261719,135.60691833496094,128.69371032714844,200.01547241210938,45.8141975402832,28.410354614257812
2020-11-13,23.524240493774414,64.92520904541016,197.0414276123047,191.6309356689453,240.63072204589844,98.7906494140625,45.025535583496094,143.89137268066406,324.0870056152344,47.73973083496094,120.7912368774414,138.45449829101562,129.13552856445312,202.1475830078125,46.528160095214844,29.095809936523438
2020-11-16,24.02957534790039,69.5621566772461,202.78073120117188,194.51748657226562,242.71434020996094,101.57910919189453,45.36248779296875,146.30413818359375,324.4933166503906,49.00469970703125,121.66767120361328,140.40960693359375,132.89907836914062,204.27967834472656,47.115394592285156,30.773170471191406
2020-11-17,24.003437042236328,69.06229400634766,206.5634307861328,196.50303649902344,236.55038452148438,100.54859924316406,45.21928787231445,144.46070861816406,325.509033203125,49.595008850097656,121.23359680175781,139.16339111328125,133.24624633789062,202.36846923828125,46.16653060913086,31.184446334838867
2020-11-18,23.50681495666504,66.87232971191406,204.71554565429688,196.19688415527344,234.25839233398438,99.80384063720703,44.317935943603516,132.60455322265625,324.96734619140625,49.595008850097656,119.68106079101562,142.4154510498047,132.90692138671875,199.6024627685547,46.079986572265625,30.0070743560791
2020-11-19,23.50681495666504,68.0228500366211,202.79522705078125,196.4330596923828,235.21337890625,100.07230377197266,44.755977630615234,135.18907165527344,322.9745178222656,49.44322204589844,119.63096618652344,146.2735137939453,131.3526153564453,199.35276794433594,47.01649856567383,30.160293579101562
2020-11-20,23.358699798583984,68.0704574584961,200.50534057617188,195.3659210205078,234.24099731445312,99.2149658203125,44.368473052978516,135.4872283935547,312.4500732421875,48.7516975402832,119.71443939208984,147.07586669921875,129.20655822753906,195.80886840820312,46.4354248046875,29.78934097290039
2020-11-23,23.86403465270996,72.2281723022461,207.50547790527344,200.1593017578125,235.62142944335938,102.07271575927734,44.376914978027344,138.86692810058594,321.1947021484375,50.82624053955078,119.38054656982422,151.5570068359375,131.44729614257812,199.91943359375,46.64868927001953,31.74088478088379
2020-11-24,25.24934959411621,75.87012481689453,211.36790466308594,207.7430419921875,237.27960205078125,106.79228210449219,44.83179473876953,140.03269958496094,331.2066650390625,53.63446044921875,120.22359466552734,151.81309509277344,136.2523193359375,201.3792266845703,46.7816047668457,33.85371398925781
2020-11-25,25.292917251586914,73.10887908935547,208.9185791015625,206.90328979492188,237.8439483642578,105.6751937866211,44.587493896484375,139.96041870117188,330.1716613769531,53.53327178955078,120.33214569091797,153.486083984375,134.52438354492188,202.54132080078125,46.92686080932617,32.91020202636719
2020-11-27,25.258066177368164,72.45032501220703,208.2736053466797,205.90615844726562,239.6062774658203,104.9737319946289,44.39375686645508,139.7706298828125,327.99505615234375,53.83685302734375,120.69941711425781,153.44337463378906,133.25413513183594,202.64697265625,46.85577392578125,32.410213470458984
2020-11-30,24.534908294677734,69.17334747314453,207.67213439941406,201.6900634765625,240.83912658691406,102.08136749267578,43.807945251464844,140.80987548828125,325.5186462402344,52.14180374145508,120.39056396484375,153.2384796142578,134.97412109375,202.022705078125,47.22358322143555,30.74898338317871
2020-12-01,24.996686935424805,69.38758850097656,208.5272674560547,204.10862731933594,240.13589477539062,103.69208526611328,44.18150329589844,138.6229705810547,327.8113098144531,53.364601135253906,121.92642211914062,152.82882690429688,132.52035522460938,202.83909606933594,47.177207946777344,31.047361373901367
2020-12-02,25.319059371948242,71.30774688720703,211.39688110351562,209.00730895996094,236.64430236816406,105.683837890625,44.24094772338867,137.1861572265625,329.1075744628906,53.988651275634766,120.71607208251953,150.575439453125,133.20677185058594,201.85946655273438,46.52197265625,32.20861053466797
2020-12-03,25.345355987548828,71.252197265625,212.10707092285156,207.0900421142578,234.0605010986328,104.99102783203125,44.80975341796875,137.3307342529297,324.1934814453125,54.02238464355469,121.43318176269531,149.3036346435547,132.4177703857422,199.81378173828125,46.1448974609375,32.426353454589844
2020-12-04,25.678497314453125,74.01343536376953,213.68682861328125,210.70468139648438,230.4379425048828,105.94361114501953,45.718177795410156,135.55052185058594,333.1025695800781,54.815093994140625,122.610107421875,149.39756774902344,131.96017456054688,204.26043701171875,46.02435302734375,33.611793518066406
2020-12-07,25.503156661987305,72.01390838623047,215.25209045410156,209.71084594726562,229.25946044921875,105.54527282714844,44.98805236816406,137.34881591796875,329.8233337402344,54.19104766845703,122.20655822753906,147.58798217773438,132.13375854492188,204.23165893554688,45.777095794677734,32.98277282714844
2020-12-08,25.362890243530273,72.63282775878906,218.4478302001953,210.05384826660156,228.45645141601562,105.64918518066406,45.14935302734375,136.6710662841797,329.658935546875,53.8958854675293,122.33271026611328,147.42581176757812,131.2816162109375,204.346923828125,46.19125747680664,34.063392639160156
2020-12-09,25.248916625976562,71.760009765625,214.00563049316406,213.55413818359375,231.8258819580078,104.82652282714844,45.276702880859375,144.70472717285156,325.8475646972656,54.2838134765625,122.4755630493164,148.57815551757812,133.48291015625,201.2832489013672,45.826560974121094,34.51498031616211
2020-12-10,25.52069664001465,74.0689697265625,210.80264282226562,214.94374084472656,231.15370178222656,104.15103912353516,45.03898239135742,144.78598022460938,320.691650390625,54.342838287353516,121.61813354492188,147.15269470214844,129.5852813720703,199.39120483398438,45.612510681152344,35.49075698852539
2020-12-11,25.047277450561523,73.35487365722656,210.23619079589844,211.0652618408203,230.92674255371094,103.53621673583984,45.29368209838867,142.61720275878906,316.7256164550781,53.3983268737793,121.87028503417969,146.563720703125,132.86749267578125,198.07545471191406,45.60009765625,35.321414947509766
2020-12-14,24.740427017211914,70.96656036376953,207.3819122314453,209.13040161132812,231.8258819580078,102.4450912475586,45.225765228271484,144.66851806640625,320.3337707519531,52.183963775634766,121.24821472167969,145.9491729736328,131.4630889892578,199.04544067382812,45.181331634521484,34.047264099121094
2020-12-15,25.108640670776367,70.9110107421875,207.5271453857422,213.21119689941406,233.92080688476562,104.19437408447266,45.70969009399414,147.59642028808594,322.7521057128906,53.929622650146484,121.7021713256836,146.3076629638672,131.8970489501953,200.1115264892578,45.15961456298828,34.70852279663086
2020-12-16,25.17877769470215,70.37147521972656,209.75685119628906,214.3896942138672,235.32615661621094,104.49742889404297,45.04747772216797,147.47894287109375,321.252685546875,54.165748596191406,121.80307006835938,146.54666137695312,134.2324676513672,200.02508544921875,45.11308670043945,35.24076843261719
2020-12-17,25.275217056274414,70.1493148803711,212.2625274658203,214.9701385498047,239.1494903564453,103.63146209716797,45.225765228271484,147.78616333007812,325.8960266113281,54.53680419921875,122.4924545288086,146.16259765625,137.6725311279297,202.81985473632812,45.320919036865234,35.06336212158203
2020-12-18,25.134944915771484,69.18130493164062,200.14089965820312,212.94732666015625,236.07691955566406,103.12054443359375,45.624794006347656,147.47894287109375,329.21392822265625,54.12358856201172,123.51799011230469,145.462646484375,138.2169189453125,202.94471740722656,45.274391174316406,34.45854187011719
2020-12-21,26.07301139831543,68.30848693847656,197.5045166015625,226.00753784179688,236.5482635498047,106.991455078125,44.83522033691406,148.5001220703125,323.4485778808594,57.201656341552734,122.23177337646484,146.60641479492188,136.1734161376953,200.73577880859375,45.28058624267578,33.82952117919922
2020-12-22,25.608360290527344,66.93580627441406,198.47767639160156,219.9479217529297,235.718994140625,105.36341094970703,44.79277420043945,148.7530975341797,321.38812255859375,56.198123931884766,121.07167053222656,147.11000061035156,137.7277374267578,197.6912384033203,44.731536865234375,33.2569580078125
2020-12-23,26.344785690307617,67.9911117553711,196.6111602783203,225.54147338867188,235.51821899414062,108.30774688720703,45.06446075439453,146.7831268310547,318.4764709472656,57.52210998535156,121.39952850341797,149.2950897216797,136.21282958984375,197.17266845703125,44.427520751953125,33.68436813354492
2020-12-24,26.265886306762695,67.70547485351562,195.23849487304688,225.286376953125,236.4871368408203,107.83145904541016,45.370094299316406,147.09039306640625,325.0253601074219,57.420921325683594,121.9459457397461,149.53408813476562,135.85781860351562,200.43807983398438,44.51438903808594,33.54727554321289
2020-12-28,26.41492462158203,67.3642807006836,190.96798706054688,228.30296325683594,235.0294189453125,108.54157257080078,45.98137283325195,146.43067932128906,333.21868896484375,57.38718795776367,123.50118255615234,150.558349609375,135.2029266357422,204.2124786376953,45.04793167114258,33.66018295288086
2020-12-29,26.309724807739258,67.13419342041016,189.9656982421875,226.9134063720703,232.35836791992188,108.25577545166016,45.955902099609375,145.07518005371094,335.3371276855469,57.100460052490234,123.92993927001953,149.4060821533203,133.36460876464844,205.88356018066406,44.762535095214844,33.281158447265625
2020-12-30,26.28342056274414,67.70547485351562,188.81817626953125,228.17987060546875,231.54652404785156,108.55886840820312,46.21908187866211,145.09326171875,343.9367370605469,57.2100944519043,123.83747863769531,148.4159393310547,131.1553955078125,209.7156219482422,44.72533416748047,33.54727554321289
2020-12-31,26.57273292541504,67.00724029541016,188.5567169189453,231.9263916015625,231.86074829101562,110.03968048095703,46.55868911743164,145.0480499267578,345.28143310546875,57.7919807434082,124.66973876953125,150.67787170410156,132.86749267578125,210.07098388671875,44.71601104736328,33.240840911865234
2021-01-04,26.327255249023438,67.21354675292969,183.88674926757812,233.0609588623047,230.37680053710938,109.00052642822266,44.79277420043945,144.93060302734375,340.0093688964844,57.62331008911133,121.28186798095703,151.61676025390625,129.2381134033203,209.13938903808594,45.45429992675781,33.466636657714844
2021-01-05,26.528892517089844,69.03052520751953,183.8795166015625,238.27622985839844,232.236083984375,109.59363555908203,44.300357818603516,145.41856384277344,336.0723571777344,58.60154724121094,121.64334869384766,153.95547485351562,127.4392318725586,206.0179901123047,45.21234130859375,35.07948303222656
2021-01-06,28.18585777282715,71.252197265625,184.15550231933594,251.1340789794922,233.56300354003906,114.73968505859375,42.891029357910156,147.3614959716797,336.19805908203125,62.13503646850586,120.15535736083984,161.25341796875,127.06048583984375,204.202880859375,45.494632720947266,35.974613189697266
2021-01-07,28.808319091796875,71.58546447753906,178.68658447265625,256.4988708496094,232.41943359375,118.50764465332031,42.41560363769531,147.9398193359375,338.86163330078125,63.197593688964844,119.76864624023438,163.11416625976562,125.45092010498047,205.34573364257812,45.49153137207031,36.25686264038086
2021-01-08,28.518999099731445,72.26782989501953,177.9094696044922,255.11813354492188,234.88978576660156,118.63849639892578,43.36647033691406,149.15074157714844,342.7262878417969,63.459022521972656,121.20619201660156,165.24803161621094,124.96963500976562,206.92080688476562,45.48531723022461,36.66007614135742
2021-01-11,28.992420196533203,72.680419921875,178.16363525390625,258.4161071777344,236.75778198242188,120.4090805053711,42.61937713623047,150.2983856201172,337.25384521484375,64.14207458496094,119.44922637939453,166.68202209472656,127.70746612548828,204.46217346191406,45.690059661865234,37.77294921875
2021-01-12,29.50967788696289,74.06104278564453,180.87269592285156,265.78619384765625,241.20948791503906,122.30180358886719,42.5429573059082,152.711181640625,332.1398620605469,63.922828674316406,118.89439392089844,169.94256591796875,129.3248748779297,200.5917205810547,46.21120834350586,38.61161804199219
2021-01-13,29.33432960510254,73.98961639404297,183.1822509765625,266.42816162109375,239.2193145751953,122.41517639160156,42.585411071777344,153.47027587890625,335.4425964355469,63.720436096191406,119.86956787109375,167.9965057373047,128.69371032714844,201.06231689453125,45.73970031738281,39.047088623046875
2021-01-14,29.798980712890625,75.7669677734375,186.1237030029297,270.7640380859375,234.23504638671875,123.1303939819336,41.795833587646484,153.97633361816406,316.65252685546875,64.48784637451172,119.17181396484375,169.01220703125,128.97772216796875,193.86883544921875,45.59079360961914,40.57123947143555
2021-01-15,28.939815521240234,73.0692138671875,183.42921447753906,264.7308044433594,240.5635986328125,120.92366027832031,41.345863342285156,154.8348388671875,313.09783935546875,63.4505729675293,118.86075592041016,166.27227783203125,125.37201690673828,193.6094970703125,44.868019104003906,38.61968994140625
2021-01-19,28.72941017150879,74.98937225341797,181.2212677001953,258.7415771484375,238.46864318847656,120.40033721923828,41.18455505371094,154.8529510498047,315.69366455078125,63.239749908447266,119.42399597167969,160.60464477539062,123.3048324584961,193.67672729492188,44.48027038574219,39.38579177856445
2021-01-20,28.352432250976562,75.67969512939453,182.9934539794922,255.46119689941406,239.43759155273438,118.5948715209961,41.328887939453125,156.33108520507812,324.3815612792969,63.113258361816406,118.8103256225586,160.7241973876953,126.1136703491211,197.85450744628906,45.137901306152344,39.94222640991211
2021-01-21,27.852712631225586,73.00572204589844,184.4314727783203,254.49368286132812,243.58389282226562,117.6005630493164,41.558128356933594,156.28582763671875,323.92645263671875,62.99518966674805,117.36436462402344,163.2592315673828,126.3188247680664,197.01898193359375,44.93315887451172,38.79711151123047
2021-01-22,27.659841537475586,72.78357696533203,184.53317260742188,254.51133728027344,247.90472412109375,116.6934585571289,41.16758346557617,156.3401641845703,318.6476745605469,62.51449203491211,116.50688934326172,163.80551147460938,125.4430160522461,194.02247619628906,45.39226531982422,38.24872589111328
2021-01-25,27.31792640686035,72.125,184.09738159179688,248.92672729492188,248.84744262695312,115.23683166503906,41.413795471191406,157.88182067871094,318.84136962890625,61.038719177246094,117.84353637695312,162.30325317382812,127.62067413330078,193.023681640625,45.35194778442383,37.821327209472656
2021-01-26,27.12505531311035,70.9030990600586,181.3302764892578,247.80087280273438,246.68267822265625,114.76585388183594,41.84678268432617,157.51910400390625,317.3983154296875,60.052024841308594,119.20542907714844,160.2120361328125,127.36817169189453,194.01284790039062,45.758304595947266,36.990718841552734
2021-01-27,26.151912689208984,69.98265838623047,176.36253356933594,240.38693237304688,239.2193145751953,111.52120971679688,41.20155334472656,152.0870819091797,305.5721435546875,57.69921112060547,116.0445556640625,152.1715850830078,124.3857650756836,187.25160217285156,44.6198616027832,36.57135772705078
2021-01-28,26.581497192382812,70.63330078125,176.33343505859375,241.87330627441406,242.71090698242188,113.48369598388672,41.72792434692383,156.28582763671875,314.0858154296875,58.758766174316406,117.01131439208984,156.69541931152344,124.08595275878906,190.37290954589844,44.59194564819336,37.1439323425293
2021-01-29,25.994112014770508,67.6023178100586,170.9226837158203,238.48731994628906,236.39988708496094,112.22771453857422,40.878929138183594,151.30718994140625,306.346923828125,56.834625244140625,114.80880737304688,154.6383056640625,122.294921875,185.5996551513672,43.58066940307617,36.160099029541016
2021-02-01,26.265886306762695,68.56239318847656,173.7551727294922,241.61825561523438,235.74520874023438,113.05631256103516,41.159095764160156,148.1513214111328,311.4512634277344,57.36015701293945,115.1534652709961,156.6868896484375,123.28905487060547,190.5073699951172,43.20222473144531,36.224613189697266
2021-02-02,27.20395278930664,69.07814025878906,176.12283325195312,252.38294982910156,237.569580078125,116.53645324707031,41.56661605834961,151.1348876953125,323.85858154296875,60.14043045043945,116.33037567138672,158.41102600097656,126.46871185302734,194.589111328125,43.66752624511719,36.79716873168945
2021-02-03,27.686138153076172,70.5857162475586,175.24403381347656,253.7725830078125,239.3240966796875,117.87094116210938,41.405303955078125,154.05494689941406,322.35736083984375,59.84373092651367,116.02775573730469,158.00135803222656,126.0111083984375,193.38865661621094,43.8009147644043,38.24067306518555
2021-02-04,28.49270248413086,70.61743927001953,180.2045440673828,258.3459167480469,243.3831329345703,120.58351135253906,41.60906982421875,156.9115447998047,330.11553955078125,61.276275634765625,117.42321014404297,160.97174072265625,128.02310180664062,200.9662628173828,44.21348571777344,38.97452163696289
2021-02-05,28.37873077392578,70.8237533569336,185.20855712890625,258.1259460449219,243.41796875,120.3480224609375,42.152427673339844,158.7252197265625,328.1009216308594,62.0645866394043,118.499267578125,161.20217895507812,129.6957244873047,200.5052947998047,44.781166076660156,40.28093338012695
2021-02-08,29.009946823120117,72.58519744873047,186.980712890625,263.9744873046875,244.4392852783203,122.23199462890625,42.381649017333984,162.4795379638672,326.4349670410156,62.92070388793945,118.02848052978516,165.54673767089844,128.96197509765625,198.69967651367188,44.98900604248047,42.014732360839844
2021-02-09,28.887216567993164,72.17259979248047,188.20089721679688,264.2471923828125,241.5936279296875,121.74353790283203,42.194862365722656,161.218994140625,322.95782470703125,62.92916488647461,117.3559799194336,165.83697509765625,131.69979858398438,198.3443603515625,45.23716354370117,41.52267074584961
2021-02-10,28.913515090942383,73.41039276123047,186.9879608154297,267.6067199707031,243.2695770263672,121.8133316040039,42.10996627807617,160.72930908203125,323.7036437988281,63.00546646118164,115.75871276855469,164.25787353515625,130.70565795898438,198.2675018310547,44.709815979003906,41.92452621459961
2021-02-11,28.825843811035156,73.013671875,184.7364959716797,265.88299560546875,241.8467254638672,121.47319030761719,42.70426559448242,159.35997009277344,332.09136962890625,62.4884147644043,113.46371459960938,162.52520751953125,128.1098175048828,202.63455200195312,44.675697326660156,40.8747673034668
2021-02-12,29.25542449951172,73.43419647216797,191.0115509033203,269.4008483886719,242.23959350585938,123.20016479492188,43.03537368774414,160.65679931640625,330.2801208496094,63.242820739746094,112.53899383544922,163.3957977294922,128.91464233398438,201.9612274169922,44.81528854370117,41.43245315551758
2021-02-16,30.044462203979492,74.93892669677734,190.16183471679688,274.3611755371094,240.38905334472656,126.16572570800781,42.67878723144531,157.84555053710938,330.48358154296875,64.46340942382812,112.96772766113281,163.25875854492188,127.62067413330078,199.97972106933594,45.18442916870117,42.679039001464844
2021-02-17,30.16718864440918,77.18396759033203,188.1717987060547,275.047119140625,245.21615600585938,126.5582046508789,42.559932708740234,160.62954711914062,326.7255859375,63.954837799072266,113.03497314453125,165.83712768554688,127.02888488769531,199.6045379638672,45.662139892578125,43.34333801269531
2021-02-18,29.974319458007812,76.44365692138672,185.65884399414062,272.5494689941406,247.075439453125,126.98555755615234,43.103294372558594,160.65679931640625,327.8199462890625,63.42927932739258,113.79998779296875,163.961181640625,127.91255950927734,201.37448120117188,42.70278549194336,42.66263198852539
2021-02-19,30.281164169311523,77.08740997314453,184.93984985351562,277.5799560546875,244.0989532470703,129.10504150390625,42.5429573059082,161.0013885498047,322.69635009765625,64.42102813720703,111.39571380615234,161.74256896972656,127.46793365478516,196.93045043945312,42.913726806640625,42.949676513671875
2021-02-22,30.815959930419922,79.17151641845703,184.961669921875,278.6793212890625,240.7905731201172,130.3174285888672,42.98442840576172,156.34925842285156,329.95086669921875,65.60774230957031,110.95857238769531,161.88816833496094,128.30963134765625,200.38369750976562,42.71209716796875,44.532508850097656
2021-02-23,31.140336990356445,80.16931915283203,184.9326171875,280.7372741699219,233.27487182617188,131.3640594482422,42.90802764892578,152.88510131835938,339.4040222167969,65.6925048828125,111.6226806640625,159.6353302001953,127.68231964111328,204.029296875,42.023441314697266,45.14760208129883
2021-02-24,31.894289016723633,83.1304702758789,188.8762664794922,290.7897033691406,226.92886352539062,133.67543029785156,43.052345275878906,147.19009399414062,355.7728576660156,67.70989227294922,111.04264831542969,160.25210571289062,127.09481048583984,211.07041931152344,41.3223762512207,46.50080108642578
2021-02-25,31.499767303466797,82.35800170898438,184.63479614257812,288.2568054199219,222.80873107910156,131.8612518310547,42.5938835144043,143.75315856933594,343.42364501953125,66.4808120727539,109.28565979003906,158.53890991210938,125.0621566772461,205.60684204101562,40.931522369384766,45.729888916015625
2021-02-26,30.43020248413086,80.46702575683594,184.8382110595703,280.9747619628906,225.50599670410156,128.3636932373047,41.592079162597656,144.86859130859375,342.7262878417969,65.15850830078125,108.60472106933594,157.13404846191406,125.31623077392578,204.29864501953125,40.30179977416992,44.58991241455078
2021-03-01,31.377038955688477,82.11661529541016,190.3506622314453,291.2962341308594,228.36915588378906,131.2681427001953,42.36466979980469,146.85459899902344,351.49169921875,67.09960174560547,109.80685424804688,159.40406799316406,128.20639038085938,208.3771209716797,40.7515983581543,46.254756927490234
2021-03-02,31.149091720581055,82.43043518066406,188.54220581054688,292.19677734375,227.20823669433594,130.8407440185547,42.534454345703125,147.8611602783203,351.41424560546875,68.48125457763672,110.18517303466797,148.61094665527344,128.12696838378906,207.54991149902344,40.360748291015625,45.98411178588867
2021-03-03,31.929359436035156,83.35579681396484,187.93939208984375,295.2782897949219,224.65057373046875,133.37017822265625,42.432579040527344,143.5446319580078,348.9249572753906,69.55776977539062,108.56269836425781,148.71372985839844,127.38060760498047,206.66493225097656,39.57902145385742,46.35317611694336
2021-03-04,32.15843200683594,84.08804321289062,181.78781127929688,290.739990234375,219.03778076171875,131.32044982910156,42.39862823486328,139.44566345214844,338.51300048828125,68.75250244140625,109.1668701171875,145.46725463867188,126.60250854492188,203.44256591796875,39.5604133605957,48.149234771728516
2021-03-05,32.53728103637695,87.70907592773438,187.35101318359375,289.0447082519531,221.29861450195312,131.625732421875,43.12026596069336,143.80758666992188,349.5351867675781,68.54906463623047,112.72581481933594,147.85714721679688,130.53277587890625,207.20359802246094,40.053646087646484,49.96989822387695
2021-03-08,32.71349334716797,88.31257629394531,183.01840209960938,295.0663146972656,226.1083221435547,133.37017822265625,43.8419075012207,147.74330139160156,359.6566467285156,68.7440185546875,111.96319580078125,151.50625610351562,127.72998809814453,211.87844848632812,39.66898727416992,49.92068862915039
2021-03-09,31.99985122680664,88.11140441894531,187.80975341796875,291.8877868652344,231.28466796875,132.42819213867188,43.1796989440918,150.52731323242188,364.6835632324219,68.53211975097656,112.06488037109375,153.4849853515625,129.6355743408203,211.96499633789062,39.98229217529297,49.1497802734375
2021-03-10,32.92494583129883,89.61613464355469,189.63015747070312,301.9796142578125,233.85829162597656,135.30648803710938,43.672115325927734,152.76724243164062,369.7006530761719,70.43084716796875,113.19187927246094,152.97103881835938,131.1917724609375,214.66796875,41.00287628173828,50.6588020324707
2021-03-11,32.8104248046875,89.47129821777344,195.5065155029297,302.0502624511719,236.15086364746094,134.5999755859375,43.196685791015625,154.8438720703125,372.2965087890625,70.56645202636719,112.88684844970703,153.6049041748047,132.7877197265625,217.53445434570312,40.98735427856445,50.28154373168945
2021-03-12,33.427146911621094,89.7690200805664,196.751708984375,307.97479248046875,239.88397216796875,136.19610595703125,43.11106491088867,155.5693817138672,370.678955078125,71.49039459228516,112.73429107666016,154.19595336914062,133.14503479003906,215.8126220703125,41.604679107666016,50.82283020019531
2021-03-15,33.25975036621094,88.71490478515625,194.3341522216797,305.5378112792969,244.66232299804688,135.5158233642578,43.68463134765625,157.9724884033203,369.7589111328125,71.08353424072266,112.72581481933594,155.12966918945312,129.13536071777344,214.76417541503906,41.390628814697266,49.52703857421875
2021-03-16,33.16283416748047,86.61471557617188,189.90689086914062,301.7059020996094,247.77171325683594,133.89349365234375,43.847286224365234,158.99725341796875,370.3592834472656,69.96464538574219,113.5562515258789,154.36727905273438,129.2782745361328,216.1396942138672,41.37822341918945,48.477291107177734
2021-03-17,33.43595886230469,86.92854309082031,193.5768585205078,304.5666198730469,245.97108459472656,135.27157592773438,43.86440658569336,158.190185546875,366.7756652832031,71.08353424072266,113.22576141357422,152.8168182373047,127.55525970458984,214.523681640625,41.033897399902344,48.69051742553711
2021-03-18,34.308204650878906,83.78227233886719,191.88026428222656,307.25958251953125,248.7203369140625,137.50445556640625,43.29084396362305,158.58010864257812,355.46282958984375,71.1513442993164,112.30211639404297,153.85328674316406,127.19800567626953,212.2535858154297,40.49810791015625,46.59101486206055
2021-03-19,33.94697570800781,83.18681335449219,203.5819549560547,303.9044494628906,253.9379119873047,135.31521606445312,43.49628829956055,162.76971435546875,345.3025817871094,70.30369567871094,113.97145080566406,160.65472412109375,126.47544860839844,199.0177764892578,41.03700637817383,46.32856750488281
2021-03-22,33.180458068847656,82.51090240478516,199.5333251953125,299.6045227050781,253.79734802246094,131.6780548095703,43.6589469909668,164.9461669921875,347.13311767578125,69.43909454345703,116.76779174804688,161.074462890625,127.88080596923828,200.075927734375,41.233253479003906,45.85289764404297
2021-03-23,32.51085662841797,82.0522232055664,194.28317260742188,292.9295959472656,254.71087646484375,130.36102294921875,43.9928092956543,163.59495544433594,344.1015625,67.06568145751953,118.17442321777344,161.82826232910156,126.92801666259766,200.22015380859375,41.7223014831543,45.28702926635742
2021-03-24,32.51085662841797,84.24897003173828,195.3609161376953,290.1748352050781,257.1439514160156,131.372802734375,44.104095458984375,163.84886169433594,348.3439025878906,67.24369812011719,117.62360382080078,161.28001403808594,126.96772003173828,200.14320373535156,41.463748931884766,46.20555114746094
2021-03-25,33.180458068847656,84.54669189453125,199.64981079101562,291.85247802734375,261.0351257324219,133.05618286132812,44.532127380371094,167.92059326171875,347.09442138671875,67.92180633544922,118.3184585571289,165.066162109375,129.6196746826172,200.04701232910156,41.74410629272461,46.07432556152344
2021-03-26,34.07913589477539,86.4859619140625,204.86354064941406,289.0624694824219,266.85888671875,135.27157592773438,45.405311584472656,173.7606964111328,354.6298828125,67.79466247558594,120.919921875,172.13308715820312,133.37527465820312,205.3951873779297,42.09299850463867,47.32911682128906
2021-03-29,33.753143310546875,86.03533172607422,203.31980895996094,287.5967712402344,265.4446105957031,133.1695556640625,46.098716735839844,171.0492401123047,351.5014343261719,66.01459503173828,122.70787048339844,169.78602600097656,133.50230407714844,206.3378448486328,42.57269287109375,47.07488250732422
2021-03-30,34.35224914550781,85.23872375488281,208.19857788085938,293.14154052734375,267.7459411621094,134.73953247070312,45.499481201171875,172.31884765625,346.9394836425781,67.0402603149414,120.78431701660156,171.01951599121094,133.89930725097656,203.82730102539062,42.28300094604492,46.49259948730469
2021-03-31,34.08794403076172,84.3213882446289,206.82958984375,288.71807861328125,268.1236572265625,132.77706909179688,45.122798919677734,172.46389770507812,344.8570556640625,65.82813262939453,119.86067962646484,169.66607666015625,134.97120666503906,203.6637725830078,42.311038970947266,45.787288665771484
2021-04-01,34.79278564453125,85.09387969970703,206.46548461914062,289.28314208984375,270.319580078125,134.06796264648438,44.95159149169922,173.4977264404297,351.8791809082031,66.30281829833984,119.71664428710938,171.93605041503906,135.99545288085938,208.59837341308594,42.24562072753906,47.06667709350586
2021-04-05,35.06591033935547,84.0960922241211,205.03103637695312,285.6630554199219,277.03912353515625,134.77857971191406,45.208412170410156,175.68321228027344,356.7413330078125,66.11634063720703,121.30965423583984,175.90208435058594,136.5274200439453,210.69529724121094,43.43243408203125,46.33677291870117
2021-04-06,34.968997955322266,83.34774017333984,205.4678955078125,288.77099609375,275.61614990234375,133.8310546875,45.53371047973633,176.1094207763672,357.95208740234375,67.0402603149414,121.74185180664062,175.9706268310547,137.33731079101562,210.32015991210938,43.641151428222656,46.20555114746094
2021-04-07,35.28616714477539,83.83858489990234,203.23971557617188,288.32073974609375,274.46551513671875,135.9279327392578,45.61075973510742,175.62881469726562,359.41455078125,66.99787902832031,121.5215072631836,175.13116455078125,136.5274200439453,210.9165496826172,43.54768753051758,46.410579681396484
2021-04-08,34.97779846191406,82.89712524414062,207.12086486816406,292.3733825683594,276.1871032714844,136.0946502685547,45.47378921508789,176.11851501464844,366.299560546875,67.98115539550781,120.78431701660156,174.28314208984375,137.3770294189453,212.2920684814453,43.5196533203125,45.92671203613281
2021-04-09,35.233314514160156,82.8166732788086,208.6791229248047,292.08203125,280.40338134765625,137.11236572265625,45.525146484375,180.0179443359375,368.56854248046875,68.42192840576172,120.80970764160156,175.91067504882812,139.69544982910156,214.04269409179688,43.54146194458008,45.820091247558594
2021-04-12,35.294979095458984,81.89933776855469,211.74472045898438,292.991455078125,281.7735900878906,136.82281494140625,45.67068099975586,181.9585723876953,368.3358459472656,67.96419525146484,121.19107055664062,175.68798828125,141.79161071777344,213.03271484375,43.54768753051758,45.51664733886719
2021-04-13,34.64299774169922,82.26947784423828,211.81756591796875,289.3184509277344,281.4310607910156,135.1909637451172,45.44811248779297,181.11521911621094,366.6777648925781,67.41322326660156,121.21649169921875,175.55088806152344,142.4585723876953,212.5998992919922,43.41374969482422,45.68887710571289
2021-04-14,35.13639450073242,83.90296936035156,209.5747833251953,296.09051513671875,281.09716796875,132.6641845703125,45.43954849243164,182.74754333496094,366.8619689941406,68.48125457763672,120.4199447631836,176.2104949951172,139.90985107421875,213.52325439453125,43.398170471191406,47.009273529052734
2021-04-15,34.13199234008789,83.21900177001953,212.0432891845703,298.9159240722656,283.4863586425781,133.5064697265625,45.65355682373047,185.51339721679688,374.78448486328125,68.50669860839844,120.58940887451172,176.2532958984375,142.6332550048828,217.6595001220703,43.65983581542969,46.730430603027344
2021-04-16,34.493221282958984,82.8488540649414,209.41458129882812,302.2356872558594,288.1768798828125,134.4978485107422,45.95318603515625,188.8505859375,374.4742431640625,66.61644744873047,122.15706634521484,178.6432342529297,142.6888427734375,217.78451538085938,43.800010681152344,46.467994689941406
2021-04-19,34.510841369628906,83.09025573730469,206.2543182373047,302.9243469238281,287.0965576171875,133.92758178710938,46.22711181640625,185.00555419921875,370.585693359375,67.83706665039062,122.65703582763672,178.72885131835938,141.37876892089844,217.18809509277344,43.5196533203125,46.32037353515625
2021-04-20,33.55049514770508,81.53723907470703,204.13534545898438,293.0267639160156,284.5580139160156,130.9621124267578,46.372650146484375,184.42347717285156,365.22314453125,65.51451110839844,123.47052001953125,177.54676818847656,142.67291259765625,214.77377319335938,43.8560791015625,45.34442901611328
2021-04-21,34.114376068115234,82.66378784179688,202.6207733154297,296.0198974609375,286.30596923828125,132.0763702392578,46.749305725097656,185.4603271484375,371.4971923828125,67.1758804321289,124.5466537475586,177.11849975585938,141.78366088867188,218.784912109375,43.98379135131836,45.92671203613281
2021-04-22,33.79718780517578,81.2314682006836,201.36831665039062,292.1173095703125,282.362060546875,129.295166015625,46.60377883911133,183.08651733398438,371.749267578125,66.3621597290039,123.77556610107422,176.09054565429688,140.94200134277344,218.90032958984375,43.5072021484375,45.32802200317383
2021-04-23,34.51966094970703,81.71427917480469,202.24217224121094,299.6222839355469,284.49658203125,131.769287109375,46.629459381103516,182.74993896484375,375.3373107910156,68.61687469482422,123.57218933105469,176.4674530029297,142.0933380126953,221.23776245117188,43.57884216308594,45.574058532714844
2021-04-26,34.7222900390625,81.69010925292969,200.80032348632812,303.3040466308594,281.0708923339844,132.0939178466797,45.936065673828125,181.16738891601562,375.7348327636719,69.10003662109375,121.47917175292969,174.4287567138672,139.59225463867188,221.56480407714844,42.95895767211914,45.664268493652344
2021-04-27,35.13639450073242,82.6396255493164,209.35635375976562,306.0498962402344,281.5978698730469,132.69927978515625,45.86758041381836,181.04006958007812,377.286376953125,69.47299194335938,121.08090209960938,175.0540771484375,154.13821411132812,221.1511688232422,43.10536193847656,46.262962341308594
2021-04-28,35.268550872802734,84.66741943359375,209.26898193359375,307.3566589355469,280.8248596191406,133.55908203125,45.87613296508789,178.3206024169922,383.6671142578125,70.12570190429688,120.18268585205078,175.1397705078125,157.50479125976562,224.5563507080078,42.95273208618164,47.65716552734375
2021-04-29,36.22008514404297,86.01925659179688,215.5821990966797,311.6477355957031,285.7701721191406,136.1560516357422,46.44969177246094,180.48529052734375,377.1699523925781,71.19828033447266,121.97064208984375,177.64102172851562,161.752685546875,227.83639526367188,43.49473571777344,48.337860107421875
2021-04-30,35.70907211303711,82.9373550415039,211.39524841308594,307.6568908691406,284.3032531738281,134.94529724121094,46.209999084472656,178.493408203125,370.48876953125,70.27042388916016,122.15706634521484,177.5382080078125,161.8638153076172,224.66213989257812,43.58196258544922,46.943660736083984
2021-05-03,35.735504150390625,84.91685485839844,221.76437377929688,309.1667175292969,290.1005554199219,134.55047607421875,46.63803482055664,181.17649841308594,367.9091491699219,70.19378662109375,123.5383071899414,180.98171997070312,168.4857177734375,223.74832153320312,44.27036666870117,48.23944854736328
2021-05-04,36.123172760009766,85.383544921875,221.56777954101562,308.8841552734375,292.2964782714844,136.4104766845703,46.346961975097656,182.17698669433594,364.52490234375,70.34699249267578,121.98757934570312,181.264404296875,170.1610565185547,223.19044494628906,43.83427429199219,48.54289245605469
2021-05-05,36.46678924560547,87.67686462402344,223.2061767578125,315.75335693359375,291.66412353515625,138.20028686523438,46.22711181640625,181.90408325195312,357.96002197265625,71.93883514404297,121.92826080322266,181.94969177246094,170.3278350830078,220.47787475585938,43.796897888183594,50.00270462036133
2021-05-06,37.01303482055664,87.72515106201172,226.4319305419922,323.1258239746094,296.5214538574219,140.98147583007812,46.689395904541016,187.30665588378906,364.1080017089844,73.9137191772461,123.34339904785156,182.45504760742188,170.5342254638672,222.5074920654297,44.10961151123047,50.47836685180664
2021-05-07,37.16281509399414,88.52981567382812,229.1480255126953,327.4698486328125,297.9884033203125,141.46400451660156,46.6637077331543,189.54405212402344,364.0303955078125,74.65432739257812,123.34339904785156,183.9198455810547,172.6938934326172,223.27696228027344,43.84379959106445,51.2000846862793
2021-05-10,37.048274993896484,88.16771697998047,225.20135498046875,325.5185852050781,299.6309509277344,141.44644165039062,47.00613784790039,192.19078063964844,355.24481201171875,73.60728454589844,124.32633209228516,183.33738708496094,171.6061553955078,217.36129760742188,44.037689208984375,51.32310104370117
2021-05-11,36.62537384033203,85.85831451416016,222.55807495117188,317.7841796875,290.443115234375,139.09515380859375,46.50105667114258,186.76097106933594,356.47625732421875,72.28785705566406,123.41963958740234,179.23428344726562,170.17694091796875,216.8899688720703,43.640533447265625,49.6910514831543
2021-05-12,36.281761169433594,86.39744567871094,215.5457763671875,312.91033935546875,278.4445495605469,138.1388397216797,46.2613639831543,177.84764099121094,345.8191833496094,71.2322998046875,122.21638488769531,173.85484313964844,167.29473876953125,212.2247314453125,42.511600494384766,49.95731735229492
2021-05-13,36.86326217651367,85.84222412109375,220.92698669433594,316.80401611328125,285.8404846191406,141.69210815429688,46.6637077331543,182.2133331298828,349.11614990234375,72.23677062988281,124.02977752685547,178.694580078125,171.24090576171875,215.5288848876953,43.23086166381836,49.34158706665039
2021-05-14,37.321414947509766,88.08724212646484,225.31781005859375,325.59796142578125,284.2681884765625,143.894287109375,46.8520393371582,180.91273498535156,352.888427734375,74.35637664794922,124.21617126464844,180.87892150878906,171.80462646484375,218.6114044189453,43.63115310668945,50.564727783203125
2021-05-17,37.65620040893555,89.16551208496094,225.19406127929688,326.0218200683594,281.0884094238281,144.47329711914062,46.774993896484375,176.56521606445312,352.2968444824219,74.98632049560547,123.86028289794922,179.9024200439453,171.73316955566406,218.12977600097656,43.43413162231445,51.74627685546875
2021-05-18,37.14519500732422,86.48573303222656,222.8566131591797,321.880859375,278.2249755859375,142.4378662109375,46.5181770324707,175.31011962890625,352.07379150390625,74.03292083740234,123.3010025024414,177.40159606933594,169.90699768066406,217.2917022705078,44.37855529785156,50.28183364868164
2021-05-19,36.97779846191406,84.0584716796875,224.22557067871094,316.4244079589844,276.2047119140625,141.3499755859375,46.372650146484375,173.46377563476562,350.0472412109375,73.249755859375,123.23323059082031,188.21263122558594,170.1928253173828,216.34767150878906,44.381690979003906,49.07533645629883
2021-05-20,36.889686584472656,84.3516845703125,225.04115295410156,317.6604919433594,277.4783630371094,141.10430908203125,46.78355407714844,175.91036987304688,356.5636291503906,73.60728454589844,124.75848388671875,190.60171508789062,169.8673095703125,218.12977600097656,44.53805160522461,48.95884323120117
2021-05-21,37.35663986206055,84.80782318115234,225.4416046142578,323.3818359375,277.3641662597656,142.70986938476562,46.75787353515625,175.05543518066406,356.4666442871094,75.1991195678711,124.64836120605469,193.4376220703125,169.02957153320312,218.44764709472656,44.32852554321289,49.02540588378906
2021-05-24,37.55929183959961,86.01331329345703,227.07273864746094,325.1741943359375,276.5473327636719,143.48194885253906,46.91196060180664,173.4091796875,361.1018981933594,76.34830474853516,125.28385925292969,193.71263122558594,170.274169921875,220.90406799316406,44.33164596557617,49.59953689575195
2021-05-25,37.01303482055664,84.60418701171875,224.7061767578125,321.8367004394531,278.2249755859375,141.99920654296875,46.90340805053711,175.55564880371094,356.0981750488281,75.64177703857422,125.66520690917969,193.61810302734375,168.72645568847656,220.61509704589844,44.51301574707031,48.47624206542969
2021-05-26,37.03946304321289,84.80782318115234,226.27903747558594,324.3884582519531,278.7344055175781,141.9816436767578,47.10886001586914,176.08316040039062,351.66650390625,76.05887603759766,125.66520690917969,195.17359924316406,170.5773468017578,218.7366485595703,44.45986557006836,49.04204559326172
2021-05-27,37.488800048828125,83.90371704101562,229.8033905029297,327.89361572265625,279.9992980957031,144.19256591796875,47.50265121459961,176.23779296875,351.0362243652344,76.86756134033203,124.14839935302734,195.39700317382812,169.7715301513672,218.53433227539062,44.30976104736328,48.72586441040039
2021-05-28,37.34783935546875,84.5390396118164,229.23538208007812,329.576904296875,280.12225341796875,144.0960693359375,47.3314323425293,177.201904296875,349.6592712402344,77.42086791992188,125.36013793945312,195.01026916503906,171.2075958251953,218.9582061767578,44.41608810424805,48.56776809692383
2021-06-01,37.814788818359375,86.86856079101562,226.35186767578125,338.80804443359375,277.8384704589844,145.68408203125,47.32286834716797,174.4915008544922,348.8932189941406,78.4083251953125,125.097412109375,195.31112670898438,170.16249084472656,218.3127899169922,44.300384521484375,50.306785583496094
2021-06-02,37.832420349121094,88.03333282470703,223.23526000976562,339.6939392089844,276.57586669921875,145.69284057617188,47.51121139526367,173.50924682617188,355.7393493652344,78.96163940429688,125.5973892211914,196.26499938964844,169.0615234375,221.23158264160156,44.20344161987305,50.706180572509766
2021-06-03,38.26594924926758,87.63422393798828,223.04595947265625,344.37158203125,274.9864196777344,145.78932189941406,47.63105773925781,173.08172607421875,350.8617248535156,79.46385192871094,126.04550170898438,196.95249938964844,169.11734008789062,219.73846435546875,44.28160858154297,50.9058837890625
2021-06-04,38.28364562988281,88.334716796875,219.99490356445312,346.7901916503906,274.61566162109375,146.02622985839844,48.144676208496094,172.72703552246094,354.9344787597656,79.98312377929688,126.19060516357422,198.80870056152344,168.04034423828125,221.69395446777344,44.359798431396484,51.13053894042969
2021-06-07,38.15093231201172,87.76455688476562,220.88327026367188,343.8754577636719,273.6884765625,145.3418426513672,47.97347640991211,173.03628540039062,353.05322265625,79.34468078613281,126.11376190185547,198.4220428466797,169.86729431152344,222.83067321777344,44.062705993652344,50.797706604003906
2021-06-08,37.93857955932617,88.56277465820312,220.32986450195312,340.8102722167969,274.51849365234375,144.76283264160156,47.63961410522461,174.08221435546875,354.1974792480469,78.9871597290039,124.9358901977539,202.0400390625,167.3462371826172,223.5338897705078,43.72810745239258,51.696346282958984
2021-06-09,37.44313049316406,87.78897094726562,213.43409729003906,339.1092834472656,271.3750305175781,142.9555206298828,47.49408721923828,173.3546600341797,352.325927734375,78.88501739501953,124.70541381835938,199.3243865966797,160.40541076660156,223.78431701660156,43.493553161621094,52.12902069091797
2021-06-10,36.88571548461914,88.30213165283203,213.2374725341797,331.27789306640625,272.2315368652344,140.72702026367188,47.862186431884766,171.69927978515625,353.2665100097656,78.04228973388672,125.98575592041016,199.083740234375,162.11268615722656,225.36416625976562,43.743736267089844,52.21222686767578
2021-06-11,37.036128997802734,87.89483642578125,215.60406494140625,334.9189147949219,274.4037170410156,140.6305389404297,48.07619857788086,173.54559326171875,354.4302978515625,78.35725402832031,126.0625991821289,200.18377685546875,162.11268615722656,226.33705139160156,44.01580047607422,51.7296257019043
2021-06-14,36.593753814697266,87.9437255859375,213.3467254638672,330.3742370605469,273.1234130859375,138.244140625,47.912330627441406,172.49966430664062,355.4192810058594,77.22509002685547,126.8136978149414,200.29550170898438,160.42933654785156,225.48936462402344,43.95637512207031,51.64642333984375
2021-06-15,36.620296478271484,89.8415756225586,217.9414825439453,328.93902587890625,270.5892639160156,136.1472625732422,47.79157638549805,170.8807373046875,356.9709167480469,77.20804595947266,126.8222427368164,199.8657989501953,161.4265899658203,224.42971801757812,43.7812614440918,53.52689743041992
2021-06-16,36.82377624511719,89.32841491699219,214.57730102539062,328.6732482910156,267.3486633300781,137.10357666015625,47.15332794189453,169.35269165039062,352.8011169433594,77.5485610961914,125.55901336669922,198.7400360107422,159.89479064941406,221.1737823486328,42.88999557495117,53.33552551269531
2021-06-17,35.21352005004883,87.2106704711914,209.39999389648438,320.2571716308594,267.6488952636719,133.146728515625,47.39482498168945,169.93478393554688,356.166015625,74.83309173583984,126.7710189819336,198.7056121826172,158.00404357910156,223.63021850585938,43.0682487487793,51.579856872558594
2021-06-18,34.311058044433594,83.92001342773438,207.7616729736328,309.0325927734375,267.19854736328125,129.7777099609375,46.37706756591797,169.97120666503906,356.2921447753906,71.581298828125,124.1249771118164,198.11264038085938,157.78062438964844,221.95408630371094,42.27080154418945,50.25686264038086
2021-06-21,35.169273376464844,86.37984466552734,213.47052001953125,316.74884033203125,271.6045837402344,131.97987365722656,46.885948181152344,171.79026794433594,361.7904357910156,73.15613555908203,125.09809112548828,200.8970184326172,162.20843505859375,225.72056579589844,42.655460357666016,52.07909393310547
2021-06-22,35.36392593383789,86.6649398803711,216.76913452148438,316.7400817871094,276.1167297363281,131.78684997558594,47.05844497680664,174.37326049804688,366.5904846191406,72.95183563232422,125.28585815429688,203.8533172607422,163.86785888671875,227.271484375,42.85246658325195,53.07756805419922
2021-06-23,35.56742477416992,86.55904388427734,216.53607177734375,319.85845947265625,275.19842529296875,132.585205078125,46.67893600463867,173.84576416015625,363.7782897949219,73.09654235839844,123.63848114013672,203.93923950195312,162.7668914794922,226.06735229492188,42.51786422729492,53.46864700317383
2021-06-24,36.12483215332031,87.26768493652344,221.13812255859375,326.6799621582031,275.3484802246094,133.80471801757812,46.91181945800781,174.4005889892578,363.40008544921875,74.12654113769531,124.33837890625,206.1134796142578,164.4263153076172,227.5701141357422,42.814937591552734,53.68498611450195
2021-06-25,36.82377624511719,87.39798736572266,213.11575317382812,326.6976623535156,276.92889404296875,135.1558837890625,46.851444244384766,175.22824096679688,368.11285400390625,75.25017547607422,124.97002410888672,206.7236328125,164.03538513183594,228.61048889160156,43.32154846191406,53.801475524902344
2021-06-28,36.77070236206055,84.70195007324219,214.6048583984375,326.6445007324219,277.5029296875,135.40151977539062,46.79969024658203,175.72848510742188,356.544189453125,74.65432739257812,125.50773620605469,207.3338165283203,163.73220825195312,225.49899291992188,43.18708038330078,52.42857360839844
2021-06-29,36.17790603637695,84.51461029052734,217.45175170898438,330.1083984375,280.99957275390625,135.2348175048828,46.45469665527344,176.62887573242188,356.8545837402344,77.15697479248047,125.42237854003906,207.8408203125,165.63096618652344,227.2906951904297,42.9369010925293,52.10405731201172
2021-06-30,36.478729248046875,85.3128433227539,217.77297973632812,336.2301025390625,281.5735168457031,136.46311950683594,46.67031478881836,176.419677734375,354.0325927734375,78.05079650878906,126.47225952148438,207.74630737304688,165.91819763183594,225.2389373779297,44.10023880004883,52.48681640625
2021-07-01,36.75300979614258,86.51016235351562,218.34962463378906,332.2080078125,283.91339111328125,137.81422424316406,46.54093551635742,178.10232543945312,359.4825134277344,78.33171081542969,126.49789428710938,209.23300170898438,167.71322631835938,226.52011108398438,43.56859588623047,52.6365852355957
2021-07-02,36.40795135498047,86.3961410522461,218.53944396972656,331.47271728515625,284.9376220703125,137.68185424804688,46.730690002441406,178.00225830078125,363.671630859375,78.3402099609375,127.10395812988281,211.90570068359375,168.7583465576172,229.87237548828125,43.8156623840332,52.56169509887695
2021-07-06,35.4524040222168,84.70195007324219,215.05747985839844,327.6632995605469,281.9002380371094,135.36996459960938,46.471946716308594,177.12911987304688,364.72857666015625,76.79093933105469,127.291748046875,210.93458557128906,168.56687927246094,230.8068084716797,43.76249694824219,51.06396484375
2021-07-07,35.169273376464844,83.83855438232422,214.28370666503906,325.7232360839844,285.6264343261719,135.52879333496094,46.851444244384766,178.1568603515625,362.59527587890625,76.63771057128906,127.85503387451172,212.7393341064453,170.93634033203125,231.19210815429688,43.6905632019043,50.26519012451172
2021-07-08,34.311058044433594,83.56976318359375,214.05738830566406,317.9891662597656,281.2644348144531,133.1904296875,46.68757247924805,175.35560607910156,359.4011535644531,74.60324096679688,127.9148178100586,213.62445068359375,169.18917846679688,227.9265594482422,43.653045654296875,50.04052734375
2021-07-09,35.42586135864258,84.76710510253906,216.36407470703125,329.3465881347656,284.3990478515625,137.4524383544922,46.97219467163086,177.65660095214844,362.071044921875,76.8930892944336,127.59046936035156,213.62445068359375,170.6650848388672,229.71826171875,43.875064849853516,50.947479248046875
2021-07-12,35.94786834716797,84.93815612792969,218.75111389160156,337.0894775390625,284.0899353027344,139.4202117919922,46.98944854736328,177.87493896484375,364.6145935058594,78.95311737060547,127.61608123779297,216.76980590820312,170.19439697265625,229.14027404785156,43.796897888183594,50.89755630493164
2021-07-13,35.266605377197266,84.653076171875,218.32044982910156,333.08514404296875,279.94873046875,137.3465576171875,47.455204010009766,176.70167541503906,372.52703857421875,79.34468078613281,130.5608673095703,216.3487091064453,168.5509490966797,233.45587158203125,43.962646484375,50.65626525878906
2021-07-14,34.38184356689453,83.05661010742188,215.96995544433594,331.68536376953125,281.8648986816406,136.87890625,48.52470779418945,175.3009796142578,379.4103698730469,78.70625305175781,131.9094696044922,217.9643096923828,168.7583465576172,236.96229553222656,44.26598358154297,49.532962799072266
2021-07-15,34.355308532714844,82.51089477539062,216.1304931640625,330.7552185058594,284.9464416503906,137.17889404296875,48.679962158203125,178.0386505126953,378.8570861816406,78.85095977783203,132.5155487060547,217.36273193359375,169.8194122314453,239.42835998535156,44.300384521484375,49.05036926269531
2021-07-16,33.550174713134766,80.32796478271484,213.5099334716797,323.1805419921875,283.91339111328125,134.04635620117188,48.64546203613281,178.39334106445312,375.837646484375,77.67625427246094,133.00205993652344,215.8330535888672,167.9924774169922,239.01409912109375,44.26911163330078,47.69410705566406
2021-07-19,32.67424774169922,78.16136169433594,215.2107391357422,314.2506103515625,281.555908203125,129.68731689453125,48.06758499145508,175.4464874267578,354.79925537109375,76.05887603759766,132.9849853515625,215.80728149414062,168.66259765625,231.58712768554688,44.1659049987793,46.054927825927734
2021-07-20,33.346675872802734,78.6256103515625,217.54669189453125,323.14520263671875,287.2774963378906,132.1050567626953,48.15382385253906,177.28225708007812,363.47869873046875,78.58708190917969,133.00205993652344,218.8925018310547,169.5002899169922,233.7930145263672,44.36604690551758,46.5624885559082
2021-07-21,34.027931213378906,81.30538940429688,217.78756713867188,330.88800048828125,288.1693420410156,134.8846435546875,48.77484130859375,178.21383666992188,368.98333740234375,81.447265625,132.50698852539062,220.04403686523438,169.49232482910156,234.7178192138672,44.14714813232422,48.06021499633789
2021-07-22,33.58555603027344,80.4908676147461,216.5247039794922,330.18817138671875,288.4342346191406,133.18154907226562,48.70583724975586,179.71165466308594,371.0222473144531,81.35362243652344,132.46429443359375,220.86904907226562,170.11460876464844,235.18017578125,44.17841339111328,47.51936340332031
2021-07-23,33.35552215576172,80.52344512939453,216.85321044921875,331.3752746582031,293.8910217285156,132.92572021484375,49.17158889770508,183.4288330078125,381.798828125,80.4853515625,134.16287231445312,224.32374572753906,168.8461151123047,239.88104248046875,44.541168212890625,47.46112060546875
2021-07-26,33.73596954345703,82.2258071899414,217.1671142578125,333.0141906738281,292.4253234863281,133.8169403076172,49.214717864990234,180.5975799560547,381.3521423339844,82.17932891845703,134.06898498535156,224.17759704589844,167.42601013183594,241.06594848632812,44.603721618652344,48.659305572509766
2021-07-27,33.60325241088867,81.94886016845703,206.31236267089844,332.0751647949219,288.96405029296875,133.6404266357422,49.3872184753418,176.7342987060547,378.8959045410156,82.1282730102539,134.8115692138672,222.02915954589844,155.72230529785156,241.72097778320312,44.60684585571289,48.11846160888672
2021-07-28,33.73596954345703,82.41313934326172,205.72842407226562,331.5347595214844,287.42755126953125,133.86102294921875,48.93871307373047,175.7113800048828,372.2649230957031,81.7792739868164,133.5738983154297,221.22140502929688,153.20925903320312,237.8773956298828,44.425472259521484,48.44296646118164
2021-07-29,34.222591400146484,83.54531860351562,205.79408264160156,334.4759826660156,289.1141357421875,135.0081787109375,49.20608901977539,176.83474731445312,377.4783935546875,82.55957794189453,133.8470916748047,224.86514282226562,153.02577209472656,238.82144165039062,44.481754302978516,49.03372573852539
2021-07-30,33.939456939697266,82.92627716064453,204.35604858398438,332.11065673828125,289.78515625,133.93162536621094,49.1888427734375,175.98536682128906,374.6920471191406,82.30232238769531,133.96653747558594,224.34091186523438,152.66676330566406,237.3475799560547,44.578697204589844,47.90211486816406
2021-08-02,33.58555603027344,82.77967071533203,201.58946228027344,335.0428771972656,288.92864990234375,133.3933868408203,49.05946350097656,174.40533447265625,364.3233337402344,82.51670837402344,133.42881774902344,221.06668090820312,153.1294403076172,230.9801788330078,44.475502014160156,47.91044235229492
2021-08-03,34.10757064819336,83.56976318359375,204.9838104248047,336.96533203125,293.09637451171875,134.9110870361328,49.09395980834961,177.1361541748047,356.8865051269531,82.83396911621094,133.72756958007812,225.32920837402344,154.89260864257812,228.38888549804688,44.97585678100586,48.42631530761719
2021-08-04,33.859825134277344,81.69636535644531,200.83026123046875,334.7505798339844,291.6571350097656,133.4551239013672,48.3867073059082,173.43724060058594,357.2846374511719,82.56815338134766,131.4912567138672,223.8940887451172,152.21200561523438,227.9843292236328,44.669395446777344,47.294708251953125
2021-08-05,34.52340316772461,82.45387268066406,201.32667541503906,340.45587158203125,294.1294250488281,135.1405487060547,48.731712341308594,174.1496124267578,361.10009765625,83.88868713378906,131.71315002441406,224.6417236328125,151.9168243408203,231.39443969726562,45.498111724853516,47.59425735473633
2021-08-06,35.523193359375,83.04031372070312,201.6697540283203,352.49542236328125,291.24212646484375,138.97903442382812,48.85246658325195,173.6746826171875,363.61456298828125,85.51793670654297,131.73020935058594,223.51593017578125,153.6560516357422,232.54071044921875,45.41680145263672,48.14341354370117
2021-08-09,35.98326110839844,81.65563201904297,199.04185485839844,354.2583312988281,290.2885437011719,138.82904052734375,48.861083984375,171.6927947998047,359.876708984375,86.38400268554688,131.747314453125,225.50965881347656,152.3636016845703,231.19210815429688,45.52625274658203,47.59425735473633
2021-08-10,36.65568542480469,83.1462173461914,198.01258850097656,361.4253845214844,292.6902770996094,140.5320281982422,48.99045944213867,173.281982421875,357.1195983886719,87.49874877929688,131.81561279296875,226.93626403808594,152.06838989257812,229.33297729492188,46.49570083618164,48.40968322753906
2021-08-11,37.115760803222656,83.77339172363281,201.6697540283203,366.6700439453125,297.5642395019531,142.20864868164062,48.93008804321289,177.65670776367188,353.62451171875,89.0765380859375,132.33624267578125,226.0253448486328,153.49647521972656,226.4333953857422,46.91161346435547,48.55112075805664
2021-08-12,37.29270935058594,83.60234069824219,201.545654296875,367.6533508300781,294.93292236328125,142.76454162597656,49.02496337890625,175.3551788330078,351.430419921875,89.75396728515625,132.3618927001953,225.0541534423828,154.48570251464844,223.5878143310547,46.78606414794922,48.44131851196289
2021-08-13,36.8326301574707,83.04846954345703,202.3340606689453,363.914794921875,292.5489501953125,141.1673583984375,49.36133575439453,173.9943389892578,352.177978515625,89.12799835205078,133.5995330810547,224.7620086669922,154.75697326660156,224.41737365722656,46.9335823059082,47.95142364501953
2021-08-16,36.531822204589844,82.20134735107422,205.60430908203125,361.7621154785156,295.8424377441406,140.24087524414062,49.576969146728516,176.70684814453125,352.9643249511719,88.93932342529297,134.90550231933594,226.1455841064453,157.22218322753906,227.03146362304688,47.31651306152344,47.25035095214844
2021-08-17,36.354862213134766,82.0466079711914,202.8303985595703,358.7677001953125,283.2158203125,138.54660034179688,49.40446090698242,166.45956420898438,352.6439514160156,88.21045684814453,134.7774200439453,219.5919189453125,157.77264404296875,226.23086547851562,47.300819396972656,46.92937469482422
2021-08-18,36.08943557739258,79.82601928710938,199.10755920410156,353.30157470703125,283.9222412109375,137.28480529785156,48.731712341308594,182.41505432128906,350.4303894042969,86.82990264892578,133.39466857910156,213.4952392578125,155.41122436523438,223.43345642089844,46.79861831665039,45.94112777709961
2021-08-19,35.558570861816406,77.83654022216797,195.31166076660156,348.6683044433594,285.11419677734375,136.13766479492188,49.042213439941406,185.027099609375,346.8964538574219,85.51793670654297,135.6395721435547,211.62400817871094,154.82080078125,223.37559509277344,47.11563491821289,44.538997650146484
2021-08-20,35.717838287353516,77.84478759765625,194.57440185546875,350.7058410644531,290.7123107910156,136.5259246826172,48.85246658325195,190.159912109375,344.6441345214844,86.31539916992188,135.1615753173828,218.51400756835938,154.98118591308594,223.17303466796875,47.53622055053711,44.54744338989258
2021-08-23,36.19560623168945,79.85079193115234,194.82986450195312,355.6492614746094,289.38787841796875,138.2730712890625,48.679962158203125,188.19627380371094,350.4886474609375,87.60164642333984,134.73480224609375,217.76376342773438,154.78872680664062,225.85467529296875,47.22235107421875,46.38035583496094
2021-08-24,36.69991683959961,80.76707458496094,195.49417114257812,361.94805908203125,286.8802185058594,139.12899780273438,48.30908203125,185.75778198242188,351.2361755371094,88.39910888671875,133.06179809570312,216.14259338378906,155.00526428222656,225.95111083984375,46.73584747314453,46.76045227050781
2021-08-25,37.29270935058594,81.32017517089844,197.36289978027344,365.9879150390625,285.9794921875,141.9968719482422,48.36083221435547,188.3058624267578,348.63427734375,89.25660705566406,132.47283935546875,216.57374572753906,154.6844940185547,224.35946655273438,46.754676818847656,46.844913482666016
2021-08-26,37.19538116455078,80.2552719116211,195.23863220214844,365.3589172363281,283.8604431152344,142.729248046875,47.90370559692383,187.82183837890625,342.576171875,89.042236328125,131.9862823486328,214.68527221679688,154.27545166015625,222.3627471923828,46.24933624267578,46.21141815185547
2021-08-27,37.59353256225586,81.4274673461914,195.55987548828125,371.80828857421875,285.53802490234375,143.87635803222656,47.99857711791992,188.05014038085938,345.36248779296875,90.42280578613281,132.25091552734375,214.8749542236328,155.0293731689453,224.45594787597656,45.98882293701172,47.10676193237305
2021-08-30,36.85917282104492,81.22110748291016,193.83714294433594,366.4130554199219,288.82269287109375,141.5732879638672,48.45571517944336,187.21905517578125,342.76068115234375,89.25660705566406,133.15570068359375,215.03018188476562,155.5987548828125,223.04762268066406,46.35919189453125,46.591514587402344
2021-08-31,36.93880081176758,79.88378143310547,193.9466552734375,368.1134033203125,288.0104064941406,141.1409149169922,48.56783676147461,186.2144012451172,336.139404296875,89.54815673828125,133.48861694335938,212.97787475585938,156.89804077148438,220.9929962158203,46.48474884033203,46.05093765258789
2021-09-01,36.443328857421875,79.00875854492188,194.12181091308594,368.2469177246094,287.2206115722656,140.93792724609375,48.89558410644531,185.7943115234375,339.3820495605469,89.44525146484375,134.78599548339844,212.4518585205078,157.5155792236328,221.97689819335938,46.38431167602539,45.417442321777344
2021-09-02,36.478912353515625,80.65975189208984,195.52001953125,368.9947814941406,290.85919189453125,141.59092712402344,48.9645881652832,188.27850341796875,331.3336486816406,89.89115142822266,134.88479614257812,211.9689178466797,158.95120239257812,216.24708557128906,46.62913131713867,46.523948669433594
2021-09-03,36.505584716796875,80.4781494140625,194.75140380859375,366.1549072265625,293.1665954589844,140.7349853515625,48.93008804321289,188.1232147216797,330.3143310546875,89.39381408691406,135.00514221191406,210.67543029785156,158.26947021484375,217.1441650390625,46.845703125,46.3465576171875
2021-09-07,36.745697021484375,80.12318420410156,192.99449157714844,365.2735595703125,291.9330139160156,140.4879150390625,48.015830993652344,187.3651580810547,334.6636047363281,89.33378601074219,132.80503845214844,209.30435180664062,156.84188842773438,218.2631378173828,46.22423553466797,46.076263427734375
2021-09-08,36.26547622680664,79.5700912475586,191.07655334472656,360.5376281738281,294.26702880859375,139.8614044189453,48.6627082824707,186.3970489501953,340.8092346191406,88.81072235107422,134.68716430664062,212.22764587402344,156.0478973388672,220.98333740234375,46.283870697021484,45.65394592285156
2021-09-09,36.39887619018555,79.24816131591797,189.7588348388672,360.16375732421875,294.4356994628906,140.4702911376953,48.17970657348633,185.41067504882812,341.16839599609375,89.042236328125,133.8363494873047,211.6498565673828,151.58863830566406,219.43995666503906,45.95744323730469,45.68772888183594
2021-09-10,35.81193542480469,79.30594635009766,188.536376953125,359.1845397949219,294.59539794921875,138.85545349121094,47.964073181152344,186.61624145507812,337.26556396484375,88.85358428955078,133.60430908203125,210.873779296875,154.9972381591797,216.9512481689453,45.79108810424805,45.594810485839844
2021-09-13,36.40776824951172,80.87439727783203,191.69146728515625,364.3299865722656,297.70159912109375,141.06149291992188,48.36083221435547,188.1871795654297,337.68304443359375,89.5224380493164,133.86212158203125,209.63201904296875,155.90353393554688,216.68115234375,45.53056716918945,46.768890380859375
2021-09-14,35.429542541503906,79.41326141357422,186.81605529785156,359.3714599609375,295.6338195800781,138.5995635986328,48.39559555053711,186.4701385498047,335.7218933105469,87.38726806640625,133.33790588378906,208.8904266357422,153.19271850585938,215.1378173828125,45.292030334472656,46.10161590576172
2021-09-15,35.69633102416992,81.0972671508789,187.83360290527344,357.8225402832031,295.8555908203125,139.5614013671875,48.56070327758789,187.78529357910156,334.7024841308594,88.35623168945312,134.08558654785156,210.52883911132812,155.06944274902344,215.8901824951172,45.37049865722656,47.65578842163086
2021-09-16,35.972007751464844,80.33782196044922,189.1439666748047,353.13104248046875,298.5357666015625,139.49964904785156,48.100128173828125,190.40647888183594,336.2170715332031,87.86746978759766,133.69024658203125,212.95199584960938,154.7646942138672,216.39183044433594,45.521156311035156,47.14900207519531
2021-09-17,36.0164794921875,79.87553405761719,186.8307342529297,348.484130859375,297.8968505859375,139.13783264160156,47.30931854248047,190.90884399414062,333.0423889160156,87.25006103515625,132.4612579345703,212.7105255126953,152.40673828125,213.90309143066406,45.427001953125,46.591514587402344
2021-09-20,34.78035354614258,78.24103546142578,183.59512329101562,336.61761474609375,293.9387512207031,134.97291564941406,46.97909927368164,187.4747772216797,329.78997802734375,84.57469177246094,132.014404296875,208.80418395996094,151.89344787597656,212.26324462890625,44.80238723754883,45.349857330322266
2021-09-21,34.79813766479492,78.298828125,184.5248260498047,334.57891845703125,296.6100158691406,134.99053955078125,46.97039794921875,188.38807678222656,327.54736328125,84.29170989990234,131.9542236328125,208.0884246826172,152.16616821289062,212.3789825439453,44.89026641845703,45.30763244628906
2021-09-22,35.69633102416992,80.60196685791016,167.6952362060547,343.1517333984375,298.12762451171875,137.57598876953125,47.03993225097656,190.78094482421875,333.40155029296875,86.43545532226562,132.358154296875,208.4851531982422,148.6132354736328,214.86769104003906,44.786685943603516,46.63373947143555
2021-09-23,37.074737548828125,82.59967803955078,167.578125,348.8402099609375,298.1098327636719,142.2262725830078,46.96171569824219,189.9498291015625,343.7509460449219,88.79356384277344,132.4612579345703,209.26121520996094,149.8082733154297,220.23089599609375,44.81180191040039,48.21327590942383
2021-09-24,37.47492599487305,83.04544067382812,165.9090576171875,347.9411315917969,299.51202392578125,143.86758422851562,46.83136749267578,189.84939575195312,347.7216491699219,88.24475860595703,132.5214385986328,208.20057678222656,150.79469299316406,223.3948974609375,44.937347412109375,48.64403533935547
2021-09-27,38.4709358215332,85.00189208984375,165.8139190673828,355.91741943359375,302.99090576171875,147.34422302246094,46.58803176879883,192.37010192871094,346.37225341796875,90.12267303466797,131.24952697753906,205.7343292236328,149.8483428955078,221.47532653808594,44.648590087890625,50.08842086791992
2021-09-28,38.38200378417969,85.32383728027344,162.8052215576172,346.73931884765625,296.2372131347656,146.550048828125,45.74509048461914,187.62088012695312,340.945068359375,87.49874877929688,129.81431579589844,201.30197143554688,149.78414916992188,217.57826232910156,44.09929656982422,50.612098693847656
2021-09-29,38.301971435546875,85.29911041259766,161.84628295898438,342.63543701171875,299.0150146484375,146.4353790283203,46.02317810058594,189.14614868164062,342.8965759277344,85.36360931396484,130.8885955810547,203.3801727294922,148.16409301757812,218.6586151123047,44.08046340942383,50.57831954956055
2021-09-30,37.75060272216797,83.74713134765625,160.5286102294922,336.528564453125,291.3206787109375,144.4410858154297,45.59736251831055,185.27369689941406,337.54718017578125,83.44279479980469,129.2642822265625,197.2748565673828,146.0467529296875,214.86769104003906,43.747772216796875,49.6829719543457
2021-10-01,38.31086349487305,86.12458038330078,162.90040588378906,338.2821960449219,292.7406005859375,147.47657775878906,46.0753059387207,186.04087829589844,349.6828308105469,84.9348373413086,129.7283935546875,196.97303771972656,145.55755615234375,222.30487060546875,43.016441345214844,51.465213775634766
2021-10-04,38.542076110839844,86.44654846191406,159.48910522460938,333.074462890625,289.73211669921875,147.31771850585938,46.04924392700195,186.78065490722656,334.1685791015625,83.30559539794922,129.0837860107422,194.7913360595703,143.09536743164062,216.77761840820312,42.60212707519531,52.13249588012695
2021-10-05,39.32465744018555,87.38760375976562,164.1741485595703,343.45440673828125,292.4033508300781,149.7234649658203,46.12746047973633,186.56146240234375,333.2073974609375,85.06346130371094,129.8486785888672,196.2313995361328,144.09786987304688,216.343505859375,42.881465911865234,52.04802703857422
2021-10-06,39.34244918823242,86.61988067626953,164.12289428710938,345.4484558105469,293.18438720703125,150.04307556152344,46.6749382019043,186.3148956298828,338.5277404785156,84.97769165039062,133.1746063232422,195.60194396972656,144.9239501953125,218.49461364746094,43.195350646972656,51.09356689453125
2021-10-07,39.23572540283203,87.239013671875,163.2078399658203,347.736328125,299.5031433105469,150.99295043945312,46.82267761230469,189.87677001953125,344.02972412109375,84.72046661376953,134.40359497070312,198.18031311035156,145.64578247070312,222.3916778564453,43.703826904296875,51.23715591430664
2021-10-08,39.43136978149414,89.19544219970703,163.56655883789062,349.68597412109375,296.7164611816406,151.10829162597656,47.03123092651367,188.28759765625,345.0503234863281,85.78376007080078,134.09414672851562,197.38693237304688,147.1615753173828,222.12156677246094,43.83565139770508,52.52103042602539
2021-10-11,38.9333610534668,88.43599700927734,160.91661071777344,342.9469299316406,299.050537109375,147.93031311035156,47.126827239990234,190.74444580078125,337.45843505859375,83.42565155029297,134.27462768554688,197.23175048828125,145.75804138183594,217.1441650390625,43.79484558105469,51.99734878540039
2021-10-12,38.719932556152344,88.45250701904297,162.01463317871094,344.0954284667969,299.78704833984375,146.7939910888672,47.126827239990234,191.61209106445312,335.698974609375,83.84581756591797,134.8676300048828,198.54246520996094,145.9585723876953,216.1217041015625,43.747772216796875,51.72706604003906
2021-10-13,38.36422348022461,88.98080444335938,163.7788543701172,343.89947509765625,300.2131042480469,142.92349243164062,47.135520935058594,193.73089599609375,332.79248046875,84.52323913574219,135.77862548828125,204.15628051757812,147.6186981201172,214.5879669189453,43.43074417114258,51.583465576171875
2021-10-14,40.0805549621582,89.82284545898438,166.50201416015625,348.2526550292969,305.33380126953125,145.11619567871094,47.45704650878906,197.6855926513672,334.9601745605469,86.61553192138672,136.8700408935547,208.76109313964844,153.52151489257812,217.21170043945312,43.90156936645508,52.36900329589844
2021-10-15,41.23664093017578,90.48323059082031,167.7245330810547,361.4902038574219,310.9780578613281,147.9036407470703,47.344085693359375,200.1605987548828,346.0613708496094,87.58450317382812,136.48333740234375,211.88270568847656,155.39024353027344,222.8161163330078,44.114994049072266,52.86735153198242
2021-10-18,41.1566047668457,90.44194793701172,166.8900146484375,368.27374267578125,315.06048583984375,147.85037231445312,46.874813079833984,202.51695251464844,348.4332275390625,86.9585189819336,135.86456298828125,218.7295684814453,155.1015167236328,222.4881591796875,44.46968078613281,52.84201431274414
2021-10-19,41.3344612121582,92.20852661132812,167.8709716796875,366.9116516113281,317.705078125,149.64358520507812,47.05731201171875,204.32273864746094,351.9910888671875,87.25006103515625,137.59197998046875,217.4706268310547,155.42233276367188,225.25662231445312,45.4144401550293,53.635990142822266
2021-10-20,41.8769416809082,93.41375732421875,169.3203887939453,363.1103820800781,317.9181213378906,151.65870666503906,47.47443389892578,206.24755859375,346.8098449707031,86.31539916992188,138.63186645507812,217.16014099121094,156.60931396484375,223.2309112548828,45.82560729980469,53.9316291809082
2021-10-21,41.64572525024414,92.24154663085938,170.4477081298828,362.84332275390625,323.5890197753906,150.4691619873047,47.231109619140625,208.45664978027344,346.2654724121094,85.98954772949219,136.8013153076172,219.21249389648438,159.9536895751953,222.0926513671875,46.0798454284668,52.951812744140625
2021-10-22,42.30379104614258,93.11658477783203,170.55023193359375,368.83447265625,324.8048400878906,152.49314880371094,47.31801223754883,209.6940460205078,348.65679931640625,87.29295349121094,137.4802703857422,220.69569396972656,163.45848083496094,223.04762268066406,46.56007766723633,53.31501388549805
2021-10-25,42.25043869018555,93.9833755493164,172.3217010498047,369.2172546386719,329.48187255859375,151.74749755859375,47.126827239990234,212.48974609375,350.78564453125,87.38726806640625,136.8357391357422,224.5072021484375,163.5306854248047,225.60385131835938,47.099937438964844,54.35395050048828
2021-10-26,42.65062713623047,94.18972778320312,174.10057067871094,371.7633361816406,327.6536560058594,152.15585327148438,47.335391998291016,211.80227661132812,347.344482421875,88.72496795654297,138.51156616210938,223.1102294921875,174.8952178955078,223.6167449951172,46.68877029418945,55.61250305175781
2021-10-27,41.83247375488281,92.51396942138672,172.24119567871094,365.8700256347656,330.422607421875,148.98667907714844,48.24787521362305,212.44390869140625,326.3475341796875,87.35296630859375,138.0302734375,221.2217254638672,170.19541931152344,208.14431762695312,46.305843353271484,54.16812515258789
2021-10-28,42.490543365478516,93.38074493408203,172.731689453125,369.27960205078125,329.7569580078125,151.2326202392578,48.69975280761719,212.4347381591797,323.7326354980469,88.50133514404297,138.8983154296875,222.67042541503906,171.55079650878906,202.41456604003906,46.59461212158203,54.320167541503906
2021-10-29,42.490543365478516,94.51168060302734,172.41688537597656,367.9709777832031,329.9078369140625,150.8153533935547,48.98653030395508,214.3229522705078,326.153076171875,88.74309539794922,138.88113403320312,223.87765502929688,171.2059326171875,204.27622985839844,46.89906311035156,54.45531463623047
2021-11-01,42.552799224853516,94.5447006225586,172.49745178222656,370.9532470703125,325.23974609375,150.73550415039062,48.812721252441406,212.42556762695312,324.7240905761719,89.79646301269531,138.58888244628906,222.4117431640625,169.14479064941406,204.9418182373047,47.01519775390625,55.43511962890625
2021-11-02,42.5794792175293,93.96685028076172,172.59259033203125,377.3183288574219,325.95855712890625,151.3302459716797,48.751888275146484,213.59881591796875,319.30963134765625,90.36631774902344,139.8607940673828,224.42958068847656,167.7332305908203,201.7393035888672,46.993221282958984,54.75094985961914
2021-11-03,43.01522445678711,93.28994750976562,175.70375061035156,372.0214538574219,327.4495544433594,151.38352966308594,48.91701126098633,214.762939453125,320.23309326171875,88.59630584716797,141.20152282714844,224.5589599609375,170.62049865722656,200.73611450195312,47.137611389160156,53.99919509887695
2021-11-04,42.09036636352539,93.70269775390625,179.3566131591797,363.27056884765625,330.2983703613281,149.39500427246094,49.186397552490234,217.95274353027344,326.06561279296875,86.16143798828125,141.2101287841797,224.5847930908203,169.00038146972656,201.39199829101562,47.48286437988281,54.404640197753906
2021-11-05,41.77021789550781,94.7180404663086,177.71682739257812,362.3893127441406,326.9437255859375,149.18197631835938,49.394962310791016,215.8995361328125,339.0526123046875,86.23050689697266,142.66249084472656,219.26422119140625,166.99537658691406,209.00279235839844,47.15330505371094,54.919864654541016
2021-11-08,42.09926986694336,95.05651092529297,181.93338012695312,363.5110168457031,327.1122741699219,150.0785675048828,48.95176696777344,215.21206665039062,339.9080810546875,86.40320587158203,139.59439086914062,218.45364379882812,167.86155700683594,212.68768310546875,46.85198974609375,55.511138916015625
2021-11-09,41.69017791748047,95.75817108154297,182.62881469726562,360.8492431640625,328.9404602050781,148.9422607421875,49.0908088684082,214.4054718017578,335.0281982421875,86.09236907958984,140.52255249023438,220.03167724609375,168.39088439941406,205.83889770507812,47.01519775390625,56.05173110961914
2021-11-10,42.001434326171875,94.23101043701172,181.9260711669922,355.30316162109375,327.1033935546875,148.8002471923828,49.290687561035156,213.1588897705078,347.9472351074219,84.41732025146484,140.9781036376953,219.07452392578125,169.73828125,208.29818725585938,46.591468811035156,54.94746780395508
2021-11-11,42.232662200927734,94.23925018310547,183.73419189453125,358.16973876953125,326.2603759765625,148.79135131835938,49.30806350708008,212.94802856445312,344.4477233886719,85.37572479248047,139.81784057617188,220.76467895507812,171.0615997314453,203.33131408691406,46.610294342041016,55.0501823425293
2021-11-12,41.71685791015625,94.29704284667969,185.84979248046875,360.4575500488281,330.6976623535156,148.12557983398438,49.19509506225586,216.61448669433594,353.3519592285156,86.21324920654297,139.78350830078125,224.2225799560547,170.9813995361328,204.945068359375,46.37803649902344,54.630733489990234
2021-11-15,41.841365814208984,96.43510437011719,184.6931915283203,360.3684997558594,329.3221130371094,147.85923767089844,49.20376968383789,215.33123779296875,351.2716979980469,86.52407836914062,140.77182006835938,227.93922424316406,169.6420440673828,205.14797973632812,46.111244201660156,55.10155487060547
2021-11-16,41.86804962158203,96.8148193359375,185.3373565673828,358.83734130859375,348.1807861328125,146.7939910888672,48.856170654296875,224.36907958984375,359.2427673339844,86.93853759765625,140.35069274902344,230.50050354003906,169.92271423339844,207.9309539794922,44.937347412109375,55.65795135498047
2021-11-17,41.361148834228516,96.3805923461914,181.069580078125,348.5643005371094,350.4172058105469,146.00392150878906,48.58678436279297,225.23983764648438,349.1428527832031,84.33960723876953,140.40223693847656,219.606689453125,166.6986541748047,198.15191650390625,44.55128479003906,55.0501823425293
2021-11-18,41.192176818847656,95.57061767578125,179.14437866210938,348.4040222167969,360.17938232421875,144.74334716796875,48.15226745605469,226.7522735595703,338.49853515625,84.33960723876953,140.4451904296875,218.09243774414062,166.3938751220703,196.4801788330078,44.934200286865234,54.450984954833984
2021-11-19,40.3740348815918,93.44961547851562,177.65830993652344,344.8609619140625,362.6997985839844,142.85250854492188,47.90895080566406,228.71380615234375,330.23590087890625,83.67476654052734,140.78041076660156,216.92431640625,168.02195739746094,194.09335327148438,44.6925163269043,51.9343147277832
2021-11-22,41.1566047668457,95.11969757080078,181.5380859375,352.6681823730469,362.78857421875,145.8973846435547,48.20440673828125,231.30787658691406,312.3300476074219,85.75563049316406,141.07257080078125,211.62020874023438,169.96435546875,188.99127197265625,45.44268798828125,52.653350830078125
2021-11-23,42.241554260253906,97.11544036865234,180.39614868164062,361.7305603027344,362.4158630371094,149.3861541748047,48.56070327758789,230.90452575683594,319.8151550292969,87.94873809814453,142.01792907714844,215.6090850830078,170.71389770507812,191.80323791503906,45.76597213745117,54.04008483886719
2021-11-24,42.357154846191406,97.85862731933594,178.302490234375,355.3655090332031,365.7349853515625,148.21434020996094,48.16965103149414,231.5645294189453,330.5080261230469,87.30979919433594,140.72021484375,215.2456817626953,168.02195739746094,196.40286254882812,45.99509811401367,54.33970260620117
2021-11-26,40.69417190551758,95.62073516845703,174.33482360839844,346.6414489746094,357.3839111328125,143.74911499023438,46.69232177734375,227.03640747070312,315.1199645996094,84.55548095703125,138.4857940673828,213.35076904296875,165.46701049804688,190.99148559570312,45.480342864990234,52.43077850341797
2021-11-29,40.54298782348633,95.90462493896484,176.10638427734375,344.1042785644531,361.04034423828125,143.127685546875,47.43098449707031,227.8522186279297,313.9924011230469,83.95106506347656,141.06396484375,215.59178161621094,164.93504333496094,189.67733764648438,44.76785659790039,52.72183609008789
2021-11-30,39.54697799682617,94.25125122070312,168.63958740234375,339.1636047363281,355.5290832519531,140.99713134765625,45.93343734741211,224.1949462890625,306.128173828125,81.87020874023438,137.31698608398438,210.988525390625,159.88160705566406,187.24221801757812,44.140106201171875,51.22381591796875
2021-12-01,38.986724853515625,93.60826110839844,166.74362182617188,336.9173583984375,356.8301696777344,140.16268920898438,45.80208206176758,224.88235473632812,297.7294006347656,82.2501220703125,137.6435546875,208.00332641601562,156.4803466796875,183.7538299560547,43.04469680786133,51.1810188293457
2021-12-02,40.11262130737305,96.14678955078125,172.24856567382812,346.8150939941406,363.3800354003906,143.11000061035156,46.476409912109375,229.5113067626953,311.2607727050781,85.35845947265625,138.97164916992188,212.42486572265625,161.11473083496094,191.60997009277344,42.520511627197266,52.45647048950195
2021-12-03,39.20118713378906,95.53721618652344,176.30404663085938,342.5105895996094,363.4156799316406,140.51779174804688,46.88801956176758,227.95301818847656,313.1174011230469,84.79722595214844,142.51040649414062,214.21600341796875,161.78367614746094,189.70635986328125,43.160823822021484,52.122623443603516
2021-12-06,39.45138168334961,97.03192901611328,179.38587951660156,348.3901062011719,370.44671630859375,142.1778106689453,48.087799072265625,230.2353973388672,324.02423095703125,85.71246337890625,143.9899444580078,210.2357635498047,162.85562133789062,195.85208129882812,43.62849044799805,52.71327209472656
2021-12-07,39.95178985595703,98.46820831298828,180.85728454589844,358.06414794921875,370.87451171875,144.31724548339844,48.350528717041016,235.4876251220703,330.03173828125,88.50133514404297,143.8255157470703,212.5373992919922,165.53953552246094,200.38406372070312,43.48725128173828,53.303924560546875
2021-12-08,39.460323333740234,98.9107666015625,179.1663055419922,355.5674133300781,366.481201171875,142.66604614257812,48.16661834716797,235.33181762695312,332.7827453613281,87.42204284667969,144.0764617919922,207.31973266601562,164.99951171875,201.94949340820312,43.04782485961914,53.4580078125
2021-12-09,39.75519943237305,98.65193176269531,179.53231811523438,354.82452392578125,366.5614013671875,142.44415283203125,48.04400634765625,236.6242218017578,334.9018249511719,86.84355926513672,143.89474487304688,205.5546112060547,166.4663848876953,204.26861572265625,43.64658737182617,53.594970703125
2021-12-10,39.78201675415039,98.8189468383789,180.83934020996094,349.96527099609375,370.1794128417969,141.87600708007812,49.2875862121582,239.5849151611328,340.1510925292969,84.98719024658203,146.19627380371094,206.09107971191406,168.5377655029297,206.21092224121094,44.443885803222656,53.9373664855957
2021-12-13,38.94205093383789,96.76473236083984,176.8888702392578,344.2198791503906,361.1254577636719,140.18934631347656,50.58371353149414,235.7900848388672,335.6697692871094,83.89925384521484,146.92303466796875,202.62135314941406,166.2810516357422,203.9111328125,45.24435043334961,52.756072998046875
2021-12-14,39.433509826660156,97.04865264892578,176.25738525390625,347.96063232421875,358.4164123535156,141.2634735107422,50.61874771118164,231.40870666503906,331.0426330566406,85.32392883300781,146.5596160888672,203.58180236816406,164.20968627929688,202.9061279296875,45.67607498168945,52.67903518676758
2021-12-15,39.263736724853516,96.49751281738281,176.80075073242188,348.93603515625,363.4156799316406,140.2070770263672,50.846439361572266,236.0650634765625,336.6807861328125,85.8506088256836,148.44583129882812,204.76719665527344,165.84580993652344,205.1576385498047,45.93762969970703,52.44791030883789
2021-12-16,40.210933685302734,97.39934539794922,175.1413116455078,355.6120910644531,356.037109375,142.39974975585938,51.363136291503906,232.12367248535156,343.0672607421875,86.6017837524414,148.66213989257812,194.49639892578125,167.61898803710938,207.1482391357422,45.17185592651367,52.53350830078125
2021-12-17,39.210113525390625,94.86083984375,183.80580139160156,341.67828369140625,345.7444152832031,139.15956115722656,50.55743408203125,227.40306091308594,339.5581359863281,83.86473846435547,145.6165313720703,193.2244415283203,166.50668334960938,204.74212646484375,43.725372314453125,51.386451721191406
2021-12-20,38.566741943359375,94.90258026123047,180.30328369140625,332.5590515136719,347.0097961425781,136.6561737060547,50.39104461669922,225.13900756835938,327.6112060546875,82.3451156616211,146.58555603027344,189.6595001220703,163.15383911132812,201.7079315185547,43.86719512939453,50.641727447509766
2021-12-21,39.48712158203125,96.42236328125,185.0027313232422,340.3537902832031,347.96331787109375,138.5647735595703,50.59246063232422,226.38565063476562,340.9482116699219,84.41732025146484,146.15301513671875,190.4209747314453,166.91775512695312,208.12420654296875,43.999542236328125,51.788787841796875
2021-12-22,39.56755065917969,96.9734878540039,183.54147338867188,342.1525573730469,352.5705261230469,139.10630798339844,50.9515266418457,228.8788299560547,347.5,84.87493133544922,147.06146240234375,188.4049072265625,167.9977264404297,210.6173095703125,44.05626678466797,52.20822525024414
2021-12-23,39.692649841308594,97.20730590820312,186.37582397460938,344.5777587890625,353.8448791503906,139.60340881347656,50.986568450927734,229.2362823486328,350.513427734375,85.77289581298828,146.89706420898438,191.23431396484375,171.02015686035156,209.3224639892578,43.95857620239258,52.233909606933594
2021-12-27,39.88924026489258,99.19471740722656,188.16015625,347.2625732421875,360.1006774902344,140.40240478515625,51.363136291503906,232.54525756835938,350.2509765625,86.68812561035156,148.3593292236328,193.9080352783203,173.3736572265625,210.29843139648438,44.358802795410156,52.978641510009766
2021-12-28,39.94285202026367,99.00263214111328,188.29962158203125,346.877685546875,361.9987487792969,140.82850646972656,51.56455612182617,232.83860778808594,350.70794677734375,86.31685638427734,149.1293182373047,194.60890197753906,173.0270233154297,210.7042999267578,44.995391845703125,52.807437896728516
2021-12-29,39.88029479980469,98.49325561523438,189.07066345214844,345.6159362792969,366.1158447265625,140.7574462890625,51.625858306884766,236.09259033203125,351.2037048339844,85.24620819091797,149.65708923339844,197.2133331298828,172.96258544921875,210.8202362060547,44.97331619262695,52.345184326171875
2021-12-30,39.79093933105469,98.05904388427734,189.8563232421875,345.0072937011719,365.31378173828125,140.68643188476562,51.47698974609375,235.01100158691406,350.9119873046875,85.30664825439453,149.3975830078125,200.6658172607422,172.3983612060547,210.53036499023438,45.118282318115234,52.03702926635742
2021-12-31,39.75519943237305,97.99224090576172,189.9150848388672,342.3494567871094,369.8318786621094,140.57102966308594,51.853553771972656,236.92672729492188,349.2887268066406,84.75405883789062,150.29739379882812,200.25912475585938,172.75302124023438,209.40943908691406,45.597293853759766,52.379425048828125
2022-01-03,41.26534652709961,99.58717346191406,189.84901428222656,353.7864685058594,364.1552734375,143.54490661621094,51.932369232177734,234.204345703125,360.593994140625,86.50682830810547,149.66578674316406,200.70042419433594,172.07598876953125,213.9704132080078,45.58468246459961,54.391056060791016
2022-01-04,42.882713317871094,101.39922332763672,194.51901245117188,364.65960693359375,367.8981628417969,148.98667907714844,52.79936981201172,238.1457977294922,364.9100341796875,90.02096557617188,149.88206481933594,202.62135314941406,175.1306915283203,214.96572875976562,44.749568939208984,56.43693161010742
2022-01-05,42.15892028808594,102.05889892578125,192.4777069091797,356.73974609375,362.9076843261719,146.26287841796875,53.237247467041016,233.5077362060547,363.461669921875,87.7933120727539,150.3925323486328,198.02671813964844,172.93032836914062,212.58860778808594,45.35463333129883,57.138858795166016
2022-01-06,43.007816314697266,102.92733764648438,193.2560272216797,355.21832275390625,361.5888671875,147.8167724609375,52.95700454711914,236.2942657470703,360.1424865722656,89.29568481445312,150.4271697998047,200.18124389648438,174.60678100585938,212.34703063964844,45.22858428955078,58.482810974121094
2022-01-07,43.946067810058594,104.40536499023438,193.84347534179688,355.7373352050781,350.761474609375,149.2813720703125,52.834407806396484,230.1529083251953,359.80181884765625,89.83964538574219,150.61753845214844,199.6880340576172,175.8318634033203,209.65101623535156,45.66031265258789,58.96217346191406
2022-01-10,43.72267150878906,104.47216796875,188.38043212890625,357.2230224609375,345.28094482421875,149.42425537109375,52.92198181152344,227.03640747070312,354.2147216796875,89.90872192382812,150.6953887939453,196.7806854248047,170.64944458007812,204.8291015625,45.572078704833984,58.6112060546875
2022-01-11,43.97287368774414,106.86039733886719,187.63880920410156,360.6952209472656,344.57696533203125,149.5760955810547,52.93949890136719,228.69552612304688,356.53131103515625,91.45425415039062,150.62615966796875,196.8931884765625,170.27865600585938,207.15792846679688,45.442874908447266,61.07651138305664
2022-01-12,43.66012954711914,106.32597351074219,188.13076782226562,349.29400634765625,347.0097961425781,150.42446899414062,53.018314361572266,229.8137664794922,357.52410888671875,88.97621154785156,150.4617462158203,194.22816467285156,170.23838806152344,208.44313049316406,45.203365325927734,60.896766662597656
2022-01-13,43.57075881958008,105.88339233398438,189.20281982421875,349.7325134277344,344.8532409667969,150.23692321777344,53.33358383178711,229.79542541503906,359.67523193359375,88.54451751708984,150.70404052734375,195.4049530029297,169.63392639160156,207.75701904296875,45.84309768676758,60.4601936340332
2022-01-14,42.81122589111328,107.68708801269531,188.13812255859375,340.9085998535156,331.5039367675781,141.00286865234375,53.7627067565918,223.10414123535156,362.22552490234375,85.37572479248047,151.96726989746094,191.57177734375,166.4663848876953,207.43817138671875,45.71389389038086,61.52164840698242
2022-01-18,41.336830139160156,108.03781127929688,186.01602172851562,317.1575927734375,326.79876708984375,135.0908966064453,53.33358383178711,219.25088500976562,356.541015625,81.17082214355469,150.51368713378906,190.36904907226562,165.70074462890625,208.44313049316406,44.9134521484375,62.55742645263672
2022-01-19,41.49767303466797,107.64533233642578,185.17897033691406,310.8216552734375,320.53399658203125,133.00115966796875,53.42115783691406,215.8389892578125,351.11944580078125,82.65592956542969,151.59523010253906,193.6830291748047,164.22581481933594,207.4477996826172,45.36094284057617,62.58311080932617
2022-01-20,40.88111114501953,107.2612075805664,184.1142120361328,311.5196838378906,311.5246276855469,131.8669891357422,53.20222473144531,205.9344940185547,354.3023681640625,86.19597625732422,150.49636840820312,191.8486785888672,163.04098510742188,207.12893676757812,44.5037727355957,62.72005081176758
2022-01-21,40.13943862915039,105.97525024414062,179.83335876464844,307.77001953125,311.0968933105469,129.56297302246094,52.93949890136719,206.93692016601562,345.6199645996094,85.35845947265625,150.73863220214844,187.98089599609375,162.76698303222656,198.99258422851562,44.17917251586914,61.778446197509766
2022-01-24,39.80880355834961,106.20071411132812,180.4281463623047,307.3046569824219,324.20550537109375,129.4468231201172,52.510372161865234,213.67784118652344,340.1108093261719,84.68498229980469,149.96859741210938,190.8622589111328,164.52401733398438,195.05003356933594,44.18232345581055,62.30918502807617
2022-01-25,40.59516525268555,110.7182846069336,179.19451904296875,305.657958984375,319.90130615234375,130.8578338623047,52.38777542114258,211.52590942382812,329.73480224609375,85.51386260986328,148.246826171875,185.7571258544922,162.7589111328125,195.19497680664062,43.221153259277344,64.14103698730469
2022-01-26,41.0151481628418,110.80177307128906,178.54835510253906,306.66925048828125,318.3863830566406,132.0991973876953,52.195098876953125,209.7694091796875,335.4775695800781,86.48953247070312,146.68075561523438,183.18727111816406,160.3893280029297,198.9346160888672,42.77994918823242,63.4904670715332
2022-01-27,40.63090515136719,113.0396957397461,177.6451873779297,305.192626953125,317.62890625,129.768310546875,52.238895416259766,207.7737579345703,341.1911315917969,87.33570861816406,146.54234313964844,183.5939483642578,157.02841186523438,199.20518493652344,42.80832290649414,64.30369567871094
2022-01-28,40.98833084106445,109.06490325927734,179.73789978027344,310.5442810058594,326.6383361816406,130.9292755126953,53.281044006347656,216.10572814941406,372.3192443847656,88.50946044921875,149.3975830078125,188.3442840576172,159.78489685058594,220.319091796875,43.3377571105957,64.4406509399414
2022-01-31,41.2296028137207,109.6661376953125,180.53091430664062,317.408203125,327.0304260253906,132.7064666748047,53.4299201965332,218.27606201171875,376.08612060546875,89.15284729003906,150.13299560546875,190.73245239257812,162.97653198242188,218.5507354736328,44.059417724609375,65.0227279663086
2022-02-01,41.94446563720703,112.55538940429688,185.0394287109375,325.8024597167969,328.5632629394531,134.9837188720703,53.035823822021484,219.1956787109375,381.6147766113281,90.3787612915039,149.11203002929688,189.69415283203125,185.9307403564453,224.53221130371094,44.406070709228516,69.1915054321289
2022-02-02,41.89977264404297,113.07310485839844,184.90728759765625,324.90753173828125,333.04559326171875,133.90313720703125,53.57879638671875,219.89459228515625,386.1797790527344,90.35269165039062,151.82015991210938,188.2924041748047,187.07522583007812,227.48912048339844,44.38716506958008,69.01175689697266
2022-02-03,41.48873519897461,112.0627212524414,181.60299682617188,321.1668395996094,325.0966796875,132.7957763671875,53.95537185668945,215.29641723632812,379.677734375,88.93549346923828,151.733642578125,184.49383544921875,184.31878662109375,223.73980712890625,44.4312858581543,68.20710754394531
2022-02-04,43.14185333251953,113.46558380126953,179.24594116210938,328.97052001953125,320.5162658691406,136.242919921875,53.38613510131836,210.6614532470703,372.0174865722656,90.51788330078125,149.24183654785156,185.2033233642578,181.17552185058594,220.69595336914062,43.90815353393555,69.6880111694336
2022-02-07,43.34737014770508,115.69514465332031,178.9668731689453,329.4626770019531,318.44873046875,136.69839477539062,53.946617126464844,208.7761993408203,366.109130859375,91.44816589355469,148.65345764160156,182.8238525390625,181.39309692382812,219.50738525390625,43.47642517089844,70.5268783569336
2022-02-08,44.12478256225586,113.93319702148438,179.06236267089844,331.207763671875,322.0935363769531,139.27032470703125,54.29691696166992,213.13525390625,364.39605712890625,92.46542358398438,148.8351593017578,184.2602081298828,181.50595092773438,220.26112365722656,43.48587417602539,68.70360565185547
2022-02-09,44.035430908203125,115.06048583984375,179.3413848876953,335.1722717285156,324.70452880859375,139.850830078125,53.45619583129883,214.88259887695312,371.20953369140625,94.53471374511719,148.7659454345703,187.4530792236328,181.4011688232422,223.09239196777344,43.391326904296875,68.37470245361328
2022-02-10,43.82991027832031,113.59917449951172,176.52908325195312,331.6284484863281,316.434814453125,139.27032470703125,53.75394821166992,209.1256561279297,364.4154968261719,93.52615356445312,145.6771240234375,185.0302734375,177.8629150390625,218.34490966796875,42.88395690917969,67.71691131591797
2022-02-11,42.820159912109375,115.9122543334961,170.5079803466797,324.90753173828125,312.15728759765625,137.45748901367188,52.79936981201172,207.7554168701172,359.9186096191406,90.91781616210938,145.85879516601562,183.0574493408203,172.0679473876953,217.4738006591797,42.647605895996094,69.42195129394531
2022-02-14,42.373374938964844,114.12525939941406,167.75439453125,322.3838806152344,313.2890319824219,136.18040466308594,53.14092254638672,207.79217529296875,364.191650390625,89.1789321899414,144.23219299316406,180.4702911376953,172.47096252441406,218.10296630859375,42.21271514892578,68.35740661621094
2022-02-15,42.704002380371094,113.28987121582031,169.1789093017578,325.695068359375,314.803955078125,138.17190551757812,53.34234619140625,209.7694091796875,371.3750305175781,89.92665100097656,143.5919189453125,180.0444793701172,175.10646057128906,220.50331115722656,42.34507369995117,67.50054931640625
2022-02-16,42.605709075927734,113.3236312866211,168.1582489013672,322.2138671875,311.9790954589844,138.4219512939453,53.33358383178711,208.76698303222656,372.72808837890625,87.94432067871094,143.88609313964844,180.59194946289062,173.5348358154297,221.47122192382812,42.080352783203125,67.8121337890625
2022-02-17,41.167049407958984,112.7414321899414,164.75120544433594,312.3787536621094,310.0631408691406,135.23374938964844,54.402000427246094,205.8057403564453,363.743896484375,83.59709167480469,144.2754669189453,177.28099060058594,169.82733154296875,217.3964080810547,43.76633834838867,67.70826721191406
2022-02-18,41.068763732910156,112.5810775756836,163.17984008789062,309.6761474609375,309.1095886230469,135.8678741455078,54.76982879638672,204.79415893554688,360.0938720703125,82.96239471435547,145.10610961914062,177.619873046875,169.96536254882812,215.53807067871094,43.48587417602539,66.95529174804688
2022-02-22,40.71133804321289,111.72041320800781,159.91958618164062,308.0921325683594,281.7516784667969,135.626708984375,54.54213333129883,197.3450927734375,358.47796630859375,82.37987518310547,145.65980529785156,170.63296508789062,169.6487579345703,214.21205139160156,43.00055694580078,66.17632293701172
2022-02-23,40.01433181762695,114.37840270996094,157.7534637451172,305.33575439453125,274.8720703125,132.78684997558594,53.93785858154297,197.80491638183594,351.6061096191406,81.33654022216797,144.22354125976562,165.02774047851562,166.0035858154297,209.01454162597656,42.55937194824219,66.44463348388672
2022-02-24,38.959922790527344,113.78775024414062,158.54647827148438,304.4410095214844,279.1405944824219,129.0896453857422,52.99203872680664,196.2598876953125,359.53900146484375,79.82369232177734,141.71438598632812,166.4616241455078,168.20367431640625,210.32118225097656,42.395484924316406,65.6051025390625
2022-02-25,40.22880172729492,118.45399475097656,162.07106018066406,313.3273620605469,282.1793518066406,132.14385986328125,55.04131317138672,201.56617736816406,359.2566833496094,82.20598602294922,145.685791015625,173.12704467773438,170.44432067871094,212.2279052734375,42.97850036621094,67.3707275390625
2022-02-28,39.49606704711914,121.50862121582031,163.2091827392578,305.4252624511719,281.4486389160156,126.63375854492188,54.50709915161133,203.2951202392578,351.2070617675781,78.89340209960938,141.67115783691406,173.60501098632812,170.82589721679688,209.1790771484375,42.594024658203125,67.8727035522461
2022-03-01,37.95017623901367,126.33522033691406,157.8048553466797,295.4422607421875,285.38751220703125,121.85594177246094,54.27064514160156,203.6997833251953,335.3023681640625,76.1894302368164,140.39926147460938,190.6900177001953,166.8966064453125,202.25872802734375,42.8555908203125,68.52184295654297
2022-03-02,38.566741943359375,130.06483459472656,160.9916534423828,302.8058166503906,291.732421875,124.3832778930664,54.673492431640625,210.28440856933594,334.9227600097656,76.84149169921875,142.3459930419922,195.44358825683594,171.67019653320312,201.78443908691406,42.9091682434082,69.69892120361328
2022-03-03,38.1536865234375,131.8199462890625,162.50425720214844,300.1412048339844,289.04998779296875,123.4991683959961,54.70853042602539,208.09564208984375,331.9053955078125,76.31983184814453,142.19358825683594,194.52239990234375,172.45767211914062,200.5745849609375,43.89554977416992,70.14034271240234
2022-03-04,36.77084732055664,133.87039184570312,158.06884765625,296.7655029296875,288.96099853515625,120.02520751953125,54.79609298706055,206.06326293945312,321.94793701171875,75.08524322509766,144.35345458984375,194.7483673095703,170.80154418945312,193.85748291015625,45.00798034667969,72.78012084960938
2022-03-07,34.42722702026367,136.73092651367188,148.15914916992188,289.76202392578125,287.6331787109375,115.39031219482422,53.4912223815918,204.39869689941406,304.5832214355469,72.55514526367188,141.47943115234375,183.39891052246094,163.32455444335938,184.57542419433594,44.645572662353516,75.402587890625
2022-03-08,34.65169906616211,143.89488220214844,150.29580688476562,289.2938537597656,282.2596130371094,114.57765197753906,51.371883392333984,205.318359375,305.9555969238281,72.43341827392578,137.49066162109375,181.46096801757812,165.1349334716797,185.55303955078125,43.72221374511719,75.97383117675781
2022-03-09,36.85166931152344,140.3002471923828,159.6750030517578,300.2942810058594,284.3753662109375,119.16788482666016,51.634620666503906,207.72781372070312,319.3879699707031,75.98945617675781,137.08132934570312,187.70924377441406,167.87081909179688,193.34449768066406,43.94913101196289,71.65495300292969
2022-03-10,36.5194206237793,144.1396026611328,161.5612030029297,296.9725341796875,285.0387268066406,117.75690460205078,50.68879699707031,206.1552734375,315.94232177734375,74.65050506591797,134.564453125,186.6490478515625,168.19557189941406,191.61196899414062,44.9481086730957,73.87930297851562
2022-03-11,36.21413040161133,144.20704650878906,157.06680297851562,294.36199951171875,284.0077819824219,115.10454559326172,50.72382736206055,204.35272216796875,316.1369934082031,74.05928039550781,133.8850860595703,179.86203002929688,165.5327606201172,190.39244079589844,44.77163314819336,73.49846649169922
2022-03-14,36.995330810546875,140.67994689941406,155.55638122558594,292.54364013671875,285.415283203125,116.24763488769531,51.659236907958984,208.3071746826172,319.835693359375,73.65933990478516,135.7662811279297,181.41754150390625,165.8574981689453,193.89617919921875,45.395599365234375,70.86735534667969
2022-03-15,37.26472091674805,133.5581817626953,159.3140411376953,296.306396484375,294.5418701171875,118.31057739257812,52.6122932434082,212.50076293945312,326.074951171875,75.05916595458984,138.47479248046875,187.14442443847656,170.91517639160156,199.5195770263672,45.9407844543457,66.83412170410156
2022-03-16,38.43204116821289,133.07725524902344,166.4607696533203,306.74859619140625,296.6666259765625,123.597412109375,52.47110366821289,212.7398223876953,335.4970397949219,79.78023529052734,139.08444213867188,187.3529815673828,176.89840698242188,205.0655517578125,45.805274963378906,66.58312225341797
2022-03-17,38.63857650756836,135.38084411621094,167.9711456298828,309.0080871582031,301.5525817871094,125.16020965576172,53.02705383300781,215.5447540283203,337.210205078125,81.6060791015625,140.16439819335938,191.73287963867188,180.48670959472656,206.59483337402344,45.874881744384766,68.35740661621094
2022-03-18,38.52184295654297,136.46932983398438,161.28858947753906,310.9074401855469,305.4793701171875,125.11558532714844,53.03587341308594,216.73104858398438,340.7628479003906,82.44074249267578,141.77557373046875,196.44297790527344,178.42465209960938,212.07301330566406,46.01091003417969,68.08906555175781
2022-03-21,38.46797180175781,138.92483520507812,163.68312072753906,305.1642150878906,295.28594970703125,124.7137222290039,53.45945739746094,209.3095703125,336.37310791015625,80.51924896240234,141.5752716064453,193.7924346923828,177.43418884277344,210.0695343017578,45.62812423706055,71.1443099975586
2022-03-22,39.67121505737305,138.4607391357422,166.93234252929688,308.7740173339844,295.60870361328125,127.3660659790039,53.65359878540039,210.10964965820312,340.2178039550781,81.91905975341797,143.12547302246094,193.592529296875,177.320556640625,211.45358276367188,45.492088317871094,70.83272552490234
2022-03-23,38.69245529174805,139.9542999267578,163.1747589111328,302.11260986328125,284.2408142089844,124.82981872558594,53.30061340332031,203.1663818359375,333.06365966796875,80.31927490234375,142.37649536132812,188.3349609375,174.203125,207.78530883789062,44.90682601928711,71.94923400878906
2022-03-24,38.674495697021484,140.32554626464844,165.8639678955078,302.67071533203125,283.102294921875,125.64248657226562,53.812442779541016,201.55703735351562,340.0426330566406,80.1019058227539,143.23867797851562,188.61306762695312,174.26808166503906,210.3308563232422,45.18522644042969,72.16560363769531
2022-03-25,39.26714324951172,142.86541748046875,166.92494201660156,303.8049011230469,278.530029296875,126.74091339111328,54.297786712646484,195.80926513671875,339.721435546875,80.31927490234375,143.9092559814453,189.9774169921875,174.82823181152344,211.4148712158203,45.38136672973633,73.74082946777344
2022-03-28,39.105506896972656,140.36773681640625,169.49630737304688,301.8335266113281,281.75750732421875,125.80322265625,54.64194869995117,196.6001739501953,341.1521911621094,79.35420227050781,144.33602905273438,190.76821899414062,178.23793029785156,213.67974853515625,46.188072204589844,71.67225646972656
2022-03-29,39.006744384765625,138.65478515625,175.77369689941406,305.75836181640625,284.83251953125,126.08003234863281,54.85375213623047,201.92486572265625,357.7577819824219,79.84977722167969,146.47850036621094,193.73159790039062,180.5922393798828,220.79367065429688,46.57719421386719,71.29145050048828
2022-03-30,38.61164474487305,139.63363647460938,173.32757568359375,302.0946044921875,276.539794921875,125.5085220336914,54.89786148071289,192.6549530029297,352.58917236328125,78.48474884033203,146.27818298339844,192.88864135742188,178.76560974121094,216.7576141357422,47.41238021850586,72.51180267333984
2022-03-31,37.013301849365234,137.39752197265625,170.4835662841797,297.152587890625,268.3545227050781,121.7398681640625,54.71255111694336,185.9415740966797,347.8587951660156,75.98945617675781,145.77305603027344,184.42437744140625,174.10569763183594,214.64761352539062,47.11183547973633,71.48185729980469
2022-04-01,36.725955963134766,138.57041931152344,163.01263427734375,297.26055908203125,270.6496887207031,120.837890625,55.48029327392578,186.1346893310547,354.2731018066406,75.63297271728516,147.84580993652344,182.96437072753906,167.75718688964844,219.09017944335938,47.77302169799805,71.94056701660156
2022-04-04,36.6630973815918,138.697021484375,160.6107177734375,295.45123291015625,273.95782470703125,121.37371063232422,55.18907928466797,187.71652221679688,357.1348571777344,75.88513946533203,147.46261596679688,186.32754516601562,166.5962371826172,220.42588806152344,47.782508850097656,71.97518920898438
2022-04-05,36.043514251708984,137.8447265625,155.4827423095703,291.6253967285156,273.31231689453125,119.96125793457031,55.12731170654297,188.4062042236328,353.6404113769531,74.14622497558594,147.619384765625,186.6577606201172,160.10159301757812,218.82887268066406,47.918548583984375,71.60301971435547
2022-04-06,35.64842224121094,139.0682830810547,150.30320739746094,284.69390869140625,267.6463928222656,118.29686737060547,55.683258056640625,184.52536010742188,344.1307067871094,72.27691650390625,150.1363067626953,187.65711975097656,157.81222534179688,211.9762420654297,49.03211975097656,72.3992919921875
2022-04-07,35.37005615234375,141.00062561035156,150.1337127685547,282.7945251464844,271.4206848144531,117.93699645996094,55.983299255371094,186.35540771484375,340.70947265625,72.27691650390625,150.27565002441406,198.30267333984375,156.44020080566406,209.2080535888672,49.52247619628906,73.61102294921875
2022-04-08,35.621482849121094,143.38856506347656,148.4759521484375,289.3119201660156,278.91552734375,120.09622192382812,56.327457427978516,190.0523681640625,343.36077880859375,73.08550262451172,150.78079223632812,202.7781524658203,155.0357666015625,210.01144409179688,49.79771041870117,75.16024017333984
2022-04-11,35.54964828491211,139.70114135742188,150.39161682128906,288.74481201171875,274.97991943359375,119.65536499023438,56.30979537963867,188.14871215820312,338.5845947265625,73.05072021484375,150.3192138671875,199.27598571777344,154.93019104003906,207.8530731201172,48.810672760009766,72.5723876953125
2022-04-12,35.172508239746094,142.6122589111328,150.58316040039062,287.8626403808594,274.5943298339844,118.34185791015625,56.97164535522461,187.73484802246094,337.0543518066406,72.97247314453125,150.9288330078125,201.0400848388672,152.53526306152344,204.61065673828125,48.475337982177734,74.08702087402344
2022-04-13,34.85822677612305,144.8568115234375,152.00514221191406,289.8340759277344,278.2969055175781,114.52729034423828,57.12167739868164,188.9947509765625,346.15814208984375,73.14636993408203,150.66757202148438,203.19528198242188,153.33090209960938,206.42059326171875,49.73759841918945,75.13428497314453
2022-04-14,33.73579406738281,144.78932189941406,151.585205078125,289.53692626953125,273.0075378417969,113.46565246582031,57.37758255004883,185.10470581054688,348.7703552246094,73.6941146850586,149.7095489501953,206.13258361816406,152.640869140625,205.95599365234375,49.693302154541016,76.01709747314453
2022-04-18,34.885169982910156,146.73004150390625,149.75794982910156,296.95452880859375,269.1435546875,115.57089233398438,56.865753173828125,182.56651306152344,347.7761535644531,75.1895523071289,148.4206085205078,208.03575134277344,151.94265747070312,206.3238067626953,49.31367492675781,76.6402587890625
2022-04-19,35.53169250488281,144.9918212890625,153.8470916748047,302.418701171875,275.9481201171875,117.96399688720703,57.42171096801758,187.47879028320312,354.6672668457031,77.30231475830078,150.5804901123047,213.8234405517578,154.8084259033203,208.77255249023438,49.87363815307617,75.9565200805664
2022-04-20,35.61250305175781,145.58250427246094,154.1270751953125,307.01861572265625,282.5285339355469,118.37784576416016,58.20709228515625,192.74195861816406,356.051513671875,78.7803726196289,152.81871032714844,216.66517639160156,154.59732055664062,210.79542541503906,50.50001525878906,76.12960815429688
2022-04-21,34.93904495239258,138.87420654296875,152.41036987304688,300.9333801269531,278.2431335449219,117.4601821899414,58.427703857421875,189.3162384033203,355.222900390625,77.30231475830078,152.27000427246094,215.66575622558594,153.2740478515625,209.49844360351562,50.57594299316406,75.32469177246094
2022-04-22,33.72682189941406,135.8111572265625,151.1947021484375,287.8536071777344,269.0538635253906,114.0864486694336,57.58054733276367,181.9570770263672,342.29827880859375,73.67671966552734,149.9272918701172,210.02581787109375,151.93453979492188,201.484375,49.62371063232422,73.68024444580078
2022-04-25,33.48436737060547,132.89161682128906,151.33470153808594,289.3389587402344,273.384033203125,114.05045318603516,58.18944549560547,185.0226287841797,345.6318054199219,73.94625854492188,151.31202697753906,210.00845336914062,153.9559783935547,203.20721435546875,49.649017333984375,71.19625091552734
2022-04-26,32.7301025390625,132.08152770996094,147.3560791015625,281.8673400878906,268.91937255859375,110.67670440673828,57.40406036376953,184.29319763183594,335.4070129394531,71.61615753173828,150.9288330078125,205.52427673339844,148.60604858398438,194.64144897460938,49.13019561767578,71.22220611572266
2022-04-27,32.55050277709961,131.8368377685547,146.81085205078125,281.9663391113281,270.3896179199219,109.23725891113281,57.854103088378906,184.27468872070312,352.42559814453125,71.47705078125,152.27874755859375,200.7185821533203,151.3256378173828,207.23361206054688,48.79484558105469,73.25614166259766
2022-04-28,33.0533561706543,136.5199432373047,152.4029998779297,286.62933349609375,279.498291015625,110.964599609375,58.41006088256836,189.41781616210938,369.2490234375,73.13441467285156,154.586669921875,205.4287109375,154.378173828125,213.5732421875,49.418087005615234,75.47183227539062
2022-04-29,32.03868103027344,132.1996612548828,146.427734375,274.9989013671875,269.3138427734375,107.38394927978516,57.015769958496094,182.57574462890625,354.1896667480469,70.67025756835938,149.54408264160156,198.7024383544922,146.1136932373047,206.28509521484375,48.399410247802734,73.78409576416016
2022-05-02,32.45173645019531,134.798583984375,145.153076171875,279.4368591308594,275.20404052734375,108.36457061767578,55.983299255371094,187.5711212158203,349.95953369140625,71.87162017822266,146.10400390625,199.68441772460938,144.97714233398438,204.73648071289062,48.07988739013672,74.7880859375
2022-05-03,33.3406982421875,137.11065673828125,146.94345092773438,283.253662109375,273.40203857421875,110.68570709228516,55.665611267089844,186.17684936523438,348.7411193847656,73.44131469726562,146.30429077148438,202.0829315185547,144.60369873046875,201.8618927001953,48.247562408447266,76.32867431640625
2022-05-04,34.67863464355469,141.41407775878906,154.34811401367188,291.7603454589844,282.6809997558594,114.34735107421875,57.38640594482422,191.28302001953125,359.1996765136719,76.48419189453125,151.41653442382812,206.3324432373047,149.21490478515625,207.63046264648438,48.915069580078125,79.36658477783203
2022-05-05,33.708858489990234,140.29180908203125,152.6903533935547,281.8222961425781,268.1572570800781,111.48641204833984,56.92753219604492,180.9044647216797,344.4329528808594,74.4848403930664,148.3944854736328,200.53607177734375,145.95941162109375,198.6484832763672,48.49596405029297,78.16352081298828
2022-05-06,33.62804412841797,144.0298614501953,154.8785858154297,281.7232666015625,263.85406494140625,111.30648803710938,57.13048553466797,177.5526580810547,338.3409118652344,73.86224365234375,148.4119110107422,195.7130126953125,146.06500244140625,196.30621337890625,47.48629379272461,79.3579330444336
2022-05-09,32.658260345458984,134.37667846679688,153.44923400878906,278.0594787597656,266.2926330566406,109.63310241699219,57.015769958496094,181.04296875,319.6947326660156,71.16133117675781,149.53536987304688,194.83526611328125,147.2908935546875,186.8015899658203,48.04193878173828,73.10035705566406
2022-05-10,32.11051559448242,135.667724609375,153.2945098876953,274.61175537109375,261.030029296875,106.96109008789062,56.48629379272461,177.40493774414062,317.10205078125,70.3808822631836,149.3524932861328,190.4119415283203,147.76170349121094,187.36297607421875,47.365638732910156,73.58502197265625
2022-05-11,31.93990135192871,137.6759796142578,152.660888671875,271.4521179199219,253.67860412597656,106.2863540649414,56.75102996826172,173.3791046142578,317.62847900390625,69.17951965332031,148.629638671875,185.52801513671875,144.06788635253906,190.40213012695312,46.87032699584961,75.1169662475586
2022-05-12,31.49093246459961,138.98388671875,153.3976593017578,269.5257263183594,259.7121887207031,106.1963882446289,56.92753219604492,177.0078887939453,313.1155090332031,68.91645812988281,148.40321350097656,188.8129425048828,145.03395080566406,188.09902954101562,46.825870513916016,75.45797729492188
2022-05-13,31.58072280883789,141.6503448486328,155.67430114746094,276.3490905761719,265.39605712890625,107.14102935791016,57.99530792236328,179.13157653808594,324.3831481933594,70.62643432617188,151.2946014404297,190.95071411132812,145.779052734375,193.19979858398438,47.00685501098633,77.69636535644531
2022-05-16,31.257469177246094,145.98751831054688,154.51756286621094,273.1535339355469,265.3601989746094,106.3943099975586,58.20709228515625,179.80567932128906,321.3907165527344,70.06519317626953,152.81871032714844,190.53359985351562,147.1956024169922,191.8227996826172,47.057647705078125,79.52378845214844
2022-05-17,32.31704330444336,146.84820556640625,163.1968536376953,281.7322998046875,269.8069763183594,109.92098999023438,58.048240661621094,179.15933227539062,330.2898254394531,72.72224426269531,151.93910217285156,187.85470581054688,149.95492553710938,197.825439453125,41.70448684692383,80.53803253173828
2022-05-18,31.320323944091797,142.977294921875,149.98635864257812,276.1151428222656,255.6687469482422,108.04068756103516,54.0065803527832,169.73179626464844,327.40472412109375,70.75796508789062,142.52456665039062,141.02191162109375,141.0218505859375,193.9368133544922,38.872337341308594,79.26148986816406
2022-05-19,30.934202194213867,141.95639038085938,146.6561279296875,277.4383544921875,257.98193359375,106.43929290771484,52.947628021240234,173.46218872070312,323.81781005859375,70.11781311035156,140.3908233642578,133.88401794433594,137.058837890625,191.39610290527344,37.805503845214844,79.68992614746094
2022-05-20,30.4044132232666,142.7731170654297,148.0191650390625,276.1781005859375,257.4709167480469,105.56661224365234,53.812442779541016,170.53517150878906,327.6776428222656,69.6004409790039,141.2704315185547,135.56813049316406,140.0474853515625,193.005859375,37.8467903137207,80.31946563720703
2022-05-23,32.20928955078125,146.09104919433594,150.8115692138672,285.0089416503906,256.430908203125,112.09817504882812,55.471466064453125,171.9755859375,339.61785888671875,72.17855834960938,144.2228240966797,134.29412841796875,142.79042053222656,201.2776641845703,38.926307678222656,82.09442138671875
2022-05-24,32.01174545288086,146.8737030029297,151.2241668701172,282.6144714355469,258.12530517578125,113.68159484863281,56.4951286315918,170.47052001953125,332.0735778808594,71.87162017822266,146.15623474121094,130.84732055664062,142.56118774414062,196.49688720703125,39.41209411621094,82.54035949707031
2022-05-25,32.1823616027832,149.23031616210938,150.53158569335938,283.4695739746094,263.190673828125,114.4732894897461,56.53924560546875,174.09930419921875,336.0406188964844,72.1083984375,147.15777587890625,136.4930877685547,142.35647583007812,197.6702880859375,39.17079544067383,84.20166015625
2022-05-26,32.927642822265625,150.23419189453125,156.4110870361328,291.32830810546875,271.4744567871094,116.45256805419922,56.742210388183594,180.54437255859375,341.04095458984375,74.53746032714844,148.1505889892578,142.4093475341797,146.05746459960938,202.2377166748047,40.00583267211914,84.49894714355469
2022-05-27,33.24192810058594,151.67196655273438,161.84854125976562,295.7841796875,276.539794921875,118.09894561767578,57.07755661010742,184.3301239013672,348.7313232421875,75.80897521972656,149.59634399414062,145.847412109375,149.45547485351562,206.43667602539062,40.793251037597656,85.32958984375
2022-05-31,33.403560638427734,148.59225463867188,165.46612548828125,296.0288391113281,271.4206848144531,118.96261596679688,55.93033981323242,180.33200073242188,348.81903076171875,75.5371322631836,146.09530639648438,141.25750732421875,149.2261962890625,205.74815368652344,40.84088134765625,83.9393310546875
2022-06-01,32.927642822265625,150.00448608398438,161.1117401123047,291.50030517578125,268.1186828613281,116.87541961669922,55.656776428222656,177.0263671875,348.029541015625,74.53746032714844,144.99794006347656,136.58033752441406,147.57223510742188,203.57594299316406,39.831214904785156,85.54817962646484
2022-06-02,33.1443977355957,149.73226928710938,163.21157836914062,293.6739807128906,275.94964599609375,118.75568389892578,56.23920822143555,181.09835815429688,353.8973693847656,74.71282958984375,146.17306518554688,140.41107177734375,150.71644592285156,208.54095458984375,40.485260009765625,85.39955139160156
2022-06-03,32.683799743652344,151.0934295654297,161.1338653564453,288.62921142578125,275.23687744140625,117.10031127929688,55.56854248046875,180.470458984375,348.7703552246094,73.76577758789062,144.5682373046875,140.52455139160156,151.87911987304688,206.21359252929688,39.7899284362793,86.64112854003906
2022-06-06,32.64767837524414,150.43838500976562,164.19151306152344,290.2867126464844,274.1632995605469,116.71345520019531,55.48029327392578,181.68930053710938,351.03173828125,74.42346954345703,145.17333984375,139.3290557861328,153.20559692382812,206.49481201171875,39.64705276489258,86.42253875732422
2022-06-07,32.828304290771484,153.305419921875,163.10108947753906,291.1923522949219,272.2507019042969,117.01935577392578,55.81562805175781,180.65513610839844,354.8135986328125,74.82682800292969,146.06784057617188,136.109130859375,151.89547729492188,208.00759887695312,39.17079544067383,90.38343811035156
2022-06-08,32.412864685058594,154.0966339111328,160.006591796875,285.00640869140625,268.4254150390625,115.15705108642578,55.49794387817383,177.70045471191406,353.166259765625,72.95901489257812,145.33995056152344,136.73739624023438,146.92539978027344,207.03787231445312,38.83106231689453,91.45016479492188
2022-06-09,31.166568756103516,151.02537536621094,159.8813018798828,275.5328063964844,270.52752685546875,112.73694610595703,54.53605270385742,179.39016723632812,340.1734619140625,71.17011260986328,142.7528839111328,134.86131286621094,144.55905151367188,199.87159729003906,38.424659729003906,89.47409057617188
2022-06-10,29.956384658813477,149.2218017578125,152.34408569335938,259.9546813964844,260.9463195800781,107.55489349365234,54.19189453125,172.04945373535156,326.2838134765625,67.87293243408203,142.52490234375,130.60299682617188,141.69325256347656,193.47129821777344,38.64054870605469,87.83902740478516
2022-06-13,28.91780662536621,142.3562469482422,148.07810974121094,256.6035461425781,255.46112060546875,104.35205841064453,54.130126953125,167.36801147460938,311.6534118652344,65.92619323730469,140.08692932128906,126.36212921142578,141.42306518554688,186.4407501220703,37.91346740722656,83.80818176269531
2022-06-14,28.412059783935547,142.54339599609375,169.42262268066406,255.89710998535156,251.41033935546875,102.61571502685547,52.645774841308594,164.302490234375,313.9927978515625,65.73326873779297,136.9122772216797,124.52093505859375,142.60211181640625,187.6626434326172,37.92934036254883,84.02677917480469
2022-06-15,28.944900512695312,139.74441528320312,171.50772094726562,262.7170715332031,252.36669921875,103.83026123046875,53.0368537902832,165.2904510498047,317.1604919433594,66.66279602050781,138.3768310546875,128.6570587158203,144.0104522705078,190.2227325439453,37.903934478759766,82.96880340576172
2022-06-16,28.764278411865234,132.27481079101562,166.00396728515625,258.10699462890625,246.70999145507812,102.04893493652344,52.5035514831543,158.45761108398438,300.97064208984375,64.84757232666016,137.7103271484375,124.68669891357422,140.9890899658203,183.32791137695312,38.29765319824219,79.90850830078125
2022-06-17,28.82749366760254,126.2344970703125,169.38577270507812,253.40647888183594,244.24705505371094,101.6890640258789,52.823543548583984,159.251708984375,302.83233642578125,63.92683792114258,137.7366485595703,121.55406951904297,140.0720672607422,184.25888061523438,37.5578498840332,75.30059814453125
2022-06-21,29.667394638061523,131.5176544189453,169.8426055908203,257.9530029296875,242.86668395996094,104.20812225341797,53.95235824584961,159.16859436035156,309.3725891113281,65.44386291503906,140.9375762939453,126.26618194580078,142.8805389404297,188.50631713867188,38.78978729248047,79.98721313476562
2022-06-22,29.441614151000977,125.80059814453125,168.7374267578125,257.70855712890625,242.66824340820312,103.62335205078125,54.35233688354492,160.29510498046875,308.1542663574219,65.2421875,142.0951690673828,122.8717041015625,144.23153686523438,187.9535675048828,38.31987762451172,76.82199096679688
2022-06-23,28.97199249267578,121.17252349853516,168.0816650390625,259.1849060058594,248.47828674316406,102.48977661132812,55.001182556152344,162.8158416748047,308.74884033203125,64.86512756347656,143.9105224609375,128.1073455810547,146.26214599609375,190.688232421875,39.25017166137695,74.50491333007812
2022-06-24,29.179706573486328,123.16329193115234,180.12246704101562,274.2013854980469,255.3167724609375,105.54863739013672,56.03223419189453,168.826904296875,322.141357421875,68.24124145507812,145.69076538085938,131.25746154785156,150.08595275878906,199.28973388671875,39.28192901611328,75.98259735107422
2022-06-27,29.215831756591797,125.54539489746094,178.07122802734375,272.4172058105469,255.0371551513672,104.70294189453125,55.916683197021484,170.1011505126953,320.5135498046875,67.90799713134766,145.8836669921875,130.55062866210938,148.86593627929688,197.3987274169922,39.40892028808594,77.8449935913086
2022-06-28,29.134553909301758,127.56166076660156,177.78981018066406,271.2488098144531,243.7237548828125,104.19915771484375,55.356719970703125,161.3292694091797,310.2401123046875,68.53937530517578,143.83155822753906,126.10907745361328,147.3184051513672,192.12339782714844,38.8532829284668,80.00469970703125
2022-06-29,28.773305892944336,125.04344177246094,173.13941955566406,274.6814270019531,247.0799102783203,103.73131561279297,55.75669479370117,162.60350036621094,314.4313659667969,68.565673828125,146.2169189453125,123.82284545898438,148.30918884277344,193.46163940429688,38.710411071777344,77.0493392944336
2022-06-30,28.114028930664062,123.17178344726562,167.88177490234375,269.0117492675781,247.4407196044922,101.31121063232422,55.916683197021484,161.28309631347656,307.50115966796875,66.69786071777344,146.15554809570312,123.23819732666016,149.4636688232422,190.9306182861328,38.60245895385742,74.8808822631836
2022-07-01,28.50237464904785,124.64359283447266,165.58616638183594,271.0132751464844,251.78024291992188,102.60673522949219,57.2232780456543,163.7669219970703,310.1913146972656,67.30294036865234,148.54966735839844,124.24170684814453,151.46969604492188,193.1513214111328,38.93583679199219,76.5509262084961
2022-07-05,28.21337890625,121.36821746826172,170.0292510986328,269.1747741699219,255.97543334960938,102.21644592285156,56.24555587768555,166.0937957763672,311.1856384277344,66.74171447753906,148.21640014648438,127.14746856689453,151.17494201660156,194.4701385498047,39.450199127197266,74.15516662597656
2022-07-06,27.97856330871582,119.76876068115234,168.6296844482422,266.05914306640625,255.84002685546875,101.55388641357422,56.36110305786133,165.3365936279297,312.0726013183594,66.16294860839844,149.69847106933594,126.36212921142578,151.61709594726562,195.03260803222656,39.72960662841797,72.81737518310547
2022-07-07,28.773305892944336,122.09986114501953,171.31776428222656,270.4427185058594,258.64581298828125,104.12246704101562,55.916683197021484,167.6542510986328,316.3580017089844,67.5134048461914,149.40032958984375,130.85606384277344,152.45230102539062,196.66175842285156,39.7899284362793,75.1432113647461
2022-07-08,28.71009063720703,121.4617919921875,170.68089294433594,268.5135803222656,258.4473571777344,103.79571533203125,56.121116638183594,167.70965576171875,315.3721008300781,67.285400390625,150.7333221435547,129.13702392578125,151.805419921875,197.408447265625,39.81532669067383,75.2656021118164
2022-07-11,28.412059783935547,120.38983917236328,166.01565551757812,265.5337829589844,258.37518310546875,102.43428802490234,55.9433479309082,166.30615234375,316.4752197265625,66.48741912841797,149.4967803955078,127.74083709716797,151.18316650390625,198.85336303710938,39.831214904785156,74.8808822631836
2022-07-12,28.321748733520508,118.18638610839844,165.11964416503906,264.9451904296875,257.2294006347656,102.53413391113281,55.703365325927734,167.12794494628906,315.17681884765625,66.59264373779297,148.64613342285156,126.14398956298828,146.86807250976562,198.62060546875,39.71055221557617,73.88412475585938
2022-07-13,27.852128982543945,117.39517211914062,160.047119140625,262.78955078125,259.087890625,101.57202911376953,55.44560241699219,168.39292907714844,315.6747741699219,65.75079345703125,149.1723175048828,126.91188049316406,145.68084716796875,197.9709014892578,39.80580139160156,74.18138122558594
2022-07-14,27.21091651916504,115.6511459350586,158.68458557128906,255.03672790527344,261.1629333496094,98.02322387695312,55.267826080322266,168.66073608398438,317.2952575683594,65.49650573730469,149.94406127929688,127.6535873413086,145.9755859375,199.6776580810547,40.58369064331055,72.69496154785156
2022-07-15,29.12552261352539,117.10592651367188,161.30601501464844,266.1588134765625,263.8063659667969,102.51596069335938,55.5522575378418,170.8214111328125,324.6557922363281,68.44290924072266,150.06680297851562,127.98519134521484,149.50460815429688,203.68260192871094,40.98058319091797,73.91909790039062
2022-07-18,29.134553909301758,118.74787139892578,161.41708374023438,272.8518981933594,264.3836975097656,101.46311950683594,54.796756744384766,171.5508270263672,323.1329345703125,69.15322875976562,147.55868530273438,130.33250427246094,147.4494171142578,200.93829345703125,40.88532638549805,75.28311157226562
2022-07-19,30.11895179748535,123.02715301513672,166.93389892578125,288.05865478515625,270.50042724609375,103.97722625732422,55.57891845703125,175.3024139404297,332.2799377441406,71.59980010986328,149.13723754882812,133.82293701171875,152.14114379882812,207.19302368164062,41.13615036010742,77.18047332763672
2022-07-20,30.127986907958984,124.652099609375,168.58526611328125,291.13800048828125,272.7288513183594,103.9590835571289,54.66342544555664,177.3917694091797,333.1487731933594,71.7401123046875,147.55868530273438,136.56288146972656,152.99269104003906,206.9118194580078,41.479061126708984,78.02861022949219
2022-07-21,30.389890670776367,123.69925689697266,168.58526611328125,295.748046875,275.16473388671875,104.66702270507812,54.53899002075195,179.74118041992188,338.6643981933594,72.80117797851562,147.77793884277344,138.44773864746094,153.12368774414062,209.64646911621094,42.08549880981445,76.72582244873047
2022-07-22,30.191200256347656,122.66985321044922,168.3186798095703,293.3841247558594,276.5992431640625,104.15875244140625,54.74342727661133,181.61692810058594,335.6966247558594,72.28379821777344,148.7425994873047,137.64491271972656,153.91790771484375,207.23184204101562,41.97755432128906,76.13997650146484
2022-07-25,30.462129592895508,126.31958770751953,168.96292114257812,293.5562744140625,276.2022399902344,104.5762710571289,55.276729583740234,180.8926239013672,336.018798828125,72.3890380859375,148.95309448242188,137.42678833007812,153.8606414794922,207.78457641601562,41.917232513427734,78.6756591796875
2022-07-26,29.84801483154297,125.33270263671875,166.51922607421875,288.5114440917969,269.0118408203125,102.94253540039062,56.183326721191406,175.13523864746094,333.1585388183594,70.84564971923828,150.68946838378906,132.47036743164062,148.63665771484375,206.0584716796875,38.72945785522461,78.36961364746094
2022-07-27,30.335702896118164,126.98316192626953,168.5630340576172,293.9366760253906,269.67047119140625,104.59442138671875,56.00556945800781,176.3610382080078,335.1011962890625,72.35394287109375,150.47898864746094,134.9049530029297,150.57720947265625,204.099609375,40.19316101074219,80.06587982177734
2022-07-28,30.091856002807617,127.94454193115234,170.17733764648438,298.07568359375,270.32000732421875,104.20413970947266,56.9388427734375,177.17820739746094,344.0626525878906,73.42948913574219,153.3291015625,139.11090087890625,154.13082885742188,204.9529571533203,41.19648742675781,81.00147247314453
2022-07-29,30.534381866455078,139.33604431152344,172.6062469482422,301.9521179199219,271.5018310546875,104.70332336425781,57.036617279052734,177.8560791015625,345.3708190917969,74.62454986572266,153.43438720703125,142.56642150878906,159.57582092285156,205.68995666503906,41.9267463684082,84.75251007080078
2022-08-01,30.444074630737305,136.55409240722656,176.02001953125,300.7655944824219,275.90447998046875,103.65955352783203,57.34770965576172,180.2332763671875,342.1982116699219,74.43864440917969,155.17953491210938,144.4600067138672,159.9442901611328,204.96266174316406,42.082332611083984,82.61032104492188
2022-08-02,29.838985443115234,135.3885955810547,172.73953247070312,296.961669921875,271.2944030761719,102.04399871826172,56.56553268432617,174.53167724609375,340.7046203613281,73.94292449951172,153.899169921875,142.6537322998047,158.46229553222656,200.01702880859375,42.12678527832031,82.25182342529297
2022-08-03,30.380849838256836,132.1727294921875,172.68028259277344,301.7528991699219,276.4007263183594,103.11498260498047,56.81440734863281,181.46835327148438,345.7027587890625,75.28845977783203,155.07427978515625,146.528076171875,158.37217712402344,202.16981506347656,41.43462371826172,79.5849838256836
2022-08-04,30.164112091064453,128.58253479003906,174.83522033691406,300.57537841796875,277.1225280761719,101.98046875,56.59220504760742,183.08413696289062,347.5965576171875,75.56287384033203,154.232421875,145.34132385253906,159.2729034423828,207.0087890625,39.86931228637695,76.23616790771484
2022-08-05,30.669851303100586,130.70947265625,173.9391632080078,303.11138916015625,279.3959655761719,105.06637573242188,56.334434509277344,184.86703491210938,349.0023498535156,76.2445297241211,153.0748291015625,144.9661102294922,161.1069793701172,209.33612060546875,40.18999099731445,77.33786010742188
2022-08-08,30.245384216308594,130.5137939453125,169.5923614501953,303.1204528808594,281.45294189453125,103.78663635253906,55.97002029418945,187.4300079345703,343.77960205078125,76.15597534179688,152.4609375,145.69908142089844,160.55841064453125,206.86334228515625,40.51702117919922,77.77503967285156
2022-08-09,30.633731842041016,132.2152557373047,166.59326171875,304.8775329589844,275.35418701171875,104.72148132324219,56.04113006591797,181.26402282714844,338.2933349609375,76.4481201171875,153.0309600830078,144.08474731445312,161.0169219970703,203.8959503173828,40.91707992553711,79.20901489257812
2022-08-10,31.67230987548828,132.56410217285156,172.13232421875,315.1029052734375,281.1011047363281,107.45344543457031,56.574424743652344,187.04930114746094,344.9705505371094,78.68773651123047,154.2938232421875,148.05511474609375,165.700439453125,205.68026733398438,41.002803802490234,79.96096801757812
2022-08-11,32.430931091308594,135.79693603515625,169.7552947998047,318.51739501953125,280.2981262207031,109.04176330566406,56.192230224609375,187.7457275390625,342.2372131347656,79.84736633300781,153.5045166015625,147.99407958984375,167.3871612548828,205.05369567871094,41.39822769165039,82.27407836914062
2022-08-12,32.78314971923828,135.9926300048828,170.8216094970703,320.4555969238281,284.0873107910156,110.84793853759766,56.618873596191406,191.72946166992188,345.8394470214844,81.13982391357422,155.51278686523438,150.50711059570312,169.0205841064453,205.29653930664062,42.1635627746582,82.98920440673828
2022-08-15,32.73798751831055,133.4063262939453,172.69508361816406,322.294189453125,283.83465576171875,111.14745330810547,57.32994079589844,193.18739318847656,351.38421630859375,81.45848846435547,157.22283935546875,151.3012237548828,169.83724975585938,210.24122619628906,42.28474044799805,81.5059814453125
2022-08-16,33.0902099609375,133.06602478027344,176.40504455566406,321.4971618652344,295.35546875,112.2093505859375,57.801021575927734,198.83328247070312,350.70086669921875,81.28144073486328,158.1349639892578,158.220458984375,170.2249755859375,210.94068908691406,44.44363021850586,80.7467269897461
2022-08-17,32.88249206542969,134.16346740722656,172.85060119628906,320.3831481933594,293.8940124511719,111.26544189453125,57.667694091796875,199.9940185546875,346.8742370605469,80.86538696289062,158.04721069335938,153.96180725097656,169.09478759765625,208.39547729492188,44.491458892822266,81.4000473022461
2022-08-18,32.76508331298828,136.51573181152344,173.92434692382812,321.0895690917969,293.3977966308594,110.40321350097656,57.96989440917969,201.0155029296875,348.85589599609375,81.20178985595703,158.205078125,151.95103454589844,171.62738037109375,209.1046600341797,44.34794998168945,83.32467651367188
2022-08-19,32.0425910949707,135.37393188476562,171.59913635253906,316.3347473144531,289.8882751464844,107.67124938964844,57.925453186035156,196.27035522460938,345.8491516113281,79.6791763305664,158.00338745117188,146.6737518310547,171.9407958984375,206.7440185546875,43.69423294067383,83.05982971191406
2022-08-22,31.356218338012695,134.6957550048828,165.5565643310547,310.1305847167969,281.66943359375,105.8923110961914,57.06328201293945,194.9981689453125,337.28790283203125,78.30708312988281,156.49497985839844,142.21315002441406,170.26620483398438,202.65420532226562,42.91294860839844,82.99803161621094
2022-08-23,31.076250076293945,139.06544494628906,166.80799865722656,308.101806640625,276.87890625,104.84854125976562,57.1254997253418,192.65805053710938,332.7778015136719,78.16545104980469,156.42478942871094,142.22193908691406,169.3340301513672,200.8958740234375,42.7311897277832,86.5206527709961
2022-08-24,31.175601959228516,140.09561157226562,167.40042114257812,309.6959228515625,277.97052001953125,105.10269165039062,57.20549774169922,193.5309600830078,331.6258850097656,78.4310073852539,157.20533752441406,143.240478515625,167.4944305419922,200.7696075439453,43.04051208496094,87.03271484375
2022-08-25,31.735532760620117,141.32325744628906,168.8592071533203,313.8167724609375,279.47711181640625,107.59864044189453,57.48103713989258,195.89891052246094,336.4679260253906,79.59068298339844,157.214111328125,147.0776824951172,169.11131286621094,203.8296661376953,43.327510833740234,87.48296356201172
2022-08-26,30.73306655883789,140.2844696044922,161.5503692626953,304.6782531738281,268.9397277832031,104.07706451416016,56.094451904296875,186.6406707763672,324.0602111816406,76.8464584350586,153.5045166015625,141.0364990234375,164.1039581298828,197.0975341796875,41.96585464477539,86.40587615966797
2022-08-29,30.61566734313965,141.33181762695312,160.4914093017578,302.4321594238281,267.3338317871094,103.82292938232422,55.75669479370117,186.7150115966797,321.5124206542969,75.55403137207031,153.022216796875,139.34182739257812,162.7345733642578,196.55348205566406,42.37403106689453,88.39232635498047
2022-08-30,30.787260055541992,137.88929748535156,158.0847625732422,302.1694641113281,264.42877197265625,103.84110260009766,55.24117660522461,183.1398468017578,320.00909423828125,74.73963165283203,151.7067413330078,141.17706298828125,160.90322875976562,195.6305694580078,42.24646759033203,85.02860260009766
2022-08-31,30.353761672973633,135.6915740966797,156.1075897216797,303.5748291015625,261.9043273925781,103.22391510009766,54.85007095336914,180.2797393798828,316.65093994140625,75.43895721435547,151.07530212402344,140.79063415527344,160.45773315429688,193.03683471679688,42.268798828125,84.39293670654297
2022-09-01,30.426490783691406,133.52822875976562,157.74562072753906,304.33221435546875,266.3992614746094,103.93185424804688,55.107845306396484,181.7840576171875,317.5100402832031,76.2799072265625,152.6027069091797,144.7420196533203,162.19009399414062,194.41629028320312,42.88425827026367,82.87442779541016
2022-09-02,30.39012336730957,135.51132202148438,155.40768432617188,302.4888610839844,265.0644226074219,103.20574188232422,54.35233688354492,181.5519256591797,314.8840026855469,76.48353576660156,150.669189453125,144.53125,161.72813415527344,192.11395263671875,42.412288665771484,84.39293670654297
2022-09-06,30.053773880004883,134.88462829589844,152.0198974609375,297.935302734375,262.92138671875,103.23298645019531,54.37900161743164,179.18399047851562,316.3678894042969,75.3592758178711,149.65390014648438,143.63563537597656,161.6539306640625,192.96888732910156,42.20183563232422,83.82792663574219
2022-09-07,30.51739501953125,133.15908813476562,150.12123107910156,301.6492614746094,270.122314453125,105.19343566894531,55.38337707519531,186.92857360839844,320.79974365234375,76.89073181152344,152.955810546875,149.96653747558594,161.92611694335938,194.69801330566406,43.286048889160156,83.11278533935547
2022-09-08,31.499187469482422,133.88018798828125,151.05189514160156,306.04779052734375,272.3289489746094,107.64403533935547,55.214508056640625,189.78866577148438,322.21533203125,78.28939056396484,152.44374084472656,150.94119262695312,161.7941131591797,194.979736328125,43.50608444213867,83.7926025390625
2022-09-09,31.762819290161133,137.331298828125,155.66830444335938,310.3549499511719,272.2109375,108.16138458251953,55.39228057861328,190.9679718017578,327.8576965332031,79.19231414794922,152.92930603027344,152.47781372070312,163.9059600830078,199.34158325195312,43.63683319091797,85.19635009765625
2022-09-12,32.062808990478516,139.5032501220703,159.21990966796875,312.6180725097656,270.18597412109375,109.44111633300781,55.5522575378418,191.66444396972656,330.3666076660156,79.80311584472656,153.52969360351562,152.65345764160156,165.1268310546875,200.7307586669922,44.02906799316406,86.17633819580078
2022-09-13,30.908292770385742,136.85055541992188,152.89100646972656,299.66912841796875,252.37879943847656,105.63818359375,53.747920989990234,179.80613708496094,317.69549560546875,77.05890655517578,147.79986572265625,145.97128295898438,158.9728546142578,193.96945190429688,43.1202278137207,84.16339111328125
2022-09-14,30.79011344909668,140.16429138183594,152.6453094482422,298.637939453125,250.93487548828125,105.39311981201172,54.03235626220703,178.65467834472656,318.0957336425781,77.17398071289062,148.92112731933594,145.21612548828125,157.52923583984375,193.7168426513672,43.024566650390625,86.22930908203125
2022-09-15,31.371915817260742,137.88929748535156,152.5410614013672,302.61663818359375,246.5762176513672,106.9814682006836,53.29819107055664,177.40106201171875,309.4171447753906,78.13004302978516,146.44912719726562,144.89129638671875,152.61264038085938,189.7921905517578,42.56217575073242,83.72196960449219
2022-09-16,31.01738166809082,134.30943298339844,119.89148712158203,297.6797180175781,250.59896850585938,106.26445007324219,53.307151794433594,178.11607360839844,307.6308288574219,77.39530181884766,147.4114227294922,144.0834503173828,145.77394104003906,187.78131103515625,42.47288131713867,82.29173278808594
2022-09-19,31.535554885864258,134.6957550048828,121.291259765625,299.91552734375,254.6398162841797,107.24466705322266,53.71004104614258,181.17120361328125,306.55706787109375,78.53723907470703,148.9652862548828,144.67173767089844,148.51272583007812,187.61618041992188,42.836421966552734,82.28289794921875
2022-09-20,31.062835693359375,134.16348266601562,117.19609832763672,294.98779296875,248.9644317626953,105.12991333007812,53.62946319580078,176.81602478027344,305.8150634765625,77.18285369873047,149.13304138183594,140.51844787597656,144.9242401123047,186.58644104003906,42.587684631347656,81.6119384765625
2022-09-21,30.13558578491211,133.07322692871094,114.1061019897461,292.6608581542969,246.6033935546875,102.09846496582031,53.18180465698242,174.91236877441406,297.2537841796875,76.4481201171875,148.70925903320312,139.640380859375,143.39816284179688,181.68057250976562,42.97673797607422,80.29646301269531
2022-09-22,29.54469871520996,132.97019958496094,115.06661224365234,285.5521545410156,244.39691162109375,100.93669128417969,53.056461334228516,174.6894989013672,291.25982666015625,75.04060363769531,148.8505096435547,134.31044006347656,138.47329711914062,180.48568725585938,42.53666687011719,79.96098327636719
2022-09-23,28.844711303710938,124.28237915039062,111.1874008178711,275.5597839355469,246.0313720703125,99.05792236328125,52.46554946899414,174.69882202148438,286.5936279296875,72.15476989746094,148.77989196777344,134.00314331054688,135.56124877929688,178.70797729492188,41.474761962890625,75.70556640625
2022-09-26,28.2083683013916,121.01155853271484,106.39977264404297,268.8526306152344,242.07223510742188,96.92500305175781,51.811973571777344,172.73944091796875,283.20623779296875,70.60562896728516,148.7180633544922,130.57862854003906,133.43296813964844,175.43417358398438,41.87337112426758,74.14289093017578
2022-09-27,27.79019546508789,121.06307220458984,107.92613983154297,265.89599609375,243.98826599121094,96.07184600830078,50.47794723510742,174.27163696289062,279.6626281738281,70.35777282714844,146.5638885498047,130.36790466308594,135.92425537109375,172.79183959960938,41.758575439453125,75.69674682617188
2022-09-28,28.244726181030273,125.14940643310547,111.6788101196289,274.4830017089844,256.24713134765625,98.01416015625,51.01512908935547,180.64190673828125,283.27459716796875,72.11936950683594,148.91232299804688,136.86563110351562,137.86282348632812,174.06443786621094,42.44736862182617,78.45127868652344
2022-09-29,27.872011184692383,124.28237915039062,113.4062271118164,270.2123107910156,252.74205017089844,96.35320281982422,50.64805603027344,176.86245727539062,279.9456787109375,70.69415283203125,147.09359741210938,133.28311157226562,136.37796020507812,174.91928100585938,42.17312240600586,78.29234313964844
2022-09-30,27.453840255737305,123.33805084228516,110.54704284667969,267.41986083984375,250.57177734375,94.84657287597656,50.15563201904297,174.40164184570312,277.5735778808594,69.94169616699219,144.13601684570312,130.29763793945312,133.2596893310547,172.578125,41.359954833984375,77.08284759521484
2022-10-03,28.262907028198242,130.2574005126953,112.77333068847656,272.9864501953125,257.6182861328125,97.77818298339844,50.719688415527344,180.075439453125,283.5674133300781,71.15446472167969,145.8928985595703,133.28311157226562,134.53834533691406,176.46388244628906,42.262420654296875,81.15282440185547
2022-10-04,29.435604095458984,135.3224639892578,118.47677612304688,287.3315734863281,262.9396057128906,102.35258483886719,50.83607864379883,183.32557678222656,294.1007080078125,74.33241271972656,147.53506469726562,137.82276916503906,139.32296752929688,180.3497314453125,42.810909271240234,84.11042785644531
2022-10-05,29.017431259155273,136.09506225585938,116.80147552490234,281.9749450683594,263.2029113769531,101.0888671875,50.352603912353516,184.8206024169922,296.9609375,73.57113647460938,146.55508422851562,137.33984375,138.53099060058594,182.31202697753906,42.386783599853516,87.50946807861328
2022-10-06,28.599260330200195,138.5760955810547,115.55058288574219,278.0236511230469,263.69329833984375,99.02843475341797,49.26926803588867,185.70281982421875,292.5804443359375,71.97772216796875,143.7299041748047,136.7602996826172,136.60894775390625,180.29144287109375,41.99135208129883,90.10507202148438
2022-10-07,27.95382308959961,137.3828125,114.9698257446289,274.74761962890625,258.1812744140625,97.0504379272461,48.803707122802734,183.13059997558594,288.4151611328125,69.87088775634766,142.6793212890625,133.7660675048828,131.2798614501953,178.5816650390625,40.99642562866211,89.19572448730469
2022-10-10,27.872011184692383,134.9018096923828,114.07634735107422,274.2548828125,256.4923095703125,96.14385986328125,48.696266174316406,180.98548889160156,285.29608154296875,69.41057586669922,142.86473083496094,134.4333953857422,131.77481079101562,176.97874450683594,41.23878479003906,87.26225280761719
2022-10-11,27.062938690185547,134.92755126953125,113.23495483398438,268.4784851074219,256.8827819824219,93.36913299560547,48.77684783935547,182.40618896484375,279.6933898925781,68.16238403320312,143.5445098876953,135.6626739501953,131.5026092529297,174.0255889892578,42.307064056396484,86.5206527709961
2022-10-12,27.14475440979004,135.3310089111328,113.83806610107422,269.4822692871094,254.73069763183594,94.88013458251953,49.36775588989258,180.0290069580078,277.08270263671875,67.80831146240234,149.5479736328125,135.3641357421875,131.56036376953125,173.15126037597656,41.828731536865234,86.9002685546875
2022-10-13,28.808351516723633,141.88983154296875,116.33985900878906,280.2137145996094,256.82830810546875,100.15480041503906,50.021331787109375,179.36968994140625,287.4276123046875,70.21614074707031,154.15650939941406,135.3290252685547,135.008544921875,179.38795471191406,42.18269729614258,89.93732452392578
2022-10-14,28.817441940307617,137.4772186279297,116.86847686767578,273.7529602050781,251.0166778564453,101.82147216796875,49.22450637817383,175.4695587158203,282.2747497558594,66.65752410888672,150.25424194335938,127.92681121826172,133.3751983642578,177.4061737060547,41.592742919921875,87.57125091552734
2022-10-17,30.56285285949707,138.48165893554688,116.88337707519531,279.8852233886719,255.40267944335938,106.09799194335938,49.860191345214844,180.2332763671875,288.48370361328125,68.28633117675781,152.4967041015625,131.0528106689453,135.88299560546875,179.9611358642578,41.89250946044922,88.83374786376953
2022-10-18,31.70827293395996,139.69210815429688,116.37705993652344,286.4007568359375,258.8533020019531,108.82689666748047,50.53166961669922,180.38270568847656,293.70489501953125,70.32234191894531,154.5537872314453,138.059814453125,137.75558471679688,181.82632446289062,42.77582931518555,88.99266052246094
2022-10-19,30.8355712890625,144.22488403320312,113.89019775390625,284.49359130859375,250.16305541992188,106.69322204589844,50.10190963745117,171.7370147705078,291.14312744140625,68.72893524169922,153.05294799804688,136.44419860839844,136.7656707763672,181.0880126953125,42.6546516418457,91.63243103027344
2022-10-20,30.635576248168945,145.0490264892578,111.79049682617188,283.626708984375,244.6873779296875,106.34523010253906,49.31404113769531,166.47120666503906,289.696044921875,67.80831146240234,151.37548828125,135.5748748779297,132.7977294921875,181.8748779296875,42.759883880615234,91.75603485107422
2022-10-21,31.771909713745117,148.68040466308594,114.09123229980469,296.6668701171875,250.19940185546875,111.9312744140625,50.10190963745117,170.27114868164062,295.65069580078125,70.12759399414062,152.78807067871094,139.78086853027344,136.5676727294922,184.9349365234375,43.62407302856445,93.45995330810547
2022-10-24,31.880996704101562,148.62892150878906,115.23043060302734,299.9519958496094,257.21881103515625,112.06861877441406,51.543365478515625,175.16354370117188,298.8088684082031,70.31351470947266,156.86688232421875,142.09022521972656,138.2175750732422,185.26527404785156,44.45637893676758,94.11328887939453
2022-10-25,32.17190170288086,150.17417907714844,116.00479125976562,303.32843017578125,263.57525634765625,112.36165618896484,52.778907775878906,180.9895782470703,304.48980712890625,71.26953125,157.38780212402344,145.58497619628906,137.7638397216797,188.83045959472656,44.66684341430664,93.47761535644531
2022-10-26,32.453704833984375,152.0285186767578,117.6130599975586,306.3306579589844,263.4753112792969,113.65287780761719,53.1728515625,180.70947265625,312.4098205566406,71.62362670898438,158.09410095214844,146.4367218017578,139.4054718017578,197.5249481201172,45.00804901123047,94.59001922607422
2022-10-27,32.608253479003906,152.72386169433594,116.83125305175781,307.69036865234375,264.30169677734375,114.10157012939453,53.29819107055664,180.81214904785156,312.2729187011719,71.42886352539062,157.9263458251953,146.5508270263672,137.34312438964844,198.45751953125,44.87730407714844,94.9520034790039
2022-10-28,32.89006805419922,154.50950622558594,119.40747833251953,311.924560546875,271.19384765625,115.45687866210938,54.3994255065918,185.5458221435547,322.14849853515625,73.48910522460938,160.88392639160156,147.0952606201172,137.904052734375,203.3633575439453,45.444942474365234,97.73302459716797
2022-10-31,32.76279830932617,155.29931640625,119.34048461914062,314.3792724609375,268.9055480957031,115.27372741699219,53.584693908691406,182.01658630371094,320.8870849609375,73.44441223144531,160.31008911132812,144.2239227294922,138.39906311035156,201.24559020996094,45.38753128051758,97.83013153076172
2022-11-01,32.90824508666992,156.43252563476562,117.78430938720703,318.0932922363281,268.84197998046875,117.35245513916016,53.39667510986328,180.70947265625,325.7857971191406,74.82982635498047,159.58607482910156,144.5224609375,138.0937957763672,201.02218627929688,45.18344497680664,98.80130004882812
2022-11-02,32.80824661254883,153.2389678955078,115.0815200805664,319.1974792480469,262.18585205078125,116.27188110351562,52.653568267822266,173.38958740234375,312.71295166015625,75.41081237792969,157.36131286621094,140.667724609375,135.7675018310547,195.21290588378906,44.88368606567383,96.77068328857422
2022-11-03,32.626426696777344,155.49676513671875,115.34955596923828,318.3579406738281,255.62057495117188,116.48250579833984,52.626708984375,167.89035034179688,302.2995910644531,74.74044799804688,156.95518493652344,140.3164825439453,135.29727172851562,189.1898651123047,44.874122619628906,98.08616638183594
2022-11-04,33.44459533691406,157.4626922607422,116.64510345458984,326.6072998046875,257.9179382324219,119.6692886352539,53.056461334228516,170.06573486328125,311.295166015625,75.83982849121094,157.83802795410156,140.16722106933594,136.6831817626953,191.3562469482422,44.95384979248047,99.15443420410156
2022-11-07,33.64457702636719,159.34280395507812,118.56612396240234,330.85064697265625,263.5843200683594,120.30113983154297,53.262386322021484,174.18321228027344,317.9049072265625,76.48336791992188,159.1005096435547,140.37796020507812,139.5209197998047,194.38717651367188,45.425804138183594,100.32862091064453
2022-11-08,33.73548889160156,159.1109619140625,118.78948974609375,332.18292236328125,264.3743591308594,120.37440490722656,53.36087417602539,175.86376953125,318.5111389160156,76.22416687011719,159.5419921875,141.9145965576172,139.24044799804688,196.01919555664062,45.53422927856445,100.64645385742188
2022-11-09,33.19914627075195,152.74961853027344,117.67263793945312,330.3396301269531,260.387939453125,118.8084945678711,52.61775588989258,174.24856567382812,308.6258239746094,74.58849334716797,157.635009765625,134.3367919921875,135.29727172851562,188.8143768310547,44.47551345825195,96.14387512207031
2022-11-10,34.66274642944336,155.64271545410156,123.59943389892578,345.22308349609375,283.0440979003906,123.69857025146484,54.50687026977539,190.76495361328125,329.7751770019531,79.37039947509766,160.41598510742188,144.3380889892578,143.48223876953125,200.14735412597656,45.3971061706543,97.55643463134766
2022-11-11,34.91727828979492,160.07249450683594,130.7548370361328,351.4831237792969,285.9862365722656,123.90003967285156,54.900814056396484,195.15316772460938,331.750244140625,81.14013671875,157.1935577392578,152.1880645751953,148.36990356445312,199.59239196777344,45.467254638671875,100.60233306884766
2022-11-14,34.32638168334961,160.14974975585938,130.12193298339844,348.9188537597656,278.70355224609375,122.62715148925781,54.37256622314453,191.0823974609375,331.8284606933594,80.27313232421875,156.02818298339844,152.13536071777344,148.03683471679688,201.4033203125,44.13111114501953,100.8960189819336
2022-11-15,34.271846771240234,161.4374542236328,131.23880004882812,349.39349365234375,283.2530212402344,121.73886108398438,54.283042907714844,194.98507690429688,335.8764343261719,80.88986206054688,156.43429565429688,158.14373779296875,151.1010284423828,204.4507598876953,47.01705551147461,101.5723876953125
2022-11-16,33.962764739990234,158.81051635742188,127.15106964111328,348.8915710449219,285.958984375,121.9037094116211,54.1845588684082,200.85780334472656,335.1430969238281,80.28207397460938,157.44073486328125,137.37071228027344,147.42901611328125,204.59678649902344,47.35508346557617,100.48662567138672
2022-11-17,33.79003143310547,159.26034545898438,127.72441101074219,346.56451416015625,282.8080749511719,121.37257385253906,54.35466384887695,194.5742645263672,333.68621826171875,79.50445556640625,158.94161987304688,143.14935302734375,146.59634399414062,205.4243927001953,47.19563293457031,100.62010955810547
2022-11-18,33.80821990966797,158.30873107910156,130.09213256835938,346.0353088378906,284.3880920410156,122.56304168701172,54.73965072631836,196.00279235839844,336.052490234375,79.7279052734375,160.08935546875,143.9180450439453,149.01937866210938,205.2393798828125,47.906761169433594,99.74794006347656
2022-11-21,33.91731262207031,156.79476928710938,129.28802490234375,346.9569396972656,287.6570739746094,121.8396224975586,55.58125686645508,196.32020568847656,330.73333740234375,79.62065124511719,163.1705322265625,139.6238555908203,150.38490295410156,200.87757873535156,48.200130462646484,98.76007843017578
2022-11-22,34.08094024658203,160.8175811767578,130.7994842529297,350.2969055175781,295.012451171875,123.66191864013672,55.8229866027832,200.24160766601562,337.29425048828125,80.14798736572266,163.18820190429688,139.4824676513672,152.158447265625,204.7817840576172,48.37233352661133,101.61688995361328
2022-11-23,34.19002914428711,159.39015197753906,131.31326293945312,352.4687194824219,291.9522705078125,124.98058319091797,56.073673248291016,197.0204620361328,340.8924865722656,80.38038635253906,163.40005493164062,144.38636779785156,152.24169921875,206.1448211669922,48.605125427246094,101.10961151123047
2022-11-25,34.271846771240234,158.92294311523438,131.56642150878906,354.85040283203125,296.3745422363281,125.21871948242188,56.12739562988281,196.9738006591797,343.483642578125,81.25633239746094,162.543701171875,144.35984802246094,151.9752655029297,208.15052795410156,48.812408447265625,100.75360107421875
2022-11-28,33.50822448730469,154.30322265625,128.9678192138672,348.9188537597656,289.60040283203125,123.03009033203125,56.1363525390625,195.17181396484375,336.9324951171875,80.34465026855469,162.34947204589844,146.1181640625,149.8020477294922,205.687255859375,48.952720642089844,97.72771453857422
2022-11-29,33.635494232177734,156.6130828857422,132.4003448486328,350.1508483886719,286.9125671386719,125.05387878417969,55.93938064575195,193.70599365234375,335.50494384765625,81.40827178955078,161.20172119140625,147.0017852783203,153.94863891601562,203.54527282714844,48.780517578125,98.37740325927734
2022-11-30,34.408199310302734,158.5855712890625,135.6764373779297,354.6883239746094,295.984130859375,126.53736877441406,57.35499572753906,198.448974609375,348.4800720214844,83.18696594238281,163.7797088623047,147.6202850341797,157.97866821289062,211.27586364746094,48.605125427246094,99.08936309814453
2022-12-01,33.4206657409668,157.87615966796875,134.3585662841797,352.53900146484375,298.7979431152344,124.76082611083984,57.51729202270508,201.1845703125,352.78228759765625,83.1243896484375,165.14779663085938,145.81777954101562,158.3616943359375,211.27586364746094,48.908084869384766,98.6087875366211
2022-12-02,32.99091339111328,156.6130828857422,135.07333374023438,349.5721435546875,299.63836669921875,123.7718276977539,58.02222442626953,200.58702087402344,352.0586853027344,82.31995391845703,164.96121215820312,145.04904174804688,157.695556640625,211.91844177246094,48.86023712158203,97.772216796875
2022-12-05,31.518756866455078,152.7459716796875,131.49192810058594,341.2687072753906,292.4121398925781,120.30113983154297,57.228755950927734,192.50155639648438,348.17694091796875,80.27313232421875,162.67813110351562,136.8936004638672,150.84283447265625,208.0434112548828,48.359580993652344,95.09339904785156
2022-12-06,30.17461585998535,148.80967712402344,128.84869384765625,333.3418273925781,290.009521484375,120.50260162353516,57.20171356201172,188.5148468017578,339.8071594238281,78.21736907958984,161.35446166992188,136.99961853027344,145.7969970703125,203.5647735595703,47.798343658447266,92.45018768310547
2022-12-07,29.936874389648438,149.25088500976562,128.27537536621094,330.595458984375,292.4761047363281,120.42020416259766,57.291873931884766,193.1644744873047,339.6995849609375,78.01178741455078,161.84304809570312,135.85977172851562,145.43896484375,202.32826232910156,47.54960632324219,92.24549102783203
2022-12-08,29.66255760192871,150.1333465576172,127.99989318847656,328.9053649902344,296.07550048828125,121.6839370727539,57.53532409667969,190.0553741455078,343.3662414550781,79.2720718383789,163.2644500732422,136.25738525390625,149.56887817382812,203.58425903320312,47.62322998046875,92.93077850341797
2022-12-09,29.607694625854492,145.34054565429688,129.17677307128906,329.8790283203125,292.77752685546875,121.02460479736328,56.93120574951172,188.38412475585938,341.0782470703125,79.96924591064453,162.6603546142578,134.5520782470703,147.9119110107422,203.1947784423828,46.51250076293945,92.14759826660156
2022-12-12,29.92772674560547,146.85452270507812,132.95465087890625,333.5898132324219,299.6292419433594,122.90186309814453,57.679595947265625,191.4745330810547,350.2107238769531,81.44404602050781,163.43324279785156,132.56402587890625,151.98358154296875,208.92941284179688,47.37995529174805,94.41703033447266
2022-12-13,29.94601821899414,150.1246795654297,132.58734130859375,338.65093994140625,304.11480712890625,122.7828140258789,57.697628021240234,197.20721435546875,349.2134094238281,82.86518096923828,163.34437561035156,133.30624389648438,153.0826873779297,207.4202880859375,47.2103157043457,95.44939422607422
2022-12-14,29.51625633239746,149.08651733398438,133.4793701171875,331.0179138183594,304.6081848144531,122.16928100585938,57.697628021240234,198.0381622314453,349.56536865234375,80.88986206054688,162.8913116455078,134.7552947998047,153.46571350097656,207.69293212890625,46.94783401489258,94.7463150024414
2022-12-15,29.0499267578125,147.97055053710938,129.806396484375,321.3275451660156,299.2821044921875,119.13818359375,56.9041633605957,194.21949768066406,338.5556640625,78.46764373779297,160.12850952148438,130.4169464111328,150.884521484375,202.42562866210938,46.52851486206055,93.83855438232422
2022-12-16,28.985918045043945,145.96343994140625,128.71949768066406,318.131103515625,295.39031982421875,118.39640808105469,56.57956314086914,192.46420288085938,338.1546630859375,77.63639068603516,160.2084503173828,129.40078735351562,148.37823486328125,201.4325408935547,45.69307327270508,93.17997741699219
2022-12-19,29.315093994140625,146.9669952392578,126.51566314697266,316.5328063964844,289.8998107910156,119.10153198242188,56.660709381103516,189.69125366210938,333.6765441894531,76.46550750732422,161.09683227539062,127.81036376953125,148.56971740722656,199.41714477539062,45.709075927734375,93.59825897216797
2022-12-20,29.4339599609375,149.3806610107422,123.19501495361328,316.4225769042969,287.62506103515625,119.67845916748047,56.61563491821289,187.5345001220703,335.3289794921875,76.11691284179688,160.9990997314453,126.57334899902344,144.57301330566406,199.94287109375,46.109195709228516,94.95101928710938
2022-12-21,29.88201141357422,151.1368408203125,127.4227066040039,321.6306457519531,291.7543640136719,121.02460479736328,57.52630615234375,189.00035095214844,338.0080261230469,77.64533996582031,162.1273651123047,125.73392486572266,147.11257934570312,201.35459899902344,46.47089385986328,96.1702651977539
2022-12-22,29.616838455200195,148.87026977539062,131.6953582763672,317.4237976074219,288.7944030761719,119.65098571777344,57.111549377441406,185.93797302246094,333.93072509765625,77.19842529296875,160.87472534179688,124.89451599121094,146.22166442871094,199.6508331298828,45.92675018310547,94.2301254272461
2022-12-23,29.689992904663086,153.47267150878906,131.8752899169922,317.35955810546875,291.1788330078125,120.21875,57.54433822631836,188.48684692382812,335.9644775390625,76.96603393554688,161.91412353515625,126.48497009277344,147.38734436035156,200.40049743652344,46.01956558227539,96.72203826904297
2022-12-27,29.744850158691406,155.4019012451172,132.71481323242188,314.10797119140625,291.9279479980469,120.63998413085938,57.89598846435547,188.32814025878906,338.4676208496094,76.02753448486328,162.63369750976562,128.60557556152344,147.32077026367188,200.8483428955078,46.032371520996094,98.06591033935547
2022-12-28,29.96430206298828,153.1093292236328,129.71644592285156,313.0975036621094,288.4381103515625,121.29931640625,57.31892776489258,186.78759765625,334.35113525390625,75.49124145507812,161.46104431152344,128.82647705078125,144.55633544921875,199.5826416015625,45.225738525390625,96.4550552368164
2022-12-29,30.302621841430664,154.26861572265625,131.59042358398438,315.448974609375,292.713623046875,121.99525451660156,57.66156005859375,188.8415985107422,340.4720458984375,76.18842315673828,161.66537475585938,131.09725952148438,146.33822631835938,202.5716552734375,45.501014709472656,97.18482971191406
2022-12-30,30.284339904785156,155.2808074951172,129.8289031982422,315.40301513671875,288.55682373046875,122.80113983154297,57.35499572753906,186.02197265625,340.002685546875,75.99178314208984,160.4927520751953,131.6892852783203,144.74786376953125,202.27957153320312,45.385780334472656,98.163818359375
2023-01-03,30.640941619873047,150.52264404296875,132.87973022460938,318.0116882324219,288.6025695800781,123.73516082763672,56.75989532470703,185.83523559570312,339.09332275390625,76.61744689941406,159.3822784423828,134.0660858154297,145.9468994140625,201.91934204101562,45.96515655517578,94.79081726074219
2023-01-04,31.217010498046875,148.92214965820312,136.01300048828125,319.37109375,292.0923767089844,124.8890151977539,56.73284149169922,188.02935791015625,347.2578125,77.4487075805664,158.9914093017578,134.9408416748047,147.4706573486328,207.00164794921875,46.01636505126953,95.06670379638672
2023-01-05,31.15300178527832,151.60403442382812,135.88555908203125,315.7521057128906,288.20062255859375,124.86136627197266,56.083648681640625,187.45050048828125,343.95294189453125,76.79622650146484,157.3301239013672,136.30157470703125,144.74786376953125,205.5412139892578,45.85952377319336,97.19373321533203
2023-01-06,31.46388816833496,152.7459716796875,139.251220703125,319.7200622558594,290.08258056640625,127.25066375732422,57.16564178466797,187.63719177246094,360.0830383300781,78.26204681396484,160.8836212158203,141.50587463378906,149.00271606445312,212.00607299804688,46.9830436706543,98.36849212646484
2023-01-09,30.9884090423584,151.55210876464844,142.22708129882812,324.2392272949219,290.3383483886719,126.72479248046875,56.45332336425781,186.208740234375,363.3149719238281,78.33354949951172,159.31118774414062,138.1482696533203,151.28416442871094,212.83363342285156,46.39727783203125,96.53514862060547
2023-01-10,31.19872283935547,152.2960968017578,141.47750854492188,328.24395751953125,292.91455078125,127.8594970703125,56.020530700683594,188.0386962890625,363.3541564941406,79.47762298583984,157.99639892578125,137.81248474121094,148.85284423828125,215.25794982910156,46.36846923828125,97.97688293457031
2023-01-11,31.436466217041016,151.5694122314453,144.0710906982422,334.783935546875,300.5611267089844,128.80970764160156,55.91232681274414,194.75169372558594,370.0627746582031,79.93350219726562,158.17410278320312,140.46324157714844,151.73382568359375,216.24134826660156,46.774986267089844,99.11605834960938
2023-01-12,31.518756866455078,153.19586181640625,143.8386993408203,339.7990417480469,301.3558654785156,128.68055725097656,55.19099807739258,196.31089782714844,371.97247314453125,80.91667175292969,156.15748596191406,141.15243530273438,152.33331298828125,217.72120666503906,46.35246658325195,100.76251220703125
2023-01-13,32.213687896728516,153.6111297607422,141.39505004882812,343.5283508300781,302.580078125,131.92774963378906,55.38936233520508,198.08482360839844,367.7710876464844,81.92668914794922,155.67779541015625,145.43783569335938,151.66720581054688,217.1759796142578,46.506103515625,100.70022583007812
2023-01-17,31.56447410583496,156.1459503173828,141.020263671875,321.41021728515625,299.2181396484375,129.88900756835938,55.614784240722656,195.61996459960938,367.2617492675781,86.77113342285156,156.40625,143.22886657714844,149.04432678222656,217.11756896972656,46.224422454833984,100.50443267822266
2023-01-18,30.83297348022461,153.3256378173828,140.67543029785156,320.6478271484375,295.7100524902344,125.98682403564453,53.92866516113281,194.6676483154297,361.30731201171875,86.32423400878906,152.4618682861328,142.1067352294922,147.1459197998047,213.67095947265625,45.08169937133789,98.439697265625
2023-01-19,30.384920120239258,154.8568878173828,138.0968780517578,322.17254638671875,284.0074157714844,124.30785369873047,53.847511291503906,188.7202606201172,360.3475341796875,84.15227508544922,150.69400024414062,140.578125,146.67129516601562,214.5959014892578,44.438316345214844,99.07158660888672
2023-01-20,30.95183563232422,156.50064086914062,140.08328247070312,313.9884338378906,287.771240234375,124.6122817993164,54.172119140625,190.96104431152344,368.5153503417969,86.02033233642578,150.91610717773438,143.32608032226562,148.31993103027344,218.3930206298828,44.98567581176758,100.87821960449219
2023-01-23,31.3815975189209,156.29296875,143.2840118408203,320.6937561035156,288.20977783203125,126.63258361816406,54.3073616027832,191.5025634765625,370.7581787109375,86.81583404541016,150.240966796875,145.46432495117188,150.27667236328125,218.26644897460938,45.657867431640625,100.35311889648438
2023-01-24,31.610197067260742,156.44004821777344,141.8598175048828,319.94970703125,290.22869873046875,127.72111511230469,54.59589767456055,193.7079315185547,372.16839599609375,85.36786651611328,151.63568115234375,144.51007080078125,149.86865234375,217.9840850830078,45.77949523925781,101.28759765625
2023-01-25,31.884510040283203,154.9261016845703,140.7803955078125,321.143798828125,289.8358459472656,128.3391876220703,54.93852615356445,193.42640686035156,374.499267578125,85.48406219482422,152.7373046875,145.09326171875,147.76206970214844,218.9674530029297,45.56183624267578,100.75360107421875
2023-01-26,32.314273834228516,162.4613037109375,142.52691650390625,326.0487060546875,286.6841125488281,129.13255310058594,54.830322265625,189.39100646972656,369.45556640625,86.25271606445312,151.2181854248047,147.5849151611328,149.627197265625,218.78248596191406,45.520225524902344,104.80298614501953
2023-01-27,32.41485595703125,155.24620056152344,142.84176635742188,324.8821716308594,289.315185546875,129.4462127685547,54.54179382324219,190.02914428710938,366.31182861328125,86.57450866699219,150.68516540527344,148.8926239013672,151.61721801757812,225.3349609375,45.86913299560547,102.8895492553711
2023-01-30,32.277687072753906,150.7042999267578,137.98443603515625,328.3358459472656,287.0769348144531,128.34841918945312,54.677040100097656,189.48486328125,363.46185302734375,86.46187591552734,150.560791015625,149.04281616210938,147.3540802001953,223.05667114257812,45.501014709472656,101.06511688232422
2023-01-31,32.44227600097656,150.54855346679688,145.3153839111328,336.0055236816406,296.1485900878906,129.11410522460938,55.2901725769043,195.43467712402344,362.9526062011719,87.69628143310547,151.92884826660156,152.1000518798828,154.2317352294922,224.1373748779297,46.051570892333984,103.24555206298828
2023-02-01,32.84461212158203,148.24734497070312,151.49951171875,335.9136657714844,299.7297058105469,128.77279663085938,55.2991943359375,200.41795349121094,366.36083984375,88.47115325927734,152.4085693359375,156.4649658203125,154.02359008789062,224.80918884277344,46.30765151977539,102.11528015136719
2023-02-02,33.03662872314453,146.2143096923828,160.7869415283203,339.36737060546875,310.41839599609375,128.17315673828125,54.352439880371094,207.92562866210938,367.2030334472656,89.39019012451172,150.99606323242188,159.94625854492188,159.27760314941406,223.50454711914062,45.9715576171875,98.92028045654297
2023-02-03,33.310943603515625,146.594970703125,160.91436767578125,339.8082275390625,302.84503173828125,130.15650939941406,53.94669723510742,202.67962646484375,366.1943054199219,89.58841705322266,150.240966796875,156.1821746826172,159.58567810058594,224.05946350097656,45.36017608642578,99.60555267333984
2023-02-06,33.256072998046875,146.7593536376953,157.85606384277344,340.5889892578125,300.8077697753906,130.9221954345703,54.25325012207031,202.58578491210938,365.27374267578125,89.1108627319336,152.63955688476562,153.6021270751953,157.17098999023438,223.38768005371094,45.030487060546875,99.43647003173828
2023-02-07,33.621829986572266,150.60916137695312,157.34629821777344,343.8956604003906,297.08953857421875,132.51817321777344,54.16309356689453,201.51593017578125,367.32061767578125,89.39920806884766,152.4085693359375,154.41500854492188,156.7796630859375,225.21810913085938,45.12650680541992,102.27545928955078
2023-02-08,33.37495040893555,147.07078552246094,157.02401733398438,344.53863525390625,293.0607604980469,131.58644104003906,53.847511291503906,199.66717529296875,362.7077331542969,89.16494750976562,152.05325317382812,151.790771484375,155.17262268066406,224.12765502929688,44.88325119018555,101.385498046875
2023-02-09,32.66173553466797,145.7212371826172,156.3793487548828,338.00799560546875,288.27362060546875,129.5384521484375,53.75734329223633,195.80068969726562,362.77630615234375,88.34500885009766,153.4923858642578,151.41969299316406,153.8320770263672,223.7374267578125,45.29936218261719,101.76818084716797
2023-02-10,32.533721923828125,148.7750701904297,156.94154357910156,341.0299072265625,289.1781311035156,130.1104278564453,53.75734329223633,195.9320831298828,359.2604064941406,88.69640350341797,156.53062438964844,150.22683715820312,154.22344970703125,221.64004516601562,46.00355529785156,106.05784606933594
2023-02-13,32.59772872924805,147.94456481933594,158.65809631347656,343.546630859375,295.5639343261719,131.52186584472656,54.64097213745117,200.9622344970703,363.1778259277344,89.58841705322266,157.92538452148438,153.14266967773438,156.04690551757812,223.2789306640625,46.70456314086914,105.64530944824219
2023-02-14,32.57029724121094,149.07789611816406,159.4151611328125,341.4891662597656,290.90478515625,132.10302734375,53.73029327392578,200.60562133789062,362.3257751464844,90.60657501220703,156.14862060546875,152.19131469726562,155.51402282714844,223.77647399902344,46.57012176513672,104.40769958496094
2023-02-15,32.51543426513672,147.50689697265625,159.6925506591797,343.8405456542969,292.9693908691406,132.65655517578125,53.73029327392578,201.7974853515625,362.0124206542969,90.84983825683594,156.36183166503906,156.5035858154297,155.5723114013672,223.31796264648438,46.91582107543945,104.09379577636719
2023-02-16,32.259403228759766,145.37733459472656,158.6656036376953,340.03790283203125,293.4718322753906,130.82994079589844,53.39667892456055,200.84027099609375,359.9655456542969,89.71456146240234,155.9176483154297,155.1876678466797,154.4981689453125,220.30361938476562,46.17961502075195,103.78889465332031
2023-02-17,32.32341003417969,142.13063049316406,157.63865661621094,338.47637939453125,290.46624755859375,131.21743774414062,54.20817565917969,199.65777587890625,353.6780090332031,89.66049194335938,156.60166931152344,154.01402282714844,153.89340209960938,218.089111328125,46.87421798706055,99.79804229736328
2023-02-21,31.56447410583496,140.51600646972656,154.15309143066406,331.6976318359375,269.9568176269531,128.80970764160156,53.919647216796875,189.4285430908203,348.61468505859375,87.95757293701172,156.5128631591797,147.79014587402344,149.90350341796875,215.22105407714844,47.15909957885742,99.69939422607422
2023-02-22,31.35416603088379,139.94869995117188,152.0392303466797,331.4864196777344,270.6876525878906,127.82260131835938,54.08194351196289,190.1605682373047,347.6451110839844,87.64220428466797,156.45953369140625,147.3455810546875,148.34951782226562,214.63575744628906,46.170021057128906,98.40797424316406
2023-02-23,31.32673454284668,141.32766723632812,153.80075073242188,333.9205627441406,273.43743896484375,128.8466033935547,54.181129455566406,189.76638793945312,348.193603515625,88.24589538574219,156.62832641601562,147.14999389648438,151.1466522216797,215.7185821533203,45.481815338134766,99.31375122070312
2023-02-24,31.2810115814209,141.74661254882812,152.37652587890625,334.20526123046875,271.0165710449219,130.0089569091797,53.95571517944336,189.1376190185547,345.833251953125,88.0296630859375,156.3174285888672,148.44810485839844,151.3230743408203,214.17726135253906,45.603450775146484,99.32273864746094
2023-02-27,31.2810115814209,142.1044464111328,152.9612274169922,335.7484130859375,270.4227600097656,131.14361572265625,53.937686920166016,191.6715087890625,348.1445617675781,87.12863159179688,156.27294921875,148.31471252441406,153.07025146484375,214.95767211914062,45.27375411987305,99.14337158203125
2023-02-28,31.36331558227539,140.3152618408203,152.33157348632812,322.9992370605469,270.9068908691406,132.24143981933594,53.65816116333008,193.0885772705078,347.95855712890625,86.94841766357422,154.15867614746094,149.81736755371094,153.2886199951172,214.55770874023438,45.49462127685547,98.56941223144531
2023-03-01,31.217010498046875,141.43240356445312,153.1636505126953,320.2980041503906,265.6539306640625,131.50338745117188,53.072078704833984,182.35255432128906,346.2054443359375,86.66913604736328,152.2042694091797,144.3936767578125,153.7842254638672,213.01638793945312,44.860836029052734,99.44828033447266
2023-03-02,30.82127571105957,141.87753295898438,155.11253356933594,322.95306396484375,267.6911926269531,130.1381378173828,53.847511291503906,183.09393310546875,348.23272705078125,86.56999969482422,155.01258850097656,147.5412139892578,155.12818908691406,213.69921875,44.972869873046875,99.90567779541016
2023-03-03,31.437883377075195,143.97219848632812,156.72413635253906,330.3446044921875,272.6518249511719,132.5273895263672,53.59503936767578,187.43902587890625,354.0404357910156,88.59730529785156,154.86050415039062,147.5945587158203,155.9681854248047,218.2939910888672,45.02728271484375,101.17018127441406
2023-03-06,31.373458862304688,145.02822875976562,157.51123046875,330.3074951171875,272.4325866699219,131.75253295898438,54.42457962036133,189.16575622558594,359.3583679199219,88.64234924316406,155.17356872558594,146.8832244873047,156.6653594970703,221.20106506347656,45.02088165283203,102.0669937133789
2023-03-07,30.37032127380371,143.1604766845703,154.65530395507812,320.1591796875,265.5717468261719,127.87796020507812,54.1089973449707,185.2617645263672,352.5126037597656,86.55199432373047,154.40438842773438,144.76712036132812,153.94381713867188,217.70867919921875,44.572757720947266,100.09400939941406
2023-03-08,29.96538734436035,142.25279235839844,157.0689697265625,323.1287536621094,268.2218322753906,127.12151336669922,54.13604736328125,188.7622528076172,351.6213073730469,86.40782165527344,154.82473754882812,145.380615234375,154.80899047851562,216.7526397705078,44.204647064208984,98.63218688964844
2023-03-09,28.106353759765625,140.08831787109375,155.78717041015625,316.4680480957031,265.0104675292969,120.2396011352539,53.61307907104492,186.8008575439453,347.12603759765625,83.07404327392578,153.6531219482422,142.8288116455078,153.61622619628906,214.6259765625,43.906959533691406,97.86988067626953
2023-03-10,27.85787010192871,139.35520935058594,151.64903259277344,303.1280517578125,263.4553527832031,123.29310607910156,53.38766098022461,184.55792236328125,339.94732666015625,81.1368408203125,153.8588409423828,140.64161682128906,152.4906463623047,210.85069274902344,43.84294128417969,96.65917205810547
2023-03-13,26.238117218017578,138.51734924316406,148.78472900390625,291.8788146972656,263.64849853515625,121.0790786743164,53.92866516113281,185.39315795898438,337.5968017578125,79.28074645996094,155.3613739013672,140.41041564941406,153.07025146484375,209.22158813476562,43.97098159790039,95.54712677001953
2023-03-14,26.46819496154785,140.3065185546875,149.16162109375,298.0214538574219,262.77447509765625,124.18791961669922,54.12702941894531,184.71746826171875,345.5395202636719,81.06477355957031,155.2003936767578,140.81053161621094,155.44740295410156,213.3090362548828,44.204647064208984,95.90585327148438
2023-03-15,26.219709396362305,134.2320556640625,147.2093963623047,288.8074645996094,264.9828796386719,118.32077026367188,54.48769760131836,186.36917114257812,340.8973083496094,76.93809509277344,157.97296142578125,141.48626708984375,154.8594207763672,211.0750732421875,44.69758987426758,91.13478088378906
2023-03-16,26.661460876464844,134.65969848632812,153.80479431152344,291.49029541015625,263.8418273925781,120.61781311035156,54.78752517700195,187.3827362060547,340.8189697265625,78.39774322509766,157.86563110351562,144.97161865234375,157.84974670410156,212.12863159179688,44.44367980957031,90.60565185546875
2023-03-17,25.60310173034668,132.95777893066406,166.06089782714844,280.80535888671875,265.3692932128906,116.06063079833984,54.533119201660156,185.21485900878906,342.4446716308594,75.84786987304688,156.63137817382812,141.6907501220703,156.90052795410156,212.0701141357422,44.803653717041016,89.5384292602539
2023-03-20,25.538677215576172,134.91281127929688,162.99313354492188,286.3467102050781,266.16986083984375,117.28758239746094,55.06009292602539,184.67991638183594,342.1116943359375,77.16334533691406,158.83157348632812,145.14056396484375,154.1285858154297,212.81150817871094,45.28575134277344,91.87911987304688
2023-03-21,26.311738967895508,139.041015625,165.6990966796875,293.5162658691406,266.32635498046875,120.43331146240234,54.80569839477539,184.67991638183594,347.2533874511719,79.97454833984375,159.2071990966797,144.66934204101562,156.90052795410156,216.51852416992188,45.13148498535156,95.99552917480469
2023-03-22,25.437442779541016,136.21327209472656,163.6112060546875,290.17669677734375,260.0506896972656,117.32447814941406,54.560386657714844,179.78118896484375,343.7864074707031,78.8843002319336,157.86563110351562,140.0103302001953,155.85060119628906,214.6552734375,44.842220306396484,93.79832458496094
2023-03-23,24.82083511352539,134.86044311523438,163.5056915283203,291.26824951171875,261.24688720703125,117.01081848144531,54.4422607421875,178.01687622070312,347.0575256347656,77.34354400634766,157.0964813232422,138.8099822998047,155.6405792236328,217.14285278320312,45.20540237426758,92.74006652832031
2023-03-24,24.97728729248047,136.2045135498047,164.0182342529297,289.1590270996094,260.4279479980469,115.23038482666016,55.33267593383789,177.80099487304688,344.3740539550781,75.640625,160.17311096191406,138.89891052246094,156.2957763671875,215.63076782226562,45.57501983642578,92.84770202636719
2023-03-27,26.219709396362305,137.59219360351562,165.69158935546875,294.67266845703125,258.8176574707031,118.53295135498047,55.74153518676758,178.80516052246094,347.3023376464844,76.2623291015625,160.53086853027344,141.70855712890625,157.34576416015625,216.3819580078125,46.33674621582031,94.88346862792969
2023-03-28,25.879192352294922,139.19808959960938,166.15892028808594,294.58935546875,258.403564453125,118.89274597167969,55.805137634277344,178.44854736328125,347.018310546875,76.47857666015625,160.47718811035156,142.05531311035156,157.69012451171875,214.9381561279297,46.15675735473633,96.06727600097656
2023-03-29,26.3853702545166,140.39381408691406,168.5784912109375,296.6986083984375,260.7408142089844,119.13257598876953,56.20491409301758,180.12840270996094,352.11102294921875,77.70394897460938,161.5862274169922,140.579345703125,160.8316650390625,217.83551025390625,46.35602951049805,97.7174301147461
2023-03-30,26.044851303100586,141.72914123535156,169.14382934570312,297.0871887207031,262.58123779296875,118.7728042602539,56.195831298828125,180.79469299316406,351.8465881347656,77.58683013916016,161.7293243408203,142.49986267089844,160.51246643066406,216.9185028076172,46.81885528564453,98.19274139404297
2023-03-31,26.32094383239746,142.40115356445312,172.22669982910156,302.6099853515625,271.5620422363281,120.2119140625,56.359371185302734,187.6642608642578,355.9109802246094,79.10956573486328,163.04405212402344,147.26559448242188,162.94845581054688,219.942626953125,47.39095687866211,98.34520721435547
2023-04-03,26.311738967895508,148.32730102539062,172.490478515625,302.064208984375,273.9637451171875,120.07353973388672,56.6955451965332,191.4368896484375,358.9078369140625,78.53291320800781,163.22293090820312,147.6479034423828,162.7216339111328,223.39601135253906,47.78948974609375,104.14761352539062
2023-04-04,25.750350952148438,147.5330810546875,170.71917724609375,298.48406982421875,271.41485595703125,118.46837615966797,56.522918701171875,190.5077667236328,356.390869140625,76.42451477050781,162.64158630371094,147.6389923095703,160.1092987060547,222.0887908935547,47.32024002075195,103.15215301513672
2023-04-05,25.437442779541016,148.26622009277344,173.31207275390625,297.447998046875,265.6269226074219,118.64501190185547,57.05897903442383,187.15745544433594,356.8420104980469,75.52349853515625,164.24253845214844,146.91880798339844,159.09291076660156,222.5863037109375,48.10446548461914,104.91887664794922
2023-04-06,25.621503829956055,146.3199005126953,174.94776916503906,298.2527770996094,265.57171630859375,118.51486206054688,57.0953254699707,186.35040283203125,354.56634521484375,75.85688018798828,164.88645935058594,147.22109985351562,158.40414428710938,220.4596405029297,48.467655181884766,103.17906188964844
2023-04-10,25.713542938232422,146.87847900390625,174.57089233398438,300.62103271484375,267.9273986816406,118.90535736083984,56.95903778076172,187.48594665527344,353.2617492675781,75.68567657470703,163.8489990234375,150.26190185546875,159.81527709960938,220.8888702392578,48.37444305419922,102.72167205810547
2023-04-11,26.422178268432617,147.69015502929688,174.51809692382812,302.8504943847656,270.31982421875,119.49109649658203,56.85909652709961,188.94992065429688,357.17559814453125,76.66777801513672,163.5985565185547,150.777587890625,161.6548614501953,222.85948181152344,48.2330207824707,103.44810485839844
2023-04-12,26.210506439208984,148.2138671875,172.96539306640625,305.50555419921875,267.25567626953125,119.47249603271484,56.95903778076172,187.4765625,354.8704833984375,77.01016998291016,163.27659606933594,145.380615234375,159.47091674804688,222.235107421875,47.99840545654297,103.34048461914062
2023-04-13,26.284133911132812,150.19503784179688,174.17137145996094,307.2539978027344,268.8291320800781,119.9280776977539,57.376991271972656,189.0719451904297,362.5901184082031,77.20841217041016,164.90435791015625,145.167236328125,160.43687438964844,226.9956817626953,48.04661560058594,103.82477569580078
2023-04-14,27.167634963989258,150.50050354003906,173.8849639892578,311.68524169921875,268.8659973144531,128.98377990722656,57.286128997802734,189.73825073242188,365.3171081542969,78.12744140625,164.126220703125,143.14892578125,162.00767517089844,228.2931365966797,47.72199249267578,104.07588195800781
2023-04-17,27.94989776611328,149.17388916015625,172.84478759765625,314.23858642578125,271.8197021484375,130.0065155029297,57.65864562988281,192.3847198486328,365.6407775878906,80.45207214355469,164.96694946289062,144.66043090820312,162.36045837402344,227.76632690429688,48.056251525878906,102.86515808105469
2023-04-18,28.124757766723633,148.8247833251953,172.76937866210938,308.90069580078125,275.0863952636719,131.46621704101562,57.749507904052734,195.29396057128906,365.209228515625,80.9566421508789,165.3068084716797,144.3936767578125,163.0576171875,227.88343811035156,48.16231918334961,104.87403869628906
2023-04-19,27.664600372314453,148.96441650390625,172.98043823242188,311.65753173828125,273.20916748046875,131.2988739013672,57.85853576660156,195.97898864746094,365.6799621582031,81.49724578857422,165.2084197998047,144.4915008544922,164.66200256347656,226.8786163330078,48.2137451171875,104.5422134399414
2023-04-20,27.517351150512695,148.24002075195312,172.89756774902344,313.3411865234375,274.7366943359375,130.91766357421875,58.11293411254883,196.85177612304688,367.8379821777344,81.4792251586914,165.75401306152344,142.5087432861328,163.780029296875,228.8589630126953,48.52228927612305,103.70818328857422
2023-04-21,27.489744186401367,147.60287475585938,173.69651794433594,316.0701904296875,276.0893249511719,130.66664123535156,58.19471740722656,198.05299377441406,368.0733947753906,82.1009521484375,165.8255615234375,144.19808959960938,163.97323608398438,228.32240295410156,48.76655960083008,104.0400161743164
2023-04-24,27.388505935668945,149.66261291503906,174.9929656982422,318.19793701171875,277.5616760253906,130.84329223632812,58.10386276245117,198.05299377441406,367.5731506347656,81.2719955444336,165.9060516357422,145.76295471191406,164.51080322265625,227.06398010253906,49.09760284423828,106.00402069091797
2023-04-25,26.54181671142578,147.4894256591797,169.95034790039062,314.05352783203125,272.67547607421875,127.99826049804688,58.01299285888672,194.17665100097656,361.49151611328125,79.34382629394531,169.67135620117188,140.1348114013672,148.08070373535156,223.97157287597656,48.71512985229492,104.49736785888672
2023-04-26,26.173694610595703,144.86241149902344,167.91517639160156,311.35223388671875,265.0748291015625,125.72968292236328,57.74041748046875,189.38543701171875,359.75531005859375,79.68621063232422,168.62490844726562,138.2142791748047,144.95596313476562,222.56680297851562,48.50300598144531,103.53778076171875
2023-04-27,26.58783531188965,145.708984375,170.30458068847656,316.0146789550781,270.4670104980469,127.42184448242188,57.85853576660156,192.9033966064453,366.5333557128906,81.32606506347656,169.65347290039062,140.61492919921875,149.31552124023438,223.40574645996094,48.65406036376953,104.77540588378906
2023-04-28,26.946758270263672,147.13160705566406,171.69151306152344,317.7168884277344,276.5494689941406,128.52822875976562,58.28556823730469,196.01580810546875,372.77191162109375,81.766845703125,170.72669982910156,140.25927734375,151.03749084472656,227.0347137451172,48.52228927612305,106.12959289550781
2023-05-01,26.725881576538086,145.96212768554688,173.80206298828125,315.06182861328125,273.9361572265625,131.2802734375,58.42185974121094,196.3836212158203,372.6051330566406,79.912841796875,171.4332275390625,139.69911193847656,153.0449981689453,226.82009887695312,48.7215576171875,102.8382568359375
2023-05-02,25.91600799560547,139.6781463623047,172.15887451171875,308.4011535644531,270.7891540527344,129.16046142578125,58.15837097167969,194.26153564453125,368.8483581542969,78.42237091064453,171.9430694580078,138.454345703125,149.3826904296875,221.42543029785156,48.58979034423828,98.73979949951172
2023-05-03,25.639909744262695,136.87655639648438,172.24928283691406,304.0346984863281,269.6849670410156,126.42703247070312,57.831275939941406,193.63905334472656,367.7398681640625,77.02278900146484,171.88043212890625,137.43186950683594,147.69430541992188,220.44989013671875,48.4098014831543,96.79371643066406
2023-05-04,24.839242935180664,136.34414672851562,170.6287078857422,297.1981506347656,262.9400329589844,124.69766998291016,57.89487838745117,191.27175903320312,368.9366149902344,75.07791900634766,172.9536895751953,135.6180419921875,145.56077575683594,220.07920837402344,48.54530334472656,95.09870910644531
2023-05-05,25.50186538696289,139.82650756835938,172.8372344970703,302.52679443359375,266.5010986328125,127.13362121582031,58.16745376586914,194.11065673828125,377.3134765625,77.14093017578125,173.74969482421875,138.97007751464844,147.61875915527344,226.10797119140625,48.9647216796875,97.46630096435547
2023-05-08,25.483461380004883,139.2766571044922,173.91510009765625,302.0549621582031,264.9459533691406,127.4404296875,58.07659149169922,192.45066833496094,378.14727783203125,76.7319564819336,172.92686462402344,139.14784240722656,146.4847412109375,226.54696655273438,49.271209716796875,97.8519515991211
2023-05-09,25.45585060119629,138.8751678466797,172.33218383789062,300.4452209472656,267.38446044921875,126.82681274414062,57.59504699707031,195.34616088867188,375.6263427734375,76.67743682861328,173.6334228515625,139.96585083007812,145.32557678222656,227.5517578125,49.35508346557617,97.87886047363281
2023-05-10,25.142940521240234,137.1034393310547,170.5985565185547,298.39154052734375,265.9582214355469,126.89187622070312,57.69499206542969,192.705322265625,375.2340087890625,76.08668518066406,173.74969482421875,140.24151611328125,144.11602783203125,225.61044311523438,49.21636199951172,96.62330627441406
2023-05-11,25.20736312866211,136.34414672851562,169.4754638671875,296.6986083984375,264.72509765625,126.49209594726562,58.02208709716797,191.74331665039062,376.0677490234375,75.09608459472656,174.70664978027344,141.25506591796875,142.99041748046875,225.79615783691406,49.4002571105957,94.87451934814453
2023-05-12,24.931272506713867,136.69322204589844,168.03579711914062,295.5700378417969,267.2832946777344,124.67908477783203,58.24922561645508,191.70558166503906,374.6258239746094,74.87794494628906,175.4042510986328,140.47267150878906,142.89712524414062,226.1577911376953,49.384124755859375,94.86553955078125
2023-05-15,25.44664764404297,137.199462890625,167.65135192871094,297.94757080078125,265.50732421875,125.72968292236328,58.094764709472656,190.09280395507812,376.08740234375,75.38689422607422,173.74969482421875,142.76661682128906,143.19395446777344,227.5555419921875,49.000205993652344,95.04646301269531
2023-05-16,25.17975616455078,133.9789581298828,166.78457641601562,296.7818603515625,259.7929992675781,124.8836441040039,57.440589904785156,187.89524841308594,372.9779052734375,74.39628601074219,172.9984130859375,140.45713806152344,141.2943115234375,225.26834106445312,48.322696685791016,92.7397232055664
2023-05-17,26.2933349609375,135.89903259277344,170.2668914794922,305.4500427246094,269.0500793457031,128.72349548339844,57.376991271972656,195.42161560058594,379.6087646484375,76.25936126708984,171.7731170654297,144.0824432373047,145.32257080078125,227.39915466308594,48.242034912109375,94.8203125
2023-05-18,26.201303482055664,135.73158264160156,173.68899536132812,304.8949279785156,271.59893798828125,129.69969177246094,57.05897903442383,197.2702178955078,384.5328674316406,76.7864761352539,171.32595825195312,138.01336669921875,145.05120849609375,228.3277130126953,48.86792755126953,95.67967987060547
2023-05-19,25.8699893951416,136.80677795410156,172.67138671875,301.7219543457031,267.6605224609375,129.40219116210938,57.086238861083984,194.5444793701172,378.20611572265625,74.74163055419922,171.57638549804688,136.31260681152344,144.95790100097656,228.04425048828125,48.36463165283203,96.12294006347656
2023-05-22,26.081663131713867,134.34793090820312,172.36988830566406,300.58404541015625,267.45806884765625,128.3329620361328,55.88690948486328,191.60183715820312,377.1859130859375,74.76890563964844,166.92559814453125,135.98143005371094,145.44976806640625,226.06007385253906,47.93876647949219,94.95600128173828
2023-05-23,26.302539825439453,138.2345428466797,170.83221435546875,299.3351135253906,271.39642333984375,126.99414825439453,55.786964416503906,194.90286254882812,366.6118469238281,75.10516357421875,166.41583251953125,131.72947692871094,143.99111938476562,219.5112762451172,47.84843063354492,96.24958038330078
2023-05-24,25.86078453063965,138.60467529296875,168.5031280517578,295.85675048828125,267.86297607421875,125.83197021484375,55.31450271606445,192.0545654296875,361.46209716796875,73.81464385986328,165.3604736328125,128.09519958496094,142.23565673828125,217.23385620117188,47.62904357910156,97.32605743408203
2023-05-25,25.92521095275879,136.21632385253906,169.65635681152344,299.6219177246094,263.8602600097656,126.13877868652344,54.88747024536133,189.61178588867188,362.97271728515625,75.43234252929688,164.38563537597656,125.99160766601562,145.21231079101562,218.33836364746094,47.15479278564453,95.58018493652344
2023-05-26,26.054054260253906,135.79327392578125,168.9553680419922,307.1430358886719,269.4548645019531,127.31957244873047,54.75117874145508,194.7802734375,367.2199401855469,76.25027465820312,164.18882751464844,124.3624038696289,145.5006866455078,219.9315643310547,47.23867416381836,94.95600128173828
2023-05-30,26.008039474487305,134.94720458984375,170.45535278320312,306.0513916015625,269.05926513671875,127.80304718017578,54.3150634765625,194.00689697265625,360.481201171875,75.81405639648438,162.4269256591797,119.8061294555664,143.96568298339844,216.63763427734375,47.12252426147461,94.1147232055664
2023-05-31,25.57549285888672,132.74391174316406,164.30467224121094,301.9219665527344,262.7013244628906,126.17597198486328,54.206031799316406,189.69668579101562,358.0485534667969,74.30541229248047,163.08877563476562,117.20125579833984,141.6250457763672,216.04139709472656,47.38386154174805,92.43216705322266
2023-06-01,25.770301818847656,134.1011505126953,163.78456115722656,294.93084716796875,267.27972412109375,127.91459655761719,54.51494598388672,192.3280487060547,363.796630859375,74.58712768554688,164.08396911621094,117.40715789794922,142.32894897460938,221.387939453125,47.558074951171875,93.49959564208984
2023-06-02,26.633018493652344,137.7145538330078,167.13877868652344,301.68896484375,274.2770690917969,130.60159301757812,55.568904876708984,197.88323974609375,366.5922546386719,76.65924072265625,165.7681121826172,119.25114440917969,144.28794860839844,223.62625122070312,48.01297378540039,95.67063903808594
2023-06-05,26.475317001342773,137.0535430908203,166.6413116455078,299.9737548828125,271.64501953125,129.31854248046875,55.19638442993164,195.0255126953125,363.44354248046875,76.10487365722656,165.8851776123047,116.90589141845703,142.34591674804688,221.65187072753906,48.32915115356445,95.24546813964844
2023-06-06,27.115398406982422,137.30032348632812,165.45037841796875,304.62518310546875,274.3326721191406,129.55096435546875,54.79661560058594,195.38389587402344,372.7032165527344,78.03157806396484,163.51657104492188,118.7856674194336,142.1254119873047,223.06912231445312,48.322696685791016,96.0234375
2023-06-07,27.34731101989746,140.86085510253906,169.29454040527344,312.9679260253906,279.6154479980469,130.8061065673828,54.71484375,199.2036590576172,364.2969055175781,78.61323547363281,162.21066284179688,117.93529510498047,145.44131469726562,220.18569946289062,48.3936767578125,98.1763687133789
2023-06-08,27.115398406982422,140.3408660888672,169.60357666015625,312.7069091796875,279.0500793457031,130.84329223632812,54.85112380981445,198.4962921142578,360.5694885253906,78.44055938720703,164.00291442871094,117.505615234375,145.42434692382812,218.0157928466797,49.09375762939453,97.86882019042969
2023-06-09,27.152509689331055,140.00596618652344,169.61117553710938,313.2195739746094,275.5838623046875,131.1036376953125,54.941986083984375,197.2324676513672,362.1683349609375,78.34967803955078,164.22805786132812,113.67439270019531,144.5847625732422,218.51431274414062,49.39057922363281,97.1451416015625
2023-06-12,27.022634506225586,138.65756225585938,170.2100067138672,316.4541931152344,278.8369140625,131.09434509277344,54.705753326416016,201.23146057128906,368.1420593261719,79.46751403808594,163.82276916503906,113.21788787841797,145.44131469726562,221.06539916992188,49.71643829345703,96.26766204833984
2023-06-13,27.27310562133789,139.697509765625,173.48458862304688,319.25982666015625,278.114013671875,132.04269409179688,54.9238166809082,204.99462890625,364.287109375,80.2309341430664,163.49855041503906,115.2229995727539,146.62008666992188,218.35792541503906,50.10357666015625,96.28575897216797
2023-06-14,27.01335906982422,138.44601440429688,174.09100341796875,315.45672607421875,277.7710876464844,131.54991149902344,55.29633331298828,202.64617919921875,367.6025085449219,79.95829772949219,164.96656799316406,119.26010131835938,148.30770874023438,218.39703369140625,50.610107421875,95.12786865234375
2023-06-15,27.24527359008789,139.4948272705078,179.22268676757812,316.6871337890625,279.9120178222656,133.03749084472656,56.05619812011719,206.48480224609375,371.80084228515625,80.93073272705078,167.25413513183594,123.38671875,151.8017120361328,221.06539916992188,50.88755798339844,95.7882308959961
2023-06-16,27.07829475402832,138.5958709716797,176.96383666992188,315.354248046875,278.3921203613281,133.195556640625,56.459022521972656,204.739990234375,369.3387451171875,80.05825805664062,167.55130004882812,119.7792739868164,151.4455108642578,223.74354553222656,50.17778015136719,95.1007308959961
2023-06-20,26.781444549560547,135.44073486328125,175.59185791015625,308.2792053222656,279.3466796875,132.51686096191406,56.08367156982422,203.21209716796875,367.4652404785156,78.8222427368164,166.89390563964844,118.80358123779297,150.33457946777344,221.35862731933594,49.73579025268555,92.92063903808594
2023-06-21,26.503149032592773,136.49835205078125,171.1878204345703,303.0126037597656,278.6886901855469,132.3216094970703,56.23930358886719,202.0708465576172,368.9562072753906,78.46780395507812,167.00193786621094,119.25114440917969,147.24765014648438,222.1210174560547,49.83257293701172,93.9609375
2023-06-22,25.93727684020996,134.5242156982422,176.56210327148438,297.8950500488281,279.1334533691406,129.7740936279297,56.62381362915039,202.6084747314453,370.5845031738281,76.79557800292969,168.73118591308594,118.50819396972656,145.33953857421875,223.2352752685547,50.248756408691406,93.44532775878906
2023-06-23,25.742467880249023,133.38729858398438,176.11485290527344,293.3555603027344,278.79058837890625,129.0953826904297,56.02873611450195,202.98573303222656,372.55609130859375,75.9594497680664,167.57835388183594,118.00691986083984,143.5670928955078,224.36911010742188,50.15520095825195,92.63117218017578
2023-06-26,26.05787467956543,135.73158264160156,178.07809448242188,291.1650085449219,285.35235595703125,129.41148376464844,56.04704666137695,205.56996154785156,370.2117919921875,75.9685287475586,166.51560974121094,120.39694213867188,146.50137329101562,221.19247436523438,50.022918701171875,94.34087371826172
2023-06-27,26.197019577026367,135.30856323242188,187.0452880859375,292.1810607910156,290.77410888671875,129.42079162597656,55.92802810668945,210.85159301757812,374.49822998046875,76.7319564819336,167.71347045898438,118.61559295654297,148.129638671875,222.20899963378906,49.842254638671875,94.5760726928711
2023-06-28,26.039321899414062,136.53358459472656,188.3187255859375,292.3768310546875,284.0733947753906,128.85366821289062,55.40619659423828,209.87075805664062,372.96807861328125,76.33206176757812,165.4438934326172,118.57978820800781,148.96922302246094,222.8150177001953,50.113258361816406,95.344970703125
2023-06-29,26.586639404296875,137.69691467285156,189.4860382080078,301.1669006347656,285.2874450683594,133.35365295410156,54.94844436645508,210.1536865234375,380.2660217285156,77.46810150146484,165.6060028076172,118.97367095947266,149.29991149902344,229.03143310546875,49.77449417114258,96.52096557617188
2023-06-30,26.614469528198242,138.67518615722656,187.90940856933594,300.6542663574219,287.90106201171875,135.222412109375,55.13154983520508,212.86997985839844,385.7884216308594,77.61351013183594,166.81280517578125,118.06954956054688,152.0137481689453,232.12013244628906,50.710105895996094,97.01848602294922
2023-07-03,27.087570190429688,138.5518341064453,187.6440887451172,304.4480895996094,287.3264465332031,136.3102264404297,55.461124420166016,211.8230743408203,386.43585205078125,78.53144836425781,167.15505981445312,120.71920776367188,155.846923828125,232.5990753173828,51.039188385009766,97.20845794677734
2023-07-05,26.97625160217285,137.7586212158203,188.22779846191406,298.33319091796875,288.0493469238281,135.40216064453125,55.87309646606445,212.6719207763672,387.191162109375,78.08610534667969,168.0376739501953,118.65142822265625,152.62432861328125,234.04566955566406,51.010154724121094,96.71092987060547
2023-07-06,26.2341251373291,134.73570251464844,187.73509216308594,291.7615661621094,279.9120178222656,134.06350708007812,55.442813873291016,208.83326721191406,386.1892395019531,75.73225402832031,168.05569458007812,117.12069702148438,152.03915405273438,233.48854064941406,50.687530517578125,93.10157012939453
2023-07-07,26.466041564941406,135.9166717529297,190.44874572753906,293.78436279296875,280.6441650390625,135.121337890625,54.71040725708008,209.32373046875,381.80804443359375,75.75951385498047,164.885498046875,116.41354370117188,152.4462127685547,231.11338806152344,49.51962661743164,93.31867218017578
2023-07-10,26.586639404296875,136.8244171142578,190.78224182128906,294.99615478515625,287.5674133300781,135.8795928955078,54.298439025878906,216.0955810546875,385.22650146484375,75.7958755493164,165.98426818847656,117.92634582519531,153.77767944335938,232.7847900390625,49.968074798583984,94.70270538330078
2023-07-11,26.920595169067383,139.35379028320312,195.8684539794922,299.1069030761719,290.70001220703125,138.00462341308594,54.490692138671875,216.38795471191406,390.7668151855469,77.21363830566406,165.696044921875,119.4033432006836,157.0935821533203,235.12086486816406,49.89387893676758,95.860595703125
2023-07-12,27.235994338989258,140.69338989257812,198.30165100097656,304.2522888183594,294.27740478515625,138.68797302246094,54.783653259277344,218.9156036376953,393.60565185546875,77.94979095458984,164.96656799316406,118.97367095947266,158.15362548828125,236.74339294433594,50.01969528198242,96.33100128173828
2023-07-13,27.52357292175293,138.81617736816406,195.91395568847656,306.3776550292969,291.5711669921875,139.3620147705078,55.25055694580078,216.49166870117188,393.4779968261719,78.34967803955078,168.8932647705078,118.89309692382812,157.19534301757812,237.8185577392578,49.726112365722656,94.56702423095703
2023-07-14,27.004085540771484,135.35263061523438,195.14834594726562,304.0566101074219,293.33209228515625,140.2045440673828,55.75408172607422,215.73719787597656,395.3935241699219,77.95887756347656,169.50567626953125,117.19232177734375,157.11053466796875,237.67193603515625,49.89710235595703,91.31045532226562
2023-07-17,27.27310562133789,135.22926330566406,193.0865936279297,304.9980773925781,292.9150085449219,143.58395385742188,55.67168426513672,215.01095581054688,395.08905029296875,78.49507904052734,167.1820831298828,116.37773895263672,154.9734344482422,238.4832000732422,49.95840072631836,91.7084732055664
2023-07-18,28.47905731201172,135.50245666503906,198.5745391845703,314.3847351074219,293.5730285644531,143.84609985351562,55.45196533203125,216.8406524658203,391.12042236328125,83.55722045898438,166.11932373046875,117.0938491821289,156.52537536621094,235.3358917236328,49.86806869506836,91.29235076904297
2023-07-19,29.24901008605957,136.33091735839844,197.27838134765625,317.4421691894531,296.093994140625,144.39837646484375,56.431556701660156,217.76495361328125,391.228515625,84.66600036621094,167.74949645996094,118.7856674194336,157.75506591796875,235.97122192382812,49.884193420410156,91.92559051513672
2023-07-20,29.397438049316406,137.83792114257812,199.76458740234375,327.0526123046875,295.7324523925781,146.1770477294922,57.11818313598633,217.85928344726562,391.022216796875,85.24763488769531,170.4873504638672,120.52226257324219,158.5352325439453,234.21185302734375,50.80690002441406,93.54480743408203
2023-07-21,29.666460037231445,139.8561553955078,196.83116149902344,328.0779724121094,297.0115051269531,145.0537109375,57.16395950317383,220.49066162109375,390.4622802734375,85.43849182128906,171.2618865966797,120.02098083496094,158.84056091308594,233.8501739501953,51.09403991699219,93.97904968261719
2023-07-24,30.28798484802246,142.61468505859375,196.14891052246094,334.5750427246094,301.3117980957031,147.90890502929688,57.18226623535156,220.69813537597656,397.6331787109375,86.03832244873047,171.94638061523438,121.21153259277344,159.7225341796875,235.3065643310547,51.394073486328125,95.45352172851562
2023-07-25,29.824159622192383,143.26686096191406,196.82354736328125,330.6321105957031,301.33038330078125,146.8042755126953,56.990013122558594,221.68368530273438,394.1852722167969,85.81110382080078,172.34262084960938,119.5913314819336,156.6271514892578,233.30284118652344,51.352142333984375,95.59825897216797
2023-07-26,30.065345764160156,142.19161987304688,203.2438507080078,333.2979431152344,305.4638977050781,147.6842041015625,57.722412109375,221.806884765625,395.29534912109375,85.01134490966797,172.5587921142578,120.3700942993164,156.3727264404297,231.7487335205078,51.53602981567383,95.06453704833984
2023-07-27,29.638626098632812,140.7110595703125,201.1517791748047,330.4549560546875,305.5751037597656,146.0553436279297,57.16395950317383,222.59339904785156,387.5251159667969,84.29336547851562,169.79388427734375,120.39694213867188,158.1790771484375,229.14874267578125,51.34891128540039,95.36306762695312
2023-07-28,29.592243194580078,140.0147705078125,203.78961181640625,329.2618713378906,307.1136169433594,146.88853454589844,57.20058059692383,222.7734375,386.0124206542969,83.99067687988281,171.39697265625,120.84453582763672,159.34091186523438,230.42919921875,51.59087371826172,94.22325897216797
2023-07-31,29.685007095336914,144.23629760742188,204.62339782714844,331.72265625,309.4028015136719,147.8714599609375,56.69705581665039,221.99639892578125,387.30902099609375,83.98149871826172,168.8302459716797,122.16039276123047,158.69638061523438,232.36447143554688,51.574745178222656,97.00943756103516
2023-08-01,29.332500457763672,143.03768920898438,203.26661682128906,333.4471740722656,307.7623291015625,147.1412353515625,56.55057144165039,220.17697143554688,390.0497131347656,83.41283416748047,168.2538299560547,119.04528045654297,157.31407165527344,234.3682403564453,51.33278274536133,96.4486083984375
2023-08-02,28.933609008789062,140.772705078125,201.21241760253906,327.2763366699219,304.45361328125,145.47496032714844,56.72452163696289,217.46681213378906,383.12432861328125,81.92691802978516,169.5957489013672,119.53760528564453,155.49075317382812,232.1983184814453,51.368263244628906,95.24546813964844
2023-08-03,29.1376895904541,140.71983337402344,199.74945068359375,329.1965637207031,305.7048645019531,146.3642578125,56.431556701660156,214.84194946289062,386.06146240234375,81.76181030273438,168.52403259277344,118.81253814697266,153.92184448242188,233.3712158203125,51.381168365478516,96.90088653564453
2023-08-04,29.0356502532959,140.40257263183594,199.35528564453125,329.2524719238281,302.5351867675781,146.0553436279297,55.580135345458984,211.43057250976562,384.43084716796875,81.4407958984375,166.25445556640625,118.63351440429688,153.44696044921875,233.59605407714844,51.084354400634766,97.17227172851562
2023-08-07,29.57369041442871,140.91372680664062,200.38616943359375,331.4337463378906,305.0746154785156,146.7480926513672,56.01957321166992,211.6011199951172,389.853271484375,81.706787109375,168.31686401367188,118.1053695678711,154.47308349609375,236.05917358398438,51.77799606323242,96.97327423095703
2023-08-08,29.00782012939453,140.70217895507812,203.34237670898438,324.6290588378906,303.8141784667969,145.92428588867188,55.77239227294922,209.33633422851562,386.23834228515625,81.14727020263672,166.1103515625,117.24602508544922,153.11618041992188,233.88926696777344,51.82961654663086,97.45269012451172
2023-08-09,28.62748146057129,140.88729858398438,201.23513793945312,319.43695068359375,304.18487548828125,143.9677734375,55.90056610107422,208.13284301757812,386.70977783203125,80.3125991821289,165.696044921875,116.90589141845703,152.11549377441406,234.34866333007812,51.91350173950195,99.10811614990234
2023-08-10,28.701696395874023,141.74217224121094,202.03102111816406,317.3023986816406,305.28778076171875,143.75244140625,55.77239227294922,209.2889404296875,390.11846923828125,80.38597869873047,165.48887634277344,117.19232177734375,152.9720458984375,235.1811065673828,51.88759231567383,99.61470031738281
2023-08-11,29.026376724243164,144.66810607910156,201.45497131347656,317.6100158691406,306.87261962890625,144.5856475830078,56.00126266479492,211.97068786621094,387.9966735839844,80.44099426269531,165.7501220703125,117.30870056152344,151.1407470703125,235.0635528564453,52.19194412231445,101.16156005859375
2023-08-14,28.692419052124023,144.56236267089844,202.34181213378906,314.8228759765625,305.797607421875,144.88519287109375,55.735774993896484,214.055419921875,391.532958984375,80.10163116455078,165.371826171875,115.849609375,150.19088745117188,237.86422729492188,51.80342102050781,101.24297332763672
2023-08-15,27.774036407470703,140.3408660888672,201.28819274902344,309.6680908203125,307.8272399902344,141.1968536376953,55.36042022705078,212.11282348632812,387.47607421875,79.02848815917969,163.32745361328125,112.89737701416016,148.2654571533203,234.85791015625,51.537925720214844,98.64374542236328
2023-08-16,27.171058654785156,139.80328369140625,200.92433166503906,306.7784423828125,308.65203857421875,140.59768676757812,55.369571685791016,210.51136779785156,387.3973693847656,78.87255096435547,163.20132446289062,116.23780822753906,146.1090087890625,234.32908630371094,51.56382369995117,96.98384857177734
2023-08-17,27.161785125732422,142.14340209960938,200.80311584472656,305.2962951660156,303.3229675292969,139.13734436035156,55.48858642578125,206.720947265625,385.6783447265625,78.68909454345703,160.71563720703125,117.46565246582031,146.1090087890625,232.44886779785156,50.40796661376953,98.86261749267578
2023-08-18,27.004085540771484,143.1666717529297,199.08998107910156,302.882080078125,303.4064025878906,139.4556427001953,55.799861907958984,207.85806274414062,385.236328125,77.86360168457031,160.47250366210938,118.45875549316406,146.53684997558594,233.23231506347656,51.13320541381836,100.35832977294922
2023-08-21,27.041189193725586,142.6861572265625,197.03579711914062,300.2068176269531,300.3386535644531,139.93304443359375,55.32380294799805,206.1902618408203,386.24810791015625,77.27655792236328,159.45474243164062,115.37110900878906,144.18356323242188,234.49557495117188,50.99722671508789,99.14533233642578
2023-08-22,26.382553100585938,141.51165771484375,196.30809020996094,297.1587219238281,300.72796630859375,137.03103637695312,54.98506546020508,213.91326904296875,390.8060607910156,76.11167907714844,158.2389373779297,112.798095703125,142.78872680664062,235.58255004882812,50.83534622192383,98.58900451660156
2023-08-23,26.391828536987305,141.69850158691406,197.42237854003906,300.45855712890625,302.22003173828125,137.9578094482422,55.17732238769531,215.2873077392578,393.96917724609375,76.48773956298828,160.41842651367188,111.2362060546875,144.51734924316406,237.2766876220703,51.18825149536133,97.72259521484375
2023-08-24,26.54953384399414,140.53289794921875,196.15650939941406,298.2493591308594,298.9762878417969,137.82675170898438,55.03083801269531,211.2883758544922,390.6391296386719,76.53361511230469,159.5718231201172,112.03970336914062,142.9085235595703,234.50537109375,50.79648971557617,96.99295806884766
2023-08-25,26.438209533691406,141.5828399658203,196.11859130859375,298.4263916015625,299.22650146484375,137.65823364257812,55.28717803955078,211.3831787109375,395.7668151855469,76.33183288574219,161.5892333984375,109.9542007446289,144.50872802734375,237.54112243652344,51.097591400146484,98.72582244873047
2023-08-28,26.679401397705078,142.55270385742188,195.83058166503906,303.85150146484375,302.05322265625,138.1356658935547,55.442813873291016,211.051513671875,400.2363586425781,77.39580535888672,162.33673095703125,111.434814453125,144.48309326171875,238.77496337890625,51.38899230957031,99.55574798583984
2023-08-29,27.059741973876953,142.33029174804688,197.52090454101562,309.9849853515625,305.26922607421875,139.25901794433594,55.38788986206055,214.54820251464844,404.37188720703125,78.46895599365234,162.9491729736328,113.89952850341797,146.9732666015625,240.25364685058594,51.819602966308594,100.14855194091797
2023-08-30,26.939146041870117,142.5260009765625,200.0299530029297,308.8382873535156,308.3844909667969,138.69735717773438,55.36042022705078,218.2438507080078,406.5919494628906,78.20296478271484,163.08425903320312,114.61273956298828,147.19577026367188,241.12521362304688,52.19194412231445,101.12440490722656
2023-08-31,26.817548751831055,143.34461975097656,197.8544464111328,308.02056884765625,308.0767517089844,136.9842529296875,54.77449417114258,218.40493774414062,405.34442138671875,78.10205078125,161.36557006835938,114.2516098022461,144.96231079101562,240.5866241455078,52.64846420288086,101.40714263916016
2023-09-01,27.107515335083008,146.1919403076172,197.81654357910156,307.729248046875,310.669677734375,137.44296264648438,54.298439025878906,220.32858276367188,408.2226257324219,78.65239715576172,159.0074920654297,113.32170104980469,143.7642364501953,242.96624755859375,52.31174087524414,103.5321273803711
2023-09-05,26.798839569091797,148.1138916015625,194.5192413330078,304.29852294921875,305.726318359375,135.9263916015625,53.8498420715332,218.3575439453125,404.22454833984375,77.81771087646484,157.95541381835938,113.0237808227539,140.31565856933594,240.25364685058594,51.89083480834961,103.54125213623047
2023-09-06,26.55563735961914,148.26513671875,195.16354370117188,301.8359680175781,304.06610107421875,135.70172119140625,53.8132209777832,217.5805206298828,405.8749084472656,77.19401550292969,158.47238159179688,111.68761444091797,138.8950958251953,241.05667114257812,52.27936935424805,104.43502807617188
2023-09-07,26.312435150146484,148.27403259277344,194.1705322265625,302.61602783203125,306.3232421875,134.54090881347656,53.401241302490234,221.37094116210938,407.28948974609375,76.90049743652344,159.9870147705078,112.36474609375,138.835205078125,242.016357421875,52.92690658569336,103.92431640625
2023-09-08,26.527576446533203,148.78121948242188,192.95933532714844,305.962158203125,306.59375,134.64390563964844,53.401241302490234,219.17250061035156,407.50555419921875,77.89111328125,159.8690948486328,111.66956329345703,137.8083038330078,242.1632537841797,53.0240364074707,105.43824768066406
2023-09-11,26.639822006225586,145.7114715576172,194.01817321777344,305.14447021484375,306.2765808105469,135.2336883544922,53.9047737121582,219.76004028320312,409.32281494140625,76.59781646728516,162.28160095214844,110.74868774414062,137.67996215820312,242.09469604492188,53.20858383178711,104.11582946777344
2023-09-12,27.098163604736328,148.42529296875,191.55772399902344,311.0189208984375,304.32720947265625,136.99359130859375,53.373779296875,218.36705017089844,408.9102783203125,78.46895599365234,161.6830291748047,110.50492095947266,133.983154296875,242.1730499267578,53.266868591308594,107.15283966064453
2023-09-13,27.01397705078125,147.88253784179688,192.08334350585938,314.85382080078125,303.95416259765625,137.0591278076172,53.501949310302734,216.8319091796875,408.939697265625,80.02825164794922,162.96180725097656,110.9834213256836,135.0699462890625,242.69204711914062,53.27981948852539,106.19522094726562
2023-09-14,27.313302993774414,148.79898071289062,195.79307556152344,323.86761474609375,307.45184326171875,139.71774291992188,53.94487380981445,218.77450561523438,406.0321044921875,81.69761657714844,164.3675994873047,112.64459228515625,137.5430450439453,236.4932861328125,53.50321578979492,108.09222412109375
2023-09-15,26.976560592651367,148.14947509765625,193.54591369628906,321.9595947265625,299.7756042480469,139.30584716796875,53.46503448486328,208.49295043945312,406.98492431640625,81.09223937988281,163.10693359375,111.09175109863281,137.3376922607422,236.0721893310547,53.30571746826172,106.43235778808594
2023-09-18,26.901729583740234,148.79010009765625,189.9047393798828,322.69268798828125,295.9140930175781,139.59600830078125,53.79723358154297,206.31346130371094,409.755126953125,81.36739349365234,162.68972778320312,107.7423095703125,135.58338928222656,239.58775329589844,52.91071319580078,107.28965759277344
2023-09-19,26.798839569091797,148.77232360839844,190.43032836914062,321.3486328125,293.4423828125,139.41818237304688,53.68650817871094,206.10498046875,406.2187194824219,81.18396759033203,161.72836303710938,108.49164581298828,135.21539306640625,238.5105743408203,52.897769927978516,107.00692749023438
2023-09-20,26.705297470092773,148.3185272216797,190.83409118652344,316.4704895019531,289.9447326660156,138.8284149169922,53.926422119140625,203.65065002441406,403.2619323730469,79.92736053466797,161.7827911376953,108.70832061767578,134.8988037109375,236.8458251953125,53.06936264038086,106.15872955322266
2023-09-21,26.237606048583984,146.98385620117188,199.46470642089844,310.39862060546875,286.1205749511719,137.7425079345703,53.0959358215332,199.5759735107422,396.22845458984375,77.85441589355469,159.06192016601562,105.91860961914062,133.00762939453125,231.70468139648438,52.4250602722168,104.66304016113281
2023-09-22,25.854095458984375,147.95370483398438,198.8857879638672,308.1898193359375,285.15985107421875,136.42254638671875,53.151302337646484,199.46224975585938,395.1086730957031,76.39601135253906,158.962158203125,101.65730285644531,131.59564208984375,230.2063751220703,52.56428527832031,104.82719421386719
2023-09-25,25.816680908203125,150.11590576171875,202.9535369873047,309.0827331542969,285.8687438964844,137.09658813476562,52.59764099121094,201.36692810058594,395.3738708496094,76.15754699707031,158.109619140625,101.350341796875,132.0491943359375,228.5220489501953,52.79739761352539,106.00371551513672
2023-09-26,25.414466857910156,149.30621337890625,199.1143035888672,304.36431884765625,282.1844787597656,135.6736602783203,52.1639404296875,197.6143798828125,388.3896179199219,75.36872863769531,156.468017578125,98.84051513671875,129.98684692382812,224.8889617919922,52.612850189208984,106.16787719726562
2023-09-27,25.50800323486328,152.1891326904297,200.11981201171875,302.6067199707031,281.512939453125,136.4693603515625,51.62873840332031,196.1171875,388.48779296875,74.89177703857422,153.79249572753906,99.07524108886719,130.4232940673828,224.74209594726562,52.360313415527344,109.6244125366211
2023-09-28,25.77926254272461,151.78868103027344,202.96116638183594,305.66143798828125,283.0705261230469,138.16375732421875,51.49954605102539,196.89419555664062,392.3778076171875,75.38706970214844,153.72901916503906,98.9127426147461,133.0675048828125,226.85728454589844,52.625797271728516,108.9586410522461
2023-09-29,25.61089515686035,150.03579711914062,201.80331420898438,304.1293640136719,281.8301086425781,135.7578887939453,51.65641403198242,196.95106506347656,388.9101867675781,74.91011047363281,153.67459106445312,99.82457733154297,133.3841552734375,225.24147033691406,51.78075408935547,107.23493194580078
2023-10-02,24.974836349487305,148.18507385253906,201.9480438232422,299.36395263671875,279.65679931640625,134.58770751953125,51.195030212402344,194.9611053466797,388.8512268066406,73.75440979003906,153.42970275878906,96.3216552734375,132.70811462402344,226.47537231445312,51.83579635620117,105.45648193359375
2023-10-03,24.235877990722656,148.53204345703125,198.2001953125,287.7277526855469,272.29766845703125,133.59542846679688,50.641380310058594,189.67343139648438,384.14599609375,71.56222534179688,152.0964813232422,96.7459716796875,131.56997680664062,224.0663604736328,51.5087890625,105.63890075683594
2023-10-04,24.263940811157227,145.07080078125,198.09356689453125,290.0588073730469,272.7174377441406,134.19456481933594,50.78901672363281,189.13328552246094,386.7982482910156,72.54365539550781,153.19390869140625,96.25845336914062,131.54429626464844,226.42642211914062,52.127193450927734,101.68985748291016
2023-10-05,24.376184463500977,145.8360137939453,197.41558837890625,291.8446044921875,272.0738525390625,134.7603759765625,48.3344612121582,189.33229064941406,387.7918395996094,72.59870147705078,145.20362854003906,94.93132781982422,131.25335693359375,228.63951110839844,51.505550384521484,99.40069580078125
2023-10-06,24.385536193847656,144.35008239746094,196.45578002929688,293.70562744140625,273.11846923828125,136.83511352539062,49.035762786865234,189.08592224121094,391.50048828125,73.68102264404297,145.3759307861328,94.80491638183594,132.01495361328125,230.16720581054688,50.641075134277344,97.74082946777344
2023-10-09,24.610031127929688,148.34521484375,194.795166015625,293.8277893066406,275.4875793457031,136.5238494873047,48.79584503173828,190.2230682373047,388.3229675292969,73.29579162597656,146.34637451171875,95.48204040527344,132.07484436035156,229.5796356201172,50.45652389526367,101.16089630126953
2023-10-10,25.264801025390625,148.18507385253906,195.61024475097656,295.8580017089844,279.087890625,137.35374450683594,49.857017517089844,192.12774658203125,393.8614807128906,73.49757385253906,149.10353088378906,98.97592163085938,133.11032104492188,231.69488525390625,51.0263671875,100.73223876953125
2023-10-11,25.27415657043457,143.34461975097656,194.5971221923828,294.2132263183594,277.99658203125,137.82525634765625,49.561737060546875,192.63943481445312,393.3105773925781,72.36937713623047,147.48915100097656,98.39813232421875,132.89637756347656,230.79393005371094,51.230342864990234,97.12066650390625
2023-10-12,25.161911010742188,143.4602813720703,191.99192810058594,291.23370361328125,273.3049621582031,137.504638671875,48.73124694824219,186.58425903320312,393.3991394042969,71.3696060180664,143.37158203125,100.03224182128906,132.9647979736328,231.87115478515625,51.463462829589844,97.10243225097656
2023-10-13,25.03095817565918,145.97837829589844,184.9838104248047,290.7167053222656,272.279052734375,139.5698699951172,48.80507278442383,185.49449157714844,391.5595397949219,71.35125732421875,145.11293029785156,101.09757232666016,132.70811462402344,232.74267578125,51.748382568359375,100.20327758789062
2023-10-16,25.246097564697266,147.1707000732422,188.57928466796875,295.5008850097656,277.3250732421875,139.4284210205078,49.30336380004883,187.86349487304688,394.6386413574219,72.21346282958984,146.0924530029297,100.56490325927734,134.05160522460938,235.09292602539062,52.195186614990234,100.27623748779297
2023-10-17,25.83538818359375,149.11935424804688,188.9373016357422,290.7730712890625,276.028564453125,139.1266632080078,49.89393615722656,187.76873779296875,395.2387390136719,73.68102264404297,145.44850158691406,101.62118530273438,134.50515747070312,236.19949340820312,52.26317596435547,101.58953857421875
2023-10-18,25.54541778564453,150.302734375,185.57037353515625,283.8177185058594,270.7120361328125,137.5989532470703,49.8754768371582,183.32444763183594,386.8179016113281,68.68212890625,146.9540557861328,99.49957275390625,131.6298828125,232.5468292236328,52.30202865600586,103.01229095458984
2023-10-19,25.218032836914062,150.46292114257812,185.32659912109375,281.2141418457031,267.4755859375,137.0142364501953,50.15230941772461,180.48162841796875,381.5647277832031,66.88435363769531,145.6208038330078,97.8293685913086,130.12379455566406,228.96270751953125,52.05272674560547,103.07612609863281
2023-10-20,24.610031127929688,148.44308471679688,183.29273986816406,282.0224304199219,267.1397705078125,134.80752563476562,50.35531997680664,180.51951599121094,378.16094970703125,67.07697296142578,145.11293029785156,98.25367736816406,130.0382080078125,228.5416259765625,51.40194320678711,101.30680847167969
2023-10-23,23.917848587036133,142.97091674804688,181.27407836914062,281.2423400878906,265.8899230957031,132.96859741210938,49.90316390991211,178.5106201171875,377.4329528808594,65.76534271240234,145.1854705810547,96.980712890625,126.78638458251953,226.72996520996094,52.13042449951172,99.82022857666016
2023-10-24,23.824304580688477,139.38504028320312,184.1001739501953,281.2047119140625,264.2483215332031,133.12893676757812,51.34267807006836,177.51927185058594,380.62030029296875,65.63691711425781,147.09915161132812,98.1182632446289,127.77903747558594,229.78530883789062,52.85567855834961,98.85350036621094
2023-10-25,23.89913558959961,138.6910400390625,179.1716766357422,278.9301452636719,262.0284729003906,132.4027862548828,51.785606384277344,177.3762969970703,380.0300598144531,65.49017333984375,147.24427795410156,99.6349868774414,125.73381805419922,231.93966674804688,52.69702911376953,99.03589630126953
2023-10-26,24.432310104370117,137.6944580078125,173.6260986328125,279.1463317871094,259.2956237792969,132.74227905273438,51.471858978271484,176.0800323486328,358.66314697265625,66.1047134399414,146.3917694091797,100.09542083740234,118.27178955078125,226.4851531982422,52.376495361328125,98.13298797607422
2023-10-27,23.543691635131836,128.44065856933594,174.31927490234375,272.49176025390625,257.859130859375,127.96109008789062,50.97357177734375,175.02198791503906,358.161376953125,64.57294464111328,144.7682647705078,96.80917358398438,115.37938690185547,224.516845703125,52.182228088378906,96.26336669921875
2023-10-30,24.030092239379883,129.9889373779297,180.39805603027344,282.7555847167969,262.5414733886719,129.59249877929688,51.813289642333984,178.9300079345703,366.3658447265625,65.53849792480469,147.1807861328125,98.10922241210938,118.7595443725586,228.24786376953125,52.78121566772461,96.56432342529297
2023-10-31,24.638093948364258,129.66859436035156,182.89663696289062,285.36859130859375,265.5354309082031,131.13909912109375,52.12703323364258,181.64657592773438,370.23199462890625,65.7520523071289,148.08773803710938,100.02320098876953,120.87324523925781,230.2259521484375,52.9074821472168,96.53695678710938
2023-11-01,24.694215774536133,128.11148071289062,185.28089904785156,288.7052917480469,267.344970703125,131.0259246826172,52.08089065551758,182.3328399658203,371.6781005859375,65.87274169921875,149.52978515625,98.8946762084961,119.63240051269531,233.63381958007812,53.38018798828125,96.34544372558594
2023-11-02,25.83538818359375,132.36465454101562,188.3431396484375,294.9087829589844,274.71343994140625,133.3646697998047,52.68067932128906,185.22097778320312,376.4688720703125,68.2031478881836,151.3074493408203,100.27598571777344,121.50647735595703,238.2069854736328,53.59063720703125,99.51014709472656
2023-11-03,26.583702087402344,131.3413848876953,188.2593231201172,307.93597412109375,275.7207336425781,134.85470581054688,52.35772705078125,185.81192016601562,379.7742614746094,70.80277252197266,151.2711639404297,101.88300323486328,122.25098419189453,238.5497283935547,53.312191009521484,98.29715728759766
2023-11-06,26.499515533447266,130.7986297607422,186.88055419921875,304.448974609375,274.750732421875,135.8731689453125,52.5699577331543,185.1351776123047,379.88250732421875,70.48709869384766,151.18954467773438,100.2579345703125,121.7460708618164,238.44203186035156,53.383419036865234,96.55521392822266
2023-11-07,26.340499877929688,128.4940948486328,186.01980590820312,304.4865417480469,274.93731689453125,135.8071746826172,52.763736724853516,185.4687957763672,382.5484619140625,70.1064453125,151.62486267089844,100.5287857055664,121.38667297363281,239.6954803466797,53.632728576660156,95.04125213623047
2023-11-08,26.08794403076172,126.70559692382812,186.91104125976562,305.0598449707031,276.0099182128906,136.47671508789062,52.68067932128906,185.56407165527344,383.3649597167969,70.53351593017578,151.81533813476562,99.17455291748047,121.47224426269531,239.36183166503906,53.19562911987305,93.8738784790039
2023-11-09,25.751205444335938,126.29630279541016,183.72691345214844,301.5069885253906,268.5014953613281,136.0712127685547,52.283897399902344,181.57029724121094,381.65325927734375,68.88088989257812,150.69976806640625,96.41192626953125,119.7607421875,237.13414001464844,53.07260513305664,93.90123748779297
2023-11-10,25.891515731811523,127.19499969482422,187.4137725830078,305.9527893066406,271.9712219238281,138.08929443359375,52.339263916015625,185.48782348632812,387.96893310546875,69.9393310546875,151.3890380859375,97.8022689819336,119.5703125,240.67684936523438,53.80757141113281,94.62173461914062
2023-11-13,25.910221099853516,128.12928771972656,186.92628479003906,307.2686462402344,268.6881103515625,137.4763641357422,52.53304672241211,184.76345825195312,387.9393615722656,69.6700668334961,152.15997314453125,96.87237548828125,119.62224578857422,240.10765075683594,54.28997802734375,95.61582946777344
2023-11-14,27.33201026916504,129.0635528564453,193.62208557128906,318.3691101074219,283.2012023925781,139.98483276367188,52.68991470336914,192.77011108398438,391.1856994628906,72.70606231689453,152.4683074951172,101.05921936035156,123.9510498046875,242.3353271484375,54.28026580810547,95.98397827148438
2023-11-15,27.706165313720703,129.517333984375,196.09014892578125,317.31640625,287.4543151855469,141.2107696533203,52.791419982910156,195.25790405273438,390.3790283203125,73.97802734375,151.6883544921875,119.00160217285156,127.41410827636719,243.48348999023438,54.96990203857422,95.4041519165039
2023-11-16,27.631336212158203,127.46736907958984,194.2010040283203,316.4422912597656,285.8219909667969,142.82339477539062,52.73605728149414,192.8082275390625,390.6446533203125,73.95946502685547,152.1055450439453,118.52725982666016,127.18901824951172,243.9349365234375,50.52128219604492,94.29972076416016
2023-11-17,28.042903900146484,129.88597106933594,194.97036743164062,318.8108825683594,286.5962219238281,144.1153564453125,52.837554931640625,194.1617431640625,393.7926330566406,74.53509521484375,151.24395751953125,118.48164367675781,128.11538696289062,244.9064483642578,50.29788589477539,96.60061645507812
2023-11-20,28.070964813232422,129.81407165527344,194.65806579589844,319.0552673339844,287.4543151855469,144.55857849121094,52.96674346923828,194.8670654296875,397.8259582519531,73.99659729003906,151.02627563476562,118.26272583007812,129.49195861816406,245.30882263183594,50.28169250488281,96.17725372314453
2023-11-21,27.743581771850586,129.50831604003906,194.9018096923828,314.8443908691406,284.79608154296875,144.25680541992188,53.5480842590332,188.78582763671875,402.302001953125,72.8546142578125,152.1872100830078,119.31173706054688,129.6650848388672,247.5266571044922,50.4630012512207,96.14044189453125
2023-11-22,27.715517044067383,129.76907348632812,195.35888671875,318.2939147949219,288.3963928222656,144.59628295898438,53.90796661376953,189.1861572265625,403.6595458984375,72.87317657470703,153.4750518798828,119.03807830810547,130.51351928710938,248.98892211914062,50.077720642089844,95.72628021240234
2023-11-24,27.809053421020508,130.2815704345703,196.23489379882812,318.7732849121094,289.7955017089844,144.79432678222656,54.04637908935547,189.74851989746094,405.7943115234375,73.021728515625,153.6111297607422,119.91378021240234,131.62168884277344,249.55807495117188,50.52775955200195,96.24166870117188
2023-11-27,27.650039672851562,129.7960662841797,193.1802520751953,317.4198303222656,290.00067138671875,144.4642791748047,53.94487380981445,190.46343994140625,402.3216552734375,72.37181854248047,152.6588134765625,119.79518127441406,129.50924682617188,249.40106201171875,50.75763702392578,95.68025970458984
2023-11-28,27.621978759765625,130.8300323486328,193.03555297851562,317.3634033203125,292.2578430175781,144.79432678222656,54.05561447143555,190.68263244628906,402.3610534667969,71.3783950805664,153.14857482910156,120.1053237915039,130.50486755371094,248.2234344482422,51.363094329833984,95.62503814697266
2023-11-29,28.351579666137695,129.39146423339844,193.431640625,322.4427490234375,292.0419006347656,145.5299072265625,53.73263931274414,190.55873107910156,403.15789794921875,72.92888641357422,151.60675048828125,119.78605651855469,131.84678649902344,249.48939514160156,50.534236907958984,94.18927001953125
2023-11-30,28.747577667236328,129.1127471923828,197.16421508789062,323.6557312011719,294.36114501953125,147.1896514892578,54.35581588745117,189.51979064941406,407.1026306152344,73.66236114501953,153.7954559326172,122.0573501586914,131.25807189941406,251.89369201660156,50.40796661376953,94.55741882324219
2023-12-01,29.190715789794922,130.20068359375,201.42242431640625,330.1849060058594,300.1170959472656,147.90634155273438,54.54184341430664,194.37142944335938,407.62408447265625,75.10143280029297,154.16099548339844,122.9421615600586,134.11509704589844,251.66799926757812,49.97087478637695,94.78750610351562
2023-12-04,29.05872344970703,130.25460815429688,202.32127380371094,331.0946044921875,304.2486267089844,148.99085998535156,54.47673034667969,197.83148193359375,401.59368896484375,75.39854431152344,154.57223510742188,121.96614837646484,134.98953247070312,249.6954803466797,49.95792007446289,94.2721176147461
2023-12-05,28.83243751525879,128.44740295410156,202.68690490722656,323.8547058105469,303.7603759765625,148.97201538085938,54.56044387817383,196.27777099609375,402.0462341308594,74.4329605102539,153.47560119628906,121.20904541015625,133.4657745361328,249.8623046875,50.42091751098633,92.44061279296875
2023-12-06,28.785295486450195,128.1506805419922,203.54771423339844,324.0632019042969,306.2110900878906,147.40655517578125,54.504634857177734,198.92759704589844,403.7088317871094,73.72735595703125,153.0826416015625,121.66513061523438,134.44410705566406,249.54824829101562,49.873748779296875,91.2165298461914
2023-12-07,28.907865524291992,128.05178833007812,203.86761474609375,326.5743713378906,306.2674560546875,147.8592071533203,54.634849548339844,198.54632568359375,406.4337158203125,74.6000747680664,153.03692626953125,123.31615447998047,135.4916534423828,251.04971313476562,49.54551696777344,90.58147430419922
2023-12-08,29.190715789794922,129.7510986328125,208.33731079101562,332.459228515625,306.54913330078125,149.4906768798828,54.513938903808594,198.0983428955078,405.4598388671875,76.3919677734375,151.4102325439453,123.31615447998047,135.31851196289062,250.97122192382812,49.02555465698242,91.62150573730469
2023-12-11,29.087007522583008,129.78707885742188,207.7020721435547,333.3405456542969,311.112548828125,150.0376434326172,54.91388702392578,196.67811584472656,408.9521789550781,76.89331817626953,153.36595153808594,124.74824523925781,134.86830139160156,251.73667907714844,49.149044036865234,91.68592071533203
2023-12-12,28.983291625976562,128.12368774414062,208.94961547851562,334.14599609375,312.8684997558594,151.37677001953125,55.26732635498047,198.92759704589844,413.9101867675781,77.61750793457031,153.95994567871094,123.744873046875,134.51333618164062,254.72003173828125,49.188053131103516,90.24095916748047
2023-12-13,30.209001541137695,130.0208282470703,209.57716369628906,343.7361145019531,322.4460754394531,151.885986328125,55.74168014526367,205.36155700683594,417.77630615234375,79.50223541259766,157.19505310058594,126.22595977783203,136.1409912109375,257.4874572753906,50.06222152709961,91.04165649414062
2023-12-14,32.00041580200195,134.80410766601562,213.88613891601562,363.3901062011719,330.3429260253906,154.6490936279297,54.91388702392578,214.97906494140625,411.7557373046875,84.52510070800781,153.75888061523438,128.74354553222656,140.5650177001953,253.90548706054688,49.451271057128906,93.48981475830078
2023-12-15,31.679847717285156,134.28265380859375,215.2867431640625,360.5850830078125,332.3993225097656,155.81845092773438,54.504634857177734,215.02671813964844,411.765625,85.02645111083984,152.6165771484375,126.21685791015625,141.06716918945312,253.21853637695312,49.636512756347656,92.86397552490234
2023-12-18,31.519567489624023,134.579345703125,215.76889038085938,356.6902770996094,329.4039001464844,156.76148986816406,54.89528274536133,213.56837463378906,417.5303649902344,84.26513671875,154.362060546875,125.62393188476562,139.88108825683594,253.5521697998047,50.3612060546875,93.55422973632812
2023-12-19,31.594989776611328,136.34161376953125,214.29942321777344,362.42352294921875,330.58709716796875,158.85507202148438,54.718570709228516,214.86471557617188,418.5534973144531,85.34211730957031,153.48472595214844,127.32059478759766,139.92434692382812,255.1419677734375,50.54319381713867,94.78750610351562
2023-12-20,31.09528160095215,135.0918426513672,188.46871948242188,357.75164794921875,327.3851623535156,157.0632781982422,53.583824157714844,211.61434936523438,412.6313171386719,84.61793518066406,151.41937255859375,124.8759765625,135.88990783691406,252.31565856933594,49.95174026489258,93.20449829101562
2023-12-21,31.302709579467773,135.5054473876953,189.31820678710938,360.6419982910156,327.6762390136719,157.95916748046875,53.93726348876953,213.082275390625,416.5564880371094,86.00131225585938,152.58914184570312,127.12901306152344,136.0630645751953,254.7003936767578,50.30595779418945,93.62786865234375
2023-12-22,31.519567489624023,135.81112670898438,189.83102416992188,360.7178039550781,327.31939697265625,157.8648681640625,54.24420166015625,212.55799865722656,417.2057189941406,85.79705810546875,153.23800659179688,127.88611602783203,137.00672912597656,253.61105346679688,50.907161712646484,93.79351806640625
2023-12-26,31.92499542236328,137.03392028808594,192.86181640625,361.6274719238281,327.9954833984375,158.79849243164062,54.46743392944336,212.38644409179688,416.78271484375,86.1962890625,154.31639099121094,128.6432342529297,136.8162841796875,254.32742309570312,50.829158782958984,94.00521087646484
2023-12-27,31.906137466430664,136.58436584472656,192.05821228027344,364.34722900390625,327.2630615234375,159.7509307861328,54.6069450378418,212.45315551757812,417.4615173339844,86.95761108398438,154.80987548828125,129.87464904785156,135.7860107421875,254.10174560546875,51.3068733215332,93.56343841552734
2023-12-28,31.943851470947266,134.6602783203125,194.07876586914062,366.1761779785156,326.1644287109375,160.59970092773438,54.6441535949707,212.46267700195312,419.3896484375,86.93902587890625,154.8007049560547,130.02056884765625,136.19293212890625,255.5443572998047,51.20613098144531,92.21051788330078
2023-12-29,31.745847702026367,134.11183166503906,193.61187744140625,365.5696716308594,325.40386962890625,160.41104125976562,54.81156539916992,212.12908935546875,419.5765686035156,86.57693481445312,155.21194458007812,129.9111328125,136.12364196777344,255.49526977539062,51.23212814331055,92.01724243164062
2024-01-02,31.962709426879883,134.39952087402344,193.0531768798828,367.9671936035156,324.0235595703125,162.27830505371094,55.63937759399414,208.4116973876953,415.03167724609375,87.18042755126953,158.01756286621094,130.53143310546875,137.0846710205078,254.04283142089844,51.76508712768555,94.20767211914062
2024-01-03,31.613849639892578,136.96202087402344,189.5325469970703,361.7980651855469,317.6197204589844,161.57102966308594,55.76958465576172,202.33045959472656,411.96234130859375,85.33283996582031,158.05409240722656,126.49049377441406,136.39205932617188,253.16944885253906,51.768333435058594,94.99919128417969
2024-01-04,31.868417739868164,135.46044921875,187.73394775390625,362.8973693847656,317.9295349121094,162.6432342529297,55.583560943603516,201.3296356201172,412.9461669921875,85.55567169189453,156.7015380859375,127.9317398071289,135.91587829589844,254.76907348632812,51.267879486083984,94.1708755493164
2024-01-05,32.4624137878418,135.22669982910156,188.8972625732422,366.20458984375,322.01416015625,163.45925903320312,55.49985885620117,202.5592041015625,412.60186767578125,86.56765747070312,154.38946533203125,128.3878173828125,137.4136505126953,254.84756469726562,50.92665481567383,94.45619201660156
2024-01-08,32.207847595214844,134.41749572753906,190.25962829589844,368.49786376953125,326.6996765136719,163.22203063964844,55.90910720825195,206.972412109375,415.77447509765625,86.8183364868164,154.5448455810547,129.28173828125,138.45257568359375,257.6444091796875,51.42711639404297,92.88237762451172
2024-01-09,31.7081356048584,131.00086975097656,189.2340545654297,363.64593505859375,325.06585693359375,161.9315643310547,55.806785583496094,206.84849548339844,416.3853759765625,85.47210693359375,152.77191162109375,131.14256286621094,138.46987915039062,258.419677734375,51.77159118652344,91.73192596435547
2024-01-10,31.679847717285156,129.9219207763672,191.95870971679688,361.95916748046875,335.0284118652344,162.27316284179688,55.99281311035156,209.89866638183594,421.9720153808594,84.93362426757812,152.54342651367188,131.4344482421875,139.5780487060547,259.626708984375,52.4150390625,90.82998657226562
2024-01-11,31.255571365356445,130.6232452392578,191.9893341064453,359.8648681640625,334.77490234375,161.58998107910156,55.63007354736328,209.8509979248047,420.44476318359375,84.03302001953125,151.8214874267578,129.5462646484375,137.8724822998047,259.1066589355469,52.356544494628906,90.81156158447266
2024-01-12,30.925565719604492,132.41249084472656,190.24432373046875,357.9696044921875,334.0049133300781,160.40391540527344,56.16953659057617,208.6595458984375,422.789794921875,83.2809829711914,152.86329650878906,128.5337677001953,137.05868530273438,259.24407958984375,52.42478942871094,91.98963165283203
2024-01-16,30.284427642822266,129.19366455078125,187.54257202148438,360.5282287597656,336.55902099609375,159.3981170654297,55.7974967956543,210.10833740234375,422.0508117675781,79.81790924072266,151.8580780029297,128.67970275878906,134.4787139892578,260.2940368652344,52.59052658081055,89.90962982177734
2024-01-17,29.982715606689453,128.68112182617188,186.2032470703125,357.429443359375,333.99554443359375,158.544189453125,55.7974967956543,207.8397979736328,421.1344909667969,78.36954498291016,152.10479736328125,126.55435943603516,133.8120574951172,261.6581726074219,52.343544006347656,89.25617218017578
2024-01-18,29.916717529296875,127.51229858398438,186.80023193359375,357.1735534667969,336.0613098144531,158.85731506347656,55.95560836791992,208.0113525390625,424.3859558105469,77.89603424072266,152.77191162109375,125.33206176757812,135.5176239013672,263.1400146484375,53.048736572265625,89.09052276611328
2024-01-19,30.37871742248535,127.88994598388672,188.68299865722656,362.1866149902344,340.296142578125,161.59947204589844,55.64867401123047,209.70802307128906,430.3568115234375,79.23298645019531,151.5016632080078,126.0070571899414,135.8292999267578,265.8485412597656,52.76926040649414,89.22856140136719
2024-01-22,30.68985366821289,128.11471557617188,191.8668670654297,365.74969482421875,334.9251708984375,161.40969848632812,55.40684509277344,209.56503295898438,433.28314208984375,79.5950927734375,150.8893280029297,128.0320587158203,137.3097381591797,266.1429748535156,52.77251052856445,89.1089096069336
2024-01-23,30.897279739379883,127.75505828857422,191.9893341064453,360.8314208984375,329.375732421875,160.3470001220703,55.667274475097656,205.45535278320312,432.3077087402344,80.53280639648438,153.20144653320312,128.5063934326172,138.57376098632812,266.2018127441406,52.9057502746582,90.11210632324219
2024-01-24,31.09528160095215,130.299560546875,191.1321563720703,359.533203125,326.0799560546875,161.77975463867188,54.79296875,201.70013427734375,432.2485656738281,81.30341339111328,151.337158203125,126.97395324707031,135.5609130859375,266.5845947265625,52.15830993652344,91.6675033569336
2024-01-25,31.481849670410156,133.58131408691406,193.73435974121094,362.6604309082031,329.5542297363281,164.094970703125,55.0255012512207,203.16580200195312,430.3764953613281,81.72120666503906,152.21446228027344,129.69219970703125,138.270751953125,267.5265808105469,52.91874694824219,93.9959945678711
2024-01-26,31.519567489624023,134.0938262939453,192.5250701904297,358.007568359375,333.6199645996094,163.46871948242188,55.22081756591797,203.07003784179688,432.0810852050781,81.45197296142578,153.40249633789062,130.01150512695312,137.915771484375,262.9437255859375,53.38345718383789,94.79672241210938
2024-01-29,31.689281463623047,134.0398712158203,189.83102416992188,360.6324768066406,333.99554443359375,163.89572143554688,55.555667877197266,202.93589782714844,434.1009216308594,81.34983825683594,153.66751098632812,129.09017944335938,136.80764770507812,268.5570983886719,53.63368606567383,94.9163589477539
2024-01-30,32.801841735839844,134.97494506835938,186.57061767578125,366.612060546875,335.3101806640625,167.25466918945312,55.71378707885742,205.50328063964844,438.6431579589844,82.146728515625,155.01087951660156,128.17800903320312,125.58733367919922,271.98199462890625,53.81242370605469,96.49937438964844
2024-01-31,32.06642150878906,132.55633544921875,184.6725616455078,363.90179443359375,331.4227600097656,165.44232177734375,55.332435607910156,203.8938751220703,442.6237487792969,81.79046630859375,154.01478576660156,126.86450958251953,122.8515396118164,268.16455078125,53.70193099975586,94.62184143066406
2024-02-01,31.632707595825195,132.96994018554688,185.1776580810547,363.7502136230469,338.0989074707031,164.8445281982422,56.71829605102539,210.9732666015625,454.1418151855469,81.3967056274414,156.91175842285156,131.73545837402344,123.29307556152344,271.8838195800781,54.696353912353516,94.23530578613281
2024-02-02,31.557273864746094,136.88108825683594,185.491455078125,367.5502014160156,335.43218994140625,165.7934112548828,56.309051513671875,210.26437377929688,453.80682373046875,81.81858825683594,156.24464416503906,132.7115020751953,122.80825805664062,272.0113830566406,55.10581970214844,93.8487548828125
2024-02-05,31.104707717895508,136.96202087402344,182.3917694091797,362.963623046875,333.4697265625,165.5751953125,55.843994140625,208.84658813476562,450.0429992675781,80.5248031616211,156.1989288330078,129.82904052734375,120.41008758544922,270.4412536621094,54.81009292602539,93.46220397949219
2024-02-06,31.151857376098633,136.97998046875,184.69549560546875,364.8304748535156,334.5119934082031,166.14447021484375,55.7509880065918,208.95196533203125,453.7279968261719,80.72168731689453,156.65586853027344,131.74459838867188,126.33189392089844,271.5992736816406,55.183815002441406,94.10645294189453
2024-02-07,31.28385353088379,136.7821807861328,185.3154296875,366.4130554199219,340.5589904785156,166.45762634277344,55.7974967956543,212.3719024658203,455.1173095703125,80.6279296875,156.7015380859375,133.84259033203125,127.47471618652344,274.1802673339844,55.0440788269043,94.07884216308594
2024-02-08,31.227279663085938,138.51748657226562,185.0246124267578,364.8778991699219,341.5261535644531,165.85984802246094,55.64867401123047,211.1265411376953,451.52099609375,80.2998046875,158.8765869140625,134.45372009277344,128.0634002685547,271.1422424316406,55.040828704833984,95.6894760131836
2024-02-09,31.180143356323242,135.80213928222656,185.69046020507812,364.13873291015625,340.990966796875,166.05908203125,55.397544860839844,212.9179229736328,451.146484375,80.5248031616211,153.2288360595703,133.66014099121094,126.62625122070312,271.7812805175781,55.01157760620117,93.6646728515625
2024-02-12,31.698699951171875,136.7372283935547,187.0834197998047,372.0799255371094,343.1506042480469,166.79920959472656,55.52775955200195,220.198486328125,451.9643249511719,81.44357299804688,155.91563415527344,136.278076171875,127.65650939941406,270.4441833496094,55.343048095703125,94.95317840576172
2024-02-13,30.87842559814453,135.40650939941406,180.92227172851562,358.9172668457031,335.7702331542969,165.34744262695312,55.20221710205078,215.95468139648438,453.6885681152344,78.72473907470703,154.33465576171875,133.2770538330078,125.44882202148438,271.17169189453125,54.96608352661133,94.1357421875
2024-02-14,31.23670768737793,135.77517700195312,181.25904846191406,358.2444763183594,336.3712158203125,167.0269317626953,55.146419525146484,217.3916473388672,458.3490905761719,78.75286865234375,153.091796875,132.29190063476562,124.86009979248047,272.8923034667969,54.79059600830078,93.67127990722656
2024-02-15,32.122989654541016,140.3925018310547,181.02182006835938,365.2380065917969,339.0472717285156,170.67051696777344,55.24872970581055,218.7327880859375,464.3494567871094,80.31854248046875,153.40249633789062,133.4777069091797,127.24962615966797,276.2547912597656,55.01482391357422,96.3558349609375
2024-02-16,32.141841888427734,140.54702758789062,181.84072875976562,364.3092956542969,340.2397766113281,169.87350463867188,55.23942565917969,217.3150177001953,461.245849609375,81.09669494628906,151.9951629638672,136.46963500976562,129.92855834960938,273.8754577636719,55.36255645751953,96.3558349609375
2024-02-20,32.01927185058594,139.97439575195312,183.33316040039062,364.3851013183594,340.4464111328125,170.53768920898438,56.45787048339844,216.03131103515625,445.1066589355469,80.01853942871094,154.12442016601562,137.73776245117188,130.12989807128906,270.5227966308594,57.14990997314453,95.44549560546875
2024-02-21,31.774133682250977,141.28326416015625,184.76438903808594,367.93878173828125,341.9111633300781,171.64784240722656,56.96013641357422,218.2154998779297,452.2992858886719,80.12166595458984,154.28890991210938,136.72694396972656,129.8059844970703,272.1057434082031,56.44796371459961,97.3962173461914
2024-02-22,31.689281463623047,141.27415466308594,186.86911010742188,370.0235595703125,348.68121337890625,173.70684814453125,56.87642288208008,220.82115173339844,464.6253662109375,80.48729705810547,153.75888061523438,138.15126037597656,131.08413696289062,278.9781494140625,57.00366973876953,97.31260681152344
2024-02-23,31.9815616607666,140.57427978515625,186.3333282470703,370.5731506347656,349.26336669921875,174.57981872558594,56.92292785644531,222.78500366210938,466.4580383300781,81.14356994628906,154.99261474609375,139.1988525390625,130.12115478515625,278.8306884765625,57.05242156982422,96.4580078125
2024-02-26,31.689281463623047,140.38340759277344,184.54241943359375,369.7866516113281,348.92535400390625,173.98202514648438,56.46717071533203,221.59713745117188,467.5320129394531,80.31854248046875,153.7680206298828,137.9766845703125,129.1318817138672,279.3714294433594,58.10532760620117,96.8388671875
2024-02-27,32.32099151611328,138.30198669433594,184.75672912597656,370.3457336425781,352.6437072753906,174.0674285888672,56.12302780151367,225.49603271484375,467.7684326171875,80.14978790283203,153.67665100097656,139.66751098632812,129.8059844970703,278.407958984375,58.0955810546875,96.6344985961914
2024-02-28,32.349273681640625,138.465576171875,187.02980041503906,375.23199462890625,354.5686340332031,174.94989013671875,56.1788444519043,228.7627410888672,471.8081970214844,80.67481231689453,152.64395141601562,139.162109375,129.3682403564453,280.82659912109375,58.12482833862305,96.90388488769531
2024-02-29,32.77655029296875,138.16563415527344,190.5504608154297,371.29052734375,357.3855895996094,176.54396057128906,55.82539749145508,230.55413818359375,467.7783203125,80.6654281616211,152.2526092529297,140.5220947265625,129.79722595214844,277.8868103027344,57.14016342163086,97.08966827392578
2024-03-01,32.61513137817383,138.89279174804688,188.73658752441406,370.3839416503906,360.9913330078125,175.81329345703125,55.36963653564453,234.40516662597656,469.62078857421875,81.07794952392578,151.56198120117188,142.69996643066406,129.6221466064453,278.3980712890625,57.28639221191406,98.31582641601562
2024-03-04,33.37472915649414,135.32070922851562,188.86666870117188,374.3445129394531,357.1601867675781,177.13223266601562,55.63007354736328,231.9240264892578,461.60052490234375,84.41556549072266,152.28025817871094,138.2891387939453,131.85458374023438,275.81231689453125,57.81284713745117,96.94104766845703
2024-03-05,33.60260772705078,135.96603393554688,190.359130859375,373.065673828125,355.35736083984375,178.90660095214844,55.36033630371094,230.69781494140625,460.64471435546875,83.56242370605469,149.21383666992188,154.91246032714844,131.0228729248047,274.6816711425781,58.534297943115234,98.13005828857422
2024-03-06,33.6310920715332,134.82078552246094,190.1142120361328,371.78680419921875,356.5286560058594,179.83644104003906,55.388240814208984,230.98519897460938,464.6647644042969,80.3091812133789,150.0978240966797,159.4703369140625,133.55296325683594,275.7139892578125,59.05100631713867,99.1797103881836
2024-03-07,33.83049011230469,135.76609802246094,191.5224609375,370.6988830566406,355.6879577636719,178.26136779785156,55.285926818847656,231.55999755859375,460.6644592285156,80.75918579101562,150.19912719726562,157.63247680664062,134.30589294433594,273.58050537109375,58.84626770019531,99.73706817626953
2024-03-08,33.802005767822266,136.22964477539062,190.5224609375,369.3245544433594,352.6652526855469,178.5934600830078,55.36033630371094,231.7803192138672,462.3592224121094,81.60297393798828,150.1438751220703,155.96006774902344,134.78741455078125,275.3305969238281,58.61227798461914,100.67525482177734
2024-03-11,34.07735061645508,138.1565399169922,194.3839874267578,368.53253173828125,350.93670654296875,178.65988159179688,56.0300178527832,230.83192443847656,462.2606506347656,81.50921630859375,151.6908721923828,154.44381713867188,135.47901916503906,275.84185791015625,59.13874816894531,101.26976776123047
2024-03-12,34.143821716308594,138.0565643310547,195.55322265625,370.4602355957031,353.7893371582031,180.130615234375,56.271854400634766,233.03524780273438,465.9161071777344,81.61234283447266,151.5159454345703,153.98439025878906,137.78150939941406,279.14532470703125,59.869937896728516,100.61952209472656
2024-03-13,34.25776290893555,139.87442016601562,196.3224334716797,374.4017333984375,357.9927673339844,181.59182739257812,56.84851837158203,237.01084899902344,468.6158142089844,83.76866912841797,152.2157745361328,153.1573028564453,135.48777770996094,280.34478759765625,59.74319076538086,101.7435073852539
2024-03-14,33.88745880126953,141.51956176757812,196.5609130859375,370.8706359863281,354.4788818359375,178.35626220703125,56.721954345703125,234.34765625,472.4288635253906,83.53428649902344,151.73695373535156,150.9886474609375,134.7261199951172,281.59344482421875,59.69232940673828,103.54560089111328
2024-03-15,33.62159729003906,141.3832550048828,194.83782958984375,369.5345764160156,352.5519104003906,180.56710815429688,56.14067077636719,234.4434814453125,468.8325500488281,82.85926055908203,151.62644958496094,150.9059600830078,134.2708740234375,278.2801208496094,59.3597297668457,103.35980224609375
2024-03-18,34.19129180908203,141.25596618652344,194.7532196044922,366.8241882324219,351.3050537109375,182.806396484375,56.37505340576172,233.24598693847656,471.8475646972656,82.46549987792969,157.70401000976562,154.0027313232422,132.80006408691406,280.25628662109375,59.53580856323242,104.31659698486328
2024-03-19,34.21028518676758,142.35577392578125,197.3993682861328,370.9183044433594,358.3895263671875,183.87857055664062,56.468814849853516,237.59518432617188,476.8824462890625,82.89675903320312,158.20127868652344,154.57249450683594,134.12203979492188,282.5176696777344,59.545589447021484,105.0504150390625
2024-03-20,34.8939208984375,140.47430419921875,199.99163818359375,378.3718566894531,363.112548828125,186.28868103027344,56.95633316040039,241.3695831298828,480.8629455566406,85.64373779296875,158.25653076171875,156.6400604248047,135.48777770996094,284.4151611328125,59.917327880859375,104.9575424194336
2024-03-21,35.61553192138672,140.7560577392578,203.7301025390625,394.82489013671875,373.3047180175781,188.87905883789062,56.69382858276367,250.02960205078125,481.4542236328125,87.56568145751953,158.79983520507812,156.37356567382812,135.97804260253906,285.4868469238281,60.11297607421875,105.42198944091797
2024-03-22,35.178768157958984,140.57427978515625,218.7069854736328,388.2493591308594,368.65728759765625,186.5638427734375,56.71257781982422,247.63470458984375,474.58673095703125,86.20624542236328,158.40386962890625,154.9584197998047,136.80975341796875,278.4964294433594,59.545589447021484,105.42198944091797
2024-03-25,34.99836730957031,142.21945190429688,217.36082458496094,386.4552307128906,362.2624206542969,184.85589599609375,56.628196716308594,243.32383728027344,469.0394592285156,85.44684600830078,158.93797302246094,158.66168212890625,137.0723876953125,276.48089599609375,59.25211715698242,106.49952697753906
2024-03-26,35.21675109863281,141.1287384033203,222.29930114746094,387.6385803222656,358.8807373046875,185.71934509277344,56.75944900512695,240.852294921875,469.7883605957031,85.57810974121094,159.0576629638672,158.643310546875,125.88387298583984,275.881103515625,59.19342041015625,105.70066833496094
2024-03-27,35.900386810302734,142.11038208007812,221.4454345703125,396.2945556640625,364.51055908203125,189.31552124023438,57.218849182128906,242.68202209472656,470.9214172363281,87.659423828125,159.83119201660156,160.50872802734375,128.98304748535156,274.3277282714844,59.398860931396484,106.79678344726562
2024-03-28,36.004825592041016,143.37379455566406,222.87619018554688,398.6231689453125,362.347412109375,190.05563354492188,57.35948944091797,244.0231475830078,474.4881286621094,88.27820587158203,161.15721130371094,162.8428192138672,130.12115478515625,274.38665771484375,58.860816955566406,107.97650146484375
2024-04-01,35.625030517578125,144.59173583984375,215.48394775390625,394.634033203125,347.6399841308594,188.7652130126953,56.89071273803711,238.80221557617188,471.3647766113281,87.68756103515625,159.28787231445312,163.4033660888672,129.23690795898438,273.60015869140625,58.69452667236328,108.67317962646484
2024-04-02,35.41614532470703,145.2279815673828,211.76084899902344,391.4273986816406,342.888671875,188.6892852783203,56.393802642822266,234.17526245117188,472.379638671875,86.91877746582031,157.86976623535156,161.95144653320312,130.57640075683594,273.7574768066406,57.872798919677734,110.80038452148438
2024-04-03,35.549072265625,145.82786560058594,214.2223663330078,395.10162353515625,339.9604187011719,188.15794372558594,56.09379196166992,230.58285522460938,470.3992614746094,87.19068145751953,156.2490997314453,161.2622528076172,133.307861328125,272.3023681640625,58.13691711425781,110.8189697265625
2024-04-04,35.05533981323242,146.05511474609375,211.93008422851562,387.7054443359375,337.86346435546875,186.726318359375,55.596885681152344,228.00592041015625,462.8617248535156,86.51564025878906,156.22145080566406,158.2573699951172,131.32054138183594,269.3921203613281,58.205406188964844,111.2091064453125
2024-04-05,35.235740661621094,146.88221740722656,210.39932250976562,389.4423522949219,338.0428771972656,188.44424438476562,55.79377365112305,229.2608642578125,470.1331481933594,86.69377136230469,155.7518310546875,157.84385681152344,132.51119995117188,272.47930908203125,58.54778289794922,112.74179077148438
2024-04-08,35.60603713989258,146.58230590820312,211.97625732421875,391.7995910644531,341.9913330078125,189.42726135253906,55.568763732910156,232.39341735839844,472.4617004394531,87.38755798339844,156.15699768066406,155.94166564941406,131.4168243408203,273.0888977050781,58.479305267333984,111.98009490966797
2024-04-09,35.824424743652344,147.2458038330078,212.59158325195312,391.9617919921875,341.396240234375,188.1579132080078,55.99066162109375,234.1177520751953,465.8609313964844,88.20320129394531,157.10545349121094,157.71519470214844,131.81956481933594,272.0663757324219,58.48908996582031,112.56529998779297
2024-04-10,34.79897689819336,147.85475158691406,207.92239379882812,382.4660339355469,331.137939453125,186.55453491210938,55.24061965942383,227.191650390625,462.9107971191406,85.92499542236328,155.5768585205078,157.7060089111328,128.92176818847656,269.8641052246094,59.301029205322266,113.51280212402344
2024-04-11,34.514122009277344,147.14581298828125,209.36854553222656,379.3357849121094,328.1246643066406,186.51637268066406,55.36249923706055,225.5439453125,462.06231689453125,81.41545867919922,155.0335693359375,157.43951416015625,130.45382690429688,271.0438537597656,58.782569885253906,113.13194274902344
2024-04-12,33.98240661621094,144.482666015625,205.9993438720703,371.7104797363281,323.87396240234375,174.452880859375,54.64058303833008,222.29644775390625,459.1713562011719,80.80606842041016,154.79412841796875,152.65191650390625,126.86439514160156,271.3191223144531,58.83147048950195,111.81290435791016
2024-04-15,34.13432693481445,143.23744201660156,205.18394470214844,382.5805358886719,319.2076110839844,174.54833984375,54.50932693481445,220.34219360351562,453.6559143066406,81.55609130859375,153.7351531982422,151.6318817138672,126.8118896484375,266.7178955078125,58.62604522705078,111.17194366455078
2024-04-16,32.928470611572266,142.04673767089844,203.79934692382812,378.7440490722656,316.27935791015625,172.5536651611328,54.434326171875,218.75196838378906,453.6855773925781,83.57178497314453,154.24163818359375,150.07891845703125,125.095947265625,266.78668212890625,58.538002014160156,110.25233459472656
2024-04-17,33.450687408447266,142.15579223632812,202.36090087890625,385.4721984863281,314.39019775390625,171.86647033691406,54.85622024536133,219.2405242919922,454.0209655761719,84.45306396484375,156.06491088867188,151.13568115234375,124.5356674194336,268.10418701171875,58.35213851928711,110.19659423828125
2024-04-18,33.96342086791992,143.21926879882812,202.59165954589844,384.7087097167969,314.4468688964844,172.983154296875,55.231239318847656,219.1734619140625,448.6338195800781,84.62181091308594,158.6340789794922,153.0746307373047,124.96463775634766,266.806396484375,57.970619201660156,110.09441375732422
2024-04-19,35.10280990600586,145.42794799804688,205.37628173828125,385.5580749511719,316.780029296875,177.3255615234375,56.41255569458008,220.56253051757812,449.31463623046875,84.99684143066406,160.34686279296875,154.65518188476562,124.99089813232422,265.2430725097656,58.2347526550293,111.35772705078125
2024-04-22,35.824424743652344,147.17306518554688,207.80703735351562,398.2987365722656,317.4884948730469,180.77093505859375,56.768829345703125,221.51089477539062,450.656494140625,86.33751678466797,162.49241638183594,153.5616455078125,127.25836944580078,267.7502136230469,58.83147048950195,111.98937225341797
2024-04-23,36.43210220336914,148.01840209960938,209.0377960205078,404.6451416015625,320.2184143066406,183.37644958496094,56.85320281982422,224.81243896484375,456.64556884765625,87.9031982421875,157.66720581054688,153.01031494140625,130.3312530517578,269.50030517578125,57.804317474365234,112.42596435546875
2024-04-24,36.38462829589844,148.6728057861328,204.66854858398438,403.72900390625,314.56024169921875,184.27357482910156,57.70637893676758,221.6649169921875,456.3297119140625,87.9875717163086,163.3672332763672,151.93516540527344,128.36143493652344,270.3949890136719,58.56734848022461,112.44454193115234
2024-04-25,35.995338439941406,150.22706604003906,204.24546813964844,400.8754577636719,313.5872802734375,184.55030822753906,57.884521484375,221.3472900390625,455.9449157714844,86.77815246582031,162.6949920654297,151.10812377929688,129.0355682373047,270.5326232910156,58.89995193481445,112.70464324951172
2024-04-26,35.919376373291016,150.78150939941406,204.4916534423828,408.0522155761719,316.5249938964844,184.66485595703125,57.884521484375,221.26063537597656,456.2508544921875,87.03130340576172,161.68209838867188,151.38381958007812,129.2106475830078,269.9033203125,58.85103988647461,109.57421112060547
2024-04-29,35.65351867675781,151.1814422607422,204.5070343017578,411.1443176269531,318.1402587890625,184.4644317626953,58.1657829284668,222.2905731201172,451.0018005371094,87.154296875,162.19773864746094,150.45567321777344,130.05111694335938,267.26849365234375,58.929298400878906,111.13478088378906
2024-04-30,35.140785217285156,146.58230590820312,201.36859130859375,407.2314453125,315.7032470703125,182.99468994140625,57.91264343261719,219.45106506347656,445.1805419921875,85.9526138305664,161.98594665527344,147.92864990234375,129.11431884765625,264.0927429199219,58.05866241455078,109.86216735839844
2024-05-01,35.08382034301758,145.0916748046875,200.56088256835938,407.4605407714844,313.5778503417969,183.10919189453125,58.06264877319336,218.99868774414062,436.17230224609375,86.6149673461914,161.2861328125,143.7475128173828,127.74861907958984,262.8244934082031,57.569541931152344,107.78142547607422
2024-05-02,35.01735305786133,146.09146118164062,201.56088256835938,412.8239440917969,316.94061279296875,182.9183349609375,58.11890411376953,220.98150634765625,435.21527099609375,87.66524505615234,161.56236267089844,145.30052185058594,128.88671875,263.10955810546875,58.410831451416016,107.97650146484375
2024-05-03,35.3686637878418,145.65518188476562,200.4993438720703,418.1778564453125,323.85504150390625,181.82078552246094,58.287662506103516,223.43601989746094,437.6622009277344,88.60197448730469,162.20693969726562,145.22695922851562,128.19512939453125,263.9748229980469,58.518436431884766,107.7535629272461
2024-05-06,35.786441802978516,147.51844787597656,200.22242736816406,423.4172668457031,323.32611083984375,183.2428436279297,58.4564208984375,223.0220947265625,443.37493896484375,89.69009399414062,161.90309143066406,145.51185607910156,128.4052276611328,268.08453369140625,58.56734848022461,108.45024108886719
2024-05-07,35.92886734008789,147.85475158691406,199.59165954589844,423.54132080078125,321.81475830078125,183.00421142578125,58.70956039428711,222.7910919189453,447.01568603515625,90.63630676269531,163.928955078125,147.4048309326172,128.77293395996094,271.8107604980469,59.301029205322266,107.91146850585938
2024-05-08,35.8054313659668,147.73660278320312,198.46859741210938,426.5474853515625,320.0577697753906,186.726318359375,58.92519760131836,223.37826538085938,448.702880859375,90.49436950683594,163.3672332763672,146.65133666992188,129.3682403564453,272.5285339355469,58.98799514770508,107.89289855957031
2024-05-09,36.346649169921875,150.381591796875,201.58396911621094,434.7644958496094,328.1907653808594,188.491943359375,58.95332717895508,227.28619384765625,449.4132995605469,92.83148193359375,163.96578979492188,150.99786376953125,129.6221466064453,273.85577392578125,59.32959747314453,110.02009582519531
2024-05-10,36.50806427001953,150.7178955078125,204.4070281982422,433.97235107421875,327.2367858886719,189.70404052734375,59.30959701538086,226.2273712158203,450.8834228515625,92.9923324584961,165.55885314941406,149.9043426513672,130.45423889160156,276.0187683105469,59.36886215209961,109.57421112060547
2024-05-13,36.28017807006836,149.54537963867188,205.2993621826172,432.85577392578125,322.06976318359375,189.6658477783203,59.609615325927734,224.25418090820312,451.6530456542969,93.25726318359375,166.58096313476562,147.8551025390625,133.3134765625,274.6915283203125,59.30015182495117,109.52777099609375
2024-05-14,36.546043395996094,148.7091522216797,199.26089477539062,437.5416564941406,321.6352844238281,192.31906127929688,59.15958786010742,222.9066162109375,448.1405029296875,94.03314971923828,165.6324920654297,147.0779266357422,130.95880126953125,273.0692138671875,58.76026153564453,110.19265747070312
2024-05-15,36.944828033447266,148.20016479492188,199.4762725830078,444.8138122558594,329.3526611328125,192.89169311523438,59.18771743774414,227.23806762695312,451.8897705078125,95.11182403564453,165.25498962402344,145.73629760742188,130.95880126953125,276.7659912109375,58.73081588745117,111.04484558105469
2024-05-16,37.239173889160156,147.89720153808594,199.0609130859375,443.3155212402344,323.7417297363281,193.23529052734375,59.365848541259766,223.56114196777344,452.74822998046875,94.22240447998047,168.61602783203125,148.6416015625,132.4813690185547,275.6430969238281,62.834014892578125,110.37995147705078
2024-05-17,37.30564498901367,149.3477783203125,197.8839874267578,446.36944580078125,325.1397705078125,195.44944763183594,59.093955993652344,222.45419311523438,454.1294860839844,94.82795715332031,167.76885986328125,148.1604461669922,132.1095733642578,275.8992004394531,63.46226119995117,112.03746032714844
2024-05-20,36.859375,147.94309997558594,195.9301300048828,441.8075866699219,319.103759765625,186.6595458984375,58.662689208984375,220.5868682861328,453.52764892578125,94.93205261230469,166.03768920898438,144.99612426757812,130.6489715576172,274.36260986328125,63.00088882446289,111.12911224365234
2024-05-21,37.64745330810547,146.86892700195312,194.09934997558594,448.93658447265625,317.5262451171875,190.41981506347656,58.98145294189453,216.43829345703125,452.97515869140625,96.06746673583984,166.74671936035156,144.13560485839844,128.7280731201172,271.81146240234375,63.95307159423828,110.36121368408203
2024-05-22,37.751895904541016,144.6654815673828,193.8993682861328,441.2732238769531,312.2742919921875,189.26499938964844,59.06583023071289,212.84799194335938,450.4295654296875,95.31997680664062,167.67677307128906,132.5607452392578,127.26746368408203,271.4469909667969,64.05123901367188,108.1418228149414
2024-05-23,37.19169235229492,144.0870819091797,191.76092529296875,437.2362976074219,308.779296875,187.9384307861328,58.21266174316406,209.33468627929688,445.1904296875,93.59791564941406,165.07998657226562,133.6155242919922,123.13349914550781,270.1172180175781,63.648765563964844,106.29698944091797
2024-05-24,37.69493103027344,144.83071899414062,190.45323181152344,440.1279602050781,307.0884704589844,191.55555725097656,58.12828063964844,207.1497344970703,445.1607971191406,93.64522552490234,163.9013214111328,134.3742218017578,122.74403381347656,270.373291015625,64.1788330078125,106.21272277832031
2024-05-28,37.33412170410156,146.0150909423828,190.7993927001953,438.8204650878906,310.48907470703125,190.4007568359375,57.95951461791992,207.30369567871094,439.1421813964844,93.3613510131836,159.65623474121094,136.10443115234375,121.78797149658203,266.9159851074219,63.845088958740234,107.56121063232422
2024-05-29,36.76442337036133,144.05035400390625,188.54556274414062,436.3009948730469,307.8536071777344,189.07412719726562,57.847015380859375,206.2449188232422,436.5670166015625,92.03667449951172,157.60272216796875,136.6966094970703,118.9818344116211,264.8277587890625,63.727291107177734,106.40937042236328
2024-05-30,36.67897033691406,145.2989501953125,191.98397827148438,432.278076171875,313.1040344238281,190.23849487304688,58.100154876708984,207.3903350830078,436.20196533203125,91.99883270263672,156.98574829101562,138.6673583984375,121.15060424804688,267.2311706542969,63.69784927368164,106.74650573730469
2024-05-31,37.97028732299805,149.00807189941406,195.35321044921875,438.3172302246094,318.5161437988281,193.3879852294922,59.000205993652344,213.0019989013672,441.1056213378906,92.57600402832031,159.21420288085938,144.48721313476562,122.98299407958984,268.3737487792969,64.5518569946289,109.80872344970703
2024-06-03,37.86583709716797,144.5644989013672,191.24554443359375,436.8386535644531,311.9912109375,192.61492919921875,59.000205993652344,208.61277770996094,437.2773742675781,92.16915130615234,157.67640686035156,141.59117126464844,122.53154754638672,266.3249816894531,64.61076354980469,107.17727661132812
2024-06-04,37.675941467285156,143.34339904785156,189.19171142578125,437.1458740234375,312.2289733886719,190.07626342773438,59.94712829589844,208.4202880859375,438.8363037109375,91.38379669189453,160.12586975097656,139.29656982421875,120.06179809570312,268.3343811035156,65.37642669677734,105.51038360595703
2024-06-05,37.94179153442383,142.28758239746094,190.80706787109375,443.2715148925781,314.1313171386719,188.26292419433594,59.928375244140625,211.25015258789062,440.70111083984375,91.4594955444336,159.7575225830078,136.3357391357422,121.77913665771484,270.3831787109375,65.857421875,105.93179321289062
2024-06-06,37.69493103027344,143.15977478027344,192.51475524902344,439.834228515625,314.9302978515625,187.92889404296875,60.144020080566406,210.2683563232422,442.6941833496094,91.63926696777344,159.49044799804688,134.28167724609375,121.77027130126953,272.8851318359375,65.91633605957031,106.72777557373047
2024-06-07,38.000614166259766,143.29750061035156,190.56092834472656,436.77142333984375,311.05902099609375,190.8302001953125,59.919010162353516,208.55503845214844,443.7893981933594,91.9136734008789,158.7433319091797,135.08665466308594,121.8410873413086,274.49066162109375,64.6696548461914,105.5853042602539
2024-06-10,37.895530700683594,143.90345764160156,195.16860961914062,435.46563720703125,316.3189392089844,190.5057373046875,59.618988037109375,209.93148803710938,443.2565612792969,91.20401000976562,153.97286987304688,137.41830444335938,121.87647247314453,270.9151306152344,65.72982025146484,105.89432525634766
2024-06-11,37.12177276611328,143.67393493652344,194.17628479003906,426.5556945800781,319.3246765136719,185.49517822265625,59.58148956298828,210.17213439941406,443.0493469238281,90.29566192626953,153.20254516601562,135.262451171875,121.58438873291016,270.5506896972656,65.50404357910156,105.04216003417969
2024-06-12,37.64717102050781,141.58982849121094,191.2301483154297,430.8090515136719,327.33343505859375,182.79428100585938,58.95332717895508,216.59231567382812,437.08990478515625,90.50382995605469,152.0517120361328,135.808349609375,120.76996612548828,266.2658996582031,65.09175872802734,103.8809585571289
2024-06-13,37.503875732421875,140.3228302001953,191.2301483154297,428.5527648925781,330.8907775878906,184.82711791992188,59.05645751953125,218.36337280273438,439.063232421875,90.08750915527344,151.58763122558594,133.86532592773438,119.40673828125,267.12286376953125,65.4745864868164,103.0475082397461
2024-06-14,37.484771728515625,140.07498168945312,189.56094360351562,428.6583557128906,329.90155029296875,184.94161987304688,59.09897232055664,214.98483276367188,438.6981506347656,90.36190795898438,152.0331268310547,130.6084442138672,120.07949829101562,266.60076904296875,65.78871154785156,102.17659759521484
2024-06-17,37.74269104003906,140.6441650390625,192.3532257080078,432.2300109863281,332.431640625,186.08688354492188,59.16510772705078,218.27674865722656,442.13177490234375,91.81905364990234,154.19561767578125,134.13363647460938,120.25655364990234,267.1031188964844,66.18135833740234,101.47425842285156
2024-06-18,38.201229095458984,140.772705078125,190.8378448486328,439.19097900390625,336.5882263183594,188.01473999023438,59.174560546875,219.2393035888672,444.1050720214844,92.32054138183594,154.5111541748047,131.88528442382812,118.79593658447266,269.516357421875,66.35806274414062,102.429443359375
2024-06-20,38.201229095458984,143.81161499023438,194.24554443359375,439.7862548828125,336.1792297363281,189.60858154296875,58.749385833740234,219.00828552246094,446.4730529785156,92.19754028320312,154.69676208496094,132.66249084472656,121.15947723388672,272.6684265136719,66.76053619384766,104.63948059082031
2024-06-21,37.72358703613281,142.56300354003906,195.12245178222656,432.2300109863281,338.42401123046875,187.3466796875,59.30683898925781,220.02859497070312,448.7818603515625,90.98640441894531,155.25364685058594,135.20693969726562,120.92046356201172,271.0924072265625,66.662353515625,103.72175598144531
2024-06-24,38.22988510131836,146.2629852294922,198.3940887451172,443.6651611328125,333.7443542480469,189.80902099609375,60.44063949584961,219.83607482910156,450.8636474609375,91.87582397460938,155.99615478515625,138.5008544921875,122.6908950805664,272.15618896484375,67.63417053222656,106.80268859863281
2024-06-25,37.61851119995117,145.4825897216797,198.2935333251953,439.14300537109375,321.79766845703125,189.03599548339844,60.31779861450195,209.11329650878906,449.5711364746094,92.53816223144531,155.31861877441406,135.79910278320312,118.93756866455078,269.4277648925781,66.18135833740234,107.10235595703125
2024-06-26,37.2555046081543,143.17813110351562,229.08404541015625,437.68359375,325.126708984375,188.42514038085938,60.51622009277344,210.58599853515625,446.34478759765625,91.6771240234375,154.7524871826172,136.16920471191406,122.29252624511719,269.49664306640625,67.03538513183594,107.13981628417969
2024-06-27,37.49432373046875,143.51785278320312,228.52716064453125,428.17828369140625,324.8128356933594,190.08578491210938,60.383941650390625,211.5677947998047,436.8432922363281,90.61737823486328,154.3069610595703,135.7528533935547,120.23885345458984,262.59185791015625,66.63291931152344,107.59868621826172
2024-06-28,37.991065979003906,143.60968017578125,231.9070587158203,434.28472900390625,327.42852783203125,193.0348358154297,60.138282775878906,212.20309448242188,435.2744445800781,91.96098327636719,153.07261657714844,136.9741668701172,121.14178466796875,258.5335998535156,66.4660415649414,107.8046875
2024-07-01,38.2203254699707,143.70147705078125,231.00990295410156,445.1725769042969,319.77166748046875,196.079345703125,59.7886962890625,205.56150817871094,431.77178955078125,93.82499694824219,151.17926025390625,134.8461151123047,120.3450698852539,259.2920837402344,66.24027252197266,107.65486145019531
2024-07-02,39.09917449951172,143.91261291503906,230.65411376953125,447.0447998046875,318.6112976074219,199.30520629882812,59.665870666503906,205.69625854492188,438.7179260253906,94.28861999511719,151.8196563720703,134.52224731445312,119.42444610595703,264.20721435546875,66.8194351196289,106.92443084716797
2024-07-03,39.070518493652344,143.87591552734375,227.16590881347656,449.2626953125,317.34625244140625,199.17160034179688,59.83594512939453,205.31124877929688,442.2008361816406,94.80903625488281,150.91012573242188,133.9763641357422,119.9909896850586,264.955810546875,66.98629760742188,107.46758270263672
2024-07-05,38.60243606567383,141.67245483398438,227.39019775390625,446.2191467285156,318.24029541015625,196.532470703125,60.24221420288086,205.879150390625,443.4933166503906,94.23185729980469,152.5714111328125,134.76283264160156,120.69915008544922,266.30523681640625,68.75323486328125,106.16590118408203
2024-07-08,38.80304718017578,141.69082641601562,228.57354736328125,446.28631591796875,323.0151062011719,196.89715576171875,59.486358642578125,209.01702880859375,440.2867126464844,95.17805480957031,150.46463012695312,137.6033477783203,119.97325897216797,262.40460205078125,68.39984893798828,105.051513671875
2024-07-09,39.567256927490234,140.45135498046875,226.40794372558594,453.9769287109375,320.62774658203125,199.25794982910156,59.23125076293945,208.227783203125,439.4172058105469,97.0893783569336,150.2604217529297,136.5670623779297,118.86674499511719,261.4590759277344,68.61579895019531,103.89032745361328
2024-07-10,39.872947692871094,142.42530822753906,226.82557678222656,459.7953186035156,327.3714599609375,199.4210968017578,59.363525390625,212.47259521484375,428.4885559082031,97.89363861083984,151.82891845703125,135.18844604492188,120.07949829101562,259.0556335449219,69.11644744873047,104.80803680419922
2024-07-11,39.93981170654297,142.54464721679688,231.675048828125,460.12176513671875,336.51220703125,199.085205078125,59.61862564086914,221.14517211914062,431.2355651855469,99.01016235351562,152.1630859375,140.0830078125,122.3722152709961,258.61236572265625,68.51763153076172,106.05352020263672
2024-07-12,39.72965621948242,142.84764099121094,231.27284240722656,460.7458190917969,342.20013427734375,196.67642211914062,60.18552780151367,225.31295776367188,434.88165283203125,98.48973846435547,154.41836547851562,141.42462158203125,126.01045227050781,261.75457763671875,67.96792602539062,106.07225036621094
2024-07-15,40.016231536865234,145.0969696044922,235.91348266601562,472.6034240722656,340.9541015625,201.58038330078125,59.911521911621094,223.4744873046875,438.7254943847656,99.5968017578125,152.07952880859375,139.99049377441406,127.60383605957031,264.4239807128906,68.33113861083984,107.88897705078125
2024-07-16,42.156044006347656,144.84910583496094,242.4876708984375,482.96319580078125,351.0935363769531,205.00640869140625,60.72407531738281,231.94491577148438,438.2610778808594,100.50515747070312,152.91482543945312,143.4231719970703,130.4188232421875,265.2119140625,68.70413970947266,108.6662368774414
2024-07-17,42.01274871826172,148.02572631835938,240.0977783203125,482.15667724609375,353.72821044921875,208.12538146972656,61.612220764160156,233.93739318847656,445.8004455566406,101.20532989501953,157.676025390625,144.27438354492188,130.4630889892578,268.61016845703125,69.72504425048828,110.16455841064453
2024-07-18,41.08613967895508,148.7051239013672,237.1509552001953,466.82342529296875,348.2019348144531,201.51321411132812,61.593326568603516,230.4048309326172,443.389404296875,99.17100524902344,158.12149047851562,140.721435546875,128.14381408691406,265.1134033203125,69.5188980102539,111.2508544921875
2024-07-19,40.98106002807617,146.11605834960938,236.9112091064453,465.594482421875,345.6147766113281,201.32125854492188,61.687801361083984,229.58668518066406,438.4191589355469,96.59733581542969,157.1841278076172,138.53785705566406,128.5155792236328,261.4787902832031,69.45018768310547,108.69432067871094
2024-07-22,40.40789794921875,144.1329803466797,237.7774658203125,467.6203918457031,345.51019287109375,201.8011016845703,61.19648742675781,231.27113342285156,442.61865234375,96.92854309082031,155.60633850097656,139.7313995361328,128.5155792236328,263.6950378417969,69.08698272705078,107.94515991210938
2024-07-23,40.51297378540039,141.47047424316406,232.6495819091797,472.5265808105469,342.0574645996094,201.84909057617188,61.375999450683594,229.38455200195312,436.47259521484375,97.93148803710938,154.32554626464844,139.03749084472656,113.02433776855469,260.8188781738281,69.35202026367188,106.20335388183594
2024-07-24,40.302818298339844,142.37022399902344,230.7005157470703,467.29388427734375,333.2021179199219,200.17922973632812,62.17911148071289,224.0745391845703,427.31268310546875,96.48380279541016,156.0796661376953,135.5030059814453,113.77677154541016,250.35809326171875,69.30294036865234,107.70169067382812
2024-07-25,39.81563186645508,144.63792419433594,230.9402618408203,472.1041259765625,336.03656005859375,200.25601196289062,62.424766540527344,227.0729217529297,424.4965515136719,97.98825073242188,158.7247772216797,135.35498046875,112.49320220947266,249.93455505371094,68.73360443115234,109.96790313720703
2024-07-26,39.80607604980469,144.91336059570312,232.1391143798828,479.13226318359375,341.9528503417969,203.68206787109375,63.3506965637207,231.03846740722656,432.974609375,98.58438110351562,160.33041381835938,137.86239624023438,114.0423355102539,255.5687713623047,68.49800872802734,109.87425994873047
2024-07-29,39.25202178955078,143.77491760253906,231.43528747558594,473.0738220214844,344.0073547363281,202.34812927246094,63.14283752441406,231.93798828125,436.0575256347656,96.96637725830078,160.75733947753906,135.84536743164062,113.84758758544922,257.67669677734375,68.34095764160156,108.72241973876953
2024-07-30,39.43351745605469,146.50167846679688,232.71142578125,485.50750732421875,345.9286804199219,206.5131072998047,63.94593811035156,233.48553466796875,442.1345520019531,98.17749786376953,160.7294921875,136.8909149169922,114.21936798095703,259.1541748046875,67.91885375976562,110.66088104248047
2024-07-31,38.50691223144531,147.32797241210938,233.77105712890625,488.7335510253906,350.1803894042969,204.21949768066406,63.05781173706055,237.46078491210938,458.2013244628906,98.53551483154297,160.25613403320312,139.16700744628906,115.40555572509766,261.6856384277344,67.37894439697266,111.05419158935547
2024-08-01,37.73313903808594,140.12088012695312,230.3524627685547,480.1788024902344,341.0682067871094,199.5746612548828,64.21048736572266,233.4468536376953,456.916748046875,97.15119171142578,162.3815155029297,136.03041076660156,115.59146118164062,261.94171142578125,68.5078353881836,109.51840209960938
2024-08-02,35.899024963378906,136.38418579101562,226.07534790039062,451.8742980957031,338.0720520019531,191.11029052734375,65.50491333007812,232.5376739501953,456.5313720703125,91.50886535644531,165.24008178710938,128.76719665527344,113.3607177734375,262.5819396972656,67.2022476196289,109.45285034179688
2024-08-05,35.01062774658203,132.81277465820312,218.9520263671875,440.7175598144531,332.9167785644531,187.041259765625,64.34276580810547,229.24916076660156,436.74920654296875,87.90006256103516,161.5276641845703,123.86336517333984,111.55487823486328,252.59405517578125,66.34825134277344,107.47694396972656
2024-08-06,35.26854705810547,131.49986267089844,220.99388122558594,451.4710388183594,336.62628173828125,192.26187133789062,64.29553985595703,232.76011657714844,442.974365234375,88.75930786132812,160.08909606933594,123.84486389160156,110.20935821533203,254.3867645263672,66.4954833984375,106.90570831298828
2024-08-07,35.63154602050781,130.74700927734375,215.1157684326172,454.1497497558594,325.6783752441406,192.31947326660156,64.68291473388672,223.99717712402344,444.4961242675781,87.93824768066406,159.4394073486328,123.49327850341797,109.16478729248047,252.67282104492188,65.68073272705078,108.32911682128906
2024-08-08,36.50083541870117,132.6566925048828,215.4947509765625,466.4009704589844,331.32830810546875,195.8319091796875,64.93801879882812,228.58177185058594,450.1678771972656,90.34412384033203,159.97769165039062,123.95588684082031,111.72306060791016,255.9331817626953,66.41694641113281,110.39867401123047
2024-08-09,36.56771469116211,133.11575317382812,214.5588836669922,470.7119140625,331.61370849609375,197.50173950195312,64.8907699584961,228.09814453125,451.3536682128906,90.43004608154297,159.9962921142578,125.37152862548828,111.3778305053711,256.3773498535156,66.70162200927734,111.29766845703125
2024-08-12,36.462623596191406,133.14328002929688,215.90467834472656,466.1417541503906,328.921875,197.8760223388672,64.40890502929688,223.49423217773438,450.2766418457031,90.54460144042969,159.0960235595703,124.92742919921875,110.52802276611328,256.5056457519531,67.43785858154297,111.43814849853516
2024-08-13,36.73965835571289,132.34451293945312,218.9597625732422,472.3249816894531,332.97381591796875,199.55545043945312,64.68291473388672,228.4463348388672,453.9029846191406,92.32991027832031,159.97769165039062,126.44482421875,111.9709243774414,256.7425842285156,66.8783187866211,110.37059020996094
2024-08-14,37.074005126953125,132.82192993164062,219.1376495361328,478.8154602050781,338.2908630371094,201.76271057128906,64.7962875366211,229.8488006591797,454.6935119628906,94.93627166748047,161.22137451171875,125.61207580566406,111.9089584350586,257.7393493652344,67.39859008789062,111.39131927490234
2024-08-15,37.28416061401367,134.7775115966797,219.79505920410156,479.1226501464844,342.4855041503906,203.0198974609375,64.86241912841797,232.18946838378906,463.1419372558594,96.08191680908203,160.11695861816406,131.07106018066406,113.79447937011719,263.3256530761719,71.83555603027344,112.08042907714844
2024-08-16,37.58029556274414,135.20901489257812,220.7386474609375,484.1537170410156,344.3782958984375,205.34231567382812,65.36318969726562,233.24374389648438,463.3099060058594,96.84567260742188,160.20974731445312,133.27316284179688,114.76819610595703,263.8981018066406,72.30610656738281,111.55180358886719
2024-08-19,37.895530700683594,136.31378173828125,223.0744171142578,484.5570068359375,345.3389587402344,206.76263427734375,65.17422485351562,235.23619079589844,461.43243408203125,97.14164733886719,161.32351684570312,133.81906127929688,115.60193634033203,263.0,72.5718994140625,111.89163208007812
2024-08-20,36.95936965942383,134.32705688476562,223.08987426757812,477.50970458984375,349.3338623046875,205.8701171875,65.55213928222656,232.4506072998047,463.54705810546875,96.21558380126953,163.20755004882812,133.54150390625,115.53917694091797,264.54949951171875,73.3791275024414,108.1628646850586
2024-08-21,37.01668167114258,134.91195678710938,225.47210693359375,476.66473388671875,352.3680419921875,205.9468994140625,65.7316665649414,234.42372131347656,462.44036865234375,96.1296615600586,162.61355590820312,148.49859619140625,114.66062927246094,264.70745849609375,74.06820678710938,107.47373962402344
2024-08-22,37.484771728515625,135.2925567626953,227.60678100585938,477.90325927734375,347.5171203613281,207.8950653076172,65.50491333007812,232.43125915527344,463.2506408691406,96.00553894042969,163.10545349121094,146.23263549804688,113.7103500366211,264.4508056640625,74.40292358398438,108.30445861816406
2024-08-23,37.991065979003906,137.0471954345703,229.84971618652344,489.1080017089844,357.24755859375,209.50732421875,65.93952941894531,241.87130737304688,460.8988952636719,97.27529907226562,163.22610473632812,147.7991943359375,114.72337341308594,263.95733642578125,74.52105712890625,109.80540466308594
2024-08-26,38.13435363769531,137.86416625976562,229.8961181640625,487.6197814941406,355.8397521972656,210.3326416015625,66.93158721923828,242.2871856689453,463.0727844238281,97.69538116455078,163.31890869140625,148.1721954345703,115.87985229492188,264.7173156738281,74.8459243774414,112.15594482421875
2024-08-27,37.895530700683594,136.42520141601562,228.08627319335938,487.03411865234375,354.9552001953125,211.30191040039062,67.55517578125,240.4204559326172,469.3472900390625,97.45669555664062,162.6970672607422,147.96705627441406,114.66062927246094,267.1946105957031,74.9443588256836,111.0892333984375
2024-08-28,38.16300964355469,135.54322814941406,229.03761291503906,483.26080322265625,354.4891357421875,212.36715698242188,67.7913818359375,240.77833557128906,466.19525146484375,97.57125854492188,161.41629028320312,146.2699432373047,114.02410888671875,265.68450927734375,74.8951416015625,109.99420166015625
2024-08-29,38.3731689453125,136.86154174804688,229.1304473876953,489.7608947753906,351.2546691894531,213.25006103515625,68.07483673095703,238.67947387695312,475.08831787109375,97.9531478881836,159.7178497314453,143.06219482421875,113.83586883544922,270.74774169921875,75.22984313964844,111.5140380859375
2024-08-30,38.92723083496094,137.35354614257812,231.07948303222656,492.8031921386719,352.6325988769531,215.73562622070312,68.47167205810547,240.35275268554688,477.59814453125,98.91739654541016,160.4510498046875,143.24867248535156,115.24333953857422,272.77105712890625,76.02723693847656,111.33468627929688
2024-09-03,38.87946319580078,134.2991943359375,226.988037109375,470.7923889160156,349.0345764160156,211.41708374023438,68.98187255859375,237.4124298095703,476.39263916015625,94.77396392822266,164.77603149414062,141.55157470703125,114.3020248413086,274.91278076171875,75.96817016601562,109.00301361083984
2024-09-04,38.688411712646484,131.8947296142578,226.49301147460938,473.8637390136719,348.9676208496094,210.48617553710938,68.55670166015625,237.40274047851562,477.4005126953125,95.61410522460938,165.68557739257812,142.18565368652344,115.57503509521484,276.83734130859375,76.03706359863281,107.67198181152344
2024-09-05,38.344512939453125,130.83636474609375,220.66903686523438,471.19805908203125,346.26904296875,208.854736328125,67.24339294433594,236.106689453125,471.6891784667969,95.05083465576172,166.4095001220703,141.64479064941406,114.2123794555664,274.9917297363281,75.76144409179688,106.83183288574219
2024-09-06,37.26763916015625,128.63607788085938,218.913330078125,463.2108154296875,344.5465087890625,203.89320373535156,67.21503448486328,235.8165283203125,470.4638977050781,92.21534729003906,165.84373474121094,141.066650390625,114.33789825439453,275.7319641113281,75.44641876220703,106.33150482177734
2024-09-09,37.95030212402344,130.25149536132812,220.18798828125,471.8644714355469,349.7809753417969,208.0677947998047,67.88587188720703,236.70635986328125,481.3035583496094,93.73332214355469,166.63861083984375,140.42324829101562,115.53917694091797,281.8907165527344,76.13550567626953,108.56877899169922
2024-09-10,37.76762008666992,128.32974243164062,220.61549377441406,451.1575927734375,354.9006042480469,197.2714385986328,67.60243225097656,239.26947021484375,482.2225036621094,92.2439956665039,166.2832489013672,138.01744079589844,116.3908462524414,281.6242370605469,77.58262634277344,104.61344909667969
2024-09-11,37.49839782714844,128.00482177734375,221.4004669189453,455.0594482421875,354.5370178222656,198.8740997314453,67.15835571289062,239.26947021484375,482.380615234375,92.63540649414062,164.3848419189453,137.3460235595703,115.1985092163086,280.26220703125,77.61215209960938,103.57504272460938
2024-09-12,37.286869049072266,129.23953247070312,222.2864990234375,457.8506164550781,358.307373046875,198.26947021484375,67.30007934570312,243.786376953125,486.2639465332031,92.26307678222656,165.75955200195312,138.41839599609375,115.1268081665039,281.65380859375,78.41939544677734,105.00048828125
2024-09-13,37.161869049072266,130.53927612304688,222.58184814453125,462.6120300292969,363.6278991699219,196.08139038085938,67.93270111083984,247.0362091064453,487.49908447265625,93.80015563964844,165.86241149902344,141.14126586914062,114.0689468383789,283.60809326171875,79.34474182128906,104.92496490478516
2024-09-16,37.59455108642578,131.9132537841797,227.4395294189453,468.571044921875,365.56097412109375,199.4786834716797,68.58909606933594,248.2259063720703,491.79742431640625,95.55681610107422,165.72213745117188,142.52133178710938,115.56607818603516,286.69732666015625,79.30536651611328,106.39759063720703
2024-09-17,38.0272216796875,133.1387176513672,231.1002197265625,468.7932434082031,366.73797607421875,200.8126220703125,68.3037109375,248.3032684326172,495.0384826660156,95.3181381225586,165.40419006347656,141.7007598876953,117.12594604492188,287.7632141113281,77.37588500976562,107.7852554321289
2024-09-18,38.09453201293945,133.64935302734375,231.74534606933594,468.0108642578125,367.4748229980469,199.1619873046875,68.25614166259766,248.21621704101562,488.8824462890625,94.8026123046875,163.851806640625,143.23004150390625,117.12594604492188,284.72332763671875,77.79920196533203,108.1628646850586
2024-09-19,39.2963981628418,134.60557556152344,233.47076416015625,486.6026916503906,373.5322570800781,201.99302673339844,67.1811752319336,252.4429168701172,487.15325927734375,96.1678466796875,163.33746337890625,145.9249267578125,118.45277404785156,281.5255126953125,76.8246078491211,109.50333404541016
2024-09-20,38.71949768066406,135.2461395263672,197.9127197265625,481.3873291015625,373.0729064941406,202.5784454345703,68.15150451660156,251.61111450195312,486.886474609375,97.82904815673828,160.0830535888672,144.30239868164062,115.28816986083984,281.0616149902344,77.8287353515625,108.81421661376953
2024-09-23,38.334896087646484,136.97293090820312,201.13818359375,480.4022216796875,375.08251953125,202.91432189941406,68.23711395263672,253.69064331054688,491.2342224121094,97.82904815673828,160.95274353027344,144.80593872070312,115.41368103027344,284.87139892578125,79.07894134521484,110.78716278076172
2024-09-24,37.931068420410156,136.88937377929688,207.62025451660156,480.9913330078125,383.40789794921875,203.05828857421875,67.8565902709961,257.31768798828125,481.6197814941406,97.9340591430664,158.90472412109375,145.63583374023438,116.11295318603516,269.2278137207031,79.41365814208984,110.4945297241211
2024-09-25,37.73876953125,133.65863037109375,205.00880432128906,474.34661865234375,379.8384704589844,201.71470642089844,67.97073364257812,256.28277587890625,483.63555908203125,97.70491790771484,158.41844177246094,144.60081481933594,117.89693450927734,266.1188049316406,80.13229370117188,108.34221649169922
2024-09-26,37.998374938964844,131.82041931152344,206.99847412109375,479.9289855957031,379.61846923828125,201.32125854492188,67.92317199707031,256.90179443359375,485.4339294433594,99.86255645751953,158.6896514892578,145.4493408203125,119.52855682373047,268.1520080566406,78.67533111572266,106.48255157470703
2024-09-27,37.882999420166016,135.06976318359375,207.94668579101562,481.464599609375,382.3265380859375,202.01222229003906,68.294189453125,258.38165283203125,487.77581787109375,99.39476013183594,158.9795379638672,144.70335388183594,120.36227416992188,271.586669921875,78.53752136230469,109.33341217041016
2024-09-30,38.15221405029297,136.72227478027344,212.71109008789062,478.1808166503906,387.7524108886719,202.3577117919922,68.36078643798828,261.9700012207031,487.9338684082031,99.51887512207031,159.02630615234375,145.33746337890625,122.22697448730469,271.36956787109375,79.4924087524414,110.6550064086914
2024-10-01,37.70992660522461,138.97821044921875,209.50892639160156,473.4097900390625,391.4366455078125,198.69174194335938,68.21810150146484,263.7013244628906,490.48321533203125,99.69071960449219,160.2700958251953,141.924560546875,119.47476196289062,273.9850158691406,80.00431060791016,113.21324157714844
2024-10-02,37.719539642333984,140.1387176513672,207.4647979736328,475.1675109863281,393.55145263671875,198.93165588378906,67.55217742919922,262.94683837890625,489.6828308105469,99.78617858886719,158.5587158203125,140.24607849121094,119.24166107177734,273.392822265625,79.1773910522461,114.71417236328125
2024-10-03,37.73876953125,140.41722106933594,203.6952667236328,469.47894287109375,393.857666015625,196.95474243164062,67.08602905273438,261.3509521484375,489.0899658203125,99.83392333984375,157.6048583984375,139.50009155273438,117.18872833251953,273.254638671875,79.1773910522461,115.7148208618164
2024-10-04,38.56565856933594,139.94374084472656,202.73150634765625,478.2291564941406,390.77630615234375,203.94537353515625,66.75308227539062,258.9813232421875,491.78753662109375,102.99400329589844,157.08114624023438,142.5586395263672,117.66384887695312,274.31072998046875,79.67945098876953,117.83879852294922
2024-10-07,38.42143249511719,140.29652404785156,202.46725463867188,477.70758056640625,390.4892272949219,203.6653594970703,65.64956665039062,259.7357482910156,485.46356201171875,102.764892578125,156.37039184570312,138.94056701660156,117.61903381347656,270.224609375,77.86809539794922,118.34855651855469
2024-10-08,38.39259338378906,138.0962677001953,203.166748046875,479.5909118652344,396.34576416015625,203.49156188964844,65.81129455566406,264.3106689453125,491.15509033203125,102.62167358398438,159.37232971191406,141.1039581298828,117.40389251708984,271.3793640136719,78.4686050415039,115.20504760742188
2024-10-09,38.642578125,138.93182373046875,205.68496704101562,487.906494140625,398.15435791015625,206.06959533691406,66.18229675292969,268.09246826171875,494.6676330566406,104.10147094726562,161.35488891601562,143.91075134277344,119.23271179199219,273.32379150390625,79.14786529541016,115.25225830078125
2024-10-10,38.43104934692383,139.83233642578125,205.3973846435547,486.4964294433594,392.3074645996094,205.50958251953125,65.87788391113281,264.2525939941406,492.758056640625,103.18495178222656,161.77572631835938,145.4400177001953,119.0892562866211,273.856689453125,78.37017059326172,116.24345397949219
2024-10-11,40.334815979003906,140.57505798339844,205.46734619140625,498.6462707519531,394.1639099121094,214.6341094970703,66.18229675292969,266.718994140625,496.9532775878906,105.45716094970703,163.4777374267578,147.7619171142578,120.6670913696289,274.2218933105469,78.85253143310547,116.68712615966797
2024-10-14,40.29635238647461,140.90927124023438,207.8689727783203,504.87579345703125,397.5323486328125,213.85198974609375,66.914794921875,271.526123046875,501.3067626953125,107.1947250366211,164.68409729003906,147.3050079345703,120.64019775390625,277.0248718261719,79.0395736694336,117.13081359863281
2024-10-15,40.51749801635742,137.14932250976562,206.67982482910156,504.5184631347656,397.6854553222656,214.7306365966797,66.914794921875,272.5899963378906,501.8707580566406,107.137451171875,164.49708557128906,149.84136962890625,119.94989013671875,275.65301513671875,80.3783950805664,113.60970306396484
2024-10-16,41.1520881652832,138.0777130126953,211.2499237060547,511.7426452636719,400.5849304199219,215.9376220703125,67.13359069824219,274.7372131347656,508.6384582519531,114.09727478027344,163.1691131591797,148.1442108154297,121.77873992919922,283.7758483886719,79.95509338378906,113.90234375
2024-10-17,40.95978927612305,140.37078857421875,213.16188049316406,510.912109375,397.70458984375,216.69073486328125,66.4962158203125,272.0870361328125,508.33172607421875,114.03044891357422,163.3468017578125,145.3654327392578,121.39324951171875,286.6085205078125,79.63021850585938,113.60970306396484
2024-10-18,40.69057083129883,139.95303344726562,213.27069091796875,510.4291076660156,397.1304626464844,217.60801696777344,67.00994110107422,272.4062194824219,510.88446044921875,115.57707214355469,163.71151733398438,146.25128173828125,121.8593978881836,286.8354797363281,80.04368591308594,113.28874969482422
2024-10-21,40.15212631225586,140.07373046875,208.9259796142578,500.09503173828125,388.9007263183594,215.3196563720703,66.06813049316406,267.76361083984375,509.56854248046875,112.9229736328125,163.66476440429688,140.72164916992188,117.7355728149414,283.1145935058594,79.55147552490234,113.3548355102539
2024-10-22,40.67134094238281,140.11085510253906,209.6876983642578,500.577880859375,384.54669189453125,216.40109252929688,66.06813049316406,263.2950439453125,507.5995788574219,112.96117401123047,163.06622314453125,139.11776733398438,117.7355728149414,281.0813903808594,80.74263000488281,113.94010162353516
2024-10-23,40.70979690551758,139.70237731933594,208.33531188964844,499.5155334472656,382.4318542480469,215.71554565429688,64.6982650756836,262.3625793457031,508.30206298828125,112.9229736328125,161.73829650878906,138.0547332763672,117.80728912353516,280.0648193359375,81.97315216064453,113.53418731689453
2024-10-24,41.00786209106445,139.6745147705078,212.08152770996094,506.5658874511719,385.34088134765625,217.23146057128906,64.02283477783203,263.5767517089844,505.2249450683594,113.77266693115234,160.99954223632812,140.04092407226562,124.0289077758789,279.5318603515625,81.74674224853516,112.89226531982422
2024-10-25,40.27712631225586,140.00872802734375,211.49862670898438,495.0727844238281,381.7332763671875,214.65341186523438,63.66133499145508,259.9634704589844,501.99932861328125,111.58638763427734,160.6534881591797,140.95477294921875,123.20413970947266,278.0612487792969,81.2249984741211,112.79785919189453
2024-10-28,40.9790153503418,139.75804138183594,214.08677673339844,505.6774597167969,385.5419006347656,217.73355102539062,63.42350769042969,260.2839660644531,502.84039306640625,113.7344741821289,158.82992553710938,139.22035217285156,121.33049011230469,280.48919677734375,81.46126556396484,112.24092102050781
2024-10-29,40.89248275756836,137.88275146484375,213.76809692382812,506.3534851074219,378.05859375,215.2230682373047,62.367557525634766,255.4274444580078,500.9308166503906,113.89678955078125,156.64158630371094,137.94281005859375,120.4071044921875,278.20928955078125,80.4276123046875,110.71163177490234
2024-10-30,40.68095016479492,137.44642639160156,213.02197265625,506.4693298339844,375.618408203125,216.68109130859375,62.71003341674805,253.8927459716797,508.2624816894531,112.57928466796875,155.43524169921875,138.49301147460938,119.94989013671875,286.3814697265625,80.12244415283203,110.15469360351562
2024-10-31,40.20981979370117,138.16123962402344,212.84320068359375,500.0853271484375,376.79541015625,214.27685546875,62.129730224609375,254.3201141357422,494.31146240234375,111.8624038696289,155.31365966796875,139.9103546142578,120.18297576904297,286.0754699707031,80.67372131347656,110.23965454101562
2024-11-01,40.15212631225586,142.10687255859375,213.2318115234375,501.5919494628906,375.6854248046875,215.26173400878906,61.84434127807617,254.4269561767578,502.71173095703125,112.43976593017578,154.85543823242188,140.6563720703125,120.17401885986328,286.953857421875,80.90998840332031,108.51213836669922
2024-11-04,39.73869323730469,142.9424285888672,210.76800537109375,493.9814147949219,378.5370788574219,212.21055603027344,61.939476013183594,257.3797607421875,500.2381591796875,111.7565689086914,155.55679321289062,139.86375427246094,119.23271179199219,288.0494689941406,81.16592407226562,111.9671630859375
2024-11-05,40.26750946044922,142.4225311279297,214.0634765625,508.9418029785156,382.8624572753906,213.86166381835938,62.18680953979492,261.4593200683594,500.2183837890625,113.36353302001953,156.96890258789062,140.79624938964844,119.9857406616211,289.4707336425781,82.37677764892578,112.29755401611328
2024-11-06,43.66159439086914,146.423828125,217.6697998046875,575.6018676757812,371.6471252441406,238.55101013183594,60.59813690185547,254.22299194335938,515.623779296875,126.52721405029297,154.032470703125,137.3460235595703,120.05747985839844,303.3969421386719,82.1405258178711,114.22330474853516
2024-11-07,43.04623794555664,145.5418701171875,220.1180419921875,562.263916015625,382.24041748046875,228.23886108398438,60.56008529663086,258.6618957519531,512.408203125,123.59233093261719,153.3684844970703,140.72164916992188,120.26366424560547,301.81781005859375,82.54412841796875,114.36490631103516
2024-11-08,43.392372131347656,145.69039916992188,222.504150390625,569.111572265625,388.4222412109375,228.81814575195312,60.80742263793945,263.32421875,519.215576171875,124.64118957519531,154.4065399169922,139.66793823242188,118.73068237304688,303.8608093261719,83.50886535644531,114.32714080810547
2024-11-11,44.30580139160156,145.2911834716797,225.23219299316406,581.7443237304688,390.7093811035156,231.04859924316406,60.27469253540039,266.6364440917969,524.5189208984375,128.48060607910156,153.6116180419922,142.93161010742188,117.9865951538086,306.8711242675781,82.89852142333984,113.72297668457031
2024-11-12,44.09427261352539,144.1678466796875,223.27357482910156,572.3278198242188,385.7237243652344,231.30929565429688,60.12248229980469,262.1586608886719,523.578857421875,127.3162612915039,153.68646240234375,145.14163208007812,116.66875457763672,306.396484375,83.66638946533203,113.60970306396484
2024-11-13,44.103878021240234,147.35220336914062,226.8643798828125,573.9019775390625,392.527587890625,232.85421752929688,59.93221664428711,264.5092468261719,516.3659057617188,127.749267578125,154.06051635742188,144.5261993408203,119.8423080444336,306.03057861328125,84.16844177246094,114.6669921875
2024-11-14,44.13273239135742,150.21160888671875,227.17526245117188,568.4838256835938,388.2500305175781,233.53973388671875,59.5041389465332,262.5957336425781,514.901611328125,127.43172454833984,154.44395446777344,143.1088104248047,118.90997314453125,304.8143005371094,83.15447998046875,114.74311828613281
2024-11-15,44.95000076293945,149.8588104248047,228.86183166503906,573.2452392578125,390.6040954589844,236.86126708984375,58.733577728271484,261.6729736328125,516.3758544921875,129.0001983642578,148.33724975585938,141.85926818847656,120.19196319580078,306.1888427734375,82.93790435791016,113.55342864990234
2024-11-18,44.92115783691406,150.76853942871094,229.44473266601562,567.8850708007812,392.76678466796875,236.5909423828125,58.84773635864258,263.9749755859375,516.1184692382812,128.7307891845703,148.06607055664062,145.9901885986328,122.63317108154297,308.68072509765625,82.77055358886719,114.50518035888672
2024-11-19,44.62309265136719,149.68063354492188,227.77371215820312,561.5009765625,389.2835693359375,234.7177276611328,59.54218292236328,251.8238525390625,513.9715576171875,127.2489013671875,146.5604248046875,145.46798706054688,120.88166046142578,308.3741760253906,85.25129699707031,112.90623474121094
2024-11-20,44.28656768798828,151.30311584472656,223.8642578125,562.0322875976562,382.7763366699219,232.48728942871094,59.92271423339844,255.48565673828125,507.1246032714844,126.71967315673828,148.44949340820312,114.3231201171875,119.87431335449219,303.9638977050781,85.82225799560547,114.51469421386719
2024-11-21,44.671165466308594,151.58447265625,229.40589904785156,575.727294921875,392.7763366699219,236.33021545410156,60.65521240234375,257.6128845214844,509.6575012207031,129.89511108398438,149.9457550048828,114.2010269165039,119.22087860107422,306.4459228515625,87.013427734375,116.0470199584961
2024-11-22,45.19038009643555,152.2690887451172,233.1443328857422,582.1693725585938,401.9151611328125,239.9897003173828,60.80742263793945,257.0883483886719,515.356689453125,129.6064453125,151.4981689453125,117.41319274902344,122.35186004638672,306.4657287597656,89.031494140625,115.91376495361328
2024-11-25,45.67112731933594,150.3933868408203,237.1703643798828,582.4107055664062,410.21185302734375,241.6697540283203,61.245018005371094,267.4231872558594,521.0359497070312,128.6153106689453,152.48008728027344,122.59774780273438,124.8202896118164,309.69921875,88.10614013671875,114.18159484863281
2024-11-26,45.911495208740234,152.42852783203125,235.48379516601562,584.79638671875,411.02520751953125,241.36077880859375,61.40674591064453,266.5975646972656,522.8961791992188,126.32513427734375,151.64776611328125,118.85960388183594,122.47888946533203,308.344482421875,89.887939453125,112.27808380126953
2024-11-27,45.930728912353516,152.03460693359375,235.80245971679688,584.7286376953125,410.9482421875,241.1869659423828,61.2925910949707,265.3542785644531,526.7550048828125,126.2577896118164,152.17149353027344,122.18447875976562,123.13229370117188,311.1923828125,90.44906616210938,111.98303985595703
2024-11-29,45.68073654174805,151.8657989501953,235.24285888671875,587.7613525390625,412.81451416015625,241.119384765625,61.42198944091797,264.6160583496094,527.3091430664062,126.64268493652344,152.85415649414062,124.26956939697266,123.16861724853516,311.5681457519531,91.05941772460938,112.26856994628906
2024-12-02,45.22883605957031,152.12841796875,230.59506225585938,584.014892578125,410.72698974609375,237.76890563964844,61.00981903076172,264.2469787597656,525.7457275390625,126.0845718383789,152.48008728027344,122.77619934082031,121.62582397460938,313.12066650390625,91.1972427368164,112.16387939453125
2024-12-03,45.017311096191406,151.85643005371094,219.83824157714844,584.3739624023438,413.0261535644531,236.38815307617188,60.88521957397461,266.5198669433594,520.6204833984375,125.516845703125,151.21759033203125,123.46183013916016,117.71441650390625,309.5212707519531,92.05369567871094,111.99256134033203
2024-12-04,44.58462905883789,148.48019409179688,220.28904724121094,581.1030883789062,411.6505126953125,235.01702880859375,59.62955093383789,264.4606628417969,515.6337280273438,125.08382415771484,149.79612731933594,122.16570281982422,116.87042236328125,306.4459228515625,92.97904968261719,108.76612854003906
2024-12-05,45.19038009643555,149.42739868164062,217.17237854003906,579.2491455078125,410.3229675292969,237.0254364013672,60.31010437011719,262.32379150390625,519.2254638671875,125.4013671875,150.0860595703125,121.32039642333984,115.79047393798828,305.6350402832031,93.8158187866211,109.24198913574219
2024-12-06,45.20004653930664,145.5915985107422,218.15167236328125,582.0445556640625,414.9693298339844,238.84063720703125,59.936279296875,265.58740234375,522.9852294921875,125.05496215820312,148.81752014160156,124.3447036743164,113.99358367919922,307.5435791015625,94.2095718383789,108.09038543701172
2024-12-09,44.38789367675781,147.3172607421875,218.331298828125,576.6480712890625,412.86260986328125,235.41293334960938,60.00337219238281,266.2867126464844,517.2960205078125,123.72705841064453,150.4019775390625,127.0684814453125,116.64353942871094,304.8637390136719,92.36870574951172,107.45270538330078
2024-12-10,44.23319625854492,147.24220275878906,218.16729736328125,567.8253784179688,406.5231628417969,234.49563598632812,60.30051803588867,262.3625793457031,523.4205322265625,122.00460052490234,150.7509307861328,126.84306335449219,118.17725372314453,308.8982849121094,93.0774917602539,107.23379516601562
2024-12-11,44.55226516723633,146.50132751464844,219.6044464111328,575.1339721679688,405.3591613769531,235.14256286621094,60.04171371459961,260.2160339355469,528.8031005859375,122.7744140625,147.8555145263672,127.71654510498047,117.17897033691406,310.2925720214844,93.48109436035156,106.51998138427734
2024-12-12,44.55226516723633,145.09457397460938,221.5805206298828,574.2118530273438,398.66375732421875,233.2114715576172,61.19194030761719,255.9421844482422,526.7845458984375,123.08233642578125,149.86439514160156,127.0684814453125,117.05191040039062,310.7276611328125,92.62464904785156,106.4248046875
2024-12-13,44.155845642089844,144.30674743652344,221.36965942382812,568.26220703125,401.1264343261719,231.67620849609375,60.501808166503906,254.86402893066406,523.4107666015625,122.59158325195312,148.98728942871094,126.34527587890625,116.85226440429688,311.23193359375,92.98773193359375,105.4920883178711
2024-12-16,43.96247863769531,140.0770721435547,221.38528442382812,569.0872192382812,395.0948181152344,231.32861328125,59.955448150634766,252.63975524902344,524.706787109375,124.16006469726562,147.14816284179688,124.40106964111328,116.66168975830078,312.369140625,93.59942626953125,103.2364501953125
2024-12-17,43.55640411376953,138.90476989746094,216.69107055664062,557.7796630859375,392.9399719238281,230.15065002441406,60.77019119262695,250.35711669921875,525.3994750976562,122.91874694824219,147.2613525390625,123.60272979736328,115.5454330444336,314.75225830078125,94.14205932617188,102.79864501953125
2024-12-18,42.057796478271484,135.12521362304688,213.35589599609375,534.0681762695312,378.8470153808594,222.43580627441406,60.243003845214844,242.64486694335938,514.4662475585938,116.47162628173828,145.64857482910156,122.75740814208984,112.36912536621094,306.3272399902344,92.297119140625,101.28535461425781
2024-12-19,41.941776275634766,132.37730407714844,215.4804229736328,537.6982421875,370.381591796875,224.9366455078125,59.859596252441406,237.50660705566406,517.7511596679688,115.9520034790039,142.8568878173828,122.5038070678711,111.30731964111328,311.37042236328125,92.14911651611328,100.41926574707031
2024-12-20,42.7055778503418,133.97164916992188,215.36325073242188,549.4520874023438,377.6733703613281,229.4168243408203,59.955448150634766,240.6148223876953,522.4509887695312,118.78104400634766,144.10182189941406,123.49002075195312,114.05712127685547,314.16888427734375,91.004638671875,100.76189422607422
2024-12-23,42.43486404418945,134.08421325683594,210.114501953125,553.9944458007812,377.52911376953125,230.1796112060547,59.792503356933594,240.2748260498047,523.3712158203125,119.75292205810547,142.6871337890625,123.90326690673828,114.12064361572266,313.6842956542969,89.13996124267578,101.171142578125
2024-12-24,42.90862274169922,134.90013122558594,212.3249053955078,565.6512451171875,381.07879638671875,233.964599609375,60.23341751098633,243.0430908203125,530.0498657226562,122.26441192626953,144.12069702148438,124.35409545898438,114.58348083496094,317.0760803222656,91.43875885009766,101.2663345336914
2024-12-26,43.07298278808594,135.03143310546875,217.65179443359375,564.1370849609375,380.1168212890625,234.76600646972656,59.97462463378906,242.2757568359375,530.4851684570312,123.19779968261719,143.771728515625,128.1016387939453,114.6742172241211,317.33319091796875,91.54727935791016,101.35198974609375
2024-12-27,42.86994934082031,135.05018615722656,218.97958374023438,559.2356567382812,377.9234313964844,232.86387634277344,59.859596252441406,241.217041015625,526.576904296875,121.9757308959961,144.19613647460938,127.26571655273438,114.44734191894531,315.10833740234375,90.43241882324219,101.34246063232422
2024-12-30,42.45420455932617,134.17799377441406,219.1279754638672,556.6829833984375,374.6238708496094,231.07757568359375,59.4570198059082,239.65321350097656,519.9971313476562,121.00385284423828,143.09268188476562,126.84306335449219,113.73040771484375,311.7956237792969,89.35700988769531,100.65719604492188
2024-12-31,42.49287796020508,135.83798217773438,219.73721313476562,555.7803344726562,374.2005920410156,231.4541473388672,59.6774787902832,239.72119140625,521.0064086914062,120.97499084472656,143.41336059570312,126.96514892578125,114.43826293945312,312.5174865722656,89.13996124267578,102.37986755371094
2025-01-02,42.82160186767578,137.59178161621094,214.230712890625,558.0612182617188,373.6907653808594,231.73416137695312,59.274898529052734,239.89602661132812,516.8805541992188,120.07047271728516,141.6685333251953,128.85302734375,112.41451263427734,310.8957824707031,88.7946548461914,102.13241577148438
2025-01-03,43.324363708496094,138.66090393066406,214.33224487304688,563.0695190429688,374.3834228515625,234.90118408203125,59.188636779785156,241.35299682617188,515.8513793945312,121.18668365478516,141.14036560058594,127.5380859375,112.3418960571289,311.40008544921875,89.56420135498047,102.6558837890625
2025-01-06,43.89480209350586,138.10757446289062,213.98858642578125,566.2337036132812,374.5661926269531,233.7559356689453,58.28762435913086,242.576904296875,506.52105712890625,123.78477478027344,137.95260620117188,130.82537841796875,112.72305297851562,309.5509033203125,90.20549011230469,102.54167175292969
2025-01-07,44.55226516723633,140.29275512695312,214.79307556152344,563.0597534179688,369.6216125488281,236.00759887695312,58.31637954711914,239.497802734375,505.99664306640625,122.09120178222656,137.13204956054688,130.787841796875,113.4218521118164,308.1961975097656,89.59378814697266,103.5029296875
2025-01-08,44.677947998046875,140.95864868164062,214.71495056152344,562.9627075195312,372.47869873046875,235.96881103515625,59.15029525756836,239.80860900878906,510.94390869140625,123.03422546386719,138.20721435546875,129.82041931152344,115.0372314453125,309.1158447265625,90.5705337524414,101.770751953125
2025-01-10,43.614418029785156,143.62213134765625,211.45790100097656,543.5314331054688,375.06640625,232.80479431152344,58.536842346191406,240.78965759277344,500.0737609863281,118.79065704345703,134.5290069580078,133.0137939453125,111.87906646728516,304.2803039550781,91.75446319580078,101.39957427978516
2025-01-13,43.566078186035156,145.6947784423828,214.47283935546875,546.3947143554688,374.3834228515625,237.01698303222656,59.09278106689453,241.52786254882812,500.3115539550781,119.3102798461914,136.28323364257812,130.33702087402344,113.4490737915039,303.4991760253906,90.30415344238281,104.01688385009766
2025-01-14,44.26220703125,147.1484375,216.83946228027344,554.722412109375,377.8465270996094,240.1809539794922,59.46660232543945,243.98529052734375,504.38409423828125,119.91651153564453,136.7076416015625,128.17677307128906,114.20230865478516,305.6448974609375,89.5740737915039,104.42613983154297
2025-01-15,45.5384407043457,148.48956298828125,216.03497314453125,588.10107421875,390.6504821777344,244.91722106933594,59.207801818847656,249.35665893554688,517.5927124023438,125.6226806640625,136.54730224609375,126.35466003417969,115.68157196044922,312.7547912597656,90.11669921875,106.12976837158203
2025-01-16,45.093692779541016,149.4743194580078,216.64419555664062,594.963134765625,393.76727294921875,246.78065490722656,59.66789627075195,251.35757446289062,518.3755493164062,130.6841583251953,138.20721435546875,125.15245819091797,117.92314910888672,313.7139587402344,90.0772476196289,105.94893646240234
2025-01-17,44.987335205078125,151.4344024658203,214.87118530273438,607.5322265625,393.8153991699219,251.526611328125,60.10881805419922,253.57217407226562,519.9213256835938,132.66641235351562,139.8200225830078,125.49057006835938,117.7325668334961,316.0575866699219,90.70867156982422,106.90069580078125
2025-01-21,45.113033294677734,148.40518188476562,215.23828125,616.0734252929688,402.52130126953125,255.28260803222656,59.83083724975586,256.7678527832031,523.2506713867188,132.11793518066406,140.10293579101562,128.993896484375,120.5821762084961,320.02288818359375,91.83340454101562,106.09171295166016
2025-01-22,44.27187728881836,146.6888885498047,211.22361755371094,614.1226196289062,394.5080261230469,255.0981903076172,59.21738815307617,251.69488525390625,522.378662109375,130.8669891357422,139.66909790039062,127.5193099975586,120.29177856445312,319.9537048339844,91.98139953613281,104.24530792236328
2025-01-23,44.85198211669922,146.31373596191406,210.91119384765625,620.6934814453125,398.6349182128906,258.11663818359375,58.977760314941406,254.9337921142578,529.3545532226562,132.5990447998047,140.16896057128906,128.90936279296875,121.25373840332031,324.55181884765625,92.55361938476562,104.83538818359375
2025-01-24,44.97766876220703,145.97610473632812,213.45745849609375,618.1700439453125,398.7406921386719,257.039306640625,59.351585388183594,255.7922821044922,528.6312255859375,132.61830139160156,140.64053344726562,129.51048278808594,120.72737884521484,326.5196533203125,93.49089813232422,103.41728210449219
2025-01-27,45.52877426147461,147.45791625976562,219.8934326171875,614.6564331054688,408.7164611816406,258.01959228515625,61.22069549560547,261.8602600097656,542.65234375,131.49244689941406,145.81834411621094,133.84034729003906,123.65866088867188,330.811279296875,96.09555053710938,104.85442352294922
2025-01-28,45.28706359863281,146.50132751464844,217.6439666748047,619.0435180664062,402.9061279296875,259.2715759277344,59.77333450317383,257.9482727050781,542.3749389648438,133.31112670898438,141.70626831054688,132.48782348632812,122.89634704589844,330.7519836425781,95.98700714111328,102.82719421386719
2025-01-29,45.20004653930664,146.01364135742188,214.83995056152344,618.6358032226562,397.70184326171875,258.72808837890625,60.22383499145508,255.3337860107422,543.8018188476562,133.47470092773438,141.8194580078125,131.57679748535156,121.40802764892578,332.1363525390625,96.19419860839844,103.42680358886719
2025-01-30,45.171043395996094,146.6044921875,210.29412841796875,626.711181640625,398.7406921386719,260.3294982910156,61.39323425292969,257.54827880859375,560.855224609375,134.65829467773438,143.26243591308594,131.905517578125,104.2740478515625,339.2264099121094,97.32878875732422,104.28337860107422
2025-01-31,44.76496505737305,139.91761779785156,206.880859375,621.5670776367188,396.3165588378906,259.4268493652344,60.84687042236328,253.68507385253906,550.3714599609375,134.0916290283203,142.1212615966797,129.52926635742188,103.66600799560547,337.9903564453125,96.84536743164062,101.67558288574219
2025-02-03,44.677947998046875,140.05828857421875,193.18881225585938,613.773193359375,393.2189636230469,258.9512939453125,60.722259521484375,250.2315673828125,558.8138427734375,132.86141967773438,141.7251434326172,126.00713348388672,100.99787902832031,341.9655456542969,98.20687866210938,101.92302703857422
2025-02-04,45.16136932373047,143.69715881347656,196.00845336914062,615.5300903320312,395.84515380859375,260.04803466796875,60.070472717285156,250.94374084472656,554.0179443359375,132.483642578125,135.33067321777344,127.35964965820312,101.43350219726562,341.30303955078125,99.42040252685547,104.65455627441406
2025-02-05,45.54811096191406,143.48146057128906,197.1488037109375,626.4685668945312,398.0865783691406,262.46466064453125,60.501808166503906,252.1534423828125,561.1325073242188,134.57594299316406,137.37728881835938,126.99334716796875,101.55147552490234,345.54522705078125,101.08777618408203,104.57841491699219
2025-02-06,46.157230377197266,142.4591827392578,202.1163787841797,638.863037109375,398.4136962890625,268.74407958984375,60.73185729980469,250.6705780029297,561.9945678710938,136.65855407714844,137.0849151611328,126.49555969238281,102.9762954711914,343.6070861816406,101.4725570678711,103.19837951660156
2025-02-07,45.828495025634766,143.1344451904297,200.01531982421875,636.6112060546875,391.8818054199219,267.676513671875,61.19194030761719,245.7830047607422,557.624755859375,135.59304809570312,136.35870361328125,123.36791229248047,102.64958190917969,344.1410217285156,99.79531860351562,103.63618469238281
2025-02-10,45.1226921081543,146.0886688232422,201.69461059570312,631.399169921875,398.25006103515625,263.05670166015625,61.87248992919922,250.1730499267578,560.3397827148438,133.0067138671875,136.14178466796875,123.30216217041016,103.60247802734375,347.3153076171875,101.54161071777344,105.61583709716797
2025-02-11,45.23871612548828,147.6548614501953,204.0612335205078,628.2059326171875,400.5299987792969,266.890380859375,64.79598236083984,250.7486114501953,559.5570068359375,133.4716796875,137.35841369628906,124.40106964111328,103.9382553100586,347.39447021484375,101.09764099121094,106.28204345703125
2025-02-12,44.677947998046875,145.27273559570312,205.14691162109375,629.9141235351562,391.6605529785156,267.3368225097656,65.85993194580078,244.14405822753906,559.4578857421875,132.81300354003906,135.80223083496094,120.77313232421875,103.6932373046875,348.15716552734375,102.22238159179688,103.0843734741211
2025-02-13,44.79397201538086,146.19183349609375,205.51402282714844,629.8656005859375,396.7494201660156,268.18121337890625,66.6171646118164,246.48541259765625,561.1522827148438,132.55145263671875,136.35870361328125,121.79615020751953,104.94561004638672,352.2579345703125,103.6430892944336,103.8333740234375
2025-02-14,45.40308380126953,147.30128479003906,209.14599609375,641.1243896484375,393.93084716796875,268.4432373046875,66.01331329345703,245.6366729736328,559.6165161132812,134.5953369140625,135.23634338378906,121.1330795288086,105.47196960449219,350.4551696777344,102.64661407470703,103.93899536132812
2025-02-18,44.987335205078125,148.078857421875,208.89602661132812,652.422119140625,387.9761657714844,271.70428466796875,66.18583679199219,244.58306884765625,563.4313354492188,136.3001708984375,135.90597534179688,123.24542999267578,106.24519348144531,353.3475341796875,102.39009857177734,105.76351165771484
2025-02-19,44.48457717895508,149.09347534179688,208.4429931640625,648.5009765625,380.395751953125,271.0249328613281,67.16352081298828,240.65155029296875,563.3223876953125,136.28079223632812,137.5187530517578,123.85166931152344,105.85858917236328,351.86175537109375,102.60714721679688,105.91716003417969
2025-02-20,43.798118591308594,150.57275390625,209.68490600585938,623.3723754882812,379.63580322265625,258.9415588378906,67.134765625,240.39791870117188,558.1499633789062,130.12979125976562,140.6216583251953,121.3698959350586,107.3313980102539,347.1666564941406,95.9080810546875,107.54959869384766
2025-02-21,43.324363708496094,148.7995147705078,198.5391082763672,607.2022705078125,370.6509094238281,256.4570617675781,68.39042663574219,233.32508850097656,552.4324951171875,127.56285858154297,144.77145385742188,117.71353912353516,107.0828628540039,345.22528076171875,93.5106201171875,106.29166412353516
2025-02-24,42.9859733581543,149.7193145751953,198.03140258789062,607.7264404296875,367.88043212890625,253.6424102783203,67.66194915771484,231.28616333007812,553.908935546875,125.8967514038086,145.10154724121094,119.13440704345703,106.92637634277344,346.5426330566406,92.41549682617188,106.84859466552734
2025-02-25,42.48320770263672,148.32540893554688,200.3277587890625,596.82666015625,378.3371887207031,249.8184814453125,68.52462005615234,236.4663848876953,558.8931274414062,125.53834533691406,147.5254364013672,120.66893768310547,108.72135925292969,348.7514953613281,96.38166046142578,105.36980438232422
2025-02-26,42.48320770263672,147.1116180419922,200.04656982421875,599.6026611328125,375.63397216796875,251.16754150390625,67.86325073242188,241.03201293945312,556.1582641601562,126.94290924072266,142.89462280273438,117.49568939208984,107.59834289550781,347.3053283691406,94.91161346435547,105.11052703857422
2025-02-27,42.65724182128906,148.56246948242188,201.93673706054688,590.119873046875,375.4319152832031,251.41986083984375,67.93035125732422,239.50038146972656,559.6759033203125,125.18962860107422,143.37562561035156,116.03693389892578,108.2795181274414,352.3668518066406,95.49372100830078,105.77310943603516
2025-02-28,44.57159423828125,150.41156005859375,205.34219360351562,606.984619140625,381.52130126953125,256.8548889160156,68.25624084472656,242.5636444091797,571.061279296875,128.9383544921875,144.74319458007812,117.68511962890625,109.5682373046875,359.2707824707031,97.28933715820312,106.90621948242188
2025-03-03,44.04949951171875,145.167724609375,202.1163787841797,590.37353515625,374.8739929199219,252.9436492919922,69.32018280029297,240.1442413330078,569.6838989257812,125.08309173583984,147.119873046875,114.38874053955078,109.77995300292969,358.3892517089844,96.28299713134766,103.47808074951172
2025-03-04,41.25531005859375,144.13412475585938,193.50123596191406,566.8466796875,367.1685485839844,242.8790740966797,67.2785415649414,233.98846435546875,550.0148315429688,117.90531158447266,145.42222595214844,110.95972442626953,107.50630187988281,348.89019775390625,93.6980972290039,103.26681518554688
2025-03-05,40.88791275024414,143.00570678710938,195.586669921875,578.4833374023438,371.6610107421875,244.12136840820312,67.17311096191406,237.02247619628906,553.2152709960938,119.87169647216797,145.12985229492188,110.41032409667969,109.55902862548828,349.33587646484375,94.69456481933594,101.2502670288086
2025-03-06,40.085426330566406,145.0349578857422,195.1024169921875,553.7080078125,367.2166748046875,239.2783203125,67.53734588623047,237.5492706298828,544.8125,115.62895202636719,145.81834411621094,108.03275299072266,110.92138671875,340.896728515625,93.37251281738281,103.34364318847656
2025-03-07,40.28002166748047,148.2495574951172,198.32821655273438,545.9048461914062,362.4740905761719,235.14382934570312,68.46711730957031,236.72979736328125,541.7903442382812,115.55145263671875,146.9458465576172,109.00840759277344,111.95236206054688,342.0456848144531,90.49162292480469,104.68801879882812
2025-03-10,38.752498626708984,149.4158935546875,193.59266662597656,518.5836791992188,360.4058532714844,225.380126953125,68.48627471923828,236.45664978027344,532.2282104492188,108.18965148925781,148.6680145263672,107.84329986572266,111.03184509277344,338.2421569824219,86.64384460449219,107.35755920410156
2025-03-11,38.5384407043457,146.10650634765625,190.80470275878906,518.359375,354.1625671386719,222.39083862304688,68.09329223632812,226.9839324951172,521.0113525390625,108.5286865234375,144.93821716308594,106.8108139038086,107.1104736328125,328.9906921386719,86.26893615722656,104.82244873046875
2025-03-12,38.830326080322266,144.7694549560547,191.2366485595703,522.5340576171875,350.86297607421875,221.1873779296875,67.03890991210938,222.74998474121094,519.8618774414062,110.42725372314453,140.98008728027344,101.61993408203125,106.09791564941406,329.6839904785156,84.05892181396484,104.79364013671875
2025-03-13,38.59681701660156,145.66079711914062,189.24974060058594,511.90216064453125,336.16748046875,218.5571746826172,66.73219299316406,217.2185516357422,515.095703125,108.1799545288086,141.14181518554688,98.98660278320312,106.0703125,325.4346618652344,83.36829376220703,104.3519287109375
2025-03-14,39.783809661865234,148.89434814453125,190.20787048339844,528.0938720703125,340.097900390625,225.59365844726562,66.78047180175781,218.955078125,522.8345336914062,111.72525024414062,141.3797149658203,99.1760482788086,107.47868347167969,328.6539001464844,84.20691680908203,107.45358276367188
2025-03-17,40.31893539428711,150.50637817382812,192.64239501953125,537.7796630859375,342.827880859375,227.03976440429688,67.70744323730469,220.3306121826172,527.1448974609375,114.26314544677734,143.9962921142578,100.0948715209961,108.67533874511719,331.3778076171875,86.28866577148438,109.23966217041016
2025-03-18,40.523258209228516,152.48822021484375,193.03504943847656,538.2088623046875,338.4134216308594,228.0491180419922,66.9928970336914,217.50148010253906,525.361328125,114.40843963623047,141.7602996826172,99.07186126708984,109.4117431640625,331.59576416015625,84.44369506835938,109.12443542480469
2025-03-19,41.06810760498047,155.56056213378906,194.0717010498047,543.6321411132812,342.1405334472656,232.06719970703125,66.8963394165039,219.9989013671875,531.2075805664062,116.09391021728516,140.9230194091797,99.40339660644531,108.13224792480469,336.6473693847656,85.17381286621094,110.82411193847656
2025-03-20,41.330806732177734,156.2432861328125,193.35704040527344,548.8407592773438,344.17352294921875,231.9701385498047,67.3115463256836,220.73057556152344,531.4949340820312,116.6944808959961,140.00958251953125,98.70243072509766,107.68119812011719,336.2808837890625,84.6607666015625,111.29463195800781
2025-03-21,41.321075439453125,156.22433471679688,180.8859405517578,551.240234375,339.9429931640625,234.51295471191406,66.30731964111328,221.5207977294922,530.811279296875,116.37482452392578,138.39207458496094,98.56981658935547,105.95063018798828,332.477294921875,85.06144714355469,110.91053009033203
2025-03-24,41.904842376708984,156.48036193847656,190.30210876464844,565.832275390625,352.16021728515625,240.75357055664062,66.57769012451172,227.19854736328125,538.718505859375,120.3753890991211,139.3435516357422,102.63347625732422,106.5949935913086,340.6094665527344,86.55530548095703,111.1986083984375
2025-03-25,42.109161376953125,157.35275268554688,189.32041931152344,571.528564453125,349.4689636230469,243.733154296875,66.44251251220703,225.0523223876953,540.1948852539062,121.2762451171875,138.4777069091797,99.83911895751953,101.21000671386719,341.3523254394531,83.85447692871094,111.95721435546875
2025-03-26,41.66160202026367,159.27767944335938,191.36228942871094,559.8042602539062,350.57257080078125,243.63612365722656,67.61088562011719,226.3790740966797,544.0693359375,118.37026977539062,141.42727661132812,100.49271392822266,102.18575286865234,340.91650390625,84.29966735839844,113.57046508789062
2025-03-27,41.40864181518555,158.0260009765625,191.55862426757812,545.173095703125,351.1534423828125,240.81179809570312,68.30609130859375,226.49615478515625,552.4920043945312,115.27055358886719,142.40728759765625,100.89055633544922,102.18575286865234,346.5426330566406,84.71517181396484,113.20555877685547
2025-03-28,40.13407516479492,157.49497985839844,189.8230438232422,529.7617797851562,346.7196044921875,235.697021484375,67.94884490966797,222.83779907226562,535.6864013671875,111.71556854248047,142.02671813964844,98.18144989013672,100.94306945800781,339.59912109375,84.24031066894531,113.05191802978516
2025-03-31,40.60108947753906,158.63287353515625,191.4486846923828,532.8538208007812,354.79339599609375,238.0748748779297,69.15583038330078,227.53025817871094,543.1280517578125,113.0135726928711,142.66421508789062,98.85399627685547,101.24683380126953,347.136962890625,86.85209655761719,114.20423126220703
2025-04-01,40.367584228515625,159.7897491455078,190.0350799560547,534.9607543945312,353.8543395996094,236.48318481445312,69.39723205566406,228.2911834716797,543.514404296875,112.11271667480469,142.40728759765625,98.92030334472656,100.57485961914062,343.0659484863281,87.88099670410156,114.30986022949219
2025-04-02,40.71784210205078,157.85531616210938,192.54029846191406,549.2503051757812,359.0530090332031,238.57957458496094,68.87580871582031,229.5301513671875,542.394775390625,115.5320816040039,141.8839874267578,100.18959045410156,101.44013977050781,343.0461120605469,88.80105590820312,113.95455932617188
2025-04-03,36.21310043334961,148.0408935546875,169.5221710205078,498.65618896484375,344.55108642578125,221.95411682128906,70.66215515136719,217.08200073242188,525.718017578125,104.5474853515625,144.0248260498047,89.3058090209961,92.16141510009766,336.17193603515625,86.3277587890625,107.96251678466797
2025-04-04,33.459659576416016,135.86537170410156,165.01434326171875,459.23028564453125,342.605224609375,205.3434295654297,67.52396392822266,217.83316040039062,485.3094482421875,96.70133972167969,139.4958038330078,90.66983795166016,89.94297790527344,310.16094970703125,82.30123901367188,100.19397735595703
2025-04-07,34.61746597290039,132.89735412597656,161.174072265625,454.0606689453125,330.6107177734375,209.40576171875,66.01766204833984,211.6383514404297,481.09814453125,97.7571792602539,136.2417449951172,89.40052795410156,87.96387481689453,309.358642578125,82.93441772460938,98.849609375
2025-04-08,34.082340240478516,129.84396362304688,155.5510711669922,450.8515625,324.540771484375,211.77871704101562,66.06592559814453,206.5166473388672,475.54913330078125,97.16629791259766,133.4919891357422,84.0770492553711,84.61322021484375,305.34698486328125,80.91619873046875,96.76583099365234
2025-04-09,36.144996643066406,138.47308349609375,171.15565490722656,504.1574401855469,344.0477294921875,228.83859252929688,67.54328918457031,217.74537658691406,511.5457763671875,108.19932556152344,138.5252685546875,92.53590393066406,91.73797607421875,329.2779235839844,88.64276123046875,101.59596252441406
2025-04-10,34.88016128540039,127.99490356445312,162.09291076660156,477.7532653808594,342.33416748046875,221.7783203125,68.3254165649414,215.79425048828125,495.5770568847656,103.23979187011719,137.14564514160156,87.81864166259766,88.88438415527344,321.53204345703125,89.6419677734375,95.95921325683594
2025-04-11,34.97745895385742,128.61126708984375,163.16880798339844,482.2791442871094,342.5665283203125,230.65492248535156,68.97237396240234,214.96502685546875,505.9085998535156,104.73153686523438,137.4215545654297,87.88494110107422,89.3630599975586,330.23870849609375,91.80857849121094,99.04166412353516
2025-04-14,35.677978515625,128.3173065185547,165.2735137939453,491.58447265625,345.79986572265625,229.20965576171875,69.957275390625,218.6623992919922,508.59820556640625,105.69051361083984,139.62899780273438,89.65629577636719,90.82667541503906,332.0018310546875,93.71796417236328,99.28173065185547
2025-04-15,36.9622688293457,127.57767486572266,162.83897399902344,495.3983154296875,342.8085021972656,227.65699768066406,69.3875732421875,215.12110900878906,513.4810791015625,106.97882843017578,135.90870666503906,87.22189331054688,88.82915496826172,332.6258850097656,92.96607971191406,99.00325012207031
2025-04-16,36.32012176513672,128.355224609375,159.86256408691406,486.7757263183594,334.9476623535156,224.21963500976562,69.2137680053711,209.17018127441406,509.56085205078125,104.47967529296875,133.2921600341797,85.6873550415039,86.71199035644531,328.1883239746094,90.21577453613281,100.0499496459961
2025-04-17,36.39795684814453,130.73533630371094,162.9960479736328,496.9589538574219,343.7282409667969,226.5144805908203,70.48834991455078,213.64801025390625,513.4315185546875,105.75831604003906,135.90870666503906,88.19754028320312,88.76472473144531,326.4846496582031,92.2240982055664,102.67145538330078
2025-04-21,35.92121124267578,126.80957794189453,161.08767700195312,489.0289001464844,335.82861328125,223.6142120361328,70.26625061035156,207.5702362060547,505.48187255859375,102.96857452392578,134.8525848388672,88.83218383789062,88.59903717041016,317.0648498535156,91.42274475097656,101.1638412475586
2025-04-22,37.28334426879883,130.19482421875,162.22640991210938,507.2007141113281,343.1183166503906,230.05926513671875,71.35738372802734,213.71630859375,523.356201171875,106.92070770263672,136.49864196777344,89.13530731201172,89.14212799072266,328.2576599121094,93.83667755126953,103.99662780761719
2025-04-23,37.70170974731445,129.60691833496094,165.7368621826172,516.29150390625,345.0448303222656,235.22508239746094,70.77803039550781,213.5593719482422,526.0159301757812,108.79022216796875,135.35687255859375,87.2881851196289,89.48271942138672,331.1995544433594,93.94549560546875,103.10358428955078
2025-04-24,38.50925827026367,131.8732452392578,169.388671875,531.9564819335938,348.16204833984375,238.89678955078125,70.02486419677734,217.76661682128906,531.4248657226562,111.97710418701172,128.74411010742188,90.2814712524414,91.05679321289062,332.52679443359375,94.81608581542969,104.3134994506836
2025-04-25,38.616275787353516,131.55084228515625,166.14523315429688,531.4590454101562,346.16778564453125,237.83238220214844,69.43585205078125,216.6486053466797,529.4598388671875,112.374267578125,126.90777587890625,91.48446655273438,90.1270751953125,331.991943359375,94.07410430908203,104.25588989257812
2025-04-28,38.7038459777832,132.84994506835938,166.0980987548828,532.961181640625,345.52886962890625,237.51011657714844,69.31997680664062,216.88397216796875,530.462158203125,112.19990539550781,127.26933288574219,91.2855453491211,89.37226104736328,334.30975341796875,94.2027359008789,104.3134994506836
2025-04-29,38.90816116333008,132.0913543701172,164.80230712890625,535.419189453125,347.5424499511719,238.8772735595703,69.86070251464844,218.9630889892578,535.6130981445312,112.5679931640625,127.79264068603516,91.79705810546875,89.04087829589844,338.2817077636719,95.01396179199219,104.05424499511719
2025-04-30,38.801143646240234,129.01901245117188,165.17926025390625,534.0828857421875,348.98486328125,238.8772735595703,70.0538330078125,219.24749755859375,543.929931640625,112.6998062133789,129.0010223388672,91.59812927246094,87.72454833984375,342.2239990234375,96.2110366821289,101.43270874023438
2025-05-01,39.08329391479492,129.2086639404297,164.9672393798828,540.2084350585938,346.86480712890625,241.09397888183594,68.83718872070312,218.0314178466797,542.5107421875,114.00823211669922,127.06951141357422,90.90664672851562,87.08019256591797,339.2029113769531,96.36932373046875,101.57675170898438
2025-05-02,39.958946228027344,131.33273315429688,172.55355834960938,552.1766357421875,352.8862609863281,246.58204650878906,69.18479919433594,222.80747985839844,555.1746215820312,117.38668823242188,127.25981140136719,92.2327880859375,88.73711395263672,344.3040771484375,97.69500732421875,101.98966979980469
2025-05-05,40.00759506225586,128.4879913330078,170.4095916748047,545.7974853515625,350.1853332519531,246.630859375,69.23307800292969,220.84605407714844,556.8914794921875,116.78128814697266,125.5852279663086,89.05952453613281,87.96387481689453,345.3341979980469,98.26881408691406,99.16649627685547
2025-05-06,39.73516845703125,128.5828094482422,167.59808349609375,535.8483276367188,347.91033935546875,243.3985595703125,69.25238037109375,218.70809936523438,554.7775268554688,115.54122924804688,124.3958740234375,88.70904541015625,86.35298919677734,344.40313720703125,97.49715423583984,100.54927062988281
2025-05-07,39.82273483276367,128.76296997070312,169.2865753173828,538.3453369140625,351.1727600097656,243.53529357910156,69.90899658203125,219.19845581054688,562.0623168945312,116.29307556152344,125.51861572265625,90.45196533203125,86.4910659790039,346.5327453613281,97.77415466308594,100.45325469970703
2025-05-08,40.474609375,129.9482879638672,172.1530303955078,551.7864990234375,353.2154235839844,247.51951599121094,68.72130584716797,220.14974975585938,562.8462524414062,119.007568359375,125.05238342285156,91.81600189208984,89.2433853149414,347.93927001953125,96.38910675048828,101.85523986816406
2025-05-09,40.65946960449219,131.32325744628906,171.06927490234375,553.1519775390625,351.1340637207031,247.13865661621094,68.09367370605469,217.97254943847656,564.3547973632812,118.83180236816406,124.11043548583984,91.31395721435547,88.26765441894531,349.1972351074219,95.91804504394531,103.04595947265625
2025-05-12,42.1870002746582,134.29127502441406,182.94351196289062,576.7958984375,364.571044921875,253.9449920654297,67.13773345947266,228.2896270751953,573.9122314453125,124.06548309326172,125.2902603149414,95.7470474243164,93.16475677490234,352.4758605957031,95.94779205322266,104.82244873046875
2025-05-13,43.08211135864258,134.9835205078125,181.5299072265625,588.9591064453125,361.676513671875,256.8355407714844,66.58734893798828,226.31842041015625,572.2449951171875,126.30152130126953,123.98673248291016,93.86203002929688,91.87603759765625,353.3489990234375,95.08500671386719,105.11052703857422
2025-05-14,43.529666900634766,134.33868408203125,182.04037475585938,596.5575561523438,360.9117126464844,259.4038391113281,66.78047180175781,224.1020050048828,568.9598999023438,127.95169830322266,122.21700286865234,91.26567077636719,91.72876739501953,353.66644287109375,96.02713775634766,104.16947174072266
2025-05-15,43.179405212402344,134.89816284179688,181.49850463867188,600.7518310546875,366.5459899902344,261.2103576660156,69.14617919921875,227.9659881591797,577.8126831054688,129.38705444335938,125.1189956665039,92.9997787475586,92.37312316894531,359.4606628417969,95.55110931396484,105.2258071899414
2025-05-16,43.48101806640625,134.74644470214844,180.24195861816406,603.8048706054688,368.6273193359375,261.2787170410156,69.52275848388672,229.711669921875,578.884521484375,129.06480407714844,125.57569885253906,94.44645690917969,93.2660140991211,362.2585754394531,97.4254379272461,104.84785461425781
2025-05-19,43.5588493347168,132.92283630371094,177.5797119140625,597.2403564453125,367.27203369140625,258.6616516113281,69.45516204833984,229.9077911376953,581.9909057617188,127.75639343261719,125.39492797851562,93.88119506835938,92.73269653320312,365.0168151855469,97.30643463134766,103.18098449707031
2025-05-20,43.48101806640625,131.75186157226562,173.66873168945312,591.6024780273438,365.01641845703125,259.4428405761719,69.22342681884766,226.78915405273438,576.7308349609375,126.08670806884766,125.40442657470703,94.00575256347656,91.27307891845703,363.96514892578125,96.98909759521484,101.70793151855469
2025-05-21,42.07997131347656,130.110595703125,170.2682342529297,578.86376953125,359.00457763671875,254.91180419921875,69.37791442871094,222.98399353027344,565.248046875,122.34696197509766,123.83450317382812,89.1100082397461,89.68245697021484,355.49200439453125,95.63044738769531,100.4577865600586
2025-05-22,42.13835144042969,129.85145568847656,171.83889770507812,583.5164184570312,354.4449157714844,254.5504913330078,68.69233703613281,219.433837890625,565.8435668945312,123.28433990478516,123.80596160888672,91.07404327392578,90.73039245605469,355.16461181640625,95.13460540771484,99.78910827636719
2025-05-23,42.03132629394531,131.0511932373047,170.1111602783203,583.8187255859375,351.1340637207031,254.58950805664062,69.30066680908203,216.8055419921875,559.3329467773438,123.09881591796875,123.06380462646484,90.33634185791016,89.23335266113281,350.76934814453125,95.54119873046875,99.84725189208984
2025-05-27,43.02373123168945,132.28936767578125,172.58494567871094,600.5859375,358.57861328125,259.0620422363281,69.31031799316406,221.45408630371094,570.2202758789062,126.1648178100586,124.99529266357422,92.9231185913086,91.27307891845703,356.48419189453125,96.77091979980469,100.32211303710938
2025-05-28,42.868064880371094,130.5521240234375,170.53524780273438,593.4752807617188,356.3133239746094,257.3042907714844,68.70199584960938,220.18898010253906,571.5799560546875,124.50487518310547,124.32927703857422,91.91715240478516,90.51519012451172,356.9108581542969,96.43372344970703,98.95567321777344
2025-05-29,43.043190002441406,132.3661346435547,172.97763061523438,589.9833374023438,356.53594970703125,258.1636047363281,69.03030395507812,220.591064453125,573.426025390625,125.13955688476562,125.51861572265625,90.89202117919922,91.78768157958984,359.5599060058594,96.2948989868164,99.51775360107422
2025-05-30,42.9361686706543,131.20477294921875,171.28131103515625,588.6011962890625,356.53594970703125,257.8022766113281,69.61931610107422,221.37562561035156,581.1868896484375,125.01262664794922,125.07141876220703,90.06808471679688,91.26371765136719,362.3280334472656,97.9014663696289,99.13980865478516
2025-06-02,42.88752365112305,132.2989501953125,171.1163787841797,586.9052734375,356.21649169921875,258.4468078613281,69.52275848388672,221.169677734375,576.8400268554688,125.37389373779297,124.55763244628906,89.40701293945312,91.09530639648438,362.45703125,98.9427490234375,99.86663055419922
2025-06-03,43.44209671020508,133.94021606445312,172.6006622314453,591.9144287109375,361.1730651855469,260.0189514160156,68.71165466308594,224.38641357421875,577.5843505859375,125.64729309082031,125.4520263671875,91.76386260986328,91.76896667480469,362.9927673339844,99.1510238647461,100.59346008300781
2025-06-04,43.15994644165039,131.84783935546875,171.90171813964844,587.3856201171875,360.51483154296875,258.01715087890625,68.9144287109375,223.98431396484375,579.7280883789062,125.13955688476562,125.34737396240234,90.00101470947266,92.20872497558594,365.1159973144531,98.52623748779297,99.13980865478516
2025-06-05,43.179405212402344,131.39674377441406,170.2053985595703,593.9239501953125,359.7160339355469,255.8004150390625,68.47025299072266,223.1997528076172,581.0282592773438,127.54159545898438,124.7479248046875,89.59862518310547,90.63683319091797,363.8956604003906,97.14776611328125,98.68431854248047
2025-06-06,44.01128005981445,134.5736846923828,172.4671630859375,601.8837890625,357.8165588378906,259.49169921875,68.89511108398438,220.9245147705078,585.6730346679688,128.7133026123047,125.0778579711914,93.23928833007812,91.92802429199219,367.318603515625,96.66182708740234,101.04894256591797
2025-06-09,43.91341018676758,135.1015625,174.48545837402344,601.4132080078125,355.74169921875,260.4779357910156,69.30066680908203,219.29653930664062,579.9265747070312,128.84024047851562,125.01053619384766,93.26802825927734,92.9198226928711,363.78656005859375,96.6419906616211,101.72732543945312
2025-06-10,44.12872314453125,137.5874481201172,179.02467346191406,602.736572265625,358.38153076171875,262.2942810058594,69.86070251464844,220.55181884765625,585.0972290039062,128.7133026123047,126.80928802490234,96.54463195800781,95.86714172363281,367.7948913574219,96.51306915283203,103.9078140258789
2025-06-11,43.776397705078125,138.9599609375,175.914794921875,611.8530883789062,351.1244812011719,261.8548583984375,69.59034729003906,217.32530212402344,586.288330078125,128.70352172851562,124.95280456542969,93.99617004394531,94.65078735351562,370.3843994140625,95.00567626953125,105.9332504272461
2025-06-12,43.668739318847656,139.142333984375,176.7001190185547,612.7745361328125,353.75457763671875,261.9427490234375,69.75450134277344,219.18865966796875,584.8392944335938,128.81092834472656,127.26141357421875,95.12669372558594,94.42623138427734,368.4893798828125,94.04371643066406,106.34027099609375
2025-06-13,43.15003967285156,140.0445556640625,176.21319580078125,601.4328002929688,345.4747009277344,258.7300109863281,69.06404876708984,213.0788116455078,557.7947387695312,126.43821716308594,125.86663055419922,91.37105560302734,93.56542205810547,350.08477783203125,93.65695190429688,108.65644836425781
2025-06-16,43.463218688964844,140.15972900390625,178.09014892578125,615.4603881835938,344.4031982421875,264.01300048828125,68.57781219482422,211.9117889404297,564.3845825195312,127.81498718261719,126.4052963256836,93.28720092773438,94.58528137207031,352.69415283203125,93.50818634033203,109.00532531738281
2025-06-17,43.28705596923828,142.8663787841797,174.76034545898438,612.3138427734375,339.7469787597656,263.19268798828125,67.7026138305664,207.83203125,565.1587524414062,127.02406311035156,124.36603546142578,91.03572845458984,93.25666046142578,355.03564453125,93.4685287475586,110.47836303710938
2025-06-18,44.099365234375,142.23289489746094,175.3650360107422,622.7046508789062,338.04229736328125,267.5284423828125,67.30389404296875,206.7630615234375,534.6702270507812,129.3968048095703,124.1544189453125,91.13153076171875,92.82625579833984,337.71246337890625,94.30155944824219,109.69339752197266
2025-06-20,44.52998352050781,143.53822326660156,177.51686096191406,628.1549072265625,340.5652160644531,268.5440368652344,66.944091796875,208.64602661132812,528.95361328125,129.5823516845703,124.1544189453125,91.53392791748047,92.88239288330078,335.91668701171875,95.3230209350586,111.15674591064453
2025-06-23,45.31292724609375,140.95635986328125,181.18435668945312,634.1149291992188,347.7151184082031,271.73724365234375,67.81930541992188,214.353759765625,538.262939453125,130.8419189453125,124.17366027832031,92.48241424560547,93.93968963623047,341.0560607910156,97.05850982666016,108.2881851196289
2025-06-24,45.66525650024414,137.7794189453125,181.4056396484375,649.0443725585938,351.08551025390625,274.6571044921875,68.27635955810547,215.73654174804688,553.32861328125,132.6971435546875,126.05902862548828,93.44049072265625,94.14552307128906,348.87432861328125,97.18743133544922,104.99321746826172
2025-06-25,45.8511962890625,137.47227478027344,175.4697265625,656.6512451171875,352.48822021484375,277.3913269042969,67.71233367919922,216.4426727294922,545.5575561523438,134.47425842285156,123.1444091796875,92.64527893066406,92.97595977783203,342.5542297363281,96.45356750488281,105.02229309082031
2025-06-26,46.44819641113281,138.63363647460938,174.734619140625,673.6000366210938,354.08575439453125,281.97125244140625,67.5567398071289,216.9624481201172,541.6968383789062,136.45639038085938,123.33679962158203,93.5075454711914,94.12681579589844,343.31817626953125,95.22384643554688,106.59224700927734
2025-06-27,46.11544418334961,138.00975036621094,180.93141174316406,677.1780395507812,359.1900329589844,280.3697509765625,68.39305877685547,219.31614685058594,546.1729125976562,137.374267578125,126.04938507080078,95.06920623779297,94.66949462890625,345.8779296875,96.4634780883789,106.00109100341797
2025-06-30,46.311187744140625,137.4338836669922,179.666748046875,693.7837524414062,357.1444091796875,283.1040344238281,68.80148315429688,217.59007263183594,557.705322265625,137.54025268554688,127.01129913330078,94.51351928710938,94.44493865966797,352.26751708984375,96.96925354003906,104.46990203857422
2025-07-01,47.12348556518555,139.7182159423828,185.21539306640625,692.5192260742188,363.49554443359375,283.59228515625,69.69615173339844,224.22950744628906,560.355224609375,137.7453155517578,130.10867309570312,99.4954833984375,97.747802734375,352.6842346191406,97.4254379272461,105.86541748046875
2025-07-02,47.671546936035156,142.03134155273438,189.01724243164062,701.7630615234375,362.2195129394531,285.14495849609375,68.95709228515625,222.5623016357422,557.2885131835938,139.49310302734375,131.28219604492188,101.02838897705078,98.74894714355469,351.4440002441406,96.8006591796875,107.61949920654297
2025-07-03,47.88685607910156,142.40565490722656,190.669189453125,709.3994140625,362.0539245605469,290.4435729980469,69.38496398925781,223.90586853027344,564.9502563476562,140.74295043945312,130.22412109375,99.69667053222656,97.42967224121094,356.04766845703125,97.54444885253906,108.73397064208984
2025-07-07,47.62261199951172,141.47463989257812,185.81610107421875,696.9010009765625,358.1185302734375,286.4892578125,69.05432891845703,220.64990234375,560.861328125,140.35238647460938,129.3295135498047,97.3398208618164,94.36073303222656,353.8450622558594,98.52623748779297,107.67765045166016
2025-07-08,46.144805908203125,147.0798797607422,188.67735290527344,683.5204467773438,357.9821472167969,277.47174072265625,68.30553436279297,219.35536193847656,558.2015380859375,137.8038787841797,129.89703369140625,97.73263549804688,95.79228210449219,351.7714538574219,96.28498077392578,110.66250610351562
2025-07-09,45.8414192199707,146.86874389648438,186.9384765625,682.8145751953125,361.43048095703125,277.8446044921875,67.56646728515625,221.21873474121094,561.6102294921875,138.2139892578125,129.35838317871094,98.13501739501953,95.57708740234375,354.956298828125,96.0073013305664,110.28455352783203
2025-07-10,45.9686393737793,147.9724884033203,188.69317626953125,695.1267700195312,363.63189697265625,282.78021240234375,67.84848022460938,223.5135955810547,560.0301513671875,139.71768188476562,130.8974609375,100.34815216064453,96.29753112792969,353.0910339355469,94.0734634399414,111.379638671875
2025-07-11,45.73375701904297,149.06666564941406,186.58279418945312,691.0390625,360.4855651855469,281.4751281738281,67.94572448730469,219.80650329589844,546.7727661132812,138.92677307128906,130.10867309570312,99.8691177368164,94.75370788574219,345.2032775878906,93.6172866821289,111.86418914794922
2025-07-14,46.06650924682617,145.55380249023438,184.93873596191406,699.2242431640625,360.5245361328125,283.2806396484375,67.5567398071289,218.10987854003906,549.59521484375,140.5769500732422,130.40687561035156,100.47270965576172,93.67770385742188,347.7531433105469,94.98583221435547,110.40084075927734
2025-07-15,45.1661262512207,144.6324005126953,182.31460571289062,688.647216796875,349.35162353515625,281.17095947265625,67.44976806640625,210.8624267578125,546.9515991210938,138.25303649902344,128.71388244628906,97.92424774169922,93.12567138671875,344.3004150390625,94.59907531738281,109.42205047607422
2025-07-16,45.048683166503906,143.89334106445312,180.804931640625,694.8326416015625,348.1437072753906,280.4546813964844,67.36224365234375,212.4217529296875,552.0797119140625,136.4954376220703,130.1952667236328,97.0907211303711,93.21923065185547,347.1578674316406,94.3610610961914,108.76304626464844
2025-07-17,46.017578125,145.29466247558594,180.50457763671875,691.9114990234375,349.7412414550781,284.4581298828125,68.64588928222656,214.36354064941406,552.1691284179688,137.5792999267578,139.90098571777344,99.30386352539062,93.09759521484375,347.068603515625,94.30155944824219,108.21066284179688
2025-07-18,46.311187744140625,144.00851440429688,179.12136840820312,694.2837524414062,350.0919494628906,285.8023681640625,67.92626953125,214.932373046875,549.2374267578125,137.51095581054688,137.78477478027344,99.12183380126953,92.83561706542969,346.3145446777344,94.26189422607422,104.4408187866211
2025-07-21,46.467769622802734,143.66299438476562,178.4179229736328,692.068359375,354.61175537109375,285.5080261230469,68.14022064208984,216.6486053466797,551.215087890625,137.15945434570312,136.30340576171875,97.4452133178711,92.53620910644531,348.189697265625,94.87675476074219,104.7121810913086
2025-07-22,46.751590728759766,144.00851440429688,183.13662719726562,686.5885620117188,361.4012451171875,285.9593811035156,67.74151611328125,222.45440673828125,555.2996215820312,136.73956298828125,140.47811889648438,102.07268524169922,94.63207244873047,349.10247802734375,95.05526733398438,105.18704223632812
2025-07-23,47.11369705200195,146.96470642089844,188.03712463378906,703.3610229492188,366.6029357910156,291.1893615722656,67.25527954101562,225.39247131347656,558.6090087890625,138.8584442138672,140.1125946044922,102.92536163330078,96.8682861328125,352.5056457519531,94.88667297363281,106.53410339355469
2025-07-24,47.358367919921875,149.56578063964844,186.9384765625,704.98828125,363.4273681640625,290.9832458496094,67.19692993164062,222.38540649414062,560.01025390625,139.1416015625,139.0063934326172,101.38287353515625,95.93263244628906,351.19598388671875,95.79904174804688,107.36753845214844
2025-07-25,47.417091369628906,148.61557006835938,192.2262725830078,714.5947875976562,365.6191101074219,293.0143737792969,67.26500701904297,223.6079559326172,564.7009887695312,139.63955688476562,137.9867706298828,101.60323333740234,96.89635467529297,354.2419128417969,96.66182708740234,106.98957824707031
2025-07-28,47.201778411865234,149.9976806640625,191.6018524169922,709.3699951171875,367.4601745605469,292.6807861328125,66.2147445678711,226.75306701660156,564.7606811523438,139.20018005371094,136.17837524414062,101.96730041503906,95.04375457763672,352.6842346191406,96.8006591796875,107.99745178222656
2025-07-29,46.92774963378906,150.717529296875,185.3813934326172,717.53564453125,367.5672912597656,291.4640808105469,67.46920776367188,226.80235290527344,559.8314208984375,140.17662048339844,138.41001892089844,99.8116455078125,84.99482727050781,348.5369873046875,97.51470184326172,109.3929672241211
2025-07-30,46.937538146972656,147.38702392578125,176.93984985351562,716.329833984375,362.4435119628906,294.0054626464844,66.85657501220703,224.2290802001953,555.6474609375,141.52407836914062,137.4192352294922,98.81525421142578,81.5703353881836,348.15997314453125,96.78083038330078,108.44325256347656
2025-07-31,46.26224899291992,145.54421997070312,176.6474151611328,709.3111572265625,357.99188232421875,290.6790771484375,66.02024841308594,220.4234161376953,562.9618530273438,140.06893920898438,132.6673583984375,96.28594207763672,80.61597442626953,342.7626037597656,97.1676025390625,108.19126892089844
2025-08-01,44.68657302856445,145.3138427734375,171.59671020507812,695.5678100585938,363.98260498046875,283.93804931640625,66.96353912353516,223.2135772705078,556.4226684570312,136.75550842285156,133.97557067871094,95.58655548095703,79.06278228759766,336.6905212402344,97.67337036132812,106.25305938720703
2025-08-04,44.87251663208008,144.96832275390625,171.9049835205078,711.7030639648438,370.9571838378906,288.7362976074219,67.060791015625,230.519287109375,566.2811889648438,138.9873809814453,134.2449188232422,95.60572052001953,79.54931640625,339.4685974121094,98.76425170898438,104.05318450927734
2025-08-05,44.588706970214844,146.88792419433594,175.7937774658203,706.68408203125,375.4283142089844,285.9005126953125,67.1483154296875,234.11793518066406,562.5344848632812,138.10250854492188,134.1391143798828,98.13501739501953,81.19608306884766,334.78558349609375,98.486572265625,103.92720031738281
2025-08-06,44.45168685913086,146.6383819580078,178.98703002929688,710.4384765625,376.78228759765625,285.8808898925781,67.59564208984375,234.93624877929688,565.6053466796875,138.92840576171875,135.4376678466797,100.97090911865234,80.70018005371094,337.0774841308594,102.50299072265625,103.2197494506836
2025-08-07,43.962345123291016,147.0030975341797,177.5721893310547,705.537109375,376.1686096191406,281.5536804199219,68.49030303955078,235.2024383544922,557.7443237304688,138.55479431152344,138.43887329101562,101.23916625976562,80.92473602294922,329.4874267578125,102.26497650146484,102.67703247070312
2025-08-08,45.02910614013672,148.77871704101562,180.2516632080078,707.0369873046875,377.80511474609375,283.33953857421875,68.40277099609375,237.75599670410156,570.7633056640625,140.77684020996094,139.6797332763672,100.98048400878906,81.09315490722656,334.1406555175781,102.86992645263672,103.50079345703125
2025-08-11,45.17591094970703,147.2814483642578,177.53265380859375,705.0470581054688,377.4933776855469,284.1244812011719,68.80148315429688,236.4742889404297,570.0377807617188,141.46511840820312,139.35269165039062,99.64876556396484,80.75631713867188,333.267578125,103.06826782226562,102.56075286865234
2025-08-12,46.48734664916992,148.23165893554688,182.1249237060547,728.710693359375,385.7440185546875,287.3527526855469,68.76258850097656,241.4236297607422,570.6242065429688,144.81785583496094,141.27651977539062,101.80443572998047,81.80425262451172,334.6888732910156,102.7608413696289,102.85147857666016
2025-08-13,46.23289108276367,149.60415649414062,182.18814086914062,729.9948120117188,396.63446044921875,285.0762634277344,68.51947784423828,252.72232055664062,574.3211669921875,145.27996826171875,143.6620635986328,102.03685760498047,82.50598907470703,340.4634704589844,100.15264129638672,104.27606964111328
2025-08-14,46.692867279052734,148.92271423339844,182.63865661621094,732.4552612304688,389.9521179199219,288.6381530761719,67.6345443725586,249.48851013183594,580.1448364257812,146.0173797607422,142.95986938476562,100.96186828613281,82.85218811035156,343.38555908203125,100.01380157470703,104.0628662109375
2025-08-15,45.93928146362305,150.2568359375,179.6272430419922,716.3004760742188,389.0364990234375,285.03704833984375,67.99433898925781,248.51243591308594,578.0974731445312,142.20252990722656,144.6720733642578,99.77066040039062,82.78668975830078,342.3717956542969,99.40247344970703,104.16068267822266
2025-08-18,46.89839172363281,149.0762939453125,179.99082946777344,716.5357666015625,384.4776916503906,286.0574951171875,67.22610473632812,247.35888671875,580.5224609375,142.34999084472656,143.8544464111328,101.63978576660156,82.47209167480469,340.6523132324219,100.0982894897461,104.38565063476562
2025-08-19,47.05497741699219,147.5137939453125,184.26690673828125,707.1448364257812,396.6539611816406,285.203857421875,68.19856262207031,252.7519073486328,581.8839721679688,141.65191650390625,146.36505126953125,102.03685760498047,83.70187377929688,340.3641052246094,100.68476867675781,105.0703353881836
2025-08-20,47.319217681884766,148.69776916503906,179.5877227783203,706.4585571289062,391.3353576660156,286.754150390625,68.75286102294922,253.5209503173828,589.009521484375,141.70108032226562,144.989501953125,95.57723236083984,82.88201904296875,341.8350830078125,101.95712280273438,106.15605926513672
2025-08-21,47.231136322021484,150.95901489257812,178.06224060058594,701.8219604492188,387.4000244140625,285.9986572265625,68.7139663696289,252.05189514160156,588.2542114257812,141.62242126464844,143.30615234375,93.99864196777344,82.12889862060547,341.5965270996094,97.37466430664062,106.84075164794922
2025-08-22,48.42512893676758,153.51136779785156,187.1676788330078,727.2500610351562,402.09918212890625,290.6790771484375,68.19856262207031,260.0181884765625,595.2506713867188,145.53561401367188,143.94100952148438,96.10987854003906,84.67427062988281,347.9078674316406,96.25141906738281,108.84590911865234
2025-08-25,48.42512893676758,153.5308074951172,184.16415405273438,724.2112426757812,398.3099365234375,289.3642578125,67.0316162109375,255.22657775878906,589.5362548828125,145.17181396484375,142.55584716796875,94.06643676757812,83.64468383789062,346.6953125,95.49595642089844,109.29584503173828
2025-08-26,49.17871856689453,152.71559143066406,182.66238403320312,734.170654296875,396.98516845703125,292.9653625488281,66.83712768554688,254.69415283203125,587.9462280273438,146.4696807861328,141.4015655517578,93.07861328125,83.37775421142578,349.0408935546875,95.47608184814453,109.05131530761719
2025-08-27,49.30594253540039,154.5401153564453,183.53973388671875,734.87646484375,397.6669921875,293.6620178222656,66.93437194824219,255.02943420410156,587.0020751953125,146.87278747558594,142.01719665527344,94.8702621459961,83.75907897949219,348.2159729003906,95.50589752197266,110.28375244140625
2025-08-28,49.41360092163086,154.6177520751953,182.7967529296875,736.3959350585938,396.8974609375,295.4184265136719,66.4773178100586,253.91531372070312,586.8231811523438,147.6593475341797,141.38230895996094,93.75652313232422,83.19661712646484,347.72894287109375,95.53572082519531,110.8706283569336
2025-08-29,49.65827178955078,155.85997009277344,182.63865661621094,734.4544677734375,396.23504638671875,295.7618408203125,67.08995819091797,254.42799377441406,591.6033935546875,147.95433044433594,142.98873901367188,92.95271301269531,83.35868835449219,349.63726806640625,96.40052032470703,111.79006958007812
2025-09-02,49.3450927734375,157.05364990234375,177.19277954101562,720.2630615234375,395.7869873046875,294.07415771484375,67.15802764892578,255.09841918945312,588.20458984375,146.35169982910156,144.55665588378906,89.52436828613281,81.25183868408203,347.93768310546875,97.26531982421875,112.18131256103516
2025-09-03,48.992767333984375,153.39492797851562,178.10968017578125,719.9772338867188,397.1507263183594,293.8877258300781,67.08995819091797,257.0111389160156,589.6058959960938,146.0370635986328,142.97909545898438,89.43721008300781,81.30903625488281,348.7327880859375,98.8458251953125,109.4621353149414
2025-09-04,49.540828704833984,153.03585815429688,178.06224060058594,738.0515747070312,403.3028259277344,298.1168212890625,66.3703384399414,260.84637451171875,591.9512329101562,148.00347900390625,141.29574584960938,89.78585052490234,80.5368423461914,348.8520812988281,100.32691955566406,109.94140625
2025-09-05,48.97987747192383,149.12478637695312,179.99082946777344,727.5164794921875,410.4148864746094,288.85400390625,66.08832550048828,266.17034912109375,580.6019287109375,145.60443115234375,142.19229125976562,90.2313461303711,81.07070922851562,341.1294250488281,99.90943908691406,106.84075164794922
2025-09-08,48.67479705810547,149.4547576904297,178.98057556152344,731.1036987304688,411.384765625,287.41162109375,65.57292938232422,269.1773986816406,582.9671630859375,146.29269409179688,137.646484375,88.61402130126953,80.38430786132812,340.2149963378906,101.66885375976562,107.44718170166016
2025-09-09,49.49162292480469,150.27967834472656,179.57717895507812,752.85400390625,406.8784484863281,292.2588806152344,65.99108123779297,265.24359130859375,580.38330078125,149.6651153564453,138.99664306640625,88.0426254272461,80.46057891845703,341.89471435546875,101.67879486083984,108.22969055175781
2025-09-10,49.334163665771484,153.1328887939453,179.52944946289062,758.4320678710938,404.81146240234375,294.89837646484375,65.95217895507812,262.7984924316406,575.7918701171875,151.53321838378906,138.56924438476562,87.9167251586914,79.93624877929688,336.06048583984375,99.81002807617188,110.03923034667969
2025-09-11,49.94431686401367,153.57931518554688,182.01132202148438,773.362548828125,414.7938537597656,299.8241271972656,65.75769805908203,268.566162109375,585.0840454101562,153.85362243652344,140.09422302246094,88.63338470458984,80.69890594482422,341.3977355957031,102.03663635253906,109.68710327148438
2025-09-12,49.77701950073242,152.4729766845703,182.59996032714844,768.76025390625,414.0787353515625,301.1488037109375,65.16448974609375,268.0041809082031,576.8154907226562,153.76512145996094,139.41429138183594,87.12258911132812,80.41291046142578,337.36248779296875,102.87162017822266,109.70665740966797
2025-09-15,49.786861419677734,152.6670684814453,179.52944946289062,775.3632202148438,414.0982971191406,303.1014709472656,64.88031768798828,268.260498046875,579.3497924804688,154.0109405517578,136.60716247558594,85.76673889160156,80.09830474853516,336.98480224609375,103.07042694091797,109.89250183105469
2025-09-16,49.855751037597656,154.83123779296875,181.1283416748047,774.1510620117188,412.8639831542969,303.3860168457031,64.90971374511719,266.7126159667969,582.788330078125,153.19485473632812,136.0146484375,86.8901596069336,81.22322845458984,337.9588623046875,102.80204010009766,112.17153930664062
2025-09-17,50.58400344848633,155.36502075195312,179.60104370117188,782.715087890625,408.504638671875,305.89794921875,65.69364929199219,264.1788024902344,594.9227294921875,154.76800537109375,137.1802520751953,86.12506866455078,80.25084686279297,344.0912780761719,103.64695739746094,112.76819610595703
2025-09-18,51.30241394042969,154.1519012451172,180.17376708984375,792.658935546875,408.974853515625,307.3501892089844,65.12529754638672,263.80413818359375,582.420654296875,156.56729125976562,136.69459533691406,86.59961700439453,81.08023834228516,336.1200866699219,102.98096466064453,111.43794250488281
2025-09-19,51.42050552368164,151.5995330810547,184.35000610351562,793.3389282226562,407.2213134765625,308.8710632324219,65.09589385986328,261.4674987792969,580.542236328125,157.22604370117188,137.69505310058594,85.35030364990234,80.13643646240234,339.5292053222656,101.71855163574219,110.35221862792969
2025-09-22,51.09574508666992,151.44424438476562,183.05337524414062,793.8908081054688,403.60650634765625,306.5749816894531,64.88031768798828,256.7252197265625,580.8702392578125,158.01263427734375,136.98599243164062,83.82982635498047,80.29851531982422,342.2624206542969,102.20561981201172,109.56971740722656
2025-09-23,50.87923812866211,152.7738037109375,185.90115356445312,794.6398315429688,402.5386962890625,306.8693542480469,65.37026977539062,256.1533508300781,566.4401245117188,158.061767578125,137.83102416992188,84.30437469482422,80.4701156616211,336.6369323730469,101.90741729736328,111.45750427246094
2025-09-24,50.87923812866211,154.4818572998047,185.94093322753906,780.9510498046875,401.4219055175781,307.53662109375,65.11549377441406,253.70826721191406,565.287353515625,155.23011779785156,138.09329223632812,85.52462768554688,79.98391723632812,336.6170654296875,102.11617279052734,112.05416107177734
2025-09-25,51.026851654052734,155.97642517089844,188.06484985351562,783.247314453125,399.1492004394531,307.5660705566406,64.65493774414062,251.93360900878906,563.7866821289062,156.2821502685547,135.90780639648438,84.39152526855469,78.72552490234375,332.8899230957031,102.43425750732422,113.06163024902344
2025-09-26,51.381141662597656,155.43295288085938,189.17848205566406,790.8850708007812,401.73541259765625,310.12701416015625,64.35115814208984,253.501220703125,561.6301879882812,157.4226837158203,136.41290283203125,85.07913208007812,79.81231689453125,335.3150329589844,102.54359436035156,114.6559829711914
2025-09-29,51.58780288696289,151.49278259277344,188.19210815429688,792.4716796875,398.512451171875,309.76397705078125,64.71372985839844,249.75469970703125,564.62158203125,158.45506286621094,136.15065002441406,86.02822875976562,80.555908203125,338.0880432128906,102.46407318115234,111.72160339355469
2025-09-30,50.7709846496582,150.7066650390625,187.57960510253906,784.814208984375,396.93524169921875,309.50885009765625,64.98810577392578,247.7729949951172,565.287353515625,156.2919921875,136.41290283203125,86.87078857421875,79.63117980957031,339.3006286621094,102.4441909790039,110.28375244140625
2025-10-01,49.875431060791016,150.01763916015625,190.5546417236328,774.1312866210938,388.9316711425781,304.8774719238281,65.4388656616211,244.49972534179688,570.2166748046875,154.25672912597656,139.03549194335938,86.32845306396484,80.4415054321289,345.7113037109375,101.35076141357422,109.54037475585938
2025-10-02,49.67860412597656,148.84335327148438,192.7581024169922,768.090087890625,386.962646484375,301.77679443359375,64.77252197265625,243.8489990234375,573.7546997070312,152.69342041015625,138.22927856445312,86.68678283691406,81.57597351074219,343.8428039550781,101.09231567382812,108.8556900024414
2025-10-03,49.83606719970703,149.01805114746094,194.57974243164062,778.5364990234375,387.0115966796875,304.21026611328125,65.31147766113281,242.8828125,576.8552856445312,154.9449920654297,137.9087371826172,86.221923828125,82.7294921875,347.7091064453125,101.4601058959961,110.78260040283203
2025-10-06,49.59003448486328,149.4741668701172,196.50474548339844,785.2380981445312,381.3983154296875,304.8511047363281,64.77252197265625,238.2686767578125,575.2254638671875,155.43658447265625,135.69412231445312,86.15412902832031,82.57695770263672,347.1524963378906,102.08634185791016,111.70203399658203
2025-10-07,49.49162292480469,150.33790588378906,192.7660369873047,778.2113037109375,378.9296875,303.3819885253906,65.44866180419922,236.5137176513672,576.2490844726562,153.3521728515625,136.7528533935547,86.454345703125,81.96682739257812,350.27337646484375,102.62311553955078,111.76072692871094
2025-10-08,49.048763275146484,149.2024383544922,190.85691833496094,765.2616577148438,375.9712219238281,299.7732238769531,64.79212188720703,234.24609375,572.8701171875,153.03753662109375,134.85877990722656,87.52934265136719,82.22422790527344,349.2198181152344,102.28514862060547,111.52597045898438
2025-10-09,48.99956130981445,147.16439819335938,188.5261993408203,768.6616821289062,369.9954833984375,301.25225830078125,65.03710174560547,231.3671875,561.79443359375,153.6471405029297,140.5604705810547,86.28971099853516,81.29949951171875,344.9261474609375,101.16189575195312,110.44026184082031
2025-10-10,47.877662658691406,144.50527954101562,178.6862335205078,753.2876586914062,368.0950012207031,296.6772155761719,65.69364929199219,228.95167541503906,554.7589111328125,149.3111572265625,145.7764892578125,82.83230590820312,79.00199890136719,341.5567932128906,101.23148345947266,108.30794525146484
2025-10-13,48.08432388305664,147.45556640625,182.67950439453125,775.3829345703125,371.6412658691406,303.6580505371094,65.4584732055664,231.1798553466797,556.5103759765625,152.5262908935547,144.62060546875,84.58522033691406,79.29752349853516,341.20892333984375,101.50981140136719,109.78490447998047
2025-10-14,49.2947998046875,147.89227294921875,186.67274475097656,759.594970703125,379.8211364746094,297.85052490234375,66.15421295166016,237.3616180419922,565.1480102539062,152.7327423095703,147.19461059570312,86.15412902832031,80.12691497802734,346.25799560546875,106.56938934326172,109.83381652832031
2025-10-15,51.45003128051758,147.62054443359375,187.57164001464844,756.805908203125,380.3893127441406,301.40997314453125,65.73284149169922,238.13064575195312,560.0629272460938,159.92005920410156,146.82550048828125,88.0426254272461,80.1650390625,343.5843505859375,108.3785171508789,109.16868591308594
2025-10-16,49.63924026489258,147.2323455810547,188.45460510253906,747.1085205078125,379.4978942871094,294.360107421875,66.23258972167969,239.6785430908203,547.196044921875,157.33421325683594,148.29222106933594,87.22911834716797,81.6427001953125,333.3570251464844,105.83382415771484,108.21990203857422
2025-10-17,50.465904235839844,148.56190490722656,189.16258239746094,739.89453125,383.91595458984375,293.3938293457031,67.0655288696289,241.2560272216797,558.23193359375,156.00686645507812,149.30238342285156,87.9748306274414,82.37675476074219,339.8075256347656,107.08628845214844,109.78490447998047
2025-10-20,51.21384048461914,149.9205780029297,190.76145935058594,752.2626953125,380.9673156738281,298.1266174316406,67.0655288696289,238.8602294921875,563.5956420898438,159.25148010253906,149.23439025878906,88.64307403564453,82.85342407226562,342.3121643066406,106.41035461425781,110.23484802246094
2025-10-21,50.70209884643555,149.25096130371094,193.1717529296875,747.985595703125,382.9363708496094,292.9303894042969,69.7896957397461,241.8179931640625,569.238037109375,156.5574493408203,148.78758239746094,91.42255401611328,83.94974517822266,345.0950622558594,105.58531188964844,110.24462890625
2025-10-22,50.28876495361328,150.97842407226562,190.44329833984375,733.8138427734375,381.0456848144531,289.9920959472656,69.38793182373047,241.28298950195312,568.5711669921875,155.46609497070312,148.6418914794922,91.05452728271484,83.01548767089844,343.2563781738281,106.49981689453125,112.20088195800781
2025-10-23,50.93828201293945,151.93919372558594,189.45689392089844,739.9044189453125,377.1859436035156,290.4161071777344,68.53541564941406,241.61985778808594,570.969482421875,156.6361083984375,147.16546630859375,91.27728271484375,82.96781921386719,343.85272216796875,106.22148895263672,113.44309997558594
2025-10-24,51.73542404174805,150.96871948242188,191.827392578125,772.52490234375,378.80230712890625,296.2334899902344,68.31002807617188,240.47056579589844,570.8699951171875,161.1097412109375,147.20433044433594,91.28697204589844,83.1489486694336,345.2640686035156,105.53560638427734,112.86600494384766
2025-10-27,52.17828369140625,150.6969757080078,196.75135803222656,778.5463256835938,377.4210510253906,299.8915710449219,68.65299987792969,241.40188598632812,569.5662841796875,163.23350524902344,148.2533721923828,94.68624877929688,85.05559539794922,345.7013854980469,103.84577178955078,113.40397644042969
2025-10-28,52.030662536621094,149.5809326171875,198.5093231201172,780.6160278320312,377.8912658691406,301.0845947265625,68.75099182128906,241.81800842285156,563.1677856445312,162.43710327148438,145.81532287597656,94.04706573486328,91.86233520507812,344.7869567871094,102.55352783203125,112.51388549804688
2025-10-29,51.74527359008789,150.52230834960938,198.58091735839844,771.716796875,370.3383483886719,301.2325134277344,66.97733306884766,236.28948974609375,551.8731689453125,161.2769012451172,141.96888732910156,91.15138244628906,92.85379791259766,339.20123291015625,101.8477783203125,113.90281677246094
2025-10-30,52.18811798095703,148.9889373779297,198.01617431640625,778.7139282226562,371.81756591796875,305.10748291015625,67.59468841552734,237.60723876953125,550.9775390625,162.4862518310547,143.31903076171875,89.98921966552734,90.62301635742188,342.9283752441406,101.61915588378906,112.18131256103516
2025-10-31,52.60145568847656,153.06495666503906,201.906005859375,777.9353637695312,371.8567810058594,306.7639465332031,67.51628875732422,235.9328155517578,549.2957763671875,162.2290496826172,141.90089416503906,89.79553985595703,91.9195327758789,338.6645202636719,100.57543182373047,111.85853576660156
2025-11-03,52.70970916748047,149.4935760498047,201.24574279785156,774.1411743164062,370.6420593261719,305.01873779296875,66.60496520996094,233.4657745361328,541.4144287109375,161.88282775878906,139.48228454589844,88.56558990478516,89.69828796386719,334.8478698730469,100.98297882080078,111.27165985107422
2025-11-04,52.69002914428711,148.8627471923828,200.36277770996094,779.3742065429688,375.2756652832031,304.920166015625,67.28111267089844,235.56622314453125,550.0520629882812,162.23895263671875,138.80235290527344,87.14196014404297,88.89749145507812,338.2271728515625,101.65890502929688,111.64334106445312
2025-11-05,51.617332458496094,148.15431213378906,203.71966552734375,781.6015625,366.2239074707031,307.3161315917969,67.13412475585938,232.1876983642578,550.6093139648438,163.3963165283203,138.7635040283203,89.04014587402344,88.57337188720703,337.9687805175781,100.86369323730469,111.19342041015625
2025-11-06,52.44399642944336,148.42604064941406,205.91514587402344,776.1713256835938,361.55108642578125,309.0317687988281,67.6730728149414,229.21536254882812,550.5795288085938,161.65533447265625,137.52020263671875,86.338134765625,89.23116302490234,334.90753173828125,101.07243347167969,111.99547576904297
2025-11-07,52.35542678833008,150.4446563720703,208.48452758789062,774.9492797851562,363.5495300292969,309.8106689453125,69.13316345214844,231.00868225097656,549.27587890625,160.6067657470703,138.85093688964844,88.36221313476562,91.47146606445312,333.9732360839844,101.97698974609375,114.6559829711914
2025-11-10,52.57193374633789,151.05606079101562,201.961669921875,785.6519775390625,362.88336181640625,312.4531555175781,69.10375213623047,230.87986755371094,550.2610473632812,163.26773071289062,138.53038024902344,87.86830139160156,88.71636199951172,332.8103942871094,101.80802154541016,115.63410949707031
2025-11-11,52.77859878540039,151.62864685058594,212.9630126953125,798.572021484375,366.6157531738281,311.2009582519531,70.17186737060547,233.16854858398438,555.6246948242188,164.7020721435547,140.91986083984375,88.69149017333984,90.59441375732422,336.8555908203125,102.82192993164062,117.15998840332031
2025-11-12,53.250980377197266,148.79483032226562,213.7187042236328,826.81689453125,363.56915283203125,315.92388916015625,70.0738754272461,232.5344696044922,558.4906616210938,168.08514404296875,140.2496337890625,90.1330795288086,91.69073486328125,337.4830017089844,102.82192993164062,115.53629302978516
2025-11-13,52.030662536621094,150.98812866210938,212.66073608398438,793.8316650390625,360.57147216796875,305.1469421386719,69.64270782470703,229.33425903320312,552.8583374023438,163.82167053222656,140.861572265625,88.86801147460938,91.49054718017578,334.69451904296875,101.92730712890625,116.19163513183594
2025-11-14,51.7747917175293,152.96792602539062,212.8357391357422,779.4530639648438,354.977783203125,299.3591003417969,69.73091125488281,225.74766540527344,543.0663452148438,162.09056091308594,141.66778564453125,88.16192626953125,91.50007629394531,328.6595153808594,101.86766815185547,117.70126342773438
2025-11-17,50.66273498535156,150.2505645751953,210.5845489501953,764.325439453125,350.7359924316406,296.1644592285156,69.26054382324219,222.92396545410156,534.2296142578125,157.72817993164062,143.5909881591797,86.7693862915039,91.35458374023438,324.4071350097656,102.33485412597656,116.11270141601562
2025-11-18,50.8201904296875,150.75103759765625,209.27203369140625,765.0546875,329.62506103515625,295.2179260253906,69.7896957397461,217.54408264160156,525.0048828125,158.10409545898438,144.50404357910156,86.81841278076172,90.03553009033203,319.85595703125,100.78416442871094,117.44471740722656
2025-11-19,51.19416046142578,148.8668975830078,208.86636352539062,774.6043701171875,327.68536376953125,299.02386474609375,69.6819076538086,226.30250549316406,527.7713012695312,160.53750610351562,142.8916473388672,84.41578674316406,89.628173828125,322.7838439941406,100.00883483886719,115.78709411621094
2025-11-20,50.19034957885742,147.50283813476562,209.28794860839844,762.4923095703125,325.60858154296875,294.2023620605469,69.77989959716797,226.3223114013672,525.303466796875,156.9862823486328,141.9105987548828,82.06218719482422,88.13453674316406,322.4352722167969,106.4699935913086,115.46148681640625
2025-11-21,50.74146270751953,147.17901611328125,214.32327270507812,762.8175659179688,336.32568359375,293.84735107421875,71.48495483398438,232.12823486328125,537.7623901367188,156.46202087402344,142.13400268554688,85.92601013183594,91.81044006347656,326.6279602050781,104.69068145751953,115.52069091796875
2025-11-24,51.10558319091797,146.95330810546875,212.37437438964844,779.2559814453125,329.7229919433594,293.8276672363281,71.1321792602539,226.64926147460938,535.2247314453125,161.07168579101562,141.3278045654297,82.90555572509766,90.74354553222656,327.9424743652344,103.43821716308594,114.42547607421875
2025-11-25,51.646854400634766,145.75608825683594,217.8551483154297,790.6978149414062,343.91778564453125,298.7576599121094,71.15179443359375,235.90309143066406,543.8026733398438,163.6436004638672,141.92031860351562,84.90612030029297,91.69404602050781,333.15093994140625,106.36064910888672,112.98491668701172
2025-11-26,52.14875793457031,146.71778869628906,219.4142608642578,804.189453125,348.2281799316406,303.33270263671875,71.4163589477539,239.38070678710938,542.270263671875,166.1265106201172,143.7366943359375,88.0638656616211,92.79003143310547,332.41400146484375,108.4480972290039,113.241455078125
2025-11-28,52.798282623291016,148.3075408935547,219.29495239257812,814.0741577148438,349.64862060546875,308.6965026855469,71.65154266357422,240.24267578125,547.8428955078125,167.8279571533203,144.4748992919922,88.86801147460938,92.90641784667969,333.0613098144531,109.84967803955078,114.37613677978516
2025-12-01,52.39479064941406,149.69119262695312,217.4335479736328,799.1140747070312,350.0502624511719,304.59478759765625,71.00025177001953,244.11660766601562,541.3148803710938,166.6508026123047,145.2228240966797,89.59370422363281,92.35358428955078,329.02801513671875,110.86357879638672,115.0766830444336
2025-12-02,52.345584869384766,147.4439697265625,215.0709991455078,807.3839721679688,346.8175048828125,303.5693054199219,69.73715209960938,240.9263153076172,543.2454833984375,167.2640838623047,144.3486328125,88.72090911865234,92.70274353027344,328.26116943359375,111.73832702636719,113.84333038330078
2025-12-03,53.231292724609375,148.75894165039062,215.1346435546875,828.5388793945312,350.6184387207031,307.75982666015625,69.87529754638672,244.66152954101562,551.0272216796875,171.84410095214844,143.81439208984375,89.1622085571289,95.25357055664062,328.2511901855469,113.72637176513672,116.2311019897461
2025-12-04,53.30018615722656,149.4164276123047,217.99832153320312,829.7867431640625,346.2408142089844,311.6742248535156,69.52005004882812,243.8986358642578,539.6629638671875,173.00146484375,142.6973876953125,89.81925201416016,91.90743255615234,325.7515869140625,114.15380096435547,115.57988739013672
2025-12-05,53.36943435668945,147.19863891601562,218.1892547607422,846.3561401367188,349.6324768066406,310.6290588378906,69.07598876953125,246.1774139404297,542.8572998046875,174.60397338867188,142.2393341064453,90.40766143798828,92.01412200927734,329.8744812011719,114.42218780517578,114.9878921508789
2025-12-08,53.319969177246094,145.9327392578125,220.05860900878906,858.3696899414062,344.99847412109375,310.79669189453125,69.32269287109375,242.56109619140625,537.8021850585938,174.92051696777344,142.837646484375,91.26083374023438,92.67365264892578,325.49261474609375,112.8814468383789,114.43534088134766
2025-12-09,52.963844299316406,145.7168426513672,218.85743713378906,868.164794921875,340.423583984375,296.30255126953125,69.164794921875,240.430908203125,534.92626953125,176.89891052246094,141.86660766601562,91.81001281738281,94.0509033203125,325.1540222167969,114.37248229980469,116.67510986328125
2025-12-10,53.4980354309082,148.58230590820312,226.15985107421875,880.7032470703125,346.2013244628906,305.7680969238281,69.2832260131836,243.9283447265625,536.2298583984375,177.76942443847656,146.82958984375,92.79067993164062,96.6405258178711,324.38720703125,112.50372314453125,117.94792938232422
2025-12-11,53.972869873046875,147.90518188476562,226.53370666503906,902.2840576171875,352.4424743652344,312.9363098144531,68.19773864746094,245.791015625,560.6201782226562,178.34315490722656,146.1822509765625,95.09524536132812,97.45523834228516,344.2051696777344,114.8297348022461,117.94792938232422
2025-12-12,54.54662322998047,147.1888427734375,226.18370056152344,879.435546875,354.60174560546875,314.06036376953125,69.58912658691406,245.00828552246094,569.1383666992188,176.4834442138672,147.76138305664062,95.21292114257812,97.88198852539062,346.3960876464844,116.23915100097656,117.23751831054688
2025-12-15,54.734580993652344,147.00238037109375,224.85646057128906,881.0499267578125,351.97906494140625,315.5393371582031,70.03319549560547,246.4845428466797,566.3521118164062,175.87014770507812,148.32044982910156,95.67383575439453,97.05757904052734,345.4599914550781,116.32879638671875,116.19164276123047
2025-12-16,54.220176696777344,144.00933837890625,225.83990478515625,870.7100830078125,347.7295837402344,311.1319274902344,69.44110870361328,244.19586181640625,563.2572631835938,174.60397338867188,147.4867401123047,95.78170776367188,97.09637451171875,343.68731689453125,114.9642105102539,113.15265655517578
2025-12-17,53.962974548339844,146.72760009765625,225.64002990722656,863.95556640625,351.742431640625,310.5699157714844,69.73715209960938,245.672119140625,562.7098999023438,172.91244506835938,147.2023162841797,96.6937255859375,97.92078399658203,342.9902038574219,115.2032699584961,115.84630584716797
2025-12-18,53.67609405517578,144.93179321289062,229.5657958984375,867.887451171875,350.00714111328125,308.6176452636719,69.43123626708984,245.42442321777344,563.4464111328125,171.09231567382812,146.5059356689453,97.1350326538086,99.00707244873047,344.5836181640625,114.37654113769531,114.9878921508789
2025-12-19,54.675228118896484,144.99066162109375,230.89303588867188,884.9024658203125,340.1573791503906,312.7686767578125,69.13520050048828,238.2215118408203,569.4369506835938,175.0688934326172,145.3191375732422,96.1151351928711,98.85188293457031,347.81024169921875,113.90840148925781,115.1358871459961
2025-12-22,55.278663635253906,147.00238037109375,234.09121704101562,890.3695678710938,341.52789306640625,318.56634521484375,69.2832260131836,239.83645629882812,572.8900756835938,177.81887817382812,144.2304229736328,93.35945892333984,97.69771575927734,350.6385192871094,112.15534210205078,116.57644653320312
2025-12-23,55.36769485473633,147.6990966796875,236.03411865234375,893.0535278320312,340.1278076171875,321.3666076660156,68.94770812988281,239.91571044921875,573.536865234375,177.5616912841797,140.92503356933594,92.47686767578125,97.17396545410156,351.9232177734375,110.4620590209961,117.82952880859375
2025-12-24,55.64468002319336,147.68930053710938,236.58583068847656,902.0364379882812,342.46453857421875,324.561279296875,69.1845474243164,240.75787353515625,576.6217651367188,179.68846130371094,140.98388671875,94.66374969482422,97.62982177734375,353.6759948730469,111.16925811767578,117.63218688964844
2025-12-26,55.56553649902344,147.21827697753906,236.9296112060547,898.3323364257812,344.8702697753906,323.3188781738281,68.94770812988281,242.23414611816406,576.77099609375,179.9060821533203,141.0231170654297,97.6253662109375,97.513427734375,353.5365295410156,111.29874420166016,117.5236587524414
2025-12-29,54.754364013671875,148.17015075683594,234.17916870117188,883.614990234375,342.572998046875,319.2171325683594,69.23388671875,241.58021545410156,575.079345703125,177.99693298339844,141.47430419921875,96.20339965820312,96.67931365966797,353.1481628417969,112.08562469482422,118.92474365234375
2025-12-30,54.68511962890625,149.4654998779297,232.7160186767578,875.929443359375,341.48846435546875,318.89178466796875,69.14506530761719,240.93621826171875,574.6016845703125,177.14622497558594,141.3958282470703,95.54635620117188,96.6405258178711,352.1622314453125,111.47803497314453,119.37861633300781
2025-12-31,54.40813064575195,149.56362915039062,230.95700073242188,870.5615234375,339.27001953125,317.70855712890625,68.9871826171875,238.9348602294922,568.0935668945312,175.6129608154297,140.76809692382812,95.86016082763672,96.20407104492188,349.26422119140625,110.97005462646484,118.73727416992188
